event_id,observation_id,scene_id,timestamp,sim_hours,state_type,polygon_wkt,area_km2,perimeter_km,centroid_lat,centroid_lon,bbox,major_axis_km,minor_axis_km,orientation_deg,solidity,eccentricity,compactness,convexity,aspect_ratio,previous_observation_id,polygon_iou,centroid_displacement_km,area_change_pct,persistence,observation_gap_hours,f1_confidence,data_quality,is_observed
EVT0001,EVT0001-OBS000,S1_EVT0001_02,2026-01-09T16:00:22Z,112.006,OBSERVED,"POLYGON ((21.105785 38.363381, 21.104975 38.365859, 21.107184 38.367671, 21.111235 38.36691, 21.112648 38.367793, 21.114234 38.371896, 21.113713 38.375515, 21.11677 38.378411, 21.11502 38.381076, 21.115837 38.383557, 21.118864 38.384216, 21.123062 38.381204, 21.129604 38.386315, 21.136327 38.383653, 21.142396 38.386068, 21.150863 38.383707, 21.155044 38.384545, 21.159909 38.380775, 21.164925 38.380189, 21.171531 38.381329, 21.173142 38.376827, 21.178451 38.375072, 21.177956 38.369549, 21.18013 38.367019, 21.190283 38.365876, 21.193157 38.364353, 21.19511 38.357751, 21.193545 38.355527, 21.189956 38.355207, 21.186942 38.352932, 21.181063 38.354922, 21.178964 38.350933, 21.170416 38.346365, 21.167395 38.347031, 21.166701 38.350902, 21.164375 38.351685, 21.16202 38.347912, 21.164055 38.345071, 21.16324 38.34259, 21.160224 38.341933, 21.155538 38.345009, 21.145005 38.337442, 21.137872 38.340063, 21.133427 38.343859, 21.129983 38.344207, 21.123147 38.349002, 21.119283 38.347489, 21.116248 38.348155, 21.116166 38.355553, 21.114503 38.356711, 21.111196 38.355817, 21.108973 38.356572, 21.109078 38.362043, 21.105785 38.363381), (21.188152 38.357938, 21.1893 38.360238, 21.186037 38.361438, 21.182154 38.3602, 21.181726 38.358291, 21.18316 38.357315, 21.188152 38.357938), (21.114195 38.361698, 21.112782 38.364345, 21.110108 38.363268, 21.110814 38.361071, 21.114195 38.361698))",26.9195,28.6403,38.363357,21.147173,"21.10497,38.33744,21.19511,38.38631",7.851,5.4537,155.447,0.8653,0.7193,0.4124,0.7385,1.4396,,,,,1,,0.99,observed,True
EVT0002,EVT0002-OBS000,S1_EVT0002_01,2026-01-13T13:49:27Z,205.824,OBSERVED,"POLYGON ((18.24353 38.135587, 18.243394 38.135545, 18.243254 38.135514, 18.243111 38.135494, 18.242966 38.135486, 18.242821 38.135489, 18.242677 38.135504, 18.242536 38.135531, 18.242398 38.135569, 18.242266 38.135617, 18.24214 38.135676, 18.242022 38.135745, 18.241912 38.135823, 18.241813 38.13591, 18.241589 38.136124, 18.241501 38.136216, 18.241425 38.136316, 18.241361 38.13642, 18.241309 38.13653, 18.24127 38.136642, 18.241245 38.136758, 18.241234 38.136875, 18.241236 38.136992, 18.241253 38.137108, 18.241283 38.137223, 18.241326 38.137335, 18.241382 38.137442, 18.241451 38.137545, 18.241531 38.137642, 18.241623 38.137732, 18.241725 38.137815, 18.241836 38.137889, 18.241955 38.137954, 18.242081 38.138009, 18.242213 38.138054, 18.24235 38.138088, 18.246302 38.138908, 18.246451 38.138933, 18.246601 38.138944, 18.246753 38.138944, 18.246903 38.13893, 18.247051 38.138904, 18.247195 38.138866, 18.247333 38.138816, 18.247464 38.138754, 18.249245 38.137821, 18.249415 38.137741, 18.249559 38.13769, 18.249708 38.137652, 18.249862 38.137626, 18.250018 38.137615, 18.250214 38.137617, 18.253003 38.13777, 18.253155 38.137772, 18.253306 38.137761, 18.253455 38.137738, 18.253601 38.137702, 18.253741 38.137654, 18.253874 38.137595, 18.254 38.137525, 18.254115 38.137444, 18.254221 38.137355, 18.254314 38.137257, 18.256011 38.135276, 18.256116 38.135165, 18.256209 38.135083, 18.256312 38.135008, 18.256422 38.134941, 18.25654 38.134883, 18.256663 38.134835, 18.256792 38.134796, 18.256924 38.134766, 18.257093 38.134742, 18.26418 38.134017, 18.264387 38.134006, 18.264594 38.134013, 18.272156 38.134636, 18.272331 38.134657, 18.272469 38.134685, 18.272602 38.134724, 18.272731 38.134773, 18.272853 38.134831, 18.272967 38.134899, 18.273073 38.134976, 18.27317 38.135061, 18.273257 38.135153, 18.273332 38.135251, 18.273395 38.135354, 18.273446 38.135463, 18.273494 38.135602, 18.274176 38.138036, 18.274218 38.138155, 18.274274 38.138271, 18.274344 38.138381, 18.274428 38.138484, 18.274524 38.13858, 18.274632 38.138668, 18.27475 38.138746, 18.274877 38.138814, 18.275384 38.139054, 18.27552 38.139111, 18.275662 38.139156, 18.275809 38.139189, 18.275959 38.13921, 18.276111 38.139217, 18.276263 38.139212, 18.276414 38.139194, 18.276562 38.139164, 18.276705 38.139121, 18.282151 38.137224, 18.282283 38.137172, 18.282408 38.137109, 18.282525 38.137036, 18.282632 38.136954, 18.282729 38.136864, 18.285851 38.133659, 18.285977 38.133543, 18.28609 38.133458, 18.286212 38.133384, 18.286342 38.13332, 18.28648 38.133268, 18.286624 38.133227, 18.286773 38.133199, 18.286961 38.133179, 18.294723 38.132711, 18.294895 38.132707, 18.295032 38.132715, 18.295168 38.132733, 18.295301 38.132761, 18.29543 38.132799, 18.295555 38.132846, 18.295673 38.132903, 18.295785 38.132969, 18.295914 38.133061, 18.298089 38.134765, 18.298193 38.134839, 18.298306 38.134906, 18.298425 38.134963, 18.29855 38.135011, 18.298681 38.135049, 18.304783 38.136572, 18.30492 38.1366, 18.305059 38.136618, 18.3052 38.136625, 18.305341 38.13662, 18.305481 38.136605, 18.305619 38.136579, 18.305753 38.136542, 18.305882 38.136495, 18.306004 38.136438, 18.307218 38.135811, 18.307341 38.135739, 18.307455 38.135658, 18.307558 38.135568, 18.30765 38.13547, 18.307729 38.135365, 18.307794 38.135254, 18.307845 38.135138, 18.307881 38.135018, 18.307903 38.134896, 18.307909 38.134772, 18.307877 38.132311, 18.307884 38.132163, 18.307904 38.132046, 18.307938 38.13193, 18.307985 38.131818, 18.308045 38.131711, 18.308118 38.131608, 18.308203 38.131512, 18.308299 38.131423, 18.308404 38.131343, 18.308519 38.131271, 18.308673 38.131193, 18.311137 38.130078, 18.311295 38.130014, 18.311426 38.129974, 18.311561 38.129943, 18.311699 38.129924, 18.311839 38.129915, 18.311979 38.129917, 18.312118 38.129929, 18.312255 38.129953, 18.312389 38.129987, 18.312519 38.130031, 18.312642 38.130086, 18.312788 38.130165, 18.316943 38.132663, 18.317059 38.132726, 18.317182 38.13278, 18.317311 38.132825, 18.317444 38.132859, 18.317581 38.132882, 18.317719 38.132896, 18.317859 38.132898, 18.317998 38.132889, 18.318135 38.13287, 18.31827 38.132841, 18.318401 38.132801, 18.318526 38.132751, 18.322677 38.130902, 18.322847 38.130835, 18.322989 38.130793, 18.323136 38.130764, 18.323285 38.130746, 18.323436 38.130742, 18.323587 38.130749, 18.323736 38.13077, 18.323881 38.130803, 18.324057 38.130859, 18.328914 38.132641, 18.329046 38.132683, 18.329182 38.132715, 18.329321 38.132736, 18.329462 38.132746, 18.329604 38.132745, 18.329744 38.132733, 18.329883 38.13271, 18.330018 38.132676, 18.330149 38.132632, 18.330274 38.132578, 18.330392 38.132514, 18.330502 38.132441, 18.330604 38.13236, 18.330695 38.132272, 18.330775 38.132176, 18.330845 38.132075, 18.330902 38.131969, 18.330946 38.131859, 18.332436 38.127468, 18.332492 38.127328, 18.33255 38.127221, 18.33262 38.127119, 18.332703 38.127022, 18.332796 38.126933, 18.332899 38.126852, 18.333012 38.126779, 18.333132 38.126715, 18.33326 38.126661, 18.333393 38.126618, 18.333531 38.126585, 18.333672 38.126564, 18.333815 38.126554, 18.333958 38.126555, 18.334101 38.126567, 18.334276 38.126597, 18.336622 38.127093, 18.336794 38.127137, 18.336927 38.127182, 18.337053 38.127239, 18.337173 38.127305, 18.337284 38.12738, 18.337385 38.127463, 18.337476 38.127555, 18.337556 38.127653, 18.337624 38.127757, 18.337679 38.127866, 18.337732 38.128007, 18.33841 38.130213, 18.338452 38.130327, 18.338508 38.130437, 18.338577 38.130542, 18.338658 38.130641, 18.33875 38.130733, 18.338853 38.130817, 18.338966 38.130892, 18.339087 38.130958, 18.339215 38.131014, 18.33935 38.131059, 18.339489 38.131094, 18.339632 38.131117, 18.339776 38.131128, 18.339922 38.131128, 18.340066 38.131116, 18.340209 38.131092, 18.340348 38.131057, 18.340482 38.131012, 18.34061 38.130955, 18.340731 38.130889, 18.340843 38.130813, 18.344917 38.127771, 18.345062 38.127673, 18.345188 38.127605, 18.345321 38.127547, 18.345461 38.127501, 18.345606 38.127467, 18.345754 38.127445, 18.345905 38.127436, 18.346055 38.127439, 18.346205 38.127455, 18.346388 38.12749, 18.350338 38.128423, 18.350477 38.128449, 18.350618 38.128465, 18.350761 38.12847, 18.350904 38.128463, 18.351045 38.128445, 18.351183 38.128416, 18.351317 38.128377, 18.351446 38.128327, 18.351569 38.128267, 18.354743 38.126535, 18.354893 38.126461, 18.35502 38.126412, 18.355151 38.126372, 18.355287 38.126343, 18.355425 38.126325, 18.355565 38.126317, 18.355705 38.126321, 18.355844 38.126335, 18.355981 38.12636, 18.356115 38.126395, 18.356243 38.126441, 18.356366 38.126496, 18.356511 38.126577, 18.359674 38.128526, 18.359797 38.128595, 18.359928 38.128652, 18.360066 38.128699, 18.360209 38.128734, 18.360356 38.128758, 18.360504 38.128769, 18.360653 38.128768, 18.360802 38.128754, 18.360947 38.128728, 18.361089 38.128691, 18.361226 38.128642, 18.361356 38.128582, 18.361478 38.128511, 18.36159 38.128431, 18.361692 38.128342, 18.361783 38.128245, 18.361861 38.128141, 18.361919 38.128054, 18.361999 38.127958, 18.36209 38.127869, 18.362217 38.127766, 18.366371 38.12471, 18.36652 38.124612, 18.366648 38.124543, 18.366785 38.124486, 18.366928 38.124441, 18.367076 38.124408, 18.367227 38.124388, 18.36738 38.124381, 18.367571 38.124388, 18.373913 38.124896, 18.374058 38.124902, 18.374203 38.124896, 18.374347 38.124879, 18.374488 38.12485, 18.374625 38.124809, 18.374757 38.124758, 18.374881 38.124697, 18.374998 38.124626, 18.375105 38.124546, 18.375203 38.124457, 18.375289 38.124362, 18.375364 38.124259, 18.375426 38.124152, 18.375475 38.124039, 18.37551 38.123924, 18.375531 38.123806, 18.375538 38.123687, 18.375532 38.121354, 18.37554 38.121204, 18.375562 38.121086, 18.375597 38.120969, 18.375647 38.120856, 18.37571 38.120748, 18.375785 38.120645, 18.375873 38.120549, 18.375972 38.120461, 18.376081 38.120381, 18.3762 38.12031, 18.376358 38.120234, 18.383415 38.117205, 18.383539 38.117146, 18.383655 38.117077, 18.383762 38.116999, 18.383859 38.116913, 18.383946 38.11682, 18.384022 38.11672, 18.384085 38.116615, 18.384136 38.116506, 18.384174 38.116392, 18.384198 38.116277, 18.384208 38.11616, 18.384205 38.116043, 18.384188 38.115926, 18.384157 38.115812, 18.384112 38.1157, 18.384055 38.115593, 18.383985 38.11549, 18.383904 38.115394, 18.383811 38.115304, 18.383709 38.115222, 18.383597 38.115149, 18.383477 38.115085, 18.38335 38.11503, 18.383218 38.114986, 18.38308 38.114953, 18.378198 38.113974, 18.378026 38.113932, 18.377893 38.113888, 18.377766 38.113833, 18.377646 38.113769, 18.377534 38.113695, 18.377432 38.113613, 18.377339 38.113523, 18.377258 38.113426, 18.377188 38.113323, 18.377132 38.113215, 18.377119 38.113184, 18.377069 38.113073, 18.377005 38.112967, 18.376929 38.112867, 18.376842 38.112773, 18.376744 38.112687, 18.376636 38.112609, 18.376519 38.112539, 18.376395 38.11248, 18.376264 38.11243, 18.376128 38.112392, 18.375988 38.112364, 18.375845 38.112347, 18.375701 38.112342, 18.375557 38.112349, 18.375415 38.112367, 18.375275 38.112396, 18.37514 38.112436, 18.370887 38.113889, 18.370722 38.113938, 18.370585 38.113967, 18.370446 38.113985, 18.370305 38.113992, 18.370165 38.113988, 18.370025 38.113973, 18.369888 38.113947, 18.369754 38.113911, 18.369593 38.113853, 18.364314 38.111696, 18.364165 38.111628, 18.364052 38.111565, 18.363947 38.111494, 18.36385 38.111414, 18.363763 38.111328, 18.363667 38.111213, 18.361852 38.10881, 18.361769 38.108712, 18.361674 38.10862, 18.361569 38.108537, 18.361455 38.108463, 18.361332 38.108398, 18.361202 38.108343, 18.361066 38.108299, 18.360926 38.108267, 18.360782 38.108245, 18.360637 38.108236, 18.360491 38.108238, 18.360346 38.108252, 18.360203 38.108278, 18.360064 38.108315, 18.355003 38.1099, 18.354832 38.109946, 18.354691 38.109971, 18.354548 38.109985, 18.354404 38.109988, 18.35426 38.10998, 18.354118 38.109959, 18.353979 38.109928, 18.353844 38.109886, 18.353715 38.109833, 18.353593 38.10977, 18.353479 38.109697, 18.353374 38.109616, 18.35328 38.109527, 18.353196 38.109431, 18.353124 38.109328, 18.353065 38.109221, 18.353019 38.109109, 18.352986 38.108994, 18.352963 38.108847, 18.352711 38.106333, 18.352691 38.106212, 18.352656 38.106092, 18.352607 38.105976, 18.352543 38.105865, 18.352467 38.105759, 18.352377 38.105661, 18.352276 38.10557, 18.352214 38.10552, 18.352106 38.10544, 18.351989 38.10537, 18.351864 38.105309, 18.351732 38.105259, 18.351595 38.10522, 18.351454 38.105191, 18.351311 38.105174, 18.351166 38.105169, 18.351021 38.105176, 18.350877 38.105194, 18.350736 38.105223, 18.3506 38.105264, 18.350469 38.105315, 18.345678 38.107435, 18.345517 38.107498, 18.345384 38.107538, 18.345246 38.107568, 18.345105 38.107586, 18.344963 38.107593, 18.344821 38.107589, 18.344679 38.107574, 18.34454 38.107547, 18.344405 38.10751, 18.344275 38.107463, 18.34412 38.107391, 18.341401 38.105979, 18.341278 38.105921, 18.341148 38.105874, 18.341013 38.105837, 18.340874 38.10581, 18.340733 38.105795, 18.340591 38.105791, 18.340449 38.105798, 18.337481 38.106062, 18.337307 38.10607, 18.337168 38.106066, 18.337029 38.106052, 18.336893 38.106027, 18.33676 38.105991, 18.336632 38.105945, 18.33648 38.105876, 18.33146 38.103339, 18.331332 38.103281, 18.331198 38.103234, 18.331058 38.103198, 18.330915 38.103173, 18.330769 38.10316, 18.330623 38.103159, 18.330477 38.10317, 18.330334 38.103193, 18.330193 38.103227, 18.330058 38.103272, 18.329928 38.103328, 18.327762 38.104379, 18.327605 38.104447, 18.327474 38.104491, 18.327338 38.104525, 18.327199 38.104548, 18.327022 38.104563, 18.319454 38.1049, 18.31931 38.104912, 18.319168 38.104936, 18.31903 38.104971, 18.318896 38.105017, 18.313688 38.107054, 18.313527 38.10711, 18.313394 38.107144, 18.313257 38.107168, 18.313118 38.107181, 18.312979 38.107183, 18.312839 38.107175, 18.312701 38.107156, 18.312566 38.107126, 18.312435 38.107086, 18.312278 38.107023, 18.30861 38.105382, 18.308474 38.105328, 18.308332 38.105286, 18.308186 38.105256, 18.308036 38.105238, 18.307886 38.105233, 18.307735 38.105241, 18.307586 38.105261, 18.30744 38.105293, 18.307299 38.105338, 18.303896 38.106576, 18.303731 38.106629, 18.303595 38.10666, 18.303456 38.106681, 18.303316 38.10669, 18.303174 38.106689, 18.303034 38.106676, 18.302895 38.106653, 18.302727 38.10661, 18.300007 38.105806, 18.299872 38.105772, 18.299733 38.105748, 18.299592 38.105736, 18.299451 38.105735, 18.29931 38.105744, 18.29917 38.105765, 18.299034 38.105797, 18.298902 38.105839, 18.298776 38.105891, 18.298656 38.105953, 18.298544 38.106024, 18.29844 38.106103, 18.298347 38.10619, 18.298264 38.106284, 18.296394 38.108633, 18.296283 38.108758, 18.296182 38.10885, 18.29607 38.108934, 18.295918 38.109025, 18.290753 38.111824, 18.290578 38.111908, 18.29043 38.111962, 18.290237 38.112013, 18.286597 38.112791, 18.286427 38.112821, 18.286289 38.112834, 18.286151 38.112836, 18.286012 38.112828, 18.285876 38.112809, 18.285708 38.112772, 18.277506 38.110638, 18.277358 38.110606, 18.277208 38.110587, 18.277056 38.110581, 18.276904 38.110587, 18.276753 38.110607, 18.276606 38.110638, 18.276463 38.110683, 18.276327 38.110739, 18.276199 38.110806, 18.276079 38.110883, 18.272368 38.113559, 18.272219 38.113656, 18.272091 38.113723, 18.271921 38.113793, 18.264815 38.116349, 18.26463 38.116406, 18.264477 38.116439, 18.264321 38.116458, 18.264163 38.116463, 18.263966 38.116452, 18.259208 38.115978, 18.259058 38.115969, 18.258908 38.115973, 18.25876 38.115989, 18.258614 38.116018, 18.258472 38.116058, 18.258336 38.11611, 18.258207 38.116173, 18.258087 38.116246, 18.257976 38.116329, 18.257876 38.116421, 18.257788 38.11652, 18.257713 38.116626, 18.257651 38.116738, 18.257604 38.116855, 18.256663 38.119609, 18.256602 38.119757, 18.256539 38.11987, 18.256462 38.119978, 18.256372 38.120078, 18.25627 38.120171, 18.256157 38.120254, 18.256034 38.120327, 18.255902 38.12039, 18.255728 38.120454, 18.252626 38.121444, 18.252484 38.121496, 18.25235 38.12156, 18.252225 38.121636, 18.25211 38.121721, 18.252007 38.121816, 18.251916 38.12192, 18.2503 38.123986, 18.250225 38.124094, 18.250164 38.124206, 18.250117 38.124324, 18.250085 38.124444, 18.250068 38.124567, 18.250067 38.12469, 18.250228 38.127912, 18.250226 38.128067, 18.250209 38.128189, 18.250177 38.12831, 18.25013 38.128428, 18.250069 38.128541, 18.249994 38.128648, 18.249906 38.128748, 18.249781 38.128864, 18.247849 38.130476, 18.24772 38.130574, 18.247666 38.130608, 18.247559 38.130682, 18.24746 38.130764, 18.247372 38.130853, 18.247294 38.130949, 18.247228 38.13105, 18.247174 38.131156, 18.247132 38.131266, 18.247103 38.131378, 18.247087 38.131492, 18.247084 38.131607, 18.247095 38.131722, 18.247119 38.131835, 18.247156 38.131946, 18.2478 38.133575, 18.247847 38.133717, 18.247871 38.133833, 18.247881 38.133951, 18.247877 38.134069, 18.247859 38.134186, 18.247828 38.134301, 18.247782 38.134413, 18.247724 38.134521, 18.247653 38.134624, 18.24757 38.13472, 18.247476 38.13481, 18.247372 38.134891, 18.247259 38.134964, 18.247137 38.135028, 18.247009 38.135081, 18.246841 38.135135, 18.244821 38.135693, 18.244646 38.135733, 18.244503 38.135754, 18.244358 38.135764, 18.244213 38.135762, 18.244069 38.135748, 18.243927 38.135722, 18.243789 38.135686, 18.243652 38.135637, 18.24353 38.135587))",28.6578,33.1028,38.120844,18.311143,"18.24123,38.10316,18.38421,38.13922",13.2128,3.4764,173.79,0.8227,0.9648,0.3286,0.861,3.8007,,,,,1,,0.956,observed,True
EVT0002,EVT0002-OBS001,S1_EVT0002_02,2026-01-14T03:24:19Z,219.406,OBSERVED,"POLYGON ((18.367931 38.210931, 18.357325 38.211857, 18.357769 38.228681, 18.368388 38.237918, 18.370824 38.239919, 18.473992 38.295594, 18.48653 38.298677, 18.553781 38.307688, 18.561853 38.308005, 18.56487 38.306581, 18.56993 38.293501, 18.568304 38.291793, 18.552843 38.279313, 18.522062 38.256793, 18.502516 38.246833, 18.45993 38.22649, 18.402455 38.210178, 18.367931 38.210931))",97.6946,47.1025,38.25828,18.462408,"18.35733,38.21018,18.56993,38.30801",21.6398,5.9829,31.884,1.0,0.961,0.5533,1.0,3.6169,EVT0002-OBS000,0.0,20.5993,240.901,2,13.581,0.817,observed,True
EVT0002,EVT0002-OBS002,,2026-01-14T21:00:20Z,237.006,INTERPOLATED,"POLYGON ((18.54318 38.396493, 18.543811 38.392765, 18.543131 38.388251, 18.54115 38.383027, 18.537903 38.377183, 18.533445 38.370819, 18.527853 38.364044, 18.521222 38.356974, 18.513665 38.34973, 18.505313 38.342435, 18.496307 38.335215, 18.486802 38.328193, 18.476961 38.321489, 18.466951 38.315218, 18.456945 38.309487, 18.447113 38.304395, 18.437624 38.300027, 18.42864 38.29646, 18.420314 38.293755, 18.41279 38.291956, 18.406196 38.291096, 18.400644 38.291189, 18.39623 38.292233, 18.39303 38.29421, 18.391097 38.297088, 18.390465 38.300815, 18.391146 38.30533, 18.393126 38.310553, 18.396373 38.316397, 18.400831 38.322761, 18.406423 38.329536, 18.413055 38.336606, 18.420611 38.34385, 18.428964 38.351145, 18.43797 38.358365, 18.447474 38.365387, 18.457316 38.372091, 18.467325 38.378362, 18.477331 38.384093, 18.487163 38.389186, 18.496652 38.393553, 18.505637 38.39712, 18.513962 38.399826, 18.521486 38.401624, 18.528081 38.402484, 18.533632 38.402392, 18.538046 38.401347, 18.541247 38.39937, 18.54318 38.396493))",76.7047,39.2982,38.34679,18.467138,"18.39047,38.29110,18.54381,38.40248",17.8769,5.4765,42.047,1.0,0.9519,0.6241,1.0,3.2643,EVT0002-OBS001,0.0,9.8624,-21.485,2,17.6,0.0,synthetic,False
EVT0002,EVT0002-OBS003,S1_EVT0002_04,2026-01-15T14:36:21Z,254.606,OBSERVED,"POLYGON ((18.417114 38.418725, 18.426231 38.420001, 18.428237 38.42317, 18.431318 38.424743, 18.434219 38.437345, 18.439517 38.438049, 18.442332 38.436713, 18.443339 38.434755, 18.438967 38.432231, 18.439308 38.430126, 18.445098 38.431442, 18.444849 38.434546, 18.446737 38.436524, 18.445835 38.439824, 18.45114 38.444614, 18.454992 38.445437, 18.454561 38.450562, 18.456542 38.451803, 18.461316 38.451376, 18.464349 38.455363, 18.46894 38.455064, 18.471083 38.459436, 18.476317 38.459506, 18.479589 38.462396, 18.477881 38.466058, 18.479507 38.468368, 18.484688 38.468024, 18.488151 38.471375, 18.495613 38.472456, 18.49953 38.477512, 18.505011 38.478303, 18.508245 38.477448, 18.511433 38.479308, 18.518342 38.479716, 18.522854 38.477708, 18.527613 38.480477, 18.530438 38.479144, 18.531943 38.4714, 18.526493 38.47, 18.521943 38.466356, 18.522292 38.463983, 18.526089 38.462135, 18.526086 38.459465, 18.521631 38.457902, 18.518281 38.454342, 18.513314 38.453801, 18.512503 38.45014, 18.514427 38.447746, 18.514102 38.445719, 18.506209 38.443659, 18.50546 38.438753, 18.501314 38.436861, 18.499202 38.431377, 18.490504 38.431029, 18.487924 38.429863, 18.4871 38.424678, 18.483918 38.423612, 18.482342 38.421018, 18.478846 38.419964, 18.467988 38.411692, 18.46624 38.403555, 18.46019 38.40173, 18.459067 38.399985, 18.461858 38.396404, 18.460343 38.393407, 18.45058 38.394314, 18.448395 38.398433, 18.445249 38.398557, 18.44288 38.397004, 18.446696 38.390612, 18.445179 38.387615, 18.442237 38.38721, 18.438097 38.384324, 18.432579 38.388213, 18.42443 38.386429, 18.422921 38.389498, 18.4265 38.393191, 18.427963 38.39769, 18.428229 38.400105, 18.425547 38.403202, 18.427914 38.406854, 18.426119 38.408275, 18.420633 38.408233, 18.419788 38.413424, 18.416282 38.416113, 18.417114 38.418725), (18.471775 38.453834, 18.46977 38.455094, 18.4684 38.45347, 18.470164 38.45234, 18.471775 38.453834), (18.45334 38.430217, 18.455284 38.433253, 18.453677 38.434254, 18.451904 38.433343, 18.450999 38.430952, 18.45334 38.430217), (18.445611 38.424633, 18.438808 38.429774, 18.436905 38.427865, 18.438204 38.42445, 18.443657 38.422483, 18.445611 38.424633), (18.437319 38.417112, 18.437015 38.414498, 18.439558 38.41443, 18.439783 38.416816, 18.437319 38.417112), (18.436812 38.4082, 18.439449 38.409588, 18.436312 38.413942, 18.433435 38.41026, 18.436812 38.4082), (18.430471 38.417675, 18.428122 38.419007, 18.42663 38.417287, 18.428408 38.415813, 18.430471 38.417675))",42.7055,49.5391,38.4353,18.471869,"18.41628,38.38432,18.53194,38.48048",14.1212,4.9723,49.91,0.7945,0.936,0.2187,0.6454,2.8399,EVT0002-OBS002,0.0,9.8624,-44.325,3,17.6,0.981,observed,True
EVT0002,EVT0002-OBS004,S1_EVT0002_05,2026-01-16T07:34:03Z,271.568,OBSERVED,"POLYGON ((18.386436 38.529582, 18.385056 38.53022, 18.379755 38.533404, 18.384097 38.542213, 18.401308 38.568057, 18.410968 38.582351, 18.411052 38.582465, 18.41115 38.582571, 18.411262 38.582668, 18.413933 38.584725, 18.414043 38.584803, 18.414163 38.584871, 18.42768 38.591688, 18.427817 38.591743, 18.42796 38.591787, 18.428109 38.591818, 18.42826 38.591836, 18.428413 38.591842, 18.485398 38.591514, 18.485547 38.591507, 18.485695 38.591488, 18.48584 38.591456, 18.485979 38.591413, 18.486113 38.591358, 18.494123 38.587884, 18.494253 38.587821, 18.494374 38.587748, 18.494486 38.587665, 18.494587 38.587573, 18.49887 38.583347, 18.498962 38.583254, 18.499042 38.583154, 18.49911 38.583047, 18.499165 38.582936, 18.499206 38.582821, 18.499233 38.582703, 18.499245 38.582584, 18.499243 38.582464, 18.499227 38.582345, 18.499197 38.582227, 18.499152 38.582113, 18.499094 38.582003, 18.499023 38.581898, 18.498939 38.5818, 18.498845 38.581708, 18.498739 38.581625, 18.498624 38.581551, 18.495807 38.579908, 18.46847 38.564642, 18.46835 38.564581, 18.389062 38.529176, 18.386436 38.529582))",36.0073,27.628,38.567269,18.434904,"18.37975,38.52918,18.49925,38.59184",12.2014,4.4244,28.596,1.0,0.9319,0.5928,1.0,2.7577,EVT0002-OBS003,0.0,15.0725,-15.685,4,16.962,0.554,observed,True
EVT0002,EVT0002-OBS005,,2026-01-17T01:34:03Z,289.568,PREDICTED,"POLYGON ((18.445508 38.727001, 18.445554 38.724499, 18.444745 38.721703, 18.443098 38.718661, 18.440639 38.715424, 18.43741 38.712049, 18.433468 38.708593, 18.428879 38.705115, 18.423721 38.701675, 18.418084 38.698331, 18.412064 38.695141, 18.405763 38.692159, 18.39929 38.689437, 18.392755 38.68702, 18.38627 38.684951, 18.379946 38.683264, 18.373891 38.681989, 18.368208 38.681147, 18.362996 38.680753, 18.358343 38.680814, 18.354329 38.681327, 18.351022 38.682286, 18.34848 38.683673, 18.346744 38.685464, 18.345847 38.687629, 18.345801 38.690131, 18.34661 38.692927, 18.348257 38.695969, 18.350716 38.699205, 18.353945 38.70258, 18.357887 38.706036, 18.362476 38.709514, 18.367634 38.712955, 18.373271 38.716299, 18.379291 38.719489, 18.385592 38.72247, 18.392065 38.725193, 18.3986 38.727609, 18.405085 38.729679, 18.411409 38.731365, 18.417464 38.732641, 18.423147 38.733482, 18.428359 38.733877, 18.433012 38.733816, 18.437026 38.733302, 18.440333 38.732344, 18.442875 38.730957, 18.444611 38.729166, 18.445508 38.727001))",30.5908,23.1211,38.707315,18.395678,"18.34580,38.68075,18.44555,38.73388",10.161,3.8418,30.016,1.0,0.9258,0.7191,1.0,2.6448,EVT0002-OBS004,0.0,15.995,-15.043,4,18.0,0.0,synthetic,False
EVT0002,EVT0002-OBS006,,2026-01-17T19:34:03Z,307.568,PREDICTED,"POLYGON ((18.396358 38.863004, 18.396458 38.860908, 18.395873 38.85858, 18.394614 38.85606, 18.392701 38.853392, 18.390169 38.85062, 18.387059 38.847792, 18.383426 38.844957, 18.379331 38.842163, 18.374845 38.839459, 18.370044 38.836889, 18.36501 38.834498, 18.35983 38.832328, 18.354592 38.830415, 18.349386 38.828791, 18.344301 38.827486, 18.339424 38.826521, 18.334838 38.825912, 18.330622 38.82567, 18.326847 38.825799, 18.323579 38.826297, 18.320874 38.827156, 18.318778 38.82836, 18.317326 38.82989, 18.316543 38.831718, 18.316443 38.833814, 18.317028 38.836142, 18.318287 38.838662, 18.3202 38.84133, 18.322732 38.844102, 18.325842 38.84693, 18.329475 38.849764, 18.33357 38.852558, 18.338056 38.855263, 18.342857 38.857833, 18.347891 38.860223, 18.353071 38.862394, 18.358309 38.864307, 18.363515 38.86593, 18.3686 38.867236, 18.373477 38.868201, 18.378063 38.86881, 18.38228 38.869052, 18.386054 38.868923, 18.389322 38.868424, 18.392027 38.867566, 18.394123 38.866362, 18.395575 38.864832, 18.396358 38.863004))",20.7586,18.7015,38.847361,18.356451,"18.31644,38.82567,18.39646,38.86905",8.124,3.2605,27.09,1.0,0.9159,0.7459,1.0,2.4917,EVT0002-OBS005,0.0,15.995,-32.141,4,18.0,0.0,synthetic,False
EVT0003,EVT0003-OBS000,S1_EVT0003_00,2026-01-11T11:52:26Z,155.874,OBSERVED,"POLYGON ((18.852118 35.916336, 18.858566 35.916929, 18.87577 35.90637, 18.876299 35.901321, 18.883857 35.897369, 18.88334 35.894069, 18.878945 35.892449, 18.878865 35.888838, 18.87437 35.886647, 18.876719 35.882008, 18.875049 35.879623, 18.871017 35.880045, 18.868033 35.884257, 18.862053 35.885028, 18.856852 35.884026, 18.854918 35.887733, 18.851505 35.889546, 18.852277 35.893747, 18.849123 35.896685, 18.850227 35.900245, 18.848154 35.903178, 18.848738 35.913463, 18.852118 35.916336))",8.3162,12.5443,35.89882,18.863885,"18.84815,35.87962,18.88386,35.91693",4.1789,3.0249,143.157,0.896,0.69,0.6641,0.9253,1.3815,,,,,1,,0.769,observed,True
EVT0003,EVT0003-OBS001,S1_EVT0003_01,2026-01-12T04:39:18Z,172.655,OBSERVED,"POLYGON ((19.037969 35.977171, 19.039844 35.978753, 19.044275 35.977852, 19.049663 35.979772, 19.050217 35.984356, 19.046475 35.987473, 19.046508 35.989804, 19.058953 35.995546, 19.062396 36.004341, 19.065167 36.006919, 19.069719 36.007664, 19.071223 36.012551, 19.076163 36.017711, 19.081695 36.02236, 19.086672 36.024273, 19.086967 36.033473, 19.089151 36.035685, 19.096564 36.037033, 19.096838 36.039585, 19.094582 36.042485, 19.095323 36.044017, 19.098937 36.044406, 19.100672 36.0433, 19.100521 36.04061, 19.10369 36.03985, 19.105354 36.041869, 19.103002 36.044051, 19.106833 36.049699, 19.114961 36.051234, 19.118373 36.054304, 19.12516 36.055399, 19.130307 36.061966, 19.134305 36.062032, 19.135062 36.059781, 19.132498 36.057375, 19.132016 36.054611, 19.13469 36.05226, 19.137196 36.046426, 19.135941 36.045108, 19.128919 36.043724, 19.125097 36.038717, 19.126121 36.036121, 19.130435 36.034318, 19.128658 36.028845, 19.124419 36.027718, 19.121053 36.022937, 19.115654 36.020146, 19.11767 36.016664, 19.116951 36.014404, 19.110732 36.014654, 19.106637 36.010296, 19.107484 36.007777, 19.112712 36.007399, 19.112735 36.004258, 19.109255 36.00389, 19.106105 36.007574, 19.101143 36.006562, 19.100943 35.999847, 19.097432 35.997692, 19.09308 35.998188, 19.088006 35.994655, 19.088684 35.991724, 19.09452 35.990712, 19.09408 35.987871, 19.091394 35.987271, 19.087338 35.988769, 19.080069 35.984876, 19.074306 35.978746, 19.070105 35.978597, 19.064489 35.976347, 19.062369 35.971391, 19.056975 35.970848, 19.056088 35.96737, 19.06055 35.964531, 19.059283 35.962083, 19.05591 35.962475, 19.055564 35.966675, 19.051737 35.968396, 19.05011 35.971972, 19.044565 35.971218, 19.03876 35.974855, 19.037969 35.977171))",29.7143,39.209,36.012905,19.090642,"19.03797,35.96208,19.13720,36.06203",13.1624,3.905,53.588,0.7339,0.955,0.2429,0.7558,3.3707,EVT0003-OBS000,0.0,24.2663,257.307,2,16.781,0.99,observed,True
EVT0003,EVT0003-OBS002,S1_EVT0003_02,2026-01-12T22:10:05Z,190.168,OBSERVED,"POLYGON ((19.098767 36.212646, 19.041273 36.267827, 19.055759 36.285069, 19.076896 36.284944, 19.095915 36.283385, 19.108563 36.280515, 19.117265 36.278112, 19.118614 36.276638, 19.126514 36.267647, 19.132607 36.255345, 19.130863 36.246276, 19.11898 36.217189, 19.112183 36.213354, 19.101673 36.212014, 19.098767 36.212646))",42.9253,25.4599,36.253898,19.092267,"19.04127,36.21201,19.13261,36.28507",9.4902,6.0141,130.48,1.0,0.7736,0.8322,1.0,1.578,EVT0003-OBS001,0.0,26.8277,44.46,3,17.513,0.8,observed,True
EVT0003,EVT0003-OBS003,S1_EVT0003_03,2026-01-13T15:15:59Z,207.266,OBSERVED,"POLYGON ((19.245798 36.38588, 19.23455 36.398185, 19.245172 36.416307, 19.252031 36.418158, 19.26212 36.42051, 19.376808 36.424849, 19.376949 36.424849, 19.377089 36.424839, 19.377227 36.424817, 19.377363 36.424784, 19.377494 36.424742, 19.377619 36.424689, 19.379246 36.423921, 19.379363 36.423859, 19.379474 36.423789, 19.379575 36.42371, 19.379667 36.423624, 19.379749 36.42353, 19.379819 36.423431, 19.379878 36.423327, 19.381696 36.419666, 19.381743 36.419555, 19.381778 36.419441, 19.381798 36.419325, 19.381805 36.419208, 19.3818 36.413682, 19.381793 36.413564, 19.381771 36.413447, 19.381737 36.413332, 19.381688 36.413221, 19.381627 36.413114, 19.371328 36.398503, 19.371248 36.398406, 19.371158 36.398315, 19.371057 36.398231, 19.370947 36.398157, 19.370829 36.398091, 19.35006 36.387041, 19.349935 36.38698, 19.349803 36.386929, 19.349666 36.386889, 19.331909 36.381892, 19.331772 36.381861, 19.331632 36.381842, 19.33149 36.381834, 19.269623 36.37989, 19.245798 36.38588))",52.4962,31.455,36.403041,19.307598,"19.23455,36.37989,19.38180,36.42485",13.5215,4.5927,2.645,1.0,0.9405,0.6667,1.0,2.9441,EVT0003-OBS002,0.0,25.7139,22.297,4,17.098,0.775,observed,True
EVT0003,EVT0003-OBS004,S1_EVT0003_04,2026-01-14T06:04:23Z,222.073,OBSERVED,"POLYGON ((19.40946 36.62303, 19.409534 36.623135, 19.40962 36.623232, 19.409717 36.623323, 19.409824 36.623405, 19.409941 36.623478, 19.410067 36.623541, 19.41204 36.624426, 19.412189 36.6245, 19.412301 36.624569, 19.412404 36.624646, 19.412499 36.62473, 19.412582 36.624822, 19.412656 36.62492, 19.412717 36.625022, 19.412779 36.625156, 19.413701 36.627485, 19.413747 36.627622, 19.41377 36.627734, 19.413781 36.627848, 19.413779 36.627962, 19.413764 36.628075, 19.413736 36.628187, 19.413695 36.628296, 19.413642 36.628401, 19.413577 36.628502, 19.413501 36.628597, 19.413414 36.628686, 19.413293 36.628789, 19.409965 36.631355, 19.409861 36.631444, 19.409768 36.631541, 19.409688 36.631645, 19.409622 36.631755, 19.409569 36.63187, 19.409531 36.631989, 19.409507 36.632111, 19.409499 36.632234, 19.409506 36.632357, 19.409529 36.632478, 19.409566 36.632597, 19.409617 36.632713, 19.409683 36.632824, 19.411448 36.635447, 19.411524 36.635574, 19.411573 36.63568, 19.41161 36.635789, 19.411634 36.6359, 19.411646 36.636013, 19.411644 36.636126, 19.41163 36.636238, 19.411603 36.636349, 19.411563 36.636458, 19.411499 36.636589, 19.41033 36.638672, 19.410277 36.638781, 19.410236 36.638894, 19.41021 36.63901, 19.410197 36.639127, 19.410198 36.639245, 19.410212 36.639363, 19.410241 36.639478, 19.410284 36.639591, 19.410339 36.6397, 19.410407 36.639803, 19.410487 36.639901, 19.410579 36.639992, 19.41068 36.640076, 19.410792 36.640151, 19.410911 36.640216, 19.411038 36.640272, 19.41117 36.640318, 19.411308 36.640353, 19.411449 36.640376, 19.411592 36.640389, 19.411736 36.64039, 19.411879 36.640379, 19.412021 36.640357, 19.412159 36.640324, 19.412292 36.640281, 19.41242 36.640226, 19.412541 36.640162, 19.414739 36.638866, 19.414899 36.638781, 19.415035 36.638724, 19.415178 36.63868, 19.415325 36.638647, 19.415476 36.638627, 19.415628 36.63862, 19.415819 36.638628, 19.418563 36.638851, 19.41874 36.638873, 19.418879 36.638901, 19.419014 36.63894, 19.419143 36.63899, 19.419267 36.63905, 19.419382 36.639119, 19.419489 36.639197, 19.419586 36.639283, 19.419672 36.639376, 19.419748 36.639476, 19.41981 36.639581, 19.419861 36.639691, 19.419898 36.639804, 19.419921 36.63992, 19.419931 36.640037, 19.419926 36.640183, 19.419609 36.643545, 19.419586 36.643694, 19.419553 36.643811, 19.419506 36.643925, 19.419446 36.644034, 19.419373 36.644138, 19.419266 36.64426, 19.417361 36.646225, 19.417278 36.646318, 19.417208 36.646417, 19.417148 36.646522, 19.417102 36.64663, 19.417068 36.646742, 19.417047 36.646856, 19.417039 36.64697, 19.417045 36.647085, 19.417064 36.647199, 19.417096 36.647311, 19.417141 36.64742, 19.417198 36.647525, 19.417267 36.647626, 19.418539 36.649279, 19.418621 36.649375, 19.418714 36.649463, 19.418816 36.649544, 19.418927 36.649617, 19.419047 36.64968, 19.419173 36.649734, 19.419305 36.649778, 19.419442 36.649811, 19.419582 36.649833, 19.419724 36.649844, 19.426432 36.650098, 19.426569 36.650098, 19.426706 36.650087, 19.42684 36.650067, 19.426972 36.650036, 19.427099 36.649995, 19.427222 36.649945, 19.430692 36.64836, 19.430852 36.648295, 19.430986 36.648253, 19.431124 36.648222, 19.431266 36.648202, 19.431409 36.648194, 19.431552 36.648197, 19.431694 36.648211, 19.431834 36.648236, 19.43197 36.648273, 19.432101 36.64832, 19.432227 36.648377, 19.432374 36.648461, 19.438643 36.652401, 19.438755 36.652465, 19.438873 36.65252, 19.438997 36.652566, 19.439125 36.652602, 19.439257 36.652629, 19.442118 36.653092, 19.442295 36.653128, 19.442433 36.653169, 19.442566 36.65322, 19.442691 36.653282, 19.442808 36.653354, 19.442916 36.653435, 19.443039 36.653546, 19.444642 36.655164, 19.444738 36.655251, 19.444844 36.65533, 19.444958 36.655401, 19.44508 36.655462, 19.445209 36.655514, 19.445344 36.655555, 19.445482 36.655585, 19.445624 36.655604, 19.445767 36.655611, 19.44591 36.655608, 19.446052 36.655593, 19.446192 36.655566, 19.446328 36.655529, 19.450054 36.654344, 19.450227 36.654297, 19.450369 36.65427, 19.450514 36.654255, 19.45066 36.654252, 19.450805 36.654261, 19.450949 36.654282, 19.451089 36.654314, 19.451225 36.654357, 19.451356 36.654411, 19.451479 36.654475, 19.451593 36.654549, 19.451699 36.654632, 19.451793 36.654723, 19.451898 36.654845, 19.453912 36.657481, 19.453994 36.657577, 19.454086 36.657666, 19.454189 36.657747, 19.4543 36.65782, 19.45442 36.657884, 19.454546 36.657938, 19.454679 36.657982, 19.454816 36.658015, 19.454956 36.658037, 19.455098 36.658048, 19.455241 36.658048, 19.455383 36.658037, 19.455523 36.658014, 19.45566 36.657981, 19.455792 36.657936, 19.460792 36.65603, 19.460917 36.655976, 19.461035 36.655913, 19.461145 36.655841, 19.461246 36.655761, 19.468603 36.649347, 19.468737 36.649241, 19.468855 36.649166, 19.46898 36.649101, 19.469114 36.649046, 19.469253 36.649003, 19.469397 36.648971, 19.469581 36.648947, 19.473639 36.648578, 19.473783 36.648559, 19.473925 36.648528, 19.474063 36.648486, 19.474194 36.648433, 19.474319 36.648369, 19.474435 36.648296, 19.474542 36.648213, 19.474638 36.648123, 19.474723 36.648025, 19.474796 36.647921, 19.474856 36.647811, 19.474902 36.647697, 19.474934 36.647579, 19.474952 36.64746, 19.474955 36.64734, 19.474944 36.64722, 19.474918 36.647102, 19.474879 36.646986, 19.474825 36.646874, 19.474758 36.646767, 19.474679 36.646666, 19.473053 36.644806, 19.472956 36.644683, 19.47289 36.644579, 19.472837 36.64447, 19.472797 36.644357, 19.472771 36.644241, 19.472758 36.644124, 19.47276 36.644007, 19.472775 36.64389, 19.472811 36.643746, 19.4742 36.639319, 19.474254 36.639176, 19.474311 36.639065, 19.474381 36.63896, 19.474463 36.638861, 19.474557 36.638769, 19.474661 36.638686, 19.474775 36.638611, 19.474898 36.638545, 19.475028 36.63849, 19.475163 36.638446, 19.475339 36.638404, 19.477545 36.637978, 19.477733 36.63795, 19.477885 36.637941, 19.478038 36.637944, 19.478189 36.63796, 19.478338 36.637989, 19.478482 36.638031, 19.47862 36.638084, 19.478784 36.638165, 19.480864 36.639319, 19.480986 36.63938, 19.481114 36.639431, 19.481248 36.639471, 19.481386 36.639501, 19.481526 36.63952, 19.481669 36.639528, 19.481811 36.639524, 19.481953 36.639509, 19.482092 36.639483, 19.482227 36.639446, 19.482358 36.639399, 19.482482 36.639342, 19.482599 36.639275, 19.483062 36.638982, 19.483172 36.638905, 19.483272 36.63882, 19.483362 36.638727, 19.48344 36.638628, 19.483506 36.638522, 19.483559 36.638412, 19.483599 36.638298, 19.483625 36.638182, 19.483637 36.638064, 19.483713 36.636249, 19.48371 36.636126, 19.483692 36.636003, 19.483659 36.635882, 19.483612 36.635765, 19.483549 36.635653, 19.483474 36.635546, 19.483385 36.635446, 19.483284 36.635354, 19.483173 36.635271, 19.483052 36.635197, 19.482922 36.635134, 19.482785 36.635083, 19.478456 36.633657, 19.478292 36.633596, 19.478167 36.633536, 19.47805 36.633466, 19.477942 36.633388, 19.477843 36.633301, 19.477734 36.633183, 19.474395 36.629199, 19.474303 36.629078, 19.474241 36.628975, 19.474191 36.628868, 19.474154 36.628758, 19.474129 36.628645, 19.474118 36.628531, 19.474119 36.628417, 19.474138 36.628275, 19.474609 36.625794, 19.474624 36.625679, 19.474625 36.625563, 19.474613 36.625448, 19.474588 36.625334, 19.47455 36.625223, 19.474498 36.625115, 19.474435 36.625011, 19.47436 36.624913, 19.474273 36.624822, 19.472647 36.623256, 19.472532 36.623134, 19.472454 36.62303, 19.472388 36.622919, 19.472337 36.622804, 19.472291 36.622655, 19.471697 36.620228, 19.471662 36.620111, 19.471612 36.619998, 19.471549 36.61989, 19.471473 36.619787, 19.471385 36.619691, 19.471286 36.619603, 19.471177 36.619523, 19.471058 36.619452, 19.470932 36.619391, 19.465976 36.617267, 19.465806 36.617184, 19.465679 36.617107, 19.465563 36.617018, 19.465459 36.61692, 19.465347 36.616787, 19.463666 36.614559, 19.463578 36.614455, 19.463477 36.614358, 19.463364 36.614271, 19.463241 36.614194, 19.463109 36.614129, 19.462969 36.614074, 19.462823 36.614032, 19.452959 36.611666, 19.452782 36.611615, 19.452646 36.611564, 19.452518 36.611501, 19.452368 36.611409, 19.449791 36.609667, 19.449659 36.609569, 19.449563 36.609482, 19.449478 36.609388, 19.449405 36.609289, 19.449343 36.609183, 19.449294 36.609074, 19.449258 36.608961, 19.449236 36.608845, 19.449227 36.608729, 19.449232 36.608612, 19.449256 36.608467, 19.449945 36.605358, 19.449965 36.605237, 19.449969 36.605114, 19.449958 36.604992, 19.449932 36.604871, 19.449891 36.604753, 19.449836 36.604639, 19.449767 36.60453, 19.449627 36.604334, 19.449546 36.604232, 19.449453 36.604137, 19.449348 36.604051, 19.449234 36.603973, 19.44911 36.603906, 19.448979 36.603848, 19.448842 36.603802, 19.4487 36.603767, 19.448554 36.603744, 19.448406 36.603734, 19.448257 36.603735, 19.44811 36.603749, 19.447965 36.603774, 19.447823 36.603812, 19.447687 36.603861, 19.447558 36.60392, 19.447437 36.60399, 19.447324 36.60407, 19.447222 36.604159, 19.447132 36.604255, 19.447053 36.604358, 19.446988 36.604468, 19.445699 36.606931, 19.445622 36.607061, 19.445549 36.607159, 19.445464 36.607252, 19.445369 36.607337, 19.445264 36.607415, 19.445151 36.607484, 19.445031 36.607544, 19.444904 36.607594, 19.444772 36.607634, 19.444635 36.607664, 19.444461 36.607687, 19.440981 36.60802, 19.440813 36.60803, 19.440678 36.608028, 19.440545 36.608016, 19.440379 36.607988, 19.437237 36.607335, 19.437061 36.607291, 19.436925 36.607244, 19.436795 36.607186, 19.436673 36.607118, 19.43656 36.607041, 19.436457 36.606954, 19.436365 36.60686, 19.436285 36.606759, 19.436201 36.606625, 19.434178 36.602964, 19.434112 36.602858, 19.434033 36.602758, 19.433943 36.602665, 19.433842 36.602579, 19.433732 36.602502, 19.433613 36.602435, 19.433486 36.602377, 19.433353 36.602329, 19.433215 36.602293, 19.433073 36.602268, 19.432929 36.602254, 19.432784 36.602251, 19.43264 36.602261, 19.432497 36.602282, 19.432357 36.602314, 19.432222 36.602358, 19.432093 36.602412, 19.431971 36.602476, 19.431857 36.602549, 19.431752 36.602632, 19.431658 36.602722, 19.431575 36.602819, 19.428756 36.606501, 19.428645 36.60663, 19.428544 36.606726, 19.428431 36.606812, 19.428308 36.606888, 19.428175 36.606953, 19.428035 36.607006, 19.427853 36.607058, 19.424947 36.607741, 19.424806 36.60778, 19.42467 36.607831, 19.424542 36.607893, 19.424421 36.607966, 19.424311 36.608047, 19.42421 36.608138, 19.424122 36.608236, 19.424045 36.608342, 19.423983 36.608453, 19.422916 36.610619, 19.422837 36.610757, 19.422762 36.610861, 19.422674 36.610959, 19.422574 36.61105, 19.422464 36.611131, 19.422345 36.611203, 19.422217 36.611265, 19.422082 36.611316, 19.421942 36.611356, 19.421797 36.611384, 19.421613 36.611404, 19.420562 36.611475, 19.420417 36.611491, 19.420275 36.611518, 19.420137 36.611557, 19.420004 36.611607, 19.419877 36.611667, 19.419759 36.611737, 19.419649 36.611816, 19.41955 36.611904, 19.419462 36.612, 19.419385 36.612102, 19.419321 36.61221, 19.419271 36.612322, 19.419234 36.612438, 19.419212 36.612556, 19.419203 36.612676, 19.419189 36.614461, 19.419178 36.614614, 19.419155 36.614734, 19.419116 36.614853, 19.419064 36.614967, 19.418997 36.615077, 19.418918 36.61518, 19.418826 36.615277, 19.418722 36.615365, 19.418609 36.615444, 19.418486 36.615514, 19.418355 36.615573, 19.418218 36.615621, 19.418039 36.615666, 19.412704 36.616784, 19.412565 36.61682, 19.412431 36.616866, 19.412303 36.616922, 19.412182 36.616989, 19.412071 36.617065, 19.411968 36.61715, 19.411877 36.617242, 19.411797 36.617342, 19.411729 36.617447, 19.409309 36.621701, 19.409253 36.621815, 19.409211 36.621933, 19.409184 36.622054, 19.409171 36.622176, 19.409174 36.622299, 19.409193 36.622421, 19.409226 36.622541, 19.409273 36.622657, 19.4094 36.622921, 19.40946 36.62303))",25.7209,23.8423,36.631101,19.443898,"19.40917,36.60225,19.48371,36.65805",6.3878,5.7874,48.031,0.872,0.4233,0.5686,0.8363,1.1038,EVT0003-OBS003,0.0,28.2668,-51.004,5,14.807,0.902,observed,True
EVT0003,EVT0003-OBS005,,2026-01-14T23:23:17Z,239.388,INTERPOLATED,"POLYGON ((19.555777 36.905145, 19.55913 36.903393, 19.562171 36.900934, 19.564846 36.897812, 19.567111 36.89408, 19.568926 36.889801, 19.57026 36.88505, 19.571091 36.879906, 19.571405 36.874458, 19.571195 36.8688, 19.570466 36.863028, 19.569229 36.857241, 19.567507 36.851537, 19.565329 36.846016, 19.562732 36.84077, 19.55976 36.83589, 19.556464 36.831459, 19.5529 36.827553, 19.549131 36.824239, 19.545219 36.821574, 19.541232 36.819603, 19.537239 36.81836, 19.533307 36.817866, 19.529504 36.818129, 19.525895 36.819146, 19.522541 36.820899, 19.519501 36.823357, 19.516825 36.826479, 19.514561 36.830211, 19.512746 36.83449, 19.511411 36.839242, 19.51058 36.844385, 19.510267 36.849833, 19.510477 36.855491, 19.511206 36.861263, 19.512442 36.867051, 19.514164 36.872754, 19.516343 36.878276, 19.51894 36.883521, 19.521912 36.888402, 19.525208 36.892832, 19.528771 36.896738, 19.532541 36.900052, 19.536453 36.902717, 19.540439 36.904688, 19.544433 36.905932, 19.548365 36.906426, 19.552168 36.906162, 19.555777 36.905145))",41.5099,24.6032,36.862146,19.540836,"19.51027,36.81787,19.57140,36.90643",10.0093,5.289,80.075,1.0,0.849,0.8617,1.0,1.8925,EVT0003-OBS004,0.0,27.1965,61.386,5,17.315,0.0,synthetic,False
EVT0003,EVT0003-OBS006,S1_EVT0003_06,2026-01-15T16:42:11Z,256.703,OBSERVED,"POLYGON ((19.604943 37.150235, 19.607483 37.150513, 19.611897 37.146847, 19.612607 37.144864, 19.61052 37.142083, 19.612997 37.140174, 19.61579 37.141113, 19.614767 37.144481, 19.615969 37.145872, 19.619232 37.146606, 19.621614 37.14467, 19.621521 37.141211, 19.624154 37.13978, 19.634104 37.139492, 19.634744 37.133595, 19.63768 37.13312, 19.640993 37.136031, 19.644245 37.135311, 19.645113 37.132658, 19.642336 37.130398, 19.642344 37.12882, 19.651467 37.126797, 19.653052 37.125113, 19.654077 37.118826, 19.651136 37.111463, 19.65397 37.107167, 19.658713 37.104585, 19.658954 37.100521, 19.663949 37.099145, 19.665518 37.097471, 19.665173 37.095368, 19.661439 37.092878, 19.663157 37.089203, 19.668158 37.086645, 19.667816 37.084563, 19.665108 37.082608, 19.66512 37.07767, 19.670385 37.076506, 19.671931 37.073428, 19.669549 37.071469, 19.664515 37.071584, 19.663889 37.068488, 19.660488 37.065171, 19.661098 37.061176, 19.657209 37.058666, 19.658237 37.05598, 19.663229 37.056546, 19.665617 37.054589, 19.66475 37.051937, 19.660505 37.050935, 19.658434 37.04853, 19.658476 37.043229, 19.661626 37.040789, 19.661627 37.038061, 19.659574 37.036761, 19.657005 37.037044, 19.655451 37.038711, 19.655537 37.042104, 19.652026 37.043191, 19.64859 37.039895, 19.650962 37.035792, 19.647836 37.032781, 19.640926 37.036773, 19.639938 37.040917, 19.636483 37.042755, 19.635182 37.05602, 19.631617 37.058686, 19.627579 37.058339, 19.62521 37.060271, 19.625205 37.062759, 19.623166 37.064966, 19.624025 37.067598, 19.627302 37.068324, 19.631429 37.065544, 19.633023 37.068046, 19.628786 37.071818, 19.622117 37.072088, 19.620956 37.076227, 19.617995 37.078785, 19.61981 37.082514, 19.618635 37.085351, 19.620576 37.092778, 19.618225 37.093897, 19.613621 37.092799, 19.611247 37.094745, 19.611618 37.097356, 19.609367 37.101411, 19.615838 37.108181, 19.609686 37.112941, 19.61093 37.119053, 19.607557 37.125444, 19.610024 37.129467, 19.608026 37.131903, 19.608968 37.135284, 19.606674 37.138544, 19.60858 37.141937, 19.603399 37.148443, 19.604943 37.150235), (19.654258 37.064344, 19.652259 37.064176, 19.65245 37.062159, 19.654341 37.062297, 19.654258 37.064344), (19.644251 37.044268, 19.647497 37.046988, 19.645591 37.048512, 19.643089 37.047938, 19.642837 37.044794, 19.644251 37.044268))",40.4218,44.7866,37.09319,19.637774,"19.60340,37.03278,19.67193,37.15051",13.6428,4.7971,108.152,0.8128,0.9361,0.2532,0.6903,2.844,EVT0003-OBS005,0.0,27.1965,-2.621,6,17.315,0.99,observed,True
EVT0003,EVT0003-OBS007,S1_EVT0003_07,2026-01-16T11:44:25Z,275.74,OBSERVED,"POLYGON ((19.622834 37.13686, 19.622004 37.136949, 19.621866 37.136969, 19.62173 37.137, 19.621599 37.137041, 19.611036 37.14105, 19.610909 37.141107, 19.610789 37.141174, 19.602171 37.147004, 19.602058 37.147083, 19.601955 37.14717, 19.601864 37.147266, 19.601784 37.147368, 19.601718 37.147476, 19.601665 37.14759, 19.601626 37.147707, 19.601601 37.147826, 19.601591 37.147947, 19.601597 37.148069, 19.602009 37.152074, 19.60203 37.152196, 19.615444 37.222462, 19.634601 37.233188, 19.66483 37.227963, 19.774459 37.198515, 19.774592 37.198468, 19.774719 37.19841, 19.774839 37.198342, 19.77495 37.198265, 19.775051 37.198179, 19.775141 37.198086, 19.775219 37.197986, 19.775252 37.197939, 19.775317 37.197835, 19.77537 37.197726, 19.77541 37.197613, 19.778545 37.188453, 19.778583 37.188336, 19.778607 37.188216, 19.778615 37.188094, 19.778609 37.187973, 19.778588 37.187852, 19.778552 37.187734, 19.778502 37.187619, 19.777969 37.186568, 19.777906 37.186459, 19.77783 37.186356, 19.770896 37.177061, 19.77082 37.176964, 19.770733 37.176873, 19.770635 37.17679, 19.770529 37.176715, 19.770414 37.176648, 19.770293 37.17659, 19.770165 37.176542, 19.69267 37.153029, 19.623415 37.136893, 19.623272 37.136867, 19.623127 37.136853, 19.62298 37.136851, 19.622834 37.13686))",108.3374,43.0918,37.18546,19.675289,"19.60159,37.13685,19.77862,37.23319",15.3517,10.7201,168.085,1.0,0.7158,0.7332,1.0,1.4321,EVT0003-OBS006,0.0082,10.8262,168.017,7,19.037,0.693,observed,True
EVT0003,EVT0003-OBS008,S1_EVT0003_08,2026-01-17T09:15:10Z,297.253,OBSERVED,"POLYGON ((19.368201 37.381223, 19.380102 37.381535, 19.385451 37.386861, 19.387838 37.386602, 19.392144 37.383303, 19.392461 37.381333, 19.390301 37.378419, 19.393849 37.375631, 19.397842 37.376614, 19.397819 37.383156, 19.40164 37.383568, 19.409356 37.368478, 19.422481 37.366074, 19.428013 37.363103, 19.429951 37.359404, 19.434082 37.360449, 19.436312 37.359694, 19.439066 37.34972, 19.442251 37.34747, 19.448886 37.349259, 19.452061 37.346677, 19.456439 37.345993, 19.45726 37.343489, 19.455026 37.340104, 19.45659 37.338671, 19.461081 37.338025, 19.462694 37.33333, 19.468314 37.333056, 19.473108 37.330613, 19.476471 37.332177, 19.479523 37.331508, 19.480346 37.329003, 19.478421 37.32624, 19.480807 37.322641, 19.48562 37.322245, 19.489192 37.319865, 19.489983 37.314634, 19.496328 37.315735, 19.502803 37.31175, 19.506608 37.305656, 19.512096 37.304231, 19.512106 37.29928, 19.517051 37.299393, 19.519699 37.302755, 19.522859 37.302755, 19.524816 37.299367, 19.522687 37.293885, 19.525448 37.29159, 19.528585 37.293619, 19.528667 37.298378, 19.533138 37.298378, 19.533227 37.293624, 19.537342 37.290206, 19.53275 37.282895, 19.524129 37.280636, 19.519986 37.282811, 19.512982 37.281457, 19.508084 37.285197, 19.500188 37.287805, 19.495737 37.287087, 19.493512 37.284114, 19.490359 37.284114, 19.488773 37.28636, 19.489951 37.289639, 19.487588 37.292413, 19.475432 37.295186, 19.47507 37.300823, 19.470071 37.30085, 19.466695 37.298644, 19.464301 37.298901, 19.462716 37.301148, 19.464724 37.304567, 19.462944 37.307186, 19.457759 37.306521, 19.453345 37.309087, 19.449741 37.309396, 19.447789 37.312614, 19.442366 37.31654, 19.436597 37.317078, 19.434846 37.322476, 19.428683 37.319864, 19.426286 37.320123, 19.424704 37.322368, 19.42701 37.327711, 19.426263 37.329546, 19.420809 37.330556, 19.417349 37.328188, 19.414299 37.328855, 19.413428 37.332379, 19.410493 37.33491, 19.4099 37.339176, 19.406665 37.34181, 19.406502 37.346477, 19.401784 37.347106, 19.395157 37.352367, 19.39108 37.351962, 19.389162 37.353166, 19.38916 37.355756, 19.393224 37.357625, 19.394043 37.361341, 19.38806 37.362595, 19.38328 37.36057, 19.380739 37.357947, 19.38218 37.353326, 19.379441 37.35203, 19.377207 37.352787, 19.374669 37.359501, 19.382211 37.37013, 19.380191 37.373487, 19.376257 37.374467, 19.373697 37.377291, 19.36821 37.37756, 19.368201 37.381223), (19.418867 37.332706, 19.421098 37.334444, 19.419511 37.336649, 19.417341 37.336261, 19.416873 37.333576, 19.418867 37.332706))",46.9608,57.2118,37.33025,19.449561,"19.36820,37.28064,19.53734,37.38686",18.5589,4.1455,141.66,0.7113,0.9747,0.1803,0.7074,4.4769,EVT0003-OBS007,0.0,26.1434,-56.653,8,21.512,0.99,observed,True
EVT0003,EVT0003-OBS009,S1_EVT0003_09,2026-01-18T05:52:43Z,317.879,OBSERVED,"POLYGON ((19.461206 37.308034, 19.461227 37.30815, 19.461262 37.308265, 19.46131 37.308376, 19.461371 37.308483, 19.461444 37.308584, 19.461529 37.308679, 19.461625 37.308767, 19.461731 37.308847, 19.461846 37.308918, 19.461969 37.30898, 19.462099 37.309031, 19.462234 37.309072, 19.462373 37.309102, 19.462515 37.309121, 19.462659 37.309128, 19.462803 37.309124, 19.462946 37.309109, 19.463086 37.309082, 19.463222 37.309044, 19.463353 37.308996, 19.463478 37.308937, 19.464048 37.308638, 19.46421 37.308562, 19.464346 37.308512, 19.464488 37.308474, 19.464633 37.308448, 19.464782 37.308434, 19.464931 37.308432, 19.465079 37.308442, 19.465226 37.308465, 19.465369 37.3085, 19.465507 37.308546, 19.465638 37.308603, 19.465762 37.308671, 19.465877 37.308749, 19.466008 37.308858, 19.469006 37.311613, 19.469111 37.3117, 19.469226 37.311778, 19.469351 37.311846, 19.469483 37.311904, 19.469621 37.31195, 19.469765 37.311985, 19.469912 37.312007, 19.470061 37.312018, 19.475154 37.312158, 19.475311 37.312156, 19.475465 37.31214, 19.475617 37.312111, 19.475765 37.312069, 19.478974 37.310994, 19.479136 37.310947, 19.47927 37.310919, 19.479406 37.310902, 19.479544 37.310895, 19.479682 37.310899, 19.479819 37.310913, 19.479954 37.310937, 19.480085 37.310972, 19.480244 37.311028, 19.482917 37.312091, 19.483076 37.312162, 19.483196 37.31223, 19.483307 37.312306, 19.483409 37.312391, 19.4835 37.312484, 19.483579 37.312584, 19.483646 37.312689, 19.4837 37.3128, 19.483741 37.312914, 19.483768 37.313031, 19.48378 37.31315, 19.483779 37.313269, 19.483759 37.313417, 19.483047 37.317045, 19.483032 37.317159, 19.483029 37.317275, 19.48304 37.31739, 19.483065 37.317503, 19.483102 37.317615, 19.483152 37.317722, 19.483215 37.317826, 19.483289 37.317924, 19.483374 37.318016, 19.485222 37.319823, 19.485317 37.319908, 19.485422 37.319985, 19.485535 37.320053, 19.485656 37.320112, 19.485783 37.320162, 19.485915 37.320202, 19.486051 37.320231, 19.48619 37.320249, 19.48988 37.320593, 19.490018 37.3206, 19.490157 37.320597, 19.490295 37.320583, 19.490431 37.320559, 19.490563 37.320525, 19.490691 37.32048, 19.490813 37.320426, 19.49353 37.31908, 19.493693 37.319008, 19.493829 37.318961, 19.493971 37.318926, 19.494116 37.318903, 19.494264 37.318891, 19.494412 37.318892, 19.494559 37.318905, 19.494703 37.31893, 19.494845 37.318967, 19.49498 37.319015, 19.495142 37.319088, 19.499722 37.321426, 19.499876 37.321514, 19.499989 37.321593, 19.500092 37.321682, 19.500184 37.321779, 19.500263 37.321882, 19.500329 37.321992, 19.500381 37.322107, 19.500419 37.322225, 19.500442 37.322346, 19.50045 37.322468, 19.500443 37.322591, 19.500415 37.322742, 19.499801 37.325231, 19.499753 37.325383, 19.4997 37.325501, 19.499632 37.325614, 19.499551 37.32572, 19.499456 37.325819, 19.499349 37.325909, 19.499232 37.325989, 19.499073 37.326077, 19.496877 37.327161, 19.496757 37.327227, 19.496646 37.327301, 19.496544 37.327385, 19.496453 37.327476, 19.496373 37.327574, 19.496305 37.327678, 19.496249 37.327786, 19.496207 37.327899, 19.496178 37.328014, 19.496163 37.328132, 19.496162 37.32825, 19.496175 37.328367, 19.49627 37.32893, 19.496297 37.329046, 19.496337 37.329159, 19.496391 37.329269, 19.496458 37.329373, 19.496536 37.329472, 19.496626 37.329565, 19.496726 37.329649, 19.496837 37.329725, 19.496955 37.329793, 19.497081 37.32985, 19.498558 37.330448, 19.498695 37.330496, 19.498836 37.330533, 19.498982 37.330558, 19.49913 37.330571, 19.499278 37.330572, 19.499426 37.33056, 19.499572 37.330537, 19.499714 37.330501, 19.499852 37.330455, 19.503453 37.329046, 19.503625 37.328987, 19.503768 37.328952, 19.503914 37.328928, 19.504062 37.328917, 19.504211 37.328918, 19.504359 37.328931, 19.504505 37.328957, 19.504646 37.328994, 19.504783 37.329043, 19.504913 37.329102, 19.505035 37.329173, 19.505147 37.329252, 19.505275 37.329363, 19.506989 37.331009, 19.507088 37.331095, 19.507197 37.331173, 19.507315 37.331242, 19.50744 37.331301, 19.507572 37.33135, 19.507709 37.331388, 19.50785 37.331415, 19.512577 37.33212, 19.512747 37.332152, 19.512879 37.332188, 19.513007 37.332234, 19.513128 37.33229, 19.513243 37.332355, 19.51335 37.332428, 19.513448 37.332509, 19.513536 37.332598, 19.513632 37.332717, 19.515234 37.334894, 19.515315 37.334993, 19.515407 37.335085, 19.51551 37.335169, 19.515623 37.335244, 19.515744 37.33531, 19.515872 37.335366, 19.516007 37.335411, 19.516146 37.335445, 19.516289 37.335468, 19.527209 37.336771, 19.527392 37.336801, 19.527536 37.336837, 19.527674 37.336884, 19.527805 37.336943, 19.527929 37.337012, 19.528043 37.337092, 19.528147 37.33718, 19.52824 37.337277, 19.52832 37.33738, 19.528387 37.33749, 19.52844 37.337605, 19.528488 37.337753, 19.529267 37.340754, 19.529297 37.340907, 19.529306 37.341032, 19.529298 37.341156, 19.529276 37.341279, 19.529238 37.341399, 19.529172 37.341545, 19.528317 37.343168, 19.528268 37.343276, 19.528231 37.343387, 19.528207 37.3435, 19.528197 37.343615, 19.528199 37.343729, 19.528215 37.343844, 19.528245 37.343956, 19.528287 37.344066, 19.528341 37.344172, 19.528408 37.344273, 19.528559 37.344479, 19.528637 37.344575, 19.528725 37.344664, 19.528823 37.344745, 19.52893 37.344819, 19.529045 37.344884, 19.529168 37.34494, 19.529296 37.344986, 19.529428 37.345022, 19.529565 37.345048, 19.529704 37.345063, 19.529843 37.345067, 19.529896 37.345067, 19.530035 37.34506, 19.530173 37.345043, 19.530309 37.345015, 19.53044 37.344977, 19.530567 37.344929, 19.530687 37.344871, 19.530801 37.344804, 19.530906 37.344729, 19.531002 37.344646, 19.531088 37.344556, 19.531163 37.344459, 19.532638 37.34236, 19.532738 37.342233, 19.53283 37.342139, 19.532933 37.342052, 19.533045 37.341975, 19.533167 37.341907, 19.533329 37.341834, 19.538228 37.339894, 19.538401 37.339834, 19.538546 37.339797, 19.538694 37.339773, 19.538844 37.339762, 19.538995 37.339763, 19.539145 37.339777, 19.539292 37.339803, 19.539436 37.339841, 19.539573 37.339891, 19.539737 37.339968, 19.553416 37.347156, 19.553545 37.347217, 19.553681 37.347266, 19.553822 37.347304, 19.556914 37.348004, 19.55705 37.348029, 19.557189 37.348044, 19.557328 37.348048, 19.557467 37.348041, 19.557605 37.348023, 19.55774 37.347995, 19.560456 37.347316, 19.560624 37.347281, 19.560761 37.347263, 19.5609 37.347256, 19.561038 37.34726, 19.561176 37.347274, 19.561311 37.347299, 19.561443 37.347334, 19.561603 37.34739, 19.567627 37.349801, 19.567774 37.349867, 19.567885 37.349928, 19.567989 37.349997, 19.568085 37.350073, 19.568172 37.350156, 19.568269 37.350268, 19.571667 37.354575, 19.571751 37.35467, 19.571845 37.354758, 19.571949 37.354838, 19.572061 37.35491, 19.572182 37.354973, 19.57231 37.355025, 19.572443 37.355067, 19.572581 37.355099, 19.572721 37.35512, 19.572864 37.355129, 19.573006 37.355127, 19.573148 37.355114, 19.579966 37.354205, 19.580134 37.35419, 19.58027 37.354187, 19.580405 37.354194, 19.580572 37.354216, 19.58349 37.354713, 19.583629 37.354731, 19.583769 37.354738, 19.583909 37.354735, 19.584049 37.35472, 19.584186 37.354695, 19.584319 37.354659, 19.584448 37.354613, 19.58679 37.353664, 19.586964 37.353603, 19.587108 37.353566, 19.587256 37.35354, 19.587406 37.353528, 19.587558 37.353528, 19.587708 37.353541, 19.587856 37.353566, 19.588 37.353604, 19.588173 37.353666, 19.591348 37.354959, 19.591475 37.355005, 19.591606 37.355041, 19.591741 37.355066, 19.591878 37.355082, 19.592016 37.355086, 19.592155 37.35508, 19.592292 37.355064, 19.592426 37.355037, 19.592557 37.354999, 19.597606 37.353345, 19.59778 37.353296, 19.597923 37.353268, 19.598069 37.353252, 19.598216 37.353249, 19.598363 37.353257, 19.598508 37.353277, 19.59865 37.353309, 19.598788 37.353352, 19.598919 37.353406, 19.599044 37.35347, 19.599159 37.353545, 19.599292 37.353649, 19.603145 37.356994, 19.603244 37.357073, 19.603352 37.357143, 19.603467 37.357205, 19.603589 37.357258, 19.603716 37.357302, 19.603848 37.357335, 19.603983 37.357359, 19.60412 37.357372, 19.604258 37.357374, 19.61285 37.357203, 19.61304 37.357208, 19.613191 37.357224, 19.613339 37.357253, 19.613483 37.357294, 19.61362 37.357347, 19.613751 37.357411, 19.613903 37.357505, 19.617479 37.359955, 19.617589 37.360024, 19.617706 37.360084, 19.61783 37.360134, 19.617959 37.360175, 19.618093 37.360206, 19.618229 37.360227, 19.618367 37.360237, 19.618505 37.360236, 19.618643 37.360225, 19.618779 37.360203, 19.623538 37.359254, 19.623681 37.359219, 19.623819 37.359172, 19.623951 37.359115, 19.624075 37.359046, 19.624189 37.358968, 19.624294 37.358881, 19.624388 37.358786, 19.626336 37.356577, 19.626446 37.356464, 19.626544 37.356381, 19.626651 37.356306, 19.626767 37.356239, 19.62689 37.356182, 19.627018 37.356135, 19.627152 37.356098, 19.627289 37.356072, 19.627429 37.356057, 19.62757 37.356052, 19.627711 37.356059, 19.627885 37.356081, 19.631453 37.356672, 19.631605 37.356691, 19.631757 37.356696, 19.63191 37.356689, 19.63206 37.356669, 19.632208 37.356636, 19.63235 37.356591, 19.632486 37.356534, 19.635682 37.355025, 19.635809 37.354958, 19.635928 37.35488, 19.636035 37.354793, 19.636132 37.354697, 19.636216 37.354593, 19.636286 37.354484, 19.636343 37.354368, 19.636385 37.354249, 19.636411 37.354127, 19.636423 37.354003, 19.636418 37.353879, 19.636208 37.351707, 19.636203 37.351554, 19.636214 37.351432, 19.63624 37.351311, 19.63628 37.351194, 19.636335 37.35108, 19.636421 37.350944, 19.637921 37.348834, 19.637986 37.348733, 19.638039 37.348626, 19.638079 37.348516, 19.638106 37.348404, 19.638121 37.34829, 19.638122 37.348175, 19.638109 37.348061, 19.638084 37.347948, 19.638046 37.347838, 19.637995 37.347731, 19.637932 37.347628, 19.637606 37.347154, 19.637527 37.347052, 19.637436 37.346956, 19.637333 37.346868, 19.637221 37.34679, 19.637099 37.34672, 19.63697 37.346662, 19.636834 37.346613, 19.633719 37.345661, 19.633584 37.345626, 19.633445 37.345601, 19.633303 37.345588, 19.633161 37.345585, 19.633019 37.345594, 19.632879 37.345614, 19.632742 37.345645, 19.632609 37.345686, 19.628944 37.346997, 19.628769 37.347051, 19.628624 37.347083, 19.628477 37.347102, 19.628327 37.347109, 19.628178 37.347104, 19.62803 37.347086, 19.627885 37.347056, 19.627744 37.347015, 19.62761 37.346962, 19.627482 37.346898, 19.627363 37.346824, 19.627254 37.34674, 19.627155 37.346648, 19.627047 37.346523, 19.625619 37.344682, 19.625534 37.344583, 19.625438 37.344493, 19.625331 37.34441, 19.625214 37.344336, 19.62509 37.344273, 19.624958 37.344219, 19.624821 37.344177, 19.624679 37.344146, 19.621005 37.343503, 19.620825 37.343463, 19.620686 37.34342, 19.620552 37.343366, 19.620426 37.3433, 19.620309 37.343225, 19.620201 37.34314, 19.620081 37.343024, 19.617818 37.340606, 19.617728 37.340519, 19.617629 37.340439, 19.617522 37.340368, 19.617406 37.340305, 19.617284 37.340251, 19.617156 37.340206, 19.617024 37.340172, 19.616889 37.340148, 19.616751 37.340134, 19.612327 37.339869, 19.612145 37.33985, 19.612001 37.339824, 19.611862 37.339786, 19.611728 37.339736, 19.611601 37.339677, 19.611481 37.339607, 19.611343 37.339508, 19.609223 37.337829, 19.609112 37.33775, 19.608993 37.33768, 19.608866 37.33762, 19.608732 37.337571, 19.608593 37.337533, 19.60845 37.337507, 19.608304 37.337492, 19.608158 37.337489, 19.608011 37.337498, 19.607867 37.337518, 19.604523 37.338139, 19.604337 37.338165, 19.604186 37.338174, 19.604035 37.33817, 19.603885 37.338153, 19.603738 37.338124, 19.603596 37.338083, 19.603459 37.33803, 19.60333 37.337966, 19.603209 37.337891, 19.603071 37.337786, 19.600812 37.33588, 19.6007 37.335795, 19.600578 37.335719, 19.600447 37.335655, 19.600309 37.335602, 19.600164 37.335561, 19.600016 37.335532, 19.599864 37.335516, 19.599711 37.335512, 19.599559 37.335522, 19.595334 37.335971, 19.595164 37.335983, 19.595027 37.335981, 19.594892 37.33597, 19.594724 37.335943, 19.588073 37.33461, 19.587923 37.334575, 19.587807 37.334538, 19.587666 37.334482, 19.581208 37.331639, 19.58108 37.331589, 19.580947 37.331549, 19.58081 37.33152, 19.58067 37.331502, 19.580529 37.331494, 19.580387 37.331498, 19.580247 37.331513, 19.580109 37.331539, 19.571861 37.333424, 19.57169 37.333456, 19.571551 37.333471, 19.571411 37.333475, 19.571272 37.333468, 19.571134 37.333451, 19.570998 37.333422, 19.570866 37.333384, 19.57074 37.333335, 19.570619 37.333277, 19.570477 37.333193, 19.566383 37.330513, 19.566243 37.330411, 19.566141 37.330321, 19.566052 37.330222, 19.565974 37.330117, 19.565911 37.330006, 19.565861 37.329891, 19.565825 37.329771, 19.565805 37.32965, 19.565799 37.329497, 19.565846 37.326978, 19.565842 37.326864, 19.565824 37.32675, 19.565793 37.326638, 19.56575 37.326529, 19.565694 37.326424, 19.565627 37.326323, 19.565548 37.326229, 19.565094 37.325736, 19.564991 37.325636, 19.564875 37.325546, 19.564749 37.325466, 19.564613 37.325398, 19.564469 37.325343, 19.560553 37.324041, 19.560411 37.324001, 19.560265 37.323973, 19.560116 37.323956, 19.559966 37.323953, 19.559816 37.323961, 19.559669 37.323982, 19.559524 37.324016, 19.559384 37.324061, 19.559251 37.324117, 19.559125 37.324184, 19.559009 37.324262, 19.555922 37.326525, 19.555786 37.326616, 19.555668 37.32668, 19.555544 37.326735, 19.555414 37.326779, 19.55528 37.326814, 19.555142 37.326837, 19.554967 37.326853, 19.551805 37.327017, 19.551627 37.327019, 19.551485 37.32701, 19.551345 37.326989, 19.551208 37.326957, 19.551075 37.326915, 19.550948 37.326863, 19.550827 37.3268, 19.550715 37.326729, 19.550585 37.326629, 19.547634 37.324118, 19.547524 37.324033, 19.547403 37.323958, 19.547274 37.323893, 19.547137 37.32384, 19.546994 37.323798, 19.546847 37.323768, 19.538296 37.322423, 19.538113 37.322386, 19.537972 37.322344, 19.537836 37.322292, 19.537707 37.322228, 19.537587 37.322153, 19.537477 37.322069, 19.537378 37.321977, 19.537291 37.321876, 19.537198 37.321742, 19.534673 37.317622, 19.534603 37.31752, 19.53452 37.317423, 19.534426 37.317333, 19.534323 37.317252, 19.534209 37.317179, 19.534088 37.317115, 19.53396 37.317061, 19.533826 37.317018, 19.533688 37.316986, 19.528148 37.315923, 19.52801 37.315902, 19.52787 37.315892, 19.527729 37.315893, 19.527589 37.315904, 19.523634 37.316394, 19.52345 37.316409, 19.523303 37.316409, 19.523156 37.316397, 19.523012 37.316374, 19.522871 37.316338, 19.522735 37.316291, 19.522605 37.316233, 19.522483 37.316165, 19.522342 37.316068, 19.51701 37.312015, 19.516896 37.311936, 19.516772 37.311867, 19.51664 37.311809, 19.516502 37.311762, 19.516359 37.311727, 19.516212 37.311703, 19.516064 37.311692, 19.515914 37.311693, 19.515765 37.311707, 19.515619 37.311732, 19.515477 37.31177, 19.51534 37.311819, 19.511891 37.313235, 19.511715 37.313298, 19.51157 37.313336, 19.51142 37.313362, 19.511268 37.313374, 19.511115 37.313374, 19.510963 37.313361, 19.510776 37.313329, 19.503931 37.311836, 19.503761 37.311792, 19.503629 37.311746, 19.503504 37.31169, 19.503386 37.311624, 19.503276 37.311549, 19.503176 37.311465, 19.503086 37.311375, 19.503007 37.311277, 19.50294 37.311174, 19.502871 37.311038, 19.502385 37.309927, 19.502332 37.309784, 19.502304 37.309666, 19.50229 37.309546, 19.50229 37.309427, 19.502305 37.309307, 19.502334 37.30919, 19.502377 37.309075, 19.502434 37.308965, 19.502504 37.308859, 19.502587 37.30876, 19.50268 37.308668, 19.502785 37.308584, 19.502928 37.30849, 19.505648 37.306876, 19.505761 37.306802, 19.505864 37.306719, 19.505957 37.306629, 19.506039 37.306532, 19.506108 37.306429, 19.506166 37.30632, 19.50621 37.306208, 19.50624 37.306093, 19.506257 37.305975, 19.50626 37.305857, 19.506248 37.30574, 19.50616 37.305176, 19.506136 37.305063, 19.506099 37.304953, 19.506049 37.304846, 19.505988 37.304744, 19.505915 37.304647, 19.505831 37.304555, 19.505737 37.304471, 19.505634 37.304394, 19.505522 37.304326, 19.505404 37.304266, 19.505278 37.304216, 19.503786 37.303689, 19.503655 37.303648, 19.50352 37.303618, 19.503383 37.303599, 19.503244 37.30359, 19.503104 37.303592, 19.502965 37.303605, 19.502828 37.303628, 19.502695 37.303662, 19.498816 37.304814, 19.498639 37.304858, 19.498494 37.304882, 19.498347 37.304894, 19.498199 37.304894, 19.498052 37.304881, 19.497907 37.304857, 19.497766 37.304821, 19.49763 37.304774, 19.497501 37.304715, 19.497379 37.304647, 19.497266 37.304569, 19.497163 37.304482, 19.497049 37.304363, 19.494929 37.301925, 19.494828 37.301794, 19.49476 37.301683, 19.494706 37.301568, 19.494667 37.301448, 19.494643 37.301326, 19.494635 37.301202, 19.494644 37.301048, 19.494986 37.298156, 19.494993 37.298042, 19.494987 37.297928, 19.494968 37.297815, 19.494936 37.297704, 19.494891 37.297596, 19.494835 37.297492, 19.494766 37.297393, 19.494687 37.2973, 19.491828 37.294253, 19.491737 37.294165, 19.491636 37.294084, 19.491526 37.294012, 19.491408 37.293948, 19.491283 37.293894, 19.491153 37.29385, 19.491018 37.293817, 19.49088 37.293794, 19.490739 37.293782, 19.490598 37.29378, 19.490458 37.29379, 19.490319 37.293811, 19.490207 37.293832, 19.490073 37.293864, 19.489942 37.293905, 19.489817 37.293956, 19.489699 37.294017, 19.489588 37.294087, 19.489485 37.294164, 19.489392 37.29425, 19.489309 37.294342, 19.489238 37.29444, 19.489177 37.294544, 19.488167 37.296512, 19.48809 37.296643, 19.488017 37.296743, 19.487932 37.296837, 19.487836 37.296924, 19.487731 37.297002, 19.487617 37.297072, 19.487495 37.297133, 19.487366 37.297184, 19.487233 37.297224, 19.487095 37.297254, 19.486954 37.297272, 19.486776 37.297282, 19.484878 37.297306, 19.484687 37.2973, 19.484535 37.297283, 19.484387 37.297253, 19.484243 37.29721, 19.484106 37.297156, 19.483975 37.29709, 19.483854 37.297014, 19.483744 37.296927, 19.483619 37.296808, 19.481144 37.294169, 19.481036 37.294041, 19.480944 37.293903, 19.480915 37.293855, 19.480838 37.293752, 19.480748 37.293655, 19.480647 37.293566, 19.480536 37.293486, 19.480416 37.293415, 19.480287 37.293355, 19.480152 37.293305, 19.480011 37.293267, 19.479866 37.29324, 19.479719 37.293226, 19.479571 37.293223, 19.479423 37.293233, 19.479277 37.293255, 19.479135 37.293288, 19.478997 37.293333, 19.478866 37.29339, 19.478742 37.293456, 19.478627 37.293533, 19.478521 37.293618, 19.478427 37.293712, 19.478345 37.293813, 19.478302 37.293879, 19.478215 37.293999, 19.478132 37.294092, 19.478039 37.294179, 19.477937 37.294257, 19.477826 37.294327, 19.477707 37.294389, 19.477581 37.294441, 19.477451 37.294482, 19.477282 37.294522, 19.470276 37.295863, 19.470105 37.295888, 19.469966 37.295898, 19.469827 37.295898, 19.469688 37.295886, 19.469552 37.295864, 19.469418 37.295832, 19.469289 37.295789, 19.469165 37.295737, 19.469048 37.295675, 19.468939 37.295605, 19.468838 37.295527, 19.468723 37.295419, 19.466766 37.293397, 19.466664 37.293281, 19.466594 37.293182, 19.466535 37.293078, 19.466489 37.29297, 19.466455 37.292859, 19.466434 37.292746, 19.466426 37.292632, 19.466431 37.292517, 19.46645 37.292404, 19.466482 37.292292, 19.466537 37.292157, 19.467934 37.289199, 19.46798 37.289085, 19.468012 37.288968, 19.46803 37.28885, 19.468034 37.28873, 19.468023 37.288611, 19.467998 37.288493, 19.467958 37.288378, 19.467905 37.288266, 19.467839 37.288159, 19.467761 37.288059, 19.464751 37.284589, 19.464657 37.284492, 19.464553 37.284404, 19.464438 37.284325, 19.464314 37.284256, 19.464182 37.284197, 19.464044 37.28415, 19.4639 37.284114, 19.463753 37.284091, 19.463603 37.28408, 19.463453 37.284081, 19.463304 37.284095, 19.462441 37.284211, 19.462295 37.284237, 19.462154 37.284274, 19.462018 37.284323, 19.461888 37.284383, 19.461767 37.284454, 19.461654 37.284534, 19.461552 37.284622, 19.461462 37.284719, 19.461384 37.284823, 19.461319 37.284933, 19.461267 37.285047, 19.46123 37.285165, 19.461208 37.285286, 19.4612 37.285407, 19.461199 37.307916, 19.461206 37.308034))",35.0628,46.8381,37.329846,19.544796,"19.46120,37.28408,19.63812,37.36024",17.7232,3.8,23.853,0.6681,0.9767,0.2008,0.8239,4.664,EVT0003-OBS008,0.0811,8.6844,-25.336,9,20.626,0.772,observed,True
EVT0003,EVT0003-OBS010,,2026-01-18T23:52:43Z,335.879,PREDICTED,"POLYGON ((19.713411 37.35822, 19.712232 37.355589, 19.709609 37.352511, 19.705589 37.349039, 19.700239 37.345233, 19.693652 37.341157, 19.68594 37.336882, 19.677235 37.332481, 19.667686 37.328028, 19.657457 37.3236, 19.646721 37.319274, 19.635664 37.315122, 19.624474 37.311216, 19.613343 37.307623, 19.602461 37.304404, 19.592015 37.301614, 19.582182 37.299301, 19.573132 37.297505, 19.565019 37.296257, 19.557982 37.295576, 19.552142 37.295477, 19.547597 37.295959, 19.544427 37.297015, 19.542686 37.298627, 19.542402 37.300767, 19.543582 37.303398, 19.546204 37.306476, 19.550224 37.309948, 19.555574 37.313755, 19.562161 37.31783, 19.569873 37.322105, 19.578578 37.326507, 19.588127 37.330959, 19.598357 37.335387, 19.609092 37.339714, 19.620149 37.343865, 19.631339 37.347771, 19.64247 37.351365, 19.653352 37.354584, 19.663799 37.357373, 19.673631 37.359686, 19.682682 37.361482, 19.690794 37.362731, 19.697831 37.363411, 19.703672 37.363511, 19.708216 37.363028, 19.711386 37.361972, 19.713128 37.36036, 19.713411 37.35822))",46.5617,35.7608,37.329494,19.627907,"19.54240,37.29548,19.71341,37.36351",16.9922,3.4982,23.08,1.0,0.9786,0.4575,1.0,4.8574,EVT0003-OBS009,0.0062,7.5788,32.795,9,18.0,0.0,synthetic,False
EVT0003,EVT0003-OBS011,,2026-01-19T17:52:43Z,353.879,PREDICTED,"POLYGON ((19.792808 37.356716, 19.791636 37.354277, 19.789085 37.351408, 19.785198 37.348158, 19.780042 37.344583, 19.773704 37.340744, 19.766294 37.336706, 19.757939 37.332538, 19.74878 37.328313, 19.738975 37.324101, 19.728692 37.319976, 19.718107 37.316008, 19.7074 37.312264, 19.696755 37.308809, 19.686354 37.305702, 19.676375 37.302996, 19.666989 37.300738, 19.658357 37.298965, 19.650625 37.297709, 19.643926 37.29699, 19.638376 37.296822, 19.634068 37.297207, 19.631078 37.298138, 19.629454 37.299599, 19.629227 37.301566, 19.630399 37.304005, 19.63295 37.306874, 19.636837 37.310124, 19.641994 37.313699, 19.648331 37.317539, 19.655741 37.321577, 19.664097 37.325744, 19.673255 37.32997, 19.68306 37.334181, 19.693343 37.338306, 19.703928 37.342274, 19.714635 37.346018, 19.72528 37.349473, 19.735681 37.35258, 19.74566 37.355286, 19.755046 37.357544, 19.763679 37.359317, 19.77141 37.360573, 19.778109 37.361292, 19.783659 37.36146, 19.787967 37.361075, 19.790958 37.360144, 19.792581 37.358683, 19.792808 37.356716))",40.7233,34.1017,37.329141,19.711018,"19.62923,37.29682,19.79281,37.36146",16.263,3.1968,23.115,1.0,0.9805,0.44,1.0,5.0872,EVT0003-OBS010,0.0,7.5788,-12.539,9,18.0,0.0,synthetic,False
EVT0004,EVT0004-OBS000,S1_EVT0004_00,2026-01-06T14:03:35Z,38.06,OBSERVED,"POLYGON ((21.850229 37.555229, 21.8491 37.559032, 21.851815 37.562876, 21.859386 37.566773, 21.867588 37.567916, 21.8683 37.571876, 21.870271 37.573114, 21.876609 37.573017, 21.879717 37.570591, 21.884381 37.570636, 21.886585 37.567858, 21.893808 37.564927, 21.895361 37.562409, 21.900065 37.562779, 21.902353 37.560901, 21.902026 37.55889, 21.898653 37.556796, 21.897784 37.550764, 21.893024 37.547166, 21.89738 37.535782, 21.894981 37.533217, 21.891861 37.5339, 21.889941 37.536391, 21.883973 37.536538, 21.880104 37.535399, 21.877061 37.531923, 21.871381 37.534442, 21.86529 37.531603, 21.862488 37.532928, 21.861302 37.536904, 21.853858 37.537526, 21.85048 37.535309, 21.848023 37.535571, 21.846402 37.537864, 21.847347 37.53974, 21.852528 37.540165, 21.853557 37.541264, 21.848405 37.552273, 21.850229 37.555229))",15.896,18.4121,37.551823,21.873967,"21.84640,37.53160,21.90235,37.57311",4.7647,4.7166,170.648,0.8506,0.1417,0.5892,0.8712,1.0102,,,,,1,,0.99,observed,True
EVT0004,EVT0004-OBS001,S1_EVT0004_01,2026-01-07T11:51:13Z,59.854,OBSERVED,"POLYGON ((21.886465 37.516724, 21.891379 37.515893, 21.895532 37.519698, 21.904094 37.521076, 21.905719 37.523379, 21.90441 37.526371, 21.905457 37.528515, 21.912491 37.529088, 21.919498 37.531902, 21.920113 37.536833, 21.922739 37.538934, 21.926807 37.538004, 21.93463 37.539595, 21.941149 37.538884, 21.94695 37.541942, 21.951754 37.538703, 21.960356 37.542053, 21.969499 37.540572, 21.971659 37.544554, 21.977917 37.545986, 21.980243 37.544529, 21.982252 37.538119, 21.985966 37.53715, 21.988764 37.533042, 21.992711 37.532444, 21.994439 37.530569, 21.994027 37.528272, 21.990933 37.526803, 21.979736 37.52922, 21.977346 37.523312, 21.978486 37.519579, 21.975933 37.517438, 21.9669 37.519397, 21.966105 37.515389, 21.962923 37.513891, 21.957733 37.517323, 21.95482 37.514075, 21.946783 37.511566, 21.943559 37.509128, 21.937432 37.510853, 21.926401 37.511114, 21.923172 37.507911, 21.914619 37.505049, 21.90806 37.505326, 21.904425 37.502111, 21.90166 37.502426, 21.899044 37.504851, 21.898135 37.508941, 21.889055 37.508486, 21.884343 37.511536, 21.880578 37.509404, 21.876991 37.510216, 21.875939 37.51233, 21.877057 37.514497, 21.879628 37.515356, 21.883121 37.514566, 21.886465 37.516724))",24.0843,28.8568,37.524115,21.938802,"21.87594,37.50211,21.99444,37.54599",10.99,3.6472,12.348,0.7984,0.9433,0.3635,0.8521,3.0132,EVT0004-OBS000,0.0,6.6684,51.512,2,21.794,0.99,observed,True
EVT0004,EVT0004-OBS002,S1_EVT0004_02,2026-01-08T06:44:48Z,78.747,OBSERVED,"POLYGON ((22.102745 37.610084, 22.106692 37.610899, 22.106707 37.609202, 22.109693 37.608464, 22.110711 37.610769, 22.106894 37.611649, 22.106894 37.615262, 22.112211 37.617662, 22.113529 37.620853, 22.117398 37.622168, 22.117771 37.626257, 22.121879 37.629023, 22.124801 37.629006, 22.126602 37.625236, 22.128883 37.623894, 22.130843 37.624476, 22.133887 37.628256, 22.129701 37.631777, 22.130968 37.634361, 22.134394 37.634006, 22.136458 37.630523, 22.145203 37.630267, 22.146395 37.632768, 22.144784 37.635046, 22.145058 37.638483, 22.149471 37.640917, 22.151424 37.644527, 22.154852 37.645503, 22.158966 37.644003, 22.162399 37.64517, 22.163661 37.649418, 22.165418 37.65052, 22.171067 37.650185, 22.175757 37.647806, 22.17722 37.652938, 22.182025 37.653504, 22.18477 37.655325, 22.190582 37.653682, 22.193323 37.655107, 22.197881 37.6631, 22.203169 37.661615, 22.206395 37.662421, 22.205665 37.66678, 22.207673 37.668452, 22.214419 37.664672, 22.219185 37.666493, 22.222076 37.669286, 22.225512 37.668923, 22.229366 37.670718, 22.231848 37.669556, 22.233242 37.662483, 22.230541 37.658619, 22.231965 37.655185, 22.227764 37.652364, 22.226838 37.65458, 22.223629 37.654419, 22.224037 37.651593, 22.227963 37.65202, 22.229112 37.648426, 22.2265 37.645906, 22.226079 37.643013, 22.220823 37.641714, 22.214249 37.636762, 22.208744 37.636778, 22.204505 37.633659, 22.204005 37.627413, 22.201549 37.625959, 22.197611 37.625889, 22.196488 37.620963, 22.191301 37.619802, 22.190956 37.615508, 22.188495 37.612743, 22.18864 37.60987, 22.191641 37.607304, 22.190423 37.604815, 22.186986 37.605099, 22.185105 37.609157, 22.182872 37.609736, 22.174626 37.605939, 22.173321 37.602867, 22.169768 37.601478, 22.167888 37.597674, 22.165158 37.597707, 22.160627 37.602066, 22.156013 37.598202, 22.154121 37.594481, 22.151118 37.594425, 22.148315 37.596796, 22.145921 37.596799, 22.144979 37.59446, 22.147282 37.591191, 22.145304 37.588173, 22.146432 37.585352, 22.144977 37.583295, 22.141171 37.584124, 22.140539 37.588654, 22.136152 37.588582, 22.129491 37.591426, 22.126466 37.587797, 22.117745 37.587279, 22.113493 37.583809, 22.112725 37.580094, 22.110688 37.579419, 22.107251 37.580532, 22.110772 37.584872, 22.11027 37.588418, 22.108312 37.589141, 22.103785 37.587269, 22.102268 37.581801, 22.10571 37.579959, 22.102948 37.576915, 22.10077 37.577108, 22.099475 37.578558, 22.100455 37.582923, 22.099032 37.584148, 22.099032 37.60752, 22.102745 37.610084), (22.217359 37.652517, 22.217875 37.654758, 22.216651 37.65604, 22.21295 37.656326, 22.21168 37.654501, 22.214633 37.651747, 22.217359 37.652517), (22.165365 37.641429, 22.167245 37.640771, 22.170043 37.644585, 22.168435 37.646055, 22.164613 37.644238, 22.165365 37.641429))",50.8796,54.1324,37.623896,22.16271,"22.09903,37.57691,22.23324,37.67072",15.5201,5.607,30.031,0.7761,0.9325,0.2182,0.6495,2.768,EVT0004-OBS001,0.0,23.2436,111.256,3,18.893,0.99,observed,True
EVT0004,EVT0004-OBS003,S1_EVT0004_03,2026-01-09T04:04:08Z,100.069,OBSERVED,"POLYGON ((22.305882 38.025754, 22.308906 38.027409, 22.30904 38.031058, 22.316483 38.03572, 22.321073 38.034582, 22.325728 38.037292, 22.328306 38.042473, 22.335282 38.044166, 22.340436 38.049011, 22.34641 38.047086, 22.348511 38.050156, 22.355055 38.054085, 22.361312 38.050408, 22.367735 38.052342, 22.371099 38.055706, 22.378418 38.056489, 22.381546 38.060757, 22.386208 38.059544, 22.386088 38.036618, 22.374308 38.036389, 22.37222 38.032632, 22.368942 38.031531, 22.366311 38.028526, 22.363425 38.028537, 22.359805 38.031327, 22.356067 38.028491, 22.35235 38.029016, 22.34416 38.026086, 22.340888 38.026114, 22.33888 38.023531, 22.335197 38.02206, 22.332366 38.022702, 22.330779 38.026206, 22.32674 38.027071, 22.323573 38.025034, 22.322298 38.021892, 22.319311 38.0206, 22.319404 38.017046, 22.317331 38.015364, 22.309969 38.016729, 22.306785 38.019863, 22.303002 38.016287, 22.300263 38.016274, 22.298934 38.018978, 22.303582 38.021153, 22.305882 38.025754))",16.4505,23.9814,38.037556,22.348664,"22.29893,38.01536,22.38621,38.06076",8.9694,3.0235,18.162,0.7885,0.9415,0.3595,0.863,2.9666,EVT0004-OBS002,0.0,49.0715,-67.668,4,21.322,0.99,observed,True
EVT0004,EVT0004-OBS004,,2026-01-09T22:04:08Z,118.069,PREDICTED,"POLYGON ((22.523599 38.39107, 22.523327 38.390485, 22.522752 38.389838, 22.521884 38.389137, 22.520738 38.388396, 22.519334 38.387627, 22.517696 38.386844, 22.515852 38.386059, 22.513833 38.385286, 22.511674 38.384538, 22.509412 38.383829, 22.507085 38.38317, 22.504734 38.382572, 22.502398 38.382046, 22.500118 38.381601, 22.497933 38.381244, 22.495879 38.380981, 22.493993 38.380818, 22.492306 38.380756, 22.490847 38.380797, 22.489641 38.38094, 22.48871 38.381183, 22.488068 38.381522, 22.487726 38.38195, 22.487692 38.38246, 22.487964 38.383044, 22.488539 38.383692, 22.489407 38.384393, 22.490553 38.385134, 22.491957 38.385902, 22.493595 38.386686, 22.495439 38.387471, 22.497458 38.388244, 22.499617 38.388992, 22.501879 38.389701, 22.504206 38.39036, 22.506557 38.390958, 22.508893 38.391484, 22.511173 38.391929, 22.513358 38.392286, 22.515412 38.392549, 22.517298 38.392712, 22.518985 38.392774, 22.520444 38.392733, 22.52165 38.392589, 22.522581 38.392347, 22.523223 38.392008, 22.523565 38.39158, 22.523599 38.39107))",2.2692,7.3548,38.386765,22.505646,"22.48769,38.38076,22.52360,38.39277",3.4389,0.8423,17.242,1.0,0.9695,0.5271,1.0,4.0826,EVT0004-OBS003,0.0,41.4258,-86.206,4,18.0,0.0,synthetic,False
EVT0004,EVT0004-OBS005,,2026-01-10T16:04:08Z,136.069,PREDICTED,"POLYGON ((22.666358 38.736758, 22.666342 38.736539, 22.666262 38.736311, 22.666119 38.736077, 22.665917 38.735841, 22.665659 38.735607, 22.665349 38.735379, 22.664992 38.735162, 22.664595 38.734958, 22.664164 38.734772, 22.663707 38.734607, 22.663231 38.734465, 22.662745 38.734348, 22.662257 38.73426, 22.661775 38.734201, 22.661308 38.734172, 22.660863 38.734174, 22.660449 38.734207, 22.660072 38.73427, 22.659738 38.734362, 22.659454 38.734482, 22.659225 38.734627, 22.659053 38.734795, 22.658943 38.734984, 22.658895 38.735189, 22.658912 38.735408, 22.658992 38.735637, 22.659134 38.735871, 22.659336 38.736107, 22.659595 38.736341, 22.659905 38.736568, 22.660261 38.736785, 22.660659 38.736989, 22.66109 38.737175, 22.661547 38.73734, 22.662023 38.737483, 22.662509 38.737599, 22.662997 38.737687, 22.663478 38.737747, 22.663946 38.737775, 22.66439 38.737773, 22.664805 38.737741, 22.665182 38.737678, 22.665515 38.737585, 22.665799 38.737466, 22.666029 38.73732, 22.6662 38.737152, 22.666311 38.736964, 22.666358 38.736758))",0.1958,1.7115,38.735974,22.662627,"22.65890,38.73417,22.66636,38.73778",0.7067,0.3534,20.039,1.0,0.866,0.84,1.0,2.0,EVT0004-OBS004,0.0,41.4258,-91.372,4,18.0,0.0,synthetic,False
EVT0005,EVT0005-OBS000,S1_EVT0005_01,2026-01-13T05:26:45Z,197.446,OBSERVED,"POLYGON ((19.711975 37.151154, 19.715645 37.15363, 19.713221 37.157317, 19.714884 37.172394, 19.710737 37.176171, 19.715475 37.180001, 19.714004 37.183092, 19.715735 37.188049, 19.711926 37.194119, 19.7134 37.195692, 19.717545 37.196138, 19.719668 37.199192, 19.715984 37.206024, 19.720255 37.209463, 19.721284 37.2141, 19.716935 37.217941, 19.716866 37.221433, 19.72268 37.22608, 19.723937 37.229126, 19.728062 37.230759, 19.725895 37.234155, 19.727774 37.237869, 19.726256 37.241718, 19.728381 37.243951, 19.729548 37.24922, 19.734233 37.252399, 19.7662 37.252397, 19.766872 37.250373, 19.765407 37.248804, 19.760241 37.247223, 19.756622 37.244047, 19.754985 37.237573, 19.750601 37.233317, 19.750599 37.226089, 19.75391 37.223657, 19.754736 37.219151, 19.752001 37.217857, 19.749562 37.21835, 19.748079 37.220405, 19.745455 37.219272, 19.750355 37.211047, 19.748776 37.208802, 19.744491 37.208723, 19.743418 37.20758, 19.747208 37.202161, 19.748178 37.197262, 19.743545 37.193001, 19.738474 37.192321, 19.737217 37.191063, 19.738449 37.187432, 19.740247 37.186896, 19.744777 37.188446, 19.747112 37.185956, 19.745536 37.183717, 19.741499 37.182911, 19.740126 37.180071, 19.741531 37.175137, 19.739507 37.169548, 19.742505 37.166671, 19.743337 37.161169, 19.741105 37.159341, 19.737168 37.160031, 19.735621 37.159074, 19.738642 37.151917, 19.733545 37.148006, 19.736734 37.142991, 19.736398 37.138057, 19.741642 37.135301, 19.741206 37.12956, 19.738969 37.127727, 19.735506 37.128367, 19.734531 37.129787, 19.736031 37.132863, 19.73463 37.134651, 19.730842 37.131911, 19.734619 37.122114, 19.738809 37.11934, 19.737694 37.113355, 19.740402 37.112027, 19.745479 37.114388, 19.747824 37.111892, 19.744917 37.106936, 19.74103 37.104432, 19.743396 37.099965, 19.743136 37.097002, 19.746193 37.093576, 19.743166 37.089762, 19.744102 37.08595, 19.742042 37.083097, 19.745513 37.073644, 19.750344 37.070834, 19.749635 37.06848, 19.724726 37.068479, 19.727045 37.069847, 19.727577 37.073403, 19.724174 37.075091, 19.720008 37.07174, 19.716963 37.073651, 19.718434 37.076562, 19.721408 37.076892, 19.724204 37.075229, 19.72576 37.077093, 19.718341 37.083672, 19.718026 37.085642, 19.719976 37.088048, 19.719211 37.089678, 19.713878 37.092083, 19.717898 37.097588, 19.718109 37.103816, 19.711604 37.112072, 19.713933 37.116437, 19.711303 37.11956, 19.710505 37.124879, 19.712081 37.127114, 19.7165 37.12715, 19.71912 37.129686, 19.716235 37.134412, 19.711384 37.135617, 19.710531 37.139943, 19.706937 37.141767, 19.706944 37.144348, 19.711943 37.146823, 19.711975 37.151154), (19.720102 37.139808, 19.723028 37.140118, 19.722759 37.143065, 19.719842 37.142862, 19.720102 37.139808))",50.0703,64.0193,37.164106,19.731289,"19.70694,37.06848,19.76687,37.25240",20.7002,4.5618,85.688,0.5987,0.9754,0.1535,0.7351,4.5378,,,,,1,,0.873,observed,True
EVT0005,EVT0005-OBS001,S1_EVT0005_02,2026-01-13T20:00:25Z,212.007,OBSERVED,"POLYGON ((19.682569 37.407052, 19.691694 37.405445, 19.696086 37.408405, 19.695183 37.411664, 19.696375 37.417509, 19.693617 37.421061, 19.698442 37.42424, 19.69883 37.429251, 19.696255 37.433248, 19.698843 37.434781, 19.703639 37.4331, 19.707689 37.436545, 19.709902 37.435587, 19.713169 37.436501, 19.715132 37.440668, 19.721637 37.438641, 19.725531 37.442773, 19.729545 37.442146, 19.731311 37.439108, 19.733783 37.440588, 19.731801 37.443014, 19.733267 37.44535, 19.738962 37.444682, 19.747727 37.446107, 19.751053 37.442048, 19.758166 37.440764, 19.761927 37.441857, 19.766553 37.441155, 19.770178 37.44427, 19.778087 37.440902, 19.782988 37.44303, 19.785707 37.438348, 19.791928 37.438581, 19.794445 37.436574, 19.793046 37.43327, 19.795436 37.429437, 19.790896 37.427714, 19.788861 37.424244, 19.777022 37.42025, 19.775236 37.415709, 19.769514 37.416267, 19.762317 37.412698, 19.759852 37.413306, 19.758213 37.416907, 19.752303 37.417795, 19.749256 37.413526, 19.744116 37.412308, 19.74284 37.408841, 19.738759 37.408109, 19.73616 37.405191, 19.731083 37.403547, 19.730707 37.40156, 19.733578 37.398421, 19.729712 37.392124, 19.725284 37.392419, 19.725156 37.396591, 19.719654 37.396651, 19.720635 37.392498, 19.722497 37.391251, 19.720433 37.386395, 19.722859 37.382062, 19.719733 37.380978, 19.715604 37.383513, 19.711916 37.382896, 19.710498 37.380935, 19.711716 37.377627, 19.714881 37.374441, 19.718445 37.373372, 19.719101 37.371304, 19.717283 37.369848, 19.711462 37.370087, 19.709763 37.364288, 19.707215 37.362561, 19.704363 37.357159, 19.705218 37.352397, 19.710412 37.352886, 19.712279 37.351379, 19.711079 37.349004, 19.706827 37.348883, 19.70366 37.346169, 19.703873 37.341895, 19.708292 37.340229, 19.708974 37.338156, 19.706491 37.336622, 19.702957 37.338523, 19.700107 37.338296, 19.698319 37.335453, 19.701048 37.330266, 19.704216 37.328247, 19.709619 37.329605, 19.711861 37.328599, 19.710681 37.324441, 19.701398 37.325261, 19.693937 37.324454, 19.697315 37.327286, 19.696471 37.328902, 19.693882 37.329492, 19.691001 37.328037, 19.692759 37.324676, 19.687608 37.324432, 19.686281 37.32547, 19.688996 37.329432, 19.686725 37.332581, 19.687564 37.335314, 19.691784 37.338363, 19.696275 37.339301, 19.697138 37.340963, 19.688057 37.344898, 19.687995 37.348561, 19.684845 37.351242, 19.685722 37.355094, 19.681783 37.358417, 19.683613 37.363257, 19.683689 37.371881, 19.688589 37.372907, 19.690003 37.374836, 19.688821 37.377518, 19.684091 37.380438, 19.679424 37.379043, 19.676904 37.380609, 19.678159 37.383052, 19.68351 37.381697, 19.685741 37.383876, 19.685265 37.387183, 19.681577 37.389736, 19.682011 37.392526, 19.679914 37.395081, 19.678408 37.401791, 19.682569 37.407052), (19.691167 37.357404, 19.693115 37.357978, 19.693097 37.360601, 19.690596 37.361875, 19.688715 37.361273, 19.688665 37.358821, 19.691167 37.357404))",50.9811,59.9925,37.403226,19.722601,"19.67690,37.32443,19.79544,37.44611",15.8462,7.778,56.526,0.5742,0.8712,0.178,0.6498,2.0373,EVT0005-OBS000,0.0,26.6305,1.819,2,14.561,0.99,observed,True
EVT0005,EVT0005-OBS002,S1_EVT0005_03,2026-01-14T14:12:40Z,230.211,OBSERVED,"POLYGON ((19.796526 37.548002, 19.800762 37.556756, 19.803492 37.557336, 19.806259 37.555569, 19.81057 37.555402, 19.811682 37.560271, 19.81582 37.561014, 19.825889 37.566378, 19.828074 37.57069, 19.838199 37.569346, 19.84451 37.573409, 19.849233 37.572776, 19.852064 37.578455, 19.856344 37.578864, 19.859319 37.582113, 19.864341 37.58056, 19.867514 37.583874, 19.872989 37.583812, 19.879374 37.588725, 19.880575 37.592137, 19.885089 37.593103, 19.887337 37.596047, 19.895778 37.594823, 19.902712 37.602238, 19.899205 37.604561, 19.896337 37.602306, 19.893383 37.602308, 19.892035 37.603746, 19.892806 37.606072, 19.894869 37.606766, 19.899374 37.605451, 19.904688 37.609513, 19.909133 37.609561, 19.911639 37.611936, 19.915423 37.612503, 19.91759 37.616823, 19.923708 37.616336, 19.92726 37.622079, 19.931126 37.624423, 19.940143 37.625203, 19.941236 37.628451, 19.947384 37.634778, 19.948136 37.638414, 19.954586 37.639108, 19.954823 37.644998, 19.960182 37.64573, 19.964933 37.650609, 19.974978 37.656069, 19.980833 37.655755, 19.982212 37.657392, 20.009057 37.657304, 20.007628 37.65228, 20.004078 37.650756, 20.002516 37.648184, 20.004381 37.646351, 20.001096 37.643883, 19.996025 37.645443, 19.991831 37.643069, 19.9906 37.635218, 19.985829 37.634291, 19.983055 37.630106, 19.978434 37.631155, 19.973509 37.629719, 19.97316 37.62698, 19.976118 37.624921, 19.976095 37.622498, 19.971859 37.620549, 19.964037 37.621526, 19.962331 37.616015, 19.95704 37.614683, 19.952822 37.610872, 19.949167 37.603593, 19.945184 37.604307, 19.945021 37.610041, 19.941173 37.609502, 19.939721 37.604588, 19.942405 37.601791, 19.941627 37.59943, 19.939588 37.598763, 19.935887 37.600384, 19.929854 37.599684, 19.925052 37.592365, 19.917918 37.588345, 19.916231 37.582638, 19.907906 37.582615, 19.89869 37.576848, 19.89575 37.573549, 19.890238 37.574341, 19.887243 37.569957, 19.887192 37.566325, 19.881557 37.563617, 19.878588 37.566703, 19.87668 37.566919, 19.869394 37.562701, 19.867735 37.558298, 19.863923 37.557378, 19.85953 37.558489, 19.854887 37.551949, 19.846598 37.549528, 19.845434 37.54761, 19.846801 37.54423, 19.845516 37.542844, 19.841893 37.543246, 19.841989 37.547993, 19.838732 37.549564, 19.829666 37.544332, 19.827398 37.541119, 19.823659 37.540238, 19.823709 37.535763, 19.818552 37.5312, 19.807543 37.531464, 19.803268 37.534251, 19.801285 37.533037, 19.8017 37.529757, 19.800357 37.528291, 19.794339 37.526838, 19.788174 37.528255, 19.788179 37.549061, 19.796526 37.548002))",55.359,65.6026,37.591427,19.895901,"19.78817,37.52684,20.00906,37.65739",24.739,3.6725,34.962,0.7108,0.9889,0.1616,0.7882,6.7362,EVT0005-OBS001,0.0,26.2423,8.587,3,18.204,0.99,observed,True
EVT0005,EVT0005-OBS003,S1_EVT0005_04,2026-01-15T12:50:55Z,252.849,OBSERVED,"POLYGON ((19.884818 37.736045, 19.869074 37.754759, 19.86871 37.781889, 19.878102 37.798186, 19.889794 37.815924, 19.895052 37.818519, 20.03699 37.887061, 20.048787 37.885518, 20.078908 37.845193, 20.078874 37.834649, 19.899003 37.7386, 19.887437 37.735468, 19.884818 37.736045))",149.5368,53.8483,37.813588,19.9681,"19.86871,37.73547,20.07891,37.88706",21.6773,7.6696,33.1,1.0,0.9353,0.6481,1.0,2.8264,EVT0005-OBS002,0.0,25.5922,170.122,4,22.637,0.828,observed,True
EVT0005,EVT0005-OBS004,S1_EVT0005_05,2026-01-16T05:14:19Z,269.239,OBSERVED,"POLYGON ((20.013463 37.927838, 20.013477 37.936015, 20.019608 37.947578, 20.025366 37.953366, 20.221585 38.093052, 20.226832 38.093054, 20.229294 38.093054, 20.238136 38.093035, 20.238144 38.077292, 20.186303 37.99673, 20.180136 37.990234, 20.169837 37.982828, 20.054345 37.934553, 20.047352 37.931693, 20.017942 37.927785, 20.013463 37.927838))",115.1148,58.0771,38.003639,20.135432,"20.01346,37.92779,20.23814,38.09305",27.5268,6.1661,40.993,1.0,0.9746,0.4289,1.0,4.4642,EVT0005-OBS003,0.0,26.085,-23.019,5,16.39,0.807,observed,True
EVT0005,EVT0005-OBS005,S1_EVT0005_06,2026-01-16T21:40:17Z,285.672,OBSERVED,"POLYGON ((19.955619 38.324006, 19.955656 38.32036, 19.958697 38.316044, 19.966082 38.311318, 19.970551 38.312661, 19.97318 38.311402, 19.971549 38.306091, 19.966153 38.307049, 19.963948 38.305892, 19.966158 38.30182, 19.962637 38.298519, 19.963079 38.296491, 19.972083 38.292947, 19.97403 38.293884, 19.973082 38.296962, 19.974627 38.299121, 19.977666 38.299122, 19.981932 38.296486, 19.98613 38.292077, 19.984397 38.285708, 19.987198 38.283382, 19.987922 38.28063, 19.995889 38.27821, 20.000868 38.274437, 20.000863 38.271932, 19.997713 38.269846, 19.998015 38.266823, 20.001187 38.264269, 20.008044 38.265615, 20.010006 38.262316, 20.013823 38.260468, 20.01412 38.25858, 20.011564 38.255474, 20.013868 38.250929, 20.020442 38.248954, 20.025929 38.250018, 20.029733 38.244761, 20.034975 38.242401, 20.032479 38.238391, 20.032919 38.234525, 20.039906 38.231759, 20.044374 38.231724, 20.045768 38.230224, 20.045406 38.226412, 20.049428 38.225568, 20.051976 38.223012, 20.05715 38.2251, 20.059756 38.223887, 20.059284 38.220904, 20.054395 38.220409, 20.051351 38.217807, 20.054255 38.212545, 20.05712 38.21295, 20.0589 38.217023, 20.062841 38.217653, 20.065083 38.21525, 20.062421 38.211461, 20.065494 38.208012, 20.070399 38.208437, 20.076045 38.204874, 20.080259 38.206532, 20.08286 38.205309, 20.082389 38.202314, 20.078585 38.201298, 20.077154 38.199508, 20.07804 38.197813, 20.084072 38.19588, 20.082072 38.190556, 20.08819 38.185678, 20.091069 38.177882, 20.095213 38.174099, 20.100666 38.174391, 20.102797 38.172654, 20.102011 38.170235, 20.098482 38.168592, 20.097212 38.164063, 20.100055 38.16273, 20.105139 38.165286, 20.107406 38.162903, 20.105902 38.160758, 20.100824 38.161047, 20.098833 38.158617, 20.102426 38.15319, 20.102319 38.148279, 20.099932 38.145257, 20.061521 38.145273, 20.063761 38.14812, 20.064209 38.152612, 20.058074 38.156167, 20.05399 38.155782, 20.051826 38.157574, 20.053969 38.160574, 20.059181 38.157899, 20.062564 38.159684, 20.061281 38.163024, 20.056715 38.165425, 20.058502 38.169103, 20.057825 38.171205, 20.053059 38.171864, 20.051656 38.173356, 20.056502 38.182187, 20.054606 38.184328, 20.050262 38.185867, 20.044406 38.185823, 20.044397 38.194278, 20.032996 38.199765, 20.029471 38.204382, 20.023582 38.204783, 20.021942 38.214837, 20.011944 38.21675, 20.012214 38.22036, 20.010334 38.223331, 20.013309 38.227215, 20.011541 38.230777, 20.004441 38.232364, 19.999662 38.231893, 19.99691 38.237617, 19.991108 38.239017, 19.987314 38.237338, 19.984709 38.238569, 19.98585 38.241964, 19.991278 38.240909, 19.995076 38.242603, 19.999613 38.24145, 20.002555 38.245815, 19.996858 38.246847, 19.993773 38.250976, 19.987991 38.248584, 19.978998 38.250746, 19.979468 38.253813, 19.98173 38.254893, 19.984356 38.254265, 19.985373 38.256562, 19.979883 38.257993, 19.979129 38.262626, 19.972562 38.265169, 19.973019 38.270044, 19.965487 38.274747, 19.967627 38.278996, 19.96494 38.282068, 19.962627 38.282709, 19.958978 38.281143, 19.956372 38.282373, 19.956367 38.284875, 19.96071 38.288318, 19.959028 38.293877, 19.956658 38.294424, 19.954646 38.291032, 19.951001 38.290645, 19.949185 38.294658, 19.944146 38.298163, 19.943504 38.301427, 19.938789 38.303291, 19.939263 38.306236, 19.944607 38.306924, 19.947129 38.311255, 19.942687 38.315705, 19.936488 38.314494, 19.933393 38.321702, 19.924228 38.324243, 19.92426 38.326675, 19.929176 38.328981, 19.952306 38.328973, 19.950967 38.326286, 19.955619 38.324006), (20.041078 38.208903, 20.038312 38.209051, 20.036398 38.206035, 20.038048 38.205066, 20.041373 38.206735, 20.041078 38.208903), (20.008932 38.256866, 20.008002 38.259847, 20.006089 38.260791, 19.99863 38.258195, 19.999923 38.256306, 20.007722 38.255635, 20.008932 38.256866), (19.982173 38.284905, 19.979664 38.285755, 19.978687 38.283695, 19.981016 38.282869, 19.982173 38.284905), (19.978464 38.288673, 19.976113 38.289276, 19.974568 38.287539, 19.976476 38.285483, 19.978542 38.285557, 19.978464 38.288673))",64.0737,89.1122,38.226858,20.026487,"19.92423,38.14526,20.10741,38.32898",25.7004,5.3501,123.996,0.6117,0.9781,0.1014,0.6225,4.8037,EVT0005-OBS004,0.0,26.761,-44.339,6,16.433,0.99,observed,True
EVT0005,EVT0005-OBS006,S1_EVT0005_07,2026-01-17T19:34:59Z,307.583,OBSERVED,"POLYGON ((20.115168 38.270994, 20.114001 38.272289, 20.108351 38.2733, 20.107038 38.27468, 20.10835 38.27731, 20.112567 38.27717, 20.114283 38.278602, 20.113064 38.281688, 20.107973 38.283018, 20.107942 38.285397, 20.112618 38.288564, 20.117892 38.288231, 20.120479 38.29088, 20.125214 38.292514, 20.126343 38.297785, 20.131706 38.301029, 20.130552 38.305876, 20.132017 38.307959, 20.135929 38.308182, 20.142981 38.312344, 20.150573 38.310022, 20.152625 38.312617, 20.159309 38.315622, 20.162701 38.314329, 20.169926 38.315189, 20.173646 38.312487, 20.177887 38.313328, 20.17985 38.311719, 20.178823 38.308638, 20.18004 38.306819, 20.185835 38.307848, 20.188285 38.306686, 20.188453 38.302551, 20.191826 38.299312, 20.189931 38.296322, 20.190345 38.290185, 20.188911 38.288172, 20.184111 38.287897, 20.177503 38.283884, 20.170912 38.283136, 20.166077 38.284771, 20.163344 38.280933, 20.158093 38.281335, 20.152675 38.278503, 20.142679 38.281979, 20.139478 38.279106, 20.139758 38.27596, 20.137426 38.273171, 20.13262 38.273632, 20.128884 38.270743, 20.12342 38.270864, 20.121005 38.267202, 20.122897 38.264053, 20.120999 38.262053, 20.115542 38.261609, 20.11361 38.258982, 20.114488 38.255688, 20.112428 38.254082, 20.103955 38.257968, 20.104722 38.260191, 20.109499 38.261829, 20.108558 38.26593, 20.114185 38.267918, 20.115168 38.270994))",23.7818,28.518,38.291498,20.148578,"20.10395,38.25408,20.19183,38.31562",9.3468,4.4145,28.552,0.7455,0.8814,0.3675,0.8056,2.1173,EVT0005-OBS005,0.0,13.2562,-62.884,7,21.912,0.99,observed,True
EVT0005,EVT0005-OBS007,S1_EVT0005_08,2026-01-18T13:27:56Z,325.466,OBSERVED,"POLYGON ((20.139802 38.32819, 20.106248 38.341523, 20.100765 38.344725, 20.089381 38.36554, 20.088422 38.367496, 20.089556 38.36961, 20.113493 38.372643, 20.12154 38.372017, 20.17006 38.366391, 20.172664 38.363527, 20.172917 38.345263, 20.163488 38.329675, 20.150068 38.326229, 20.139802 38.32819))",28.401,21.0709,38.351921,20.134763,"20.08842,38.32623,20.17292,38.37264",7.9757,4.6822,171.944,1.0,0.8095,0.8039,1.0,1.7034,EVT0005-OBS006,0.0,6.8433,19.423,8,17.882,0.52,observed,True
EVT0005,EVT0005-OBS008,S1_EVT0005_09,2026-01-19T02:38:30Z,338.642,OBSERVED,"POLYGON ((20.26984 38.444901, 20.269693 38.444895, 20.269547 38.444901, 20.269402 38.444919, 20.26926 38.444949, 20.269122 38.44499, 20.268989 38.445042, 20.268864 38.445105, 20.268747 38.445177, 20.268639 38.445259, 20.268542 38.445348, 20.268456 38.445446, 20.268382 38.44555, 20.268321 38.445659, 20.268273 38.445773, 20.26824 38.44589, 20.268221 38.446009, 20.268216 38.446129, 20.268226 38.446249, 20.26825 38.446367, 20.268288 38.446483, 20.268341 38.446596, 20.268406 38.446703, 20.268485 38.446805, 20.268575 38.4469, 20.268676 38.446987, 20.268787 38.447065, 20.268908 38.447134, 20.271223 38.448328, 20.271374 38.448414, 20.271485 38.448493, 20.271587 38.448581, 20.271677 38.448676, 20.271756 38.448779, 20.271821 38.448887, 20.271886 38.449028, 20.273051 38.452002, 20.273098 38.452147, 20.273122 38.452265, 20.273131 38.452384, 20.273126 38.452503, 20.273107 38.452621, 20.273073 38.452738, 20.273026 38.452851, 20.272965 38.452959, 20.272892 38.453062, 20.272806 38.453159, 20.27271 38.453248, 20.272603 38.45333, 20.272486 38.453402, 20.272331 38.45348, 20.269284 38.454844, 20.269165 38.454904, 20.269053 38.454973, 20.268949 38.45505, 20.268854 38.455135, 20.26877 38.455227, 20.268697 38.455324, 20.268635 38.455428, 20.268586 38.455535, 20.268549 38.455646, 20.268525 38.455759, 20.268438 38.456339, 20.268427 38.456457, 20.26843 38.456575, 20.268447 38.456693, 20.268479 38.456808, 20.268523 38.456921, 20.268581 38.457029, 20.268652 38.457132, 20.268734 38.457229, 20.268828 38.457319, 20.268932 38.457401, 20.269045 38.457475, 20.269166 38.457539, 20.269358 38.457629, 20.269491 38.457685, 20.269631 38.45773, 20.269775 38.457763, 20.269923 38.457783, 20.270073 38.457792, 20.270222 38.457788, 20.270371 38.457771, 20.270517 38.457743, 20.274365 38.456814, 20.274546 38.456778, 20.274693 38.456762, 20.274841 38.456758, 20.274989 38.456765, 20.275135 38.456785, 20.275279 38.456817, 20.275417 38.456861, 20.27555 38.456916, 20.275675 38.456981, 20.275791 38.457056, 20.275898 38.45714, 20.275994 38.457233, 20.276078 38.457333, 20.276149 38.45744, 20.276207 38.457552, 20.276251 38.457668, 20.276288 38.457817, 20.276809 38.460627, 20.276839 38.46075, 20.276885 38.46087, 20.276946 38.460985, 20.277021 38.461094, 20.277109 38.461196, 20.27721 38.46129, 20.281286 38.464731, 20.281404 38.464841, 20.281487 38.464935, 20.281559 38.465036, 20.281619 38.465143, 20.281678 38.465281, 20.282639 38.467944, 20.282686 38.468054, 20.282745 38.468159, 20.282816 38.468259, 20.282898 38.468353, 20.282991 38.468441, 20.283094 38.46852, 20.283206 38.468591, 20.283325 38.468654, 20.283451 38.468706, 20.283583 38.468749, 20.283719 38.468781, 20.283858 38.468802, 20.283999 38.468812, 20.28414 38.468811, 20.284281 38.468799, 20.287004 38.468461, 20.287173 38.468447, 20.287308 38.468445, 20.287443 38.468454, 20.28761 38.468478, 20.293599 38.469555, 20.293777 38.469595, 20.293915 38.469638, 20.294047 38.469692, 20.294172 38.469757, 20.294318 38.469851, 20.300522 38.474278, 20.300658 38.474385, 20.300755 38.47448, 20.30084 38.474582, 20.300912 38.47469, 20.30097 38.474805, 20.301025 38.474953, 20.301476 38.476454, 20.301518 38.476569, 20.301573 38.47668, 20.301642 38.476785, 20.301723 38.476885, 20.301816 38.476978, 20.30192 38.477063, 20.302033 38.477139, 20.302155 38.477205, 20.302284 38.477262, 20.30242 38.477307, 20.30256 38.477341, 20.302704 38.477364, 20.30285 38.477375, 20.302996 38.477375, 20.303142 38.477362, 20.303285 38.477338, 20.303425 38.477302, 20.305695 38.476617, 20.305873 38.476572, 20.306019 38.476547, 20.306168 38.476535, 20.306317 38.476535, 20.306465 38.476547, 20.306611 38.476572, 20.306754 38.476608, 20.306891 38.476656, 20.307021 38.476716, 20.307144 38.476785, 20.307257 38.476865, 20.307361 38.476953, 20.307475 38.477074, 20.310218 38.480279, 20.310312 38.480378, 20.310418 38.480468, 20.310535 38.480549, 20.310662 38.48062, 20.310797 38.480679, 20.310939 38.480727, 20.311086 38.480762, 20.311236 38.480785, 20.311389 38.480795, 20.314292 38.480861, 20.314462 38.480871, 20.314596 38.48089, 20.314728 38.480919, 20.314856 38.480957, 20.31498 38.481005, 20.315097 38.481062, 20.315208 38.481128, 20.315336 38.48122, 20.317343 38.482802, 20.317458 38.482884, 20.317583 38.482955, 20.317715 38.483016, 20.317855 38.483065, 20.318 38.483103, 20.318149 38.483127, 20.318301 38.48314, 20.318453 38.483139, 20.318604 38.483126, 20.318753 38.4831, 20.319213 38.482999, 20.319358 38.48296, 20.319498 38.48291, 20.319631 38.482847, 20.319755 38.482774, 20.319869 38.482691, 20.319972 38.482599, 20.320063 38.482498, 20.320141 38.48239, 20.321554 38.480184, 20.321642 38.48006, 20.321723 38.479968, 20.321815 38.479882, 20.321916 38.479803, 20.322026 38.479733, 20.322143 38.479672, 20.322267 38.479619, 20.322397 38.479577, 20.32253 38.479545, 20.322667 38.479523, 20.322806 38.479512, 20.32298 38.479511, 20.328379 38.479703, 20.328555 38.479716, 20.328694 38.479737, 20.32883 38.47977, 20.328961 38.479812, 20.329087 38.479865, 20.329206 38.479928, 20.329317 38.479999, 20.32942 38.480079, 20.329512 38.480167, 20.329594 38.480261, 20.329665 38.480361, 20.329724 38.480467, 20.32977 38.480576, 20.329803 38.480689, 20.329828 38.480832, 20.33035 38.485446, 20.33037 38.485565, 20.330405 38.485681, 20.330454 38.485794, 20.330516 38.485903, 20.330591 38.486006, 20.330679 38.486102, 20.330777 38.486191, 20.330885 38.486272, 20.331003 38.486343, 20.331129 38.486405, 20.331262 38.486456, 20.331296 38.486467, 20.331444 38.48651, 20.331596 38.486539, 20.33175 38.486555, 20.331906 38.486558, 20.332062 38.486547, 20.339803 38.485668, 20.339981 38.485655, 20.340124 38.485655, 20.340266 38.485668, 20.340406 38.485691, 20.340543 38.485725, 20.340675 38.48577, 20.340801 38.485826, 20.34092 38.485891, 20.341031 38.485965, 20.341132 38.486047, 20.341247 38.48616, 20.343522 38.488641, 20.343612 38.48873, 20.343712 38.488812, 20.343822 38.488885, 20.343939 38.48895, 20.344064 38.489005, 20.344194 38.489051, 20.344329 38.489085, 20.344468 38.489109, 20.344608 38.489123, 20.34475 38.489125, 20.344891 38.489116, 20.345031 38.489096, 20.345167 38.489065, 20.347415 38.48846, 20.34761 38.488417, 20.34777 38.488397, 20.347932 38.488391, 20.348134 38.488402, 20.35333 38.488919, 20.353504 38.488944, 20.353641 38.488974, 20.353774 38.489015, 20.353901 38.489066, 20.354021 38.489127, 20.354134 38.489197, 20.354264 38.489295, 20.356308 38.490989, 20.356417 38.491071, 20.356535 38.491143, 20.356662 38.491205, 20.356795 38.491257, 20.356934 38.491298, 20.357077 38.491327, 20.357223 38.491344, 20.357371 38.491349, 20.357518 38.491343, 20.357664 38.491324, 20.357807 38.491293, 20.357945 38.491251, 20.358078 38.491198, 20.358203 38.491134, 20.35832 38.491061, 20.358428 38.490978, 20.358525 38.490887, 20.35861 38.490788, 20.36067 38.488138, 20.360771 38.488021, 20.360861 38.487935, 20.360961 38.487856, 20.36107 38.487785, 20.361186 38.487722, 20.361309 38.487669, 20.361437 38.487625, 20.36157 38.487592, 20.36174 38.487563, 20.364999 38.48714, 20.365186 38.487123, 20.365337 38.487123, 20.365487 38.487135, 20.365634 38.487159, 20.365778 38.487196, 20.365917 38.487244, 20.366049 38.487304, 20.366172 38.487374, 20.366287 38.487455, 20.36639 38.487544, 20.366483 38.487642, 20.366582 38.487773, 20.368615 38.490785, 20.368685 38.490879, 20.368765 38.490967, 20.368855 38.491048, 20.368953 38.491123, 20.369059 38.49119, 20.369172 38.491249, 20.373584 38.493329, 20.373708 38.493381, 20.373837 38.493424, 20.373971 38.493456, 20.374107 38.493478, 20.374246 38.493489, 20.374385 38.493489, 20.374524 38.493479, 20.377668 38.493126, 20.377814 38.493103, 20.377957 38.493069, 20.378095 38.493022, 20.378226 38.492965, 20.37835 38.492897, 20.378465 38.49282, 20.37857 38.492733, 20.378663 38.492638, 20.378745 38.492536, 20.378813 38.492428, 20.378868 38.492315, 20.378909 38.492198, 20.378935 38.492077, 20.378946 38.491956, 20.378943 38.491834, 20.378924 38.491713, 20.378891 38.491594, 20.378843 38.491479, 20.378788 38.491379, 20.378731 38.491262, 20.378691 38.491148, 20.378665 38.49103, 20.378653 38.490911, 20.378656 38.490762, 20.379039 38.485927, 20.379063 38.485766, 20.379098 38.48564, 20.37915 38.485517, 20.379217 38.4854, 20.379321 38.485261, 20.380764 38.483537, 20.380838 38.483439, 20.3809 38.483336, 20.38095 38.483228, 20.380987 38.483117, 20.381011 38.483004, 20.381022 38.482889, 20.38102 38.482774, 20.381005 38.482659, 20.380976 38.482547, 20.380934 38.482437, 20.38088 38.482331, 20.380814 38.482229, 20.380736 38.482133, 20.37911 38.480321, 20.379002 38.480185, 20.37893 38.48007, 20.378873 38.47995, 20.378823 38.479793, 20.378346 38.477927, 20.37831 38.477813, 20.37826 38.477702, 20.378198 38.477596, 20.378124 38.477496, 20.378037 38.477402, 20.377941 38.477315, 20.377834 38.477236, 20.377718 38.477166, 20.377595 38.477106, 20.377465 38.477055, 20.37733 38.477015, 20.377191 38.476987, 20.377049 38.476969, 20.373701 38.476686, 20.373534 38.476665, 20.373403 38.476639, 20.373276 38.476603, 20.373153 38.476558, 20.373035 38.476504, 20.372896 38.476425, 20.366085 38.47218, 20.365939 38.472079, 20.365834 38.471989, 20.36574 38.471891, 20.365659 38.471785, 20.365592 38.471673, 20.365526 38.471527, 20.36427 38.468223, 20.36422 38.468111, 20.364157 38.468004, 20.364082 38.467903, 20.363995 38.467808, 20.363897 38.46772, 20.363789 38.467641, 20.363672 38.467571, 20.363547 38.46751, 20.363415 38.46746, 20.363279 38.467421, 20.363138 38.467392, 20.362994 38.467376, 20.362849 38.46737, 20.362704 38.467377, 20.358751 38.467711, 20.358571 38.467719, 20.358428 38.467714, 20.358285 38.467698, 20.358145 38.46767, 20.35801 38.467631, 20.357879 38.467582, 20.357755 38.467523, 20.357638 38.467454, 20.357531 38.467375, 20.357433 38.467289, 20.357345 38.467196, 20.35727 38.467095, 20.357206 38.46699, 20.357155 38.466879, 20.357118 38.466766, 20.357094 38.466649, 20.357085 38.466532, 20.35709 38.466385, 20.357379 38.463345, 20.357383 38.46322, 20.357371 38.463095, 20.357343 38.462972, 20.357301 38.462852, 20.357243 38.462736, 20.357171 38.462625, 20.357085 38.462521, 20.357049 38.462482, 20.356951 38.462386, 20.356842 38.462299, 20.356723 38.462222, 20.356595 38.462156, 20.356459 38.4621, 20.356317 38.462056, 20.35617 38.462024, 20.356019 38.462005, 20.355868 38.461998, 20.35262 38.461996, 20.352443 38.461989, 20.352303 38.461972, 20.352165 38.461944, 20.352032 38.461906, 20.351903 38.461857, 20.351781 38.461799, 20.351666 38.461731, 20.35156 38.461655, 20.351438 38.46155, 20.34909 38.459304, 20.348989 38.459216, 20.348877 38.459137, 20.348756 38.459067, 20.348628 38.459008, 20.348493 38.458959, 20.348352 38.458922, 20.348208 38.458896, 20.348061 38.458882, 20.347914 38.45888, 20.347767 38.458891, 20.343233 38.459395, 20.343055 38.459408, 20.342912 38.459406, 20.34277 38.459394, 20.34263 38.45937, 20.342493 38.459336, 20.342361 38.459291, 20.342236 38.459235, 20.342117 38.45917, 20.342006 38.459096, 20.341905 38.459013, 20.341814 38.458923, 20.341734 38.458826, 20.341649 38.458698, 20.339684 38.455361, 20.339617 38.455259, 20.339539 38.455164, 20.33945 38.455075, 20.339351 38.454993, 20.339243 38.454919, 20.339126 38.454854, 20.339003 38.454799, 20.338874 38.454753, 20.336518 38.454023, 20.336361 38.453968, 20.336241 38.453914, 20.336128 38.453852, 20.336023 38.453781, 20.335925 38.453703, 20.335815 38.453596, 20.334406 38.452096, 20.334315 38.452008, 20.334214 38.451927, 20.334104 38.451855, 20.333986 38.451791, 20.333862 38.451737, 20.333731 38.451693, 20.333596 38.45166, 20.333458 38.451637, 20.33068 38.451286, 20.33051 38.451258, 20.330377 38.451225, 20.330248 38.451182, 20.330125 38.451129, 20.330009 38.451067, 20.3299 38.450996, 20.3298 38.450918, 20.329686 38.45081, 20.328707 38.44979, 20.328612 38.4497, 20.328506 38.449618, 20.32839 38.449545, 20.328266 38.449481, 20.328136 38.449428, 20.327999 38.449386, 20.327858 38.449355, 20.327714 38.449335, 20.327569 38.449327, 20.327423 38.449331, 20.327278 38.449346, 20.32351 38.449908, 20.323331 38.449928, 20.323186 38.449932, 20.323041 38.449924, 20.322863 38.4499, 20.315007 38.448516, 20.31487 38.448497, 20.31473 38.448489, 20.314591 38.448491, 20.314452 38.448505, 20.314315 38.448529, 20.314182 38.448564, 20.307846 38.450485, 20.307664 38.450532, 20.307515 38.450556, 20.307363 38.450568, 20.30721 38.450568, 20.307059 38.450554, 20.30691 38.450528, 20.306765 38.450489, 20.306625 38.450438, 20.30646 38.45036, 20.303578 38.448833, 20.30345 38.448772, 20.303314 38.448722, 20.303173 38.448683, 20.303027 38.448656, 20.30288 38.448641, 20.302731 38.448639, 20.302583 38.448649, 20.302436 38.44867, 20.302293 38.448704, 20.302155 38.44875, 20.302023 38.448806, 20.301899 38.448873, 20.29967 38.450212, 20.299514 38.450296, 20.299382 38.450353, 20.299243 38.450398, 20.2991 38.450432, 20.298953 38.450454, 20.298805 38.450463, 20.298618 38.45046, 20.295856 38.450293, 20.295671 38.450274, 20.295526 38.450247, 20.295385 38.450208, 20.29525 38.450158, 20.295121 38.450097, 20.295001 38.450025, 20.294862 38.449924, 20.293517 38.448839, 20.29339 38.448725, 20.2933 38.448626, 20.293223 38.44852, 20.293159 38.448409, 20.293109 38.448292, 20.293075 38.448172, 20.293055 38.448049, 20.293051 38.447926, 20.293065 38.447772, 20.293356 38.445869, 20.293367 38.445751, 20.293364 38.445634, 20.293347 38.445517, 20.293317 38.445402, 20.293272 38.44529, 20.293215 38.445182, 20.293146 38.445079, 20.293064 38.444982, 20.292972 38.444892, 20.292869 38.44481, 20.292757 38.444737, 20.292637 38.444672, 20.29251 38.444618, 20.292377 38.444573, 20.292239 38.44454, 20.292099 38.444517, 20.291956 38.444506, 20.291812 38.444507, 20.291669 38.444518, 20.291528 38.444541, 20.291391 38.444575, 20.291258 38.44462, 20.291131 38.444675, 20.291012 38.44474, 20.289002 38.445947, 20.288837 38.446036, 20.288696 38.446094, 20.288548 38.446141, 20.288395 38.446174, 20.2882 38.446198, 20.28047 38.446819, 20.280297 38.446826, 20.280158 38.446821, 20.28002 38.446806, 20.279885 38.44678, 20.279753 38.446743, 20.279626 38.446697, 20.279505 38.446641, 20.279362 38.44656, 20.276437 38.44472, 20.276321 38.444655, 20.276199 38.444598, 20.27607 38.444552, 20.275937 38.444515, 20.2758 38.444489, 20.275661 38.444474, 20.27552 38.44447, 20.27538 38.444476, 20.275241 38.444494, 20.275105 38.444522, 20.272506 38.445169, 20.27233 38.445205, 20.272186 38.445222, 20.272041 38.445228, 20.271896 38.445223, 20.271716 38.445201, 20.269985 38.444918, 20.26984 38.444901))",27.2931,29.4455,38.467822,20.325487,"20.26822,38.44447,20.38102,38.49349",11.1657,3.8552,17.192,0.8549,0.9385,0.3956,0.8572,2.8963,EVT0005-OBS007,0.0,21.655,-3.901,9,13.176,0.99,observed,True
EVT0005,EVT0005-OBS009,,2026-01-19T20:38:30Z,356.642,PREDICTED,"POLYGON ((20.667229 38.645058, 20.665721 38.643032, 20.662849 38.640717, 20.658663 38.638153, 20.653234 38.635383, 20.646655 38.632456, 20.639039 38.62942, 20.630516 38.626329, 20.621232 38.623235, 20.611346 38.620191, 20.601026 38.617248, 20.59045 38.614458, 20.579799 38.611868, 20.569254 38.609523, 20.558996 38.607462, 20.549201 38.605721, 20.540036 38.604329, 20.531658 38.603311, 20.524211 38.602684, 20.517821 38.602458, 20.512598 38.602638, 20.508632 38.60322, 20.505991 38.604194, 20.504718 38.605544, 20.504838 38.607247, 20.506346 38.609273, 20.509218 38.611588, 20.513404 38.614152, 20.518833 38.616922, 20.525412 38.619849, 20.533028 38.622884, 20.541551 38.625976, 20.550835 38.62907, 20.560721 38.632114, 20.571041 38.635057, 20.581617 38.637847, 20.592268 38.640437, 20.602813 38.642782, 20.613071 38.644843, 20.622866 38.646584, 20.632031 38.647976, 20.640409 38.648994, 20.647856 38.649621, 20.654246 38.649847, 20.659469 38.649667, 20.663435 38.649085, 20.666076 38.648111, 20.667349 38.646761, 20.667229 38.645058))",33.1332,32.2919,38.626152,20.586033,"20.50472,38.60246,20.66735,38.64985",15.5225,2.7252,16.532,1.0,0.9845,0.3993,1.0,5.6959,EVT0005-OBS008,0.0,29.5825,21.398,9,18.0,0.0,synthetic,False
EVT0005,EVT0005-OBS010,,2026-01-20T14:38:30Z,374.642,PREDICTED,"POLYGON ((20.950352 38.809271, 20.948206 38.807242, 20.944322 38.804823, 20.938765 38.802056, 20.931631 38.798988, 20.923042 38.795673, 20.913144 38.792165, 20.902107 38.788527, 20.890121 38.784819, 20.877389 38.781105, 20.86413 38.777449, 20.850571 38.773914, 20.836944 38.770559, 20.823481 38.767443, 20.810414 38.764618, 20.797966 38.762133, 20.786349 38.760031, 20.775763 38.758346, 20.766388 38.757109, 20.758386 38.756341, 20.751893 38.756054, 20.747019 38.756253, 20.74385 38.756935, 20.742438 38.758089, 20.742808 38.759694, 20.744953 38.761724, 20.748837 38.764143, 20.754394 38.766909, 20.761528 38.769977, 20.770118 38.773293, 20.780015 38.7768, 20.791052 38.780438, 20.803038 38.784146, 20.81577 38.78786, 20.829029 38.791516, 20.842588 38.795051, 20.856215 38.798406, 20.869678 38.801522, 20.882745 38.804347, 20.895194 38.806832, 20.90681 38.808935, 20.917396 38.810619, 20.926771 38.811856, 20.934773 38.812624, 20.941267 38.812912, 20.94614 38.812712, 20.949309 38.81203, 20.950721 38.810876, 20.950352 38.809271))",38.3499,40.6457,38.784483,20.84658,"20.74244,38.75605,20.95072,38.81291",19.8806,2.463,16.726,1.0,0.9923,0.2917,1.0,8.0718,EVT0005-OBS009,0.0,29.5825,15.745,9,18.0,0.0,synthetic,False
EVT0006,EVT0006-OBS000,S1_EVT0006_00,2026-01-06T14:04:23Z,38.073,OBSERVED,"POLYGON ((21.813255 35.79658, 21.816031 35.801587, 21.819815 35.803756, 21.823986 35.814006, 21.832824 35.818223, 21.838517 35.823522, 21.853081 35.818192, 21.855902 35.813413, 21.855572 35.811318, 21.852287 35.809502, 21.851122 35.805834, 21.847381 35.803173, 21.846983 35.800214, 21.844199 35.797914, 21.844453 35.794291, 21.841283 35.7925, 21.839054 35.787718, 21.831635 35.780614, 21.831411 35.775797, 21.825709 35.775677, 21.822055 35.774113, 21.81778 35.775108, 21.812982 35.779237, 21.815199 35.788709, 21.813255 35.79658))",12.012,14.9682,35.799542,21.832093,"21.81298,35.77411,21.85590,35.82352",5.7474,2.6809,61.856,0.9178,0.8845,0.6737,0.9702,2.1438,,,,,1,,0.99,observed,True
EVT0006,EVT0006-OBS001,S1_EVT0006_01,2026-01-07T11:14:04Z,59.234,OBSERVED,"POLYGON ((21.890751 36.046398, 21.893871 36.047087, 21.896911 36.043662, 21.898967 36.043663, 21.900341 36.045948, 21.898428 36.048328, 21.898208 36.052557, 21.901015 36.053886, 21.905174 36.052813, 21.910443 36.057764, 21.908566 36.061968, 21.909515 36.063848, 21.914161 36.065285, 21.919359 36.070398, 21.929247 36.068701, 21.9327 36.07516, 21.938416 36.077083, 21.94353 36.076915, 21.944104 36.082227, 21.945617 36.08384, 21.949525 36.083417, 21.949902 36.078798, 21.953492 36.076743, 21.963202 36.079414, 21.970069 36.083169, 21.981405 36.085527, 21.984211 36.084205, 21.985239 36.081195, 21.99041 36.07972, 21.9917 36.074821, 21.987259 36.071815, 21.99091 36.066943, 21.990077 36.064382, 21.985379 36.063473, 21.983203 36.059296, 21.97909 36.059397, 21.97647 36.057432, 21.972214 36.057019, 21.970378 36.053947, 21.971961 36.050789, 21.970342 36.048492, 21.966319 36.048315, 21.963188 36.045846, 21.958142 36.046892, 21.953152 36.042291, 21.948321 36.042084, 21.946451 36.037084, 21.939142 36.037049, 21.935219 36.038651, 21.929969 36.032671, 21.924773 36.033023, 21.92236 36.030693, 21.918197 36.030567, 21.914006 36.027423, 21.910886 36.029386, 21.911682 36.033614, 21.907447 36.035787, 21.900542 36.03469, 21.89283 36.035701, 21.891878 36.037584, 21.893538 36.040783, 21.889926 36.043818, 21.890751 36.046398))",30.3456,29.7743,36.057644,21.942277,"21.88993,36.02742,21.99170,36.08553",10.1427,4.5318,32.004,0.8402,0.8946,0.4302,0.8125,2.2381,EVT0006-OBS000,0.0,30.4381,152.628,2,21.161,0.99,observed,True
EVT0006,EVT0006-OBS002,S1_EVT0006_02,2026-01-08T04:39:11Z,76.653,OBSERVED,"POLYGON ((21.944842 36.099934, 21.944833 36.100048, 21.944837 36.100162, 21.944854 36.100275, 21.944884 36.100387, 21.944926 36.100496, 21.944981 36.100601, 21.945048 36.100701, 21.945126 36.100796, 21.945214 36.100884, 21.945924 36.101528, 21.946025 36.101611, 21.946136 36.101686, 21.946255 36.101752, 21.946382 36.101808, 21.946494 36.101847, 21.946507 36.10189, 21.946555 36.102001, 21.946617 36.102107, 21.94669 36.102208, 21.946775 36.102302, 21.946874 36.102403, 21.946958 36.102508, 21.947029 36.10262, 21.947084 36.102738, 21.947125 36.102859, 21.947149 36.102984, 21.94716 36.103141, 21.947173 36.104968, 21.947182 36.10509, 21.947205 36.105211, 21.947244 36.10533, 21.947296 36.105444, 21.947363 36.105554, 21.947442 36.105658, 21.947534 36.105754, 21.947638 36.105843, 21.947752 36.105922, 21.947875 36.105992, 21.951908 36.108037, 21.952061 36.108123, 21.952174 36.108202, 21.952276 36.108289, 21.952368 36.108384, 21.952447 36.108487, 21.952513 36.108595, 21.952566 36.108708, 21.952605 36.108825, 21.95263 36.108945, 21.952639 36.109066, 21.952633 36.109218, 21.952395 36.111499, 21.95239 36.111617, 21.952398 36.111734, 21.952421 36.111851, 21.952457 36.111965, 21.952507 36.112076, 21.95257 36.112182, 21.952645 36.112282, 21.952731 36.112377, 21.952828 36.112464, 21.952935 36.112542, 21.953051 36.112612, 21.953175 36.112673, 21.953305 36.112723, 21.953441 36.112763, 21.953581 36.112791, 21.953723 36.112809, 21.953867 36.112815, 21.95401 36.112809, 21.954153 36.112792, 21.954293 36.112764, 21.954429 36.112725, 21.954559 36.112675, 21.954683 36.112615, 21.954799 36.112546, 21.954907 36.112467, 21.955005 36.112381, 21.955092 36.112287, 21.955167 36.112186, 21.955217 36.112112, 21.955312 36.111986, 21.955399 36.111892, 21.955497 36.111805, 21.955605 36.111727, 21.955722 36.111657, 21.955847 36.111597, 21.955978 36.111548, 21.956115 36.111509, 21.956255 36.111481, 21.956398 36.111465, 21.956542 36.11146, 21.956723 36.111468, 21.96108 36.111845, 21.961266 36.111869, 21.961412 36.111901, 21.961554 36.111944, 21.961689 36.111999, 21.961816 36.112066, 21.961935 36.112142, 21.962043 36.112228, 21.96214 36.112323, 21.962247 36.112451, 21.964965 36.116114, 21.965046 36.116213, 21.965139 36.116304, 21.965242 36.116387, 21.965354 36.116462, 21.965475 36.116528, 21.965603 36.116583, 21.965737 36.116628, 21.970105 36.117893, 21.970272 36.117949, 21.9704 36.118004, 21.97052 36.118069, 21.970632 36.118144, 21.970735 36.118227, 21.970827 36.118318, 21.970908 36.118415, 21.970977 36.118519, 21.971033 36.118628, 21.971077 36.118741, 21.971106 36.118856, 21.971122 36.118974, 21.971124 36.119122, 21.971033 36.121061, 21.971035 36.121181, 21.971051 36.121301, 21.971082 36.121419, 21.971127 36.121534, 21.971186 36.121645, 21.971258 36.12175, 21.971342 36.121849, 21.973314 36.123937, 21.973422 36.124064, 21.973495 36.124172, 21.973573 36.124322, 21.973591 36.12436, 21.973655 36.124469, 21.973732 36.124572, 21.973822 36.124669, 21.973923 36.124757, 21.974034 36.124837, 21.974154 36.124907, 21.974282 36.124968, 21.974417 36.125017, 21.974558 36.125055, 21.974702 36.125082, 21.974849 36.125096, 21.974996 36.125099, 21.975144 36.125089, 21.975289 36.125068, 21.975431 36.125034, 21.975569 36.12499, 21.9757 36.124934, 21.975793 36.124889, 21.97592 36.124841, 21.976051 36.124803, 21.976221 36.124768, 21.979352 36.124254, 21.97953 36.124232, 21.979674 36.124226, 21.979819 36.124231, 21.979962 36.124248, 21.980102 36.124276, 21.980238 36.124316, 21.980369 36.124366, 21.980493 36.124426, 21.98061 36.124496, 21.980717 36.124575, 21.980815 36.124662, 21.980902 36.124756, 21.980996 36.124883, 21.987701 36.134963, 21.987772 36.135058, 21.987853 36.135148, 21.987944 36.135231, 21.988044 36.135308, 21.988152 36.135376, 21.988268 36.135436, 21.988389 36.135487, 21.988516 36.135528, 22.00069 36.138985, 22.000863 36.139042, 22.000995 36.139099, 22.00112 36.139167, 22.001235 36.139244, 22.001341 36.139331, 22.001435 36.139426, 22.001517 36.139529, 22.001585 36.139637, 22.001641 36.139751, 22.001681 36.139869, 22.001707 36.139989, 22.001721 36.140142, 22.001807 36.143042, 22.001819 36.143172, 22.001848 36.1433, 22.001894 36.143425, 22.001957 36.143545, 22.003713 36.146489, 22.003784 36.146594, 22.003867 36.146693, 22.003962 36.146784, 22.004068 36.146868, 22.004182 36.146943, 22.004306 36.147008, 22.004437 36.147062, 22.004573 36.147106, 22.004714 36.147138, 22.004859 36.147159, 22.005005 36.147168, 22.005152 36.147165, 22.011402 36.14679, 22.01158 36.146786, 22.011722 36.146794, 22.011863 36.146814, 22.012 36.146844, 22.012133 36.146885, 22.012261 36.146937, 22.012382 36.146998, 22.012496 36.147069, 22.0126 36.147148, 22.012719 36.147257, 22.015523 36.150093, 22.015621 36.150183, 22.01573 36.150264, 22.015848 36.150337, 22.015974 36.150399, 22.016107 36.150451, 22.016246 36.150491, 22.016389 36.15052, 22.019033 36.150944, 22.019212 36.15098, 22.019351 36.151021, 22.019485 36.151073, 22.019612 36.151136, 22.01973 36.151208, 22.019866 36.151311, 22.025879 36.156316, 22.025995 36.156422, 22.026077 36.156513, 22.026148 36.15661, 22.026209 36.156712, 22.026269 36.156845, 22.028004 36.161291, 22.028054 36.161401, 22.028117 36.161507, 22.028193 36.161608, 22.02828 36.161701, 22.028378 36.161788, 22.028485 36.161866, 22.031574 36.163904, 22.031685 36.163971, 22.031803 36.164028, 22.031928 36.164077, 22.032057 36.164116, 22.03219 36.164145, 22.032326 36.164164, 22.032463 36.164172, 22.032601 36.16417, 22.035804 36.163995, 22.035994 36.163992, 22.036145 36.164003, 22.036293 36.164027, 22.036439 36.164062, 22.036578 36.16411, 22.036745 36.164184, 22.039627 36.165627, 22.039779 36.165712, 22.039892 36.16579, 22.039994 36.165876, 22.040086 36.165971, 22.040186 36.166097, 22.043153 36.170305, 22.043238 36.170441, 22.043292 36.170555, 22.043332 36.170672, 22.043358 36.170793, 22.043368 36.170914, 22.043364 36.171037, 22.043344 36.171158, 22.043309 36.171277, 22.043261 36.171392, 22.043198 36.171503, 22.043103 36.171634, 22.041303 36.173854, 22.041232 36.173952, 22.041172 36.174055, 22.041124 36.174163, 22.041088 36.174273, 22.041066 36.174386, 22.041056 36.1745, 22.04106 36.174614, 22.041077 36.174728, 22.041107 36.174839, 22.041107 36.174841, 22.041151 36.174952, 22.041207 36.175059, 22.041275 36.175161, 22.041356 36.175257, 22.041447 36.175347, 22.041548 36.175429, 22.041658 36.175502, 22.041777 36.175567, 22.041902 36.175622, 22.042033 36.175667, 22.044165 36.176298, 22.044334 36.176356, 22.044462 36.176413, 22.044583 36.17648, 22.044696 36.176556, 22.044798 36.176642, 22.04489 36.176735, 22.04499 36.17686, 22.046402 36.178825, 22.046479 36.178921, 22.046567 36.179011, 22.046665 36.179094, 22.046773 36.179169, 22.046888 36.179235, 22.047011 36.179292, 22.04714 36.179339, 22.047273 36.179376, 22.047411 36.179402, 22.04755 36.179418, 22.047691 36.179422, 22.047832 36.179416, 22.047971 36.179398, 22.048108 36.17937, 22.048241 36.179331, 22.048369 36.179282, 22.050674 36.178286, 22.050836 36.178224, 22.050972 36.178185, 22.051111 36.178156, 22.051252 36.178139, 22.051396 36.178134, 22.051575 36.178141, 22.055624 36.178461, 22.055812 36.178484, 22.055959 36.178515, 22.056101 36.178558, 22.056238 36.178613, 22.056367 36.178679, 22.056486 36.178755, 22.056596 36.178841, 22.056694 36.178936, 22.05678 36.179039, 22.056871 36.179176, 22.058006 36.181118, 22.058078 36.18126, 22.058122 36.181377, 22.05815 36.181497, 22.058164 36.181619, 22.058163 36.181742, 22.058146 36.181864, 22.058115 36.181984, 22.058069 36.1821, 22.058008 36.182213, 22.057935 36.182319, 22.057826 36.182444, 22.056293 36.184038, 22.056208 36.184136, 22.056136 36.18424, 22.056076 36.18435, 22.05603 36.184464, 22.055997 36.184581, 22.055979 36.1847, 22.055976 36.18482, 22.055987 36.18494, 22.056013 36.185058, 22.056052 36.185174, 22.056106 36.185286, 22.056172 36.185393, 22.056252 36.185494, 22.056343 36.185588, 22.056445 36.185674, 22.056557 36.185752, 22.056678 36.18582, 22.056806 36.185878, 22.056941 36.185925, 22.057081 36.185962, 22.059588 36.1865, 22.05977 36.186547, 22.059909 36.186597, 22.060041 36.186658, 22.060165 36.18673, 22.06028 36.186812, 22.060383 36.186903, 22.060475 36.187002, 22.060573 36.187136, 22.061799 36.18901, 22.061871 36.189109, 22.061954 36.189201, 22.062047 36.189287, 22.06215 36.189365, 22.062261 36.189435, 22.066604 36.191897, 22.06674 36.191965, 22.066885 36.192021, 22.067035 36.192064, 22.073487 36.193593, 22.073664 36.193643, 22.073799 36.193695, 22.073928 36.193757, 22.074048 36.19383, 22.074159 36.193912, 22.074259 36.194003, 22.074347 36.194102, 22.074442 36.194234, 22.075938 36.196589, 22.076011 36.196718, 22.076057 36.196826, 22.076091 36.196936, 22.076112 36.197048, 22.07612 36.197162, 22.076115 36.197275, 22.076097 36.197388, 22.076058 36.197527, 22.075192 36.200079, 22.07516 36.200195, 22.075142 36.200313, 22.075138 36.200431, 22.075148 36.20055, 22.075173 36.200667, 22.075211 36.200781, 22.075263 36.200892, 22.075328 36.200999, 22.075405 36.201099, 22.075494 36.201193, 22.075594 36.201279, 22.075703 36.201357, 22.075822 36.201426, 22.075948 36.201485, 22.07608 36.201533, 22.076217 36.201571, 22.084282 36.203429, 22.084461 36.203478, 22.084597 36.203529, 22.084727 36.203591, 22.084849 36.203664, 22.084961 36.203746, 22.085062 36.203837, 22.085151 36.203936, 22.085227 36.204042, 22.085306 36.204182, 22.08871 36.21114, 22.08877 36.211247, 22.088842 36.211349, 22.088926 36.211444, 22.089021 36.211533, 22.089126 36.211613, 22.08924 36.211685, 22.089362 36.211748, 22.089491 36.2118, 22.089625 36.211842, 22.099124 36.214376, 22.099291 36.214428, 22.099418 36.21448, 22.099539 36.214541, 22.099653 36.214612, 22.099757 36.214692, 22.099852 36.214779, 22.099936 36.214873, 22.100026 36.214999, 22.101993 36.21806, 22.102065 36.21816, 22.102149 36.218255, 22.102243 36.218342, 22.102347 36.218422, 22.102461 36.218493, 22.102582 36.218554, 22.102709 36.218606, 22.102842 36.218648, 22.10298 36.218679, 22.10312 36.218699, 22.103262 36.218707, 22.103404 36.218705, 22.111787 36.218231, 22.111963 36.218228, 22.112103 36.218237, 22.112242 36.218256, 22.112377 36.218286, 22.112557 36.218341, 22.112693 36.218377, 22.112832 36.218402, 22.112974 36.218416, 22.113117 36.218418, 22.113259 36.218409, 22.113399 36.218389, 22.113537 36.218359, 22.11367 36.218317, 22.113798 36.218265, 22.113919 36.218203, 22.114032 36.218132, 22.114136 36.218053, 22.114231 36.217965, 22.114315 36.217871, 22.114387 36.21777, 22.114447 36.217664, 22.114495 36.217554, 22.114529 36.217441, 22.11455 36.217325, 22.114557 36.217209, 22.114551 36.217092, 22.114531 36.216976, 22.113478 36.2125, 22.113443 36.212383, 22.113394 36.212269, 22.113332 36.21216, 22.113256 36.212057, 22.113168 36.21196, 22.113069 36.21187, 22.11296 36.21179, 22.112842 36.211718, 22.112715 36.211657, 22.112582 36.211606, 22.112443 36.211566, 22.109921 36.210958, 22.109746 36.210907, 22.109612 36.210856, 22.109485 36.210794, 22.109366 36.210722, 22.109257 36.210641, 22.109133 36.210529, 22.10379 36.205162, 22.103692 36.205073, 22.103584 36.204993, 22.103467 36.204921, 22.103343 36.20486, 22.103211 36.204808, 22.103074 36.204768, 22.096844 36.203215, 22.096671 36.203164, 22.096539 36.203113, 22.096414 36.203051, 22.096296 36.202979, 22.096188 36.202898, 22.09609 36.202808, 22.096004 36.202711, 22.09593 36.202608, 22.095868 36.202499, 22.095808 36.202357, 22.094976 36.200023, 22.094933 36.199873, 22.094913 36.199751, 22.094909 36.199628, 22.09492 36.199505, 22.094946 36.199384, 22.094987 36.199265, 22.095042 36.199151, 22.095111 36.199042, 22.095214 36.198913, 22.0963 36.197696, 22.096411 36.197584, 22.09651 36.197501, 22.096618 36.197426, 22.096734 36.197361, 22.096858 36.197304, 22.096987 36.197258, 22.097121 36.197221, 22.097259 36.197196, 22.097399 36.197181, 22.09754 36.197177, 22.097681 36.197185, 22.09782 36.197203, 22.097957 36.197232, 22.09809 36.197272, 22.098249 36.197334, 22.100912 36.198508, 22.101041 36.198559, 22.101174 36.198598, 22.101312 36.198628, 22.101453 36.198646, 22.101595 36.198653, 22.101737 36.198649, 22.101878 36.198634, 22.102016 36.198607, 22.102151 36.19857, 22.102285 36.198528, 22.102413 36.198481, 22.102536 36.198424, 22.102651 36.198358, 22.102758 36.198284, 22.102856 36.198202, 22.102944 36.198112, 22.103021 36.198016, 22.103087 36.197914, 22.103141 36.197808, 22.103182 36.197698, 22.103823 36.195644, 22.103852 36.195529, 22.103867 36.195412, 22.103868 36.195294, 22.103855 36.195177, 22.103829 36.195062, 22.103789 36.194949, 22.103736 36.19484, 22.10367 36.194735, 22.103592 36.194637, 22.103503 36.194544, 22.103403 36.19446, 22.103294 36.194384, 22.103177 36.194316, 22.103051 36.194259, 22.10292 36.194211, 22.102784 36.194174, 22.102644 36.194149, 22.100255 36.193806, 22.100077 36.193773, 22.099937 36.193735, 22.099804 36.193686, 22.099676 36.193626, 22.099557 36.193557, 22.099447 36.193478, 22.099346 36.19339, 22.099235 36.193271, 22.097817 36.191588, 22.097723 36.191488, 22.097618 36.191397, 22.097501 36.191315, 22.097374 36.191243, 22.097239 36.191183, 22.097097 36.191134, 22.09695 36.191098, 22.096799 36.191075, 22.093954 36.190757, 22.09378 36.19073, 22.093643 36.190698, 22.093511 36.190655, 22.093384 36.190602, 22.093264 36.190539, 22.093152 36.190468, 22.093049 36.190387, 22.092933 36.190277, 22.091043 36.188306, 22.090942 36.18819, 22.090872 36.188091, 22.090814 36.187987, 22.090768 36.187879, 22.090726 36.18774, 22.090204 36.185555, 22.090166 36.185432, 22.090113 36.185313, 22.090045 36.185199, 22.089963 36.185092, 22.089868 36.184992, 22.089761 36.184901, 22.085914 36.18196, 22.085798 36.181864, 22.085714 36.18178, 22.08564 36.181691, 22.08556 36.181572, 22.08204 36.17579, 22.08197 36.17566, 22.081926 36.175553, 22.081895 36.175442, 22.081876 36.17533, 22.081871 36.175216, 22.08188 36.175075, 22.082444 36.170444, 22.082452 36.170325, 22.082445 36.170205, 22.082423 36.170087, 22.082388 36.169971, 22.082338 36.169859, 22.082276 36.16975, 22.082201 36.169648, 22.082113 36.169552, 22.082015 36.169464, 22.081906 36.169384, 22.081789 36.169313, 22.081663 36.169252, 22.081531 36.169201, 22.081393 36.169161, 22.0795 36.1687, 22.079331 36.168651, 22.079201 36.168602, 22.079078 36.168543, 22.078962 36.168474, 22.078855 36.168396, 22.078757 36.16831, 22.07867 36.168217, 22.078595 36.168118, 22.078516 36.167986, 22.07683 36.164816, 22.076762 36.164704, 22.076681 36.164599, 22.076587 36.164501, 22.076481 36.164412, 22.076365 36.164332, 22.076239 36.164262, 22.076105 36.164203, 22.075965 36.164156, 22.071556 36.162882, 22.07143 36.162851, 22.071301 36.162829, 22.07117 36.162816, 22.071038 36.162813, 22.070906 36.16282, 22.067611 36.163109, 22.067435 36.163117, 22.067293 36.163113, 22.067153 36.163098, 22.067016 36.163072, 22.066882 36.163035, 22.066753 36.162988, 22.06663 36.162931, 22.066514 36.162865, 22.066407 36.16279, 22.066284 36.162686, 22.064413 36.160945, 22.064312 36.160859, 22.0642 36.160782, 22.064079 36.160714, 22.063951 36.160657, 22.063817 36.160609, 22.063677 36.160573, 22.060152 36.159817, 22.059988 36.159775, 22.05986 36.159731, 22.059739 36.159678, 22.059624 36.159616, 22.059516 36.159545, 22.059417 36.159467, 22.059327 36.159381, 22.059248 36.159289, 22.059162 36.159166, 22.056242 36.154518, 22.056167 36.154381, 22.05612 36.154268, 22.056087 36.154151, 22.056068 36.154032, 22.056064 36.153912, 22.056074 36.153792, 22.056098 36.153674, 22.056137 36.153558, 22.05619 36.153446, 22.056256 36.153339, 22.056334 36.153238, 22.056425 36.153143, 22.056526 36.153057, 22.056665 36.152959, 22.057297 36.152559, 22.057406 36.152482, 22.057505 36.152398, 22.057594 36.152306, 22.057672 36.152207, 22.057738 36.152102, 22.057791 36.151993, 22.057831 36.15188, 22.057857 36.151765, 22.05787 36.151648, 22.057869 36.15153, 22.057854 36.151413, 22.057825 36.151298, 22.057782 36.151186, 22.057727 36.151078, 22.057659 36.150974, 22.057579 36.150877, 22.057488 36.150786, 22.057387 36.150702, 22.057276 36.150628, 22.057157 36.150562, 22.057031 36.150506, 22.056899 36.150461, 22.056762 36.150426, 22.056622 36.150402, 22.056479 36.150389, 22.056335 36.150388, 22.056193 36.150398, 22.056051 36.150419, 22.055914 36.150452, 22.055808 36.150486, 22.055656 36.150528, 22.055515 36.150555, 22.055371 36.15057, 22.055226 36.150574, 22.055081 36.150566, 22.054937 36.150547, 22.054797 36.150516, 22.054661 36.150474, 22.054531 36.150421, 22.054377 36.150342, 22.049232 36.147416, 22.04909 36.147327, 22.048986 36.147247, 22.048891 36.147159, 22.048807 36.147063, 22.048735 36.146962, 22.04866 36.146829, 22.047445 36.144353, 22.047388 36.14422, 22.047355 36.144111, 22.047335 36.144, 22.047327 36.143888, 22.047332 36.143776, 22.047349 36.143664, 22.047379 36.143555, 22.047432 36.143421, 22.048288 36.141555, 22.048332 36.141443, 22.048362 36.141327, 22.048379 36.14121, 22.048382 36.141091, 22.04837 36.140973, 22.048345 36.140857, 22.048306 36.140743, 22.048253 36.140633, 22.048188 36.140528, 22.04811 36.140428, 22.048021 36.140335, 22.047921 36.140249, 22.047812 36.140172, 22.047694 36.140104, 22.047568 36.140046, 22.047436 36.139998, 22.047299 36.13996, 22.047165 36.13993, 22.047024 36.139903, 22.04688 36.139889, 22.046735 36.139885, 22.046591 36.139894, 22.046448 36.139914, 22.046309 36.139945, 22.046174 36.139987, 22.043241 36.141039, 22.043072 36.141091, 22.042932 36.141122, 22.04279 36.141142, 22.042645 36.141151, 22.042501 36.141147, 22.042357 36.141133, 22.042216 36.141106, 22.042079 36.141069, 22.041947 36.141021, 22.041821 36.140962, 22.041703 36.140894, 22.041594 36.140816, 22.041494 36.140731, 22.041405 36.140637, 22.041328 36.140537, 22.041246 36.140405, 22.039772 36.137687, 22.039709 36.137584, 22.039634 36.137486, 22.039548 36.137395, 22.039452 36.137311, 22.039347 36.137234, 22.039233 36.137166, 22.039112 36.137108, 22.038985 36.137058, 22.038852 36.13702, 22.034235 36.135863, 22.034071 36.135815, 22.033945 36.135766, 22.033825 36.135708, 22.033712 36.135641, 22.033607 36.135566, 22.033512 36.135483, 22.033426 36.135393, 22.033351 36.135297, 22.033288 36.135195, 22.033236 36.135089, 22.033197 36.134979, 22.033164 36.134839, 22.032705 36.132228, 22.032677 36.132111, 22.032636 36.131996, 22.03258 36.131886, 22.032512 36.13178, 22.032431 36.131681, 22.032339 36.131589, 22.032236 36.131504, 22.032124 36.131428, 22.032003 36.131362, 22.031875 36.131305, 22.03174 36.131259, 22.031601 36.131225, 22.031458 36.131201, 22.031313 36.131189, 22.027727 36.131045, 22.027544 36.13103, 22.027399 36.131006, 22.027259 36.130971, 22.027123 36.130924, 22.026994 36.130866, 22.026872 36.130799, 22.026759 36.130721, 22.026656 36.130635, 22.026564 36.130541, 22.026484 36.13044, 22.026417 36.130333, 22.026362 36.13022, 22.026322 36.130104, 22.026296 36.129986, 22.026282 36.129835, 22.026128 36.1253, 22.026117 36.125179, 22.02609 36.125059, 22.026049 36.124942, 22.025994 36.124829, 22.025926 36.124721, 22.025844 36.124619, 22.02575 36.124524, 22.025646 36.124438, 22.025531 36.12436, 22.025407 36.124293, 22.025276 36.124236, 22.025138 36.12419, 22.024995 36.124155, 22.022366 36.123636, 22.022191 36.123594, 22.022056 36.123549, 22.021927 36.123494, 22.021805 36.123428, 22.021692 36.123353, 22.021588 36.12327, 22.021495 36.123178, 22.021413 36.123079, 22.021344 36.122974, 22.021273 36.122837, 22.020321 36.120694, 22.020263 36.120583, 22.020193 36.120476, 22.020109 36.120376, 22.020014 36.120283, 22.019908 36.120199, 22.019792 36.120123, 22.019668 36.120058, 22.019536 36.120003, 22.019398 36.119959, 22.019255 36.119926, 22.01911 36.119906, 22.016071 36.119601, 22.015878 36.119573, 22.015728 36.119538, 22.015547 36.119478, 22.008321 36.1167, 22.008194 36.116657, 22.008062 36.116623, 22.007927 36.1166, 22.00779 36.116588, 22.007652 36.116586, 22.007514 36.116594, 22.007378 36.116613, 22.007245 36.116642, 22.007115 36.116681, 22.004074 36.117736, 22.003903 36.117787, 22.003763 36.117817, 22.00362 36.117835, 22.003476 36.117842, 22.003331 36.117837, 22.003187 36.117821, 22.003011 36.117786, 21.996802 36.116293, 21.996637 36.116246, 21.99651 36.116199, 21.996389 36.116142, 21.996275 36.116076, 21.996169 36.116001, 21.996073 36.115919, 21.995986 36.115829, 21.99591 36.115734, 21.995845 36.115632, 21.995792 36.115527, 21.995741 36.11539, 21.994702 36.11201, 21.994657 36.111891, 21.994598 36.111777, 21.994525 36.111669, 21.994439 36.111567, 21.994341 36.111473, 21.994232 36.111387, 21.994112 36.111311, 21.993984 36.111246, 21.993848 36.111191, 21.993706 36.111148, 21.990176 36.110247, 21.990011 36.110198, 21.989884 36.110149, 21.989764 36.110089, 21.989651 36.110021, 21.989546 36.109945, 21.989451 36.10986, 21.989366 36.109768, 21.989273 36.109646, 21.987893 36.107618, 21.987813 36.107513, 21.98772 36.107416, 21.987616 36.107326, 21.987501 36.107246, 21.987376 36.107176, 21.987244 36.107117, 21.987105 36.107069, 21.986961 36.107032, 21.986813 36.107008, 21.986662 36.106997, 21.986511 36.106998, 21.98084 36.107276, 21.980661 36.107277, 21.980519 36.107267, 21.980378 36.107246, 21.980241 36.107214, 21.980108 36.107171, 21.97998 36.107118, 21.97986 36.107055, 21.979747 36.106982, 21.979644 36.106901, 21.97955 36.106813, 21.979447 36.106693, 21.97771 36.104454, 21.977626 36.104357, 21.97753 36.104267, 21.977425 36.104185, 21.97731 36.104112, 21.977187 36.104048, 21.977056 36.103995, 21.97692 36.103952, 21.97678 36.103921, 21.976637 36.103901, 21.976491 36.103892, 21.976346 36.103896, 21.976202 36.103911, 21.97606 36.103937, 21.975922 36.103975, 21.975789 36.104024, 21.975663 36.104083, 21.975544 36.104152, 21.975434 36.104231, 21.975334 36.104317, 21.975245 36.104412, 21.975168 36.104513, 21.975104 36.10462, 21.975052 36.104731, 21.975014 36.104846, 21.97499 36.104964, 21.97498 36.105083, 21.974985 36.105202, 21.975003 36.10532, 21.975402 36.107131, 21.975425 36.107275, 21.97543 36.10739, 21.975421 36.107506, 21.975399 36.10762, 21.975364 36.107732, 21.975316 36.10784, 21.975256 36.107945, 21.975184 36.108044, 21.9751 36.108137, 21.975006 36.108224, 21.974903 36.108302, 21.974762 36.10839, 21.97275 36.109527, 21.97259 36.109607, 21.972455 36.109661, 21.972315 36.109703, 21.97217 36.109733, 21.972021 36.109751, 21.971872 36.109757, 21.971722 36.10975, 21.971574 36.109731, 21.971429 36.1097, 21.971289 36.109657, 21.971155 36.109602, 21.971028 36.109537, 21.97091 36.109461, 21.970802 36.109376, 21.970681 36.109259, 21.96733 36.105679, 21.967229 36.105558, 21.967159 36.105456, 21.967102 36.105349, 21.967057 36.105237, 21.967026 36.105123, 21.967009 36.105006, 21.967005 36.104889, 21.967016 36.104772, 21.96704 36.104657, 21.967077 36.104544, 21.967128 36.104434, 21.967191 36.104329, 21.967267 36.104229, 21.967354 36.104136, 21.967476 36.104029, 21.969823 36.102155, 21.969963 36.102054, 21.970085 36.101983, 21.970086 36.101982, 21.970211 36.101916, 21.970327 36.101841, 21.970434 36.101756, 21.97053 36.101663, 21.970613 36.101562, 21.970685 36.101455, 21.970742 36.101343, 21.970786 36.101227, 21.970815 36.101107, 21.970829 36.100986, 21.970829 36.100864, 21.970813 36.100743, 21.970783 36.100624, 21.970738 36.100508, 21.97068 36.100396, 21.970608 36.100289, 21.970568 36.100237, 21.970488 36.100142, 21.970398 36.100054, 21.970298 36.099974, 21.97019 36.099901, 21.970073 36.099838, 21.96995 36.099783, 21.969821 36.099739, 21.969687 36.099704, 21.963791 36.098434, 21.963619 36.098389, 21.963486 36.098343, 21.96336 36.098286, 21.963241 36.09822, 21.963102 36.098125, 21.960832 36.096411, 21.960715 36.096331, 21.960589 36.096262, 21.960455 36.096204, 21.960314 36.096157, 21.960168 36.096122, 21.960019 36.0961, 21.959868 36.09609, 21.958458 36.09606, 21.958311 36.096063, 21.958165 36.096077, 21.958022 36.096104, 21.957882 36.096142, 21.957748 36.096191, 21.957621 36.096251, 21.957501 36.09632, 21.95739 36.096399, 21.95729 36.096487, 21.957201 36.096583, 21.957123 36.096685, 21.957058 36.096793, 21.957007 36.096906, 21.956084 36.099292, 21.956017 36.099438, 21.955949 36.099549, 21.955868 36.099655, 21.955773 36.099753, 21.955667 36.099842, 21.955551 36.099922, 21.955424 36.099992, 21.955256 36.100066, 21.952116 36.101275, 21.951956 36.101329, 21.951823 36.101363, 21.951688 36.101386, 21.95155 36.101399, 21.951412 36.101401, 21.951274 36.101392, 21.951137 36.101373, 21.951003 36.101343, 21.950841 36.101294, 21.949065 36.100672, 21.948896 36.100605, 21.948705 36.100507, 21.94858 36.10045, 21.948452 36.100405, 21.948431 36.100341, 21.94838 36.100231, 21.948316 36.100126, 21.948267 36.100052, 21.947736 36.099169, 21.947665 36.099064, 21.947582 36.098965, 21.947487 36.098874, 21.947381 36.098791, 21.947266 36.098716, 21.947143 36.098652, 21.947012 36.098597, 21.946875 36.098554, 21.946734 36.098521, 21.94659 36.098501, 21.946444 36.098492, 21.946297 36.098495, 21.946152 36.09851, 21.946009 36.098536, 21.94587 36.098575, 21.945736 36.098624, 21.945609 36.098683, 21.945489 36.098753, 21.945379 36.098832, 21.945279 36.09892, 21.94519 36.099015, 21.945112 36.099117, 21.945048 36.099225, 21.944997 36.099338, 21.944959 36.099454, 21.944865 36.099821, 21.944842 36.099934))",40.3456,51.9389,36.153029,22.034147,"21.94483,36.09606,22.11456,36.21871",20.3193,3.4452,41.606,0.7339,0.9855,0.1879,0.8175,5.8979,EVT0006-OBS001,0.0,13.5251,32.954,3,17.419,0.879,observed,True
EVT0006,EVT0006-OBS003,,2026-01-08T22:48:14Z,94.804,INTERPOLATED,"POLYGON ((22.239329 36.38673, 22.238202 36.383526, 22.235444 36.379766, 22.2311 36.375514, 22.225246 36.370843, 22.21798 36.365833, 22.209429 36.360569, 22.199737 36.355142, 22.189071 36.349644, 22.177613 36.34417, 22.16556 36.338813, 22.153117 36.333665, 22.140497 36.328814, 22.127917 36.324343, 22.115592 36.320329, 22.103732 36.316839, 22.09254 36.313935, 22.082208 36.311665, 22.072914 36.310068, 22.064814 36.309172, 22.058049 36.308992, 22.052735 36.309531, 22.048961 36.31078, 22.046793 36.312718, 22.046267 36.315311, 22.047393 36.318515, 22.050152 36.322275, 22.054496 36.326527, 22.06035 36.331198, 22.067615 36.336208, 22.076167 36.341472, 22.085859 36.346899, 22.096525 36.352397, 22.107983 36.357871, 22.120036 36.363227, 22.132479 36.368375, 22.145099 36.373227, 22.157679 36.377698, 22.170004 36.381712, 22.181864 36.385202, 22.193056 36.388106, 22.203387 36.390376, 22.212682 36.391973, 22.220781 36.392869, 22.227546 36.393049, 22.232861 36.39251, 22.236635 36.391261, 22.238803 36.389323, 22.239329 36.38673))",65.5517,41.2273,36.35102,22.142798,"22.04627,36.30899,22.23933,36.39305",19.4733,4.2974,26.797,1.0,0.9753,0.4846,1.0,4.5314,EVT0006-OBS002,0.0,24.1648,62.476,3,18.151,0.0,synthetic,False
EVT0006,EVT0006-OBS004,S1_EVT0006_04,2026-01-09T16:57:18Z,112.955,OBSERVED,"POLYGON ((22.141019 36.552402, 22.14368 36.552506, 22.146141 36.549266, 22.152347 36.547876, 22.157606 36.550882, 22.158003 36.554718, 22.160337 36.555858, 22.164242 36.553008, 22.167838 36.553137, 22.173657 36.550284, 22.177674 36.554057, 22.180469 36.554054, 22.184025 36.55167, 22.193267 36.557187, 22.203302 36.553997, 22.212339 36.559025, 22.220605 36.556707, 22.227414 36.559608, 22.231683 36.557955, 22.236688 36.558289, 22.241964 36.563117, 22.247145 36.558743, 22.253071 36.561434, 22.256046 36.564527, 22.263905 36.563125, 22.268332 36.565806, 22.274838 36.564771, 22.279906 36.562136, 22.28723 36.566601, 22.291375 36.565882, 22.29796 36.567952, 22.300356 36.566822, 22.301532 36.563983, 22.305719 36.563383, 22.317158 36.566772, 22.319568 36.569899, 22.328324 36.571202, 22.327865 36.576661, 22.333848 36.581764, 22.335823 36.581522, 22.337167 36.579545, 22.33343 36.576718, 22.33314 36.574538, 22.343376 36.570272, 22.343347 36.560524, 22.338322 36.558089, 22.339117 36.55498, 22.337702 36.55301, 22.329924 36.553426, 22.331308 36.546676, 22.329972 36.544727, 22.324985 36.545991, 22.316864 36.545364, 22.315542 36.543553, 22.316466 36.54055, 22.313726 36.538847, 22.310319 36.538923, 22.303841 36.54166, 22.297592 36.538339, 22.294542 36.541575, 22.29242 36.541836, 22.289906 36.540054, 22.291802 36.535926, 22.2894 36.534336, 22.286748 36.535948, 22.287123 36.539846, 22.284061 36.540364, 22.281463 36.537664, 22.277534 36.537443, 22.274468 36.53566, 22.275101 36.531365, 22.269729 36.525161, 22.266498 36.527217, 22.269706 36.5305, 22.269419 36.532331, 22.266647 36.534099, 22.262522 36.534282, 22.25941 36.537049, 22.256081 36.536244, 22.254185 36.531333, 22.248995 36.527055, 22.246505 36.528208, 22.245032 36.53213, 22.238664 36.529524, 22.233215 36.532582, 22.229121 36.532291, 22.220991 36.535034, 22.217015 36.534577, 22.213303 36.531579, 22.208714 36.534263, 22.205092 36.532619, 22.200402 36.533331, 22.198771 36.529884, 22.196358 36.528742, 22.192794 36.531912, 22.190041 36.53252, 22.187437 36.529434, 22.184791 36.528862, 22.182879 36.530391, 22.18189 36.534876, 22.17148 36.535189, 22.166577 36.538799, 22.160356 36.537338, 22.159921 36.53276, 22.156824 36.531666, 22.155004 36.534178, 22.158355 36.536615, 22.158348 36.538732, 22.154748 36.540958, 22.150746 36.539025, 22.148059 36.539598, 22.14798 36.5436, 22.145594 36.547055, 22.14033 36.549431, 22.141019 36.552402), (22.163998 36.547955, 22.164181 36.551079, 22.160922 36.551452, 22.160007 36.549074, 22.163998 36.547955))",48.1988,57.0105,36.549011,22.251449,"22.14033,36.52516,22.34338,36.58176",18.6313,5.1505,10.33,0.6622,0.961,0.1864,0.733,3.6174,EVT0006-OBS003,0.0,24.1648,-26.472,4,18.151,0.99,observed,True
EVT0006,EVT0006-OBS005,S1_EVT0006_05,2026-01-10T11:03:46Z,131.063,OBSERVED,"POLYGON ((22.379599 36.890339, 22.386305 36.890028, 22.38632 36.873838, 22.384229 36.873804, 22.383467 36.870935, 22.386305 36.870001, 22.386183 36.864945, 22.38331 36.867256, 22.383539 36.870368, 22.378605 36.871957, 22.376509 36.876869, 22.377297 36.879211, 22.382234 36.879712, 22.384055 36.882257, 22.381194 36.885302, 22.377989 36.886032, 22.374711 36.882227, 22.371801 36.882228, 22.370438 36.883658, 22.372485 36.886623, 22.376867 36.886839, 22.379599 36.890339))",1.6474,9.5621,36.880185,22.381286,"22.37044,36.86495,22.38632,36.89034",2.8273,1.4474,90.045,0.6555,0.859,0.2264,0.7423,1.9534,EVT0006-OBS004,0.0,38.7207,-96.582,5,18.108,0.868,observed,True
EVT0006,EVT0006-OBS006,S1_EVT0006_06,2026-01-11T05:06:35Z,149.11,OBSERVED,"POLYGON ((22.268083 36.945576, 22.271118 36.945184, 22.271934 36.941674, 22.273904 36.940536, 22.278231 36.943345, 22.282652 36.942797, 22.283942 36.944148, 22.283465 36.947966, 22.289999 36.952338, 22.309233 36.952097, 22.311798 36.957092, 22.323633 36.959453, 22.327124 36.963055, 22.333674 36.962717, 22.336927 36.965284, 22.341906 36.96269, 22.348842 36.965095, 22.352816 36.962605, 22.359312 36.96251, 22.3626 36.965734, 22.368837 36.965051, 22.374326 36.966841, 22.378055 36.969689, 22.380036 36.968993, 22.381364 36.966099, 22.386177 36.964254, 22.386102 36.938632, 22.384336 36.93904, 22.382663 36.941879, 22.376601 36.943953, 22.374167 36.943568, 22.370544 36.940194, 22.366926 36.94352, 22.364471 36.943894, 22.359049 36.935871, 22.3563 36.935886, 22.353596 36.939012, 22.34993 36.937963, 22.35091 36.932621, 22.348827 36.93045, 22.346246 36.931049, 22.342099 36.937665, 22.339629 36.93738, 22.335961 36.934083, 22.330891 36.936867, 22.320319 36.935275, 22.316688 36.932549, 22.310533 36.930711, 22.299669 36.939112, 22.293454 36.934882, 22.290881 36.934538, 22.287236 36.935998, 22.282631 36.935581, 22.280388 36.93848, 22.278067 36.938875, 22.275529 36.935123, 22.273482 36.934448, 22.270984 36.935653, 22.266599 36.942873, 22.268083 36.945576), (22.287961 36.940047, 22.291699 36.939355, 22.293412 36.942927, 22.291734 36.94391, 22.28805 36.942703, 22.287961 36.940047))",25.1981,33.8115,36.948727,22.33654,"22.26660,36.93045,22.38618,36.96969",11.1206,3.9857,7.451,0.7517,0.9336,0.277,0.7737,2.7901,EVT0006-OBS005,0.0,8.6526,1429.596,6,18.047,0.99,observed,True
EVT0006,EVT0006-OBS007,,2026-01-11T22:21:43Z,166.362,INTERPOLATED,"POLYGON ((22.359448 37.178079, 22.361846 37.176442, 22.363947 37.174088, 22.365715 37.171058, 22.36712 37.167403, 22.368137 37.163187, 22.36875 37.15848, 22.368949 37.153365, 22.368728 37.147928, 22.368093 37.142262, 22.367054 37.136464, 22.365629 37.130634, 22.363843 37.12487, 22.361725 37.119273, 22.359313 37.113938, 22.356647 37.108955, 22.353773 37.10441, 22.35074 37.100382, 22.3476 37.096938, 22.344408 37.094138, 22.341216 37.092029, 22.338081 37.090649, 22.335055 37.090019, 22.332191 37.090152, 22.329537 37.091045, 22.32714 37.092682, 22.325039 37.095036, 22.323271 37.098067, 22.321866 37.101721, 22.320848 37.105938, 22.320235 37.110644, 22.320037 37.11576, 22.320257 37.121197, 22.320892 37.126863, 22.321931 37.132661, 22.323356 37.138491, 22.325143 37.144254, 22.32726 37.149851, 22.329673 37.155187, 22.332339 37.16017, 22.335213 37.164714, 22.338245 37.168743, 22.341385 37.172187, 22.344578 37.174987, 22.347769 37.177095, 22.350905 37.178476, 22.35393 37.179105, 22.356794 37.178972, 22.359448 37.178079))",31.3864,23.1983,37.134562,22.344493,"22.32004,37.09002,22.36895,37.17911",10.1355,3.9515,78.679,1.0,0.9209,0.7329,1.0,2.5649,EVT0006-OBS006,0.0,20.6999,24.558,6,17.252,0.0,synthetic,False
EVT0006,EVT0006-OBS008,S1_EVT0006_08,2026-01-12T15:36:50Z,183.614,OBSERVED,"POLYGON ((22.307294 37.338742, 22.313711 37.334218, 22.324345 37.333424, 22.325619 37.331736, 22.328096 37.331996, 22.328487 37.334092, 22.325247 37.334533, 22.324244 37.336543, 22.325732 37.343065, 22.328919 37.34541, 22.336894 37.347579, 22.338818 37.346385, 22.339816 37.343078, 22.344694 37.342238, 22.345843 37.338552, 22.349996 37.335458, 22.353471 37.335564, 22.355625 37.339779, 22.358009 37.340035, 22.359871 37.338856, 22.359868 37.336301, 22.354844 37.334835, 22.353848 37.331551, 22.351969 37.330365, 22.343425 37.333903, 22.340698 37.332965, 22.340907 37.330795, 22.348728 37.327386, 22.351156 37.323789, 22.35291 37.323987, 22.355091 37.326688, 22.359266 37.327127, 22.360889 37.330193, 22.363122 37.33094, 22.3662 37.328413, 22.362891 37.325112, 22.363456 37.323382, 22.366062 37.322318, 22.370706 37.322721, 22.37376 37.319526, 22.381515 37.31957, 22.384078 37.317626, 22.386474 37.314558, 22.386462 37.288923, 22.384788 37.289239, 22.383159 37.292044, 22.377756 37.290226, 22.375076 37.291493, 22.375571 37.294572, 22.380401 37.296133, 22.380083 37.299599, 22.375777 37.300758, 22.372355 37.29851, 22.362649 37.297753, 22.359927 37.299046, 22.359926 37.301582, 22.362794 37.303327, 22.363956 37.3069, 22.369179 37.307299, 22.370642 37.308589, 22.37077 37.312064, 22.373686 37.314396, 22.372849 37.318277, 22.367889 37.317395, 22.366316 37.312794, 22.361122 37.314008, 22.358015 37.312861, 22.357757 37.309201, 22.355546 37.307389, 22.353179 37.307643, 22.350695 37.310098, 22.344397 37.310849, 22.33876 37.308286, 22.336565 37.310097, 22.338748 37.314374, 22.336015 37.318093, 22.333206 37.317793, 22.332522 37.314806, 22.330627 37.313614, 22.328269 37.313871, 22.326725 37.316061, 22.329866 37.319306, 22.330351 37.323584, 22.335706 37.325035, 22.33608 37.329739, 22.333964 37.330144, 22.331504 37.327746, 22.32645 37.326689, 22.318891 37.329559, 22.310367 37.32969, 22.30419 37.336176, 22.307294 37.338742), (22.354326 37.312538, 22.354382 37.317716, 22.352403 37.318531, 22.349543 37.317767, 22.349703 37.314222, 22.351642 37.31204, 22.354326 37.312538), (22.338259 37.319918, 22.340644 37.321205, 22.339046 37.323598, 22.33652 37.322435, 22.338259 37.319918))",15.1113,43.3653,37.320397,22.352445,"22.30419,37.28892,22.38647,37.34758",9.1569,3.92,146.981,0.5889,0.9037,0.101,0.4943,2.336,EVT0006-OBS007,0.0,20.6999,-51.854,7,17.252,0.99,observed,True
EVT0006,EVT0006-OBS009,,2026-01-13T09:36:50Z,201.614,PREDICTED,"POLYGON ((22.325188 37.535932, 22.327632 37.537302, 22.330642 37.538278, 22.334167 37.538843, 22.338147 37.538988, 22.342513 37.53871, 22.347192 37.538015, 22.352102 37.536914, 22.35716 37.535425, 22.36228 37.533575, 22.367373 37.531395, 22.372352 37.528922, 22.377133 37.526199, 22.381634 37.523272, 22.385777 37.520191, 22.389492 37.517009, 22.392714 37.513781, 22.39539 37.510561, 22.397473 37.507405, 22.398928 37.504367, 22.399729 37.501499, 22.399863 37.498849, 22.399327 37.496464, 22.398132 37.494383, 22.396296 37.492644, 22.393853 37.491274, 22.390843 37.490298, 22.387317 37.489733, 22.383338 37.489588, 22.378971 37.489866, 22.374293 37.490561, 22.369382 37.491662, 22.364324 37.493151, 22.359205 37.495001, 22.354112 37.497181, 22.349132 37.499654, 22.344351 37.502377, 22.339851 37.505305, 22.335708 37.508385, 22.331993 37.511567, 22.32877 37.514795, 22.326094 37.518015, 22.324011 37.521171, 22.322557 37.524209, 22.321756 37.527077, 22.321622 37.529727, 22.322157 37.532112, 22.323353 37.534193, 22.325188 37.535932))",24.7478,19.4582,37.514288,22.360742,"22.32162,37.48959,22.39986,37.53899",8.1285,3.8838,148.774,1.0,0.8785,0.8214,1.0,2.0929,EVT0006-OBS008,0.0,21.5972,63.77,7,18.0,0.0,synthetic,False
EVT0006,EVT0006-OBS010,,2026-01-14T03:36:50Z,219.614,PREDICTED,"POLYGON ((22.338141 37.72732, 22.340452 37.728737, 22.343251 37.729802, 22.346492 37.730498, 22.350118 37.730811, 22.354069 37.730737, 22.358275 37.730277, 22.362666 37.729439, 22.367165 37.728237, 22.371697 37.726692, 22.376183 37.72483, 22.380547 37.722684, 22.384714 37.720289, 22.388613 37.717687, 22.392177 37.714922, 22.395345 37.712042, 22.398063 37.709095, 22.400284 37.706133, 22.401971 37.703207, 22.403095 37.700365, 22.403635 37.697657, 22.403584 37.695128, 22.402941 37.692824, 22.401719 37.690781, 22.399937 37.689037, 22.397627 37.68762, 22.394828 37.686555, 22.391587 37.68586, 22.38796 37.685547, 22.38401 37.685621, 22.379804 37.686081, 22.375413 37.686919, 22.370914 37.68812, 22.366382 37.689666, 22.361896 37.691527, 22.357532 37.693674, 22.353365 37.696069, 22.349466 37.698671, 22.345902 37.701436, 22.342734 37.704316, 22.340016 37.707262, 22.337794 37.710224, 22.336108 37.713151, 22.334984 37.715993, 22.334444 37.718701, 22.334495 37.721229, 22.335137 37.723534, 22.33636 37.725576, 22.338141 37.72732))",21.4395,17.5846,37.708179,22.369039,"22.33444,37.68555,22.40364,37.73081",7.1035,3.849,149.014,1.0,0.8405,0.8713,1.0,1.8456,EVT0006-OBS009,0.0,21.5972,-13.368,7,18.0,0.0,synthetic,False
EVT0007,EVT0007-OBS000,S1_EVT0007_01,2026-01-13T04:48:25Z,196.807,OBSERVED,"POLYGON ((18.343349 37.647035, 18.343348 37.647155, 18.343361 37.647274, 18.343389 37.647392, 18.34343 37.647507, 18.343486 37.647618, 18.343554 37.647723, 18.345212 37.650008, 18.345299 37.650142, 18.345355 37.650254, 18.345396 37.65037, 18.345424 37.650489, 18.345436 37.65061, 18.345434 37.650731, 18.345413 37.650882, 18.344641 37.654713, 18.344602 37.654858, 18.344558 37.654971, 18.3445 37.65508, 18.344429 37.655184, 18.344347 37.655282, 18.344229 37.655395, 18.342445 37.656955, 18.342348 37.657049, 18.342263 37.657151, 18.342191 37.657259, 18.342133 37.657373, 18.342089 37.657491, 18.34206 37.657612, 18.342046 37.657735, 18.342048 37.657858, 18.342065 37.657981, 18.342097 37.658101, 18.342173 37.658332, 18.34222 37.658449, 18.342281 37.658562, 18.342355 37.658669, 18.342443 37.65877, 18.342542 37.658862, 18.342653 37.658946, 18.342773 37.65902, 18.342902 37.659084, 18.343038 37.659136, 18.34312 37.659164, 18.343253 37.659203, 18.343391 37.659231, 18.343531 37.659249, 18.343672 37.659255, 18.343814 37.65925, 18.343954 37.659235, 18.344092 37.659208, 18.34708 37.658504, 18.347254 37.658471, 18.347396 37.658455, 18.347539 37.658451, 18.347683 37.658458, 18.347824 37.658476, 18.347963 37.658505, 18.348097 37.658546, 18.348227 37.658596, 18.34838 37.658672, 18.354935 37.662288, 18.355057 37.662349, 18.355186 37.6624, 18.35532 37.66244, 18.355458 37.66247, 18.355599 37.662488, 18.355742 37.662495, 18.355885 37.662491, 18.356027 37.662476, 18.361052 37.661726, 18.3612 37.661698, 18.361345 37.661657, 18.361483 37.661604, 18.361614 37.661539, 18.361736 37.661464, 18.361848 37.661379, 18.361949 37.661285, 18.362037 37.661183, 18.362112 37.661074, 18.362862 37.65984, 18.362921 37.65973, 18.362966 37.659616, 18.362997 37.659499, 18.363014 37.65938, 18.363017 37.659261, 18.363005 37.659141, 18.362979 37.659024, 18.362386 37.656943, 18.362353 37.656792, 18.362341 37.656671, 18.362345 37.656549, 18.362363 37.656428, 18.362396 37.656309, 18.362444 37.656193, 18.362506 37.656082, 18.362581 37.655976, 18.362668 37.655877, 18.362792 37.655764, 18.365108 37.653842, 18.3652 37.653758, 18.365282 37.653669, 18.365353 37.653573, 18.365413 37.653472, 18.365462 37.653367, 18.365498 37.653259, 18.365523 37.653149, 18.365534 37.653037, 18.365632 37.651013, 18.36563 37.650893, 18.365614 37.650773, 18.365584 37.650655, 18.365539 37.65054, 18.36548 37.650429, 18.365409 37.650324, 18.365325 37.650225, 18.36523 37.650133, 18.362475 37.64774, 18.36235 37.64762, 18.362264 37.647516, 18.36219 37.647405, 18.362132 37.647289, 18.362088 37.647168, 18.36206 37.647045, 18.362048 37.646919, 18.362052 37.646762, 18.36235 37.643555, 18.362353 37.64343, 18.362341 37.643306, 18.362314 37.643183, 18.362271 37.643063, 18.362213 37.642948, 18.362141 37.642838, 18.362056 37.642734, 18.361958 37.642638, 18.356764 37.638054, 18.356655 37.637967, 18.356535 37.63789, 18.356407 37.637823, 18.356271 37.637767, 18.3526 37.636455, 18.35246 37.636412, 18.352315 37.63638, 18.352167 37.636361, 18.352017 37.636354, 18.351868 37.636359, 18.351719 37.636377, 18.351574 37.636407, 18.347309 37.637479, 18.347165 37.637522, 18.347027 37.637577, 18.346897 37.637644, 18.346775 37.637721, 18.346665 37.637808, 18.346565 37.637904, 18.344932 37.639662, 18.344849 37.639761, 18.344779 37.639866, 18.344722 37.639976, 18.344678 37.640091, 18.344648 37.640208, 18.343364 37.646916, 18.343349 37.647035))",4.3364,8.5433,37.649735,18.353722,"18.34205,37.63635,18.36563,37.66250",2.8249,2.1037,98.909,0.9091,0.6674,0.7466,0.9571,1.3429,,,,,1,,0.99,observed,True
EVT0007,EVT0007-OBS001,S1_EVT0007_02,2026-01-14T02:37:20Z,218.622,OBSERVED,"POLYGON ((18.248063 38.087974, 18.249451 38.090338, 18.248545 38.092943, 18.249914 38.096933, 18.245026 38.099705, 18.245793 38.10469, 18.255083 38.116421, 18.26056 38.118026, 18.261537 38.122139, 18.264796 38.124665, 18.263342 38.131013, 18.266496 38.135304, 18.271672 38.135874, 18.274691 38.141878, 18.281475 38.147522, 18.282483 38.156022, 18.287011 38.156668, 18.290268 38.159437, 18.29391 38.15893, 18.29685 38.160454, 18.300355 38.160332, 18.303821 38.164025, 18.310246 38.162382, 18.312428 38.163849, 18.312476 38.167568, 18.317308 38.172552, 18.325908 38.168513, 18.325973 38.164028, 18.32977 38.157038, 18.328274 38.155432, 18.330289 38.15354, 18.329844 38.150888, 18.318234 38.140914, 18.317166 38.136869, 18.314244 38.135564, 18.309374 38.135696, 18.306769 38.134021, 18.305081 38.129476, 18.300615 38.127789, 18.298383 38.121434, 18.294715 38.120369, 18.290112 38.116896, 18.288865 38.113735, 18.285176 38.112686, 18.279337 38.106199, 18.274912 38.104527, 18.273384 38.100928, 18.270432 38.098858, 18.27103 38.094436, 18.268378 38.09164, 18.270557 38.088612, 18.269825 38.086328, 18.264352 38.086167, 18.257052 38.081999, 18.253689 38.073403, 18.248433 38.069791, 18.239798 38.073582, 18.240563 38.075882, 18.244919 38.077672, 18.242759 38.085497, 18.248063 38.087974))",30.6081,32.885,38.126743,18.283985,"18.23980,38.06979,18.33029,38.17255",13.1641,3.8071,52.501,0.7957,0.9573,0.3557,0.8919,3.4578,EVT0007-OBS000,0.0,53.4799,605.846,2,21.815,0.941,observed,True
EVT0007,EVT0007-OBS002,S1_EVT0007_03,2026-01-14T23:34:26Z,239.574,OBSERVED,"POLYGON ((18.035217 38.31586, 18.037856 38.318604, 18.041223 38.317839, 18.042796 38.314137, 18.048238 38.313472, 18.048935 38.309438, 18.050989 38.308366, 18.054736 38.310258, 18.05535 38.313599, 18.057462 38.314952, 18.061936 38.31564, 18.070427 38.31404, 18.070652 38.317929, 18.073135 38.319931, 18.076454 38.319221, 18.078117 38.316471, 18.081575 38.315608, 18.087488 38.317975, 18.095289 38.313378, 18.09854 38.317028, 18.101893 38.317749, 18.106066 38.31313, 18.111313 38.314434, 18.110531 38.318712, 18.113933 38.320829, 18.117304 38.318711, 18.115577 38.315033, 18.116797 38.31343, 18.122399 38.315026, 18.127811 38.311032, 18.137046 38.311513, 18.143656 38.314302, 18.147176 38.310999, 18.157581 38.308414, 18.160928 38.311021, 18.165794 38.311675, 18.168469 38.314817, 18.168158 38.319275, 18.170611 38.321269, 18.174011 38.320534, 18.175707 38.31759, 18.180383 38.316687, 18.182902 38.312896, 18.188006 38.318378, 18.199262 38.317783, 18.202366 38.321803, 18.209189 38.322426, 18.212193 38.320995, 18.211962 38.316159, 18.214275 38.314816, 18.216058 38.31523, 18.217192 38.318973, 18.22054 38.319717, 18.224111 38.315418, 18.22916 38.316535, 18.233686 38.314884, 18.235676 38.311944, 18.24168 38.311718, 18.242685 38.306516, 18.234234 38.302512, 18.232959 38.300253, 18.234476 38.299297, 18.237837 38.301477, 18.240545 38.301618, 18.243184 38.298805, 18.235125 38.290549, 18.230658 38.291466, 18.227094 38.288895, 18.22245 38.289908, 18.218011 38.287336, 18.211646 38.291221, 18.207801 38.291141, 18.203539 38.289854, 18.201549 38.285634, 18.197737 38.28538, 18.195131 38.282694, 18.190458 38.283005, 18.187144 38.281051, 18.183795 38.281799, 18.182866 38.285309, 18.181289 38.286064, 18.174595 38.283831, 18.172994 38.281365, 18.170539 38.280522, 18.163995 38.281609, 18.160746 38.284167, 18.154926 38.282389, 18.149932 38.285381, 18.146595 38.28452, 18.142025 38.285465, 18.138279 38.284827, 18.136146 38.281377, 18.133721 38.280536, 18.129261 38.283759, 18.123857 38.284844, 18.11909 38.281251, 18.114761 38.280756, 18.099011 38.287082, 18.093806 38.285028, 18.088238 38.284423, 18.083414 38.286058, 18.078594 38.284366, 18.070254 38.287119, 18.066974 38.291577, 18.062472 38.29034, 18.057223 38.292922, 18.052369 38.292841, 18.043482 38.297306, 18.041583 38.301055, 18.043809 38.304281, 18.042782 38.30599, 18.03861 38.307694, 18.034699 38.305371, 18.031657 38.306069, 18.031679 38.310187, 18.036803 38.311475, 18.035217 38.31586), (18.233465 38.298332, 18.231738 38.298161, 18.231952 38.29674, 18.233422 38.296791, 18.233465 38.298332), (18.21735 38.31365, 18.21774 38.311879, 18.21982 38.312269, 18.219759 38.313574, 18.21735 38.31365), (18.187833 38.287025, 18.188089 38.288338, 18.186482 38.288543, 18.186182 38.287407, 18.187833 38.287025), (18.083195 38.309552, 18.085372 38.311857, 18.083525 38.312797, 18.081819 38.310073, 18.083195 38.309552), (18.05126 38.305211, 18.048883 38.303506, 18.050847 38.302323, 18.052799 38.303479, 18.05126 38.305211))",58.8194,59.4597,38.300884,18.142225,"18.03166,38.28052,18.24318,38.32243",19.2681,4.5917,1.172,0.7907,0.9712,0.2091,0.7133,4.1963,EVT0007-OBS001,0.0,23.3001,92.17,3,20.952,0.99,observed,True
EVT0007,EVT0007-OBS003,S1_EVT0007_04,2026-01-15T16:02:15Z,256.038,OBSERVED,"POLYGON ((18.046682 38.261561, 18.023279 38.262464, 18.023138 38.262476, 18.022998 38.262499, 18.022862 38.262534, 18.02273 38.262578, 18.022604 38.262633, 18.022485 38.262698, 18.022374 38.262771, 18.022273 38.262853, 18.022181 38.262943, 18.022101 38.263039, 18.022032 38.263142, 18.021976 38.263249, 18.01953 38.269484, 18.019496 38.269602, 18.019477 38.269722, 18.019472 38.269843, 18.019482 38.269964, 18.019507 38.270083, 18.019546 38.2702, 18.019599 38.270313, 18.019666 38.270421, 18.019745 38.270523, 18.019836 38.270618, 18.019939 38.270705, 18.098396 38.33477, 18.125284 38.334057, 18.223736 38.309781, 18.224411 38.309604, 18.224546 38.309562, 18.224675 38.30951, 18.224797 38.309449, 18.224911 38.309378, 18.225017 38.309298, 18.225112 38.30921, 18.225197 38.309115, 18.22527 38.309013, 18.22533 38.308907, 18.225378 38.308796, 18.225412 38.308681, 18.225433 38.308565, 18.22544 38.308447, 18.225422 38.293902, 18.225416 38.293789, 18.225396 38.293677, 18.225364 38.293567, 18.22532 38.293459, 18.225263 38.293356, 18.225195 38.293258, 18.225116 38.293165, 18.225027 38.293078, 18.224929 38.292999, 18.224822 38.292928, 18.221119 38.290686, 18.220995 38.290618, 18.220864 38.290562, 18.220727 38.290516, 18.193597 38.282503, 18.193461 38.282468, 18.193321 38.282443, 18.151762 38.276135, 18.135406 38.273822, 18.047107 38.261581, 18.046967 38.261563, 18.046825 38.261556, 18.046682 38.261561))",90.0311,43.7696,38.296956,18.122611,"18.01947,38.26156,18.22544,38.33477",19.2397,7.2528,9.606,1.0,0.9262,0.5906,1.0,2.6527,EVT0007-OBS002,0.4885,1.8413,53.064,4,16.464,0.763,observed,True
EVT0007,EVT0007-OBS004,,2026-01-16T06:17:16Z,270.288,INTERPOLATED,"POLYGON ((18.317158 38.407982, 18.317119 38.40342, 18.315408 38.398215, 18.312053 38.392456, 18.307113 38.386243, 18.300672 38.37968, 18.29284 38.372882, 18.283751 38.365963, 18.27356 38.359043, 18.262443 38.352239, 18.250588 38.345668, 18.2382 38.339443, 18.225489 38.33367, 18.212674 38.328448, 18.199974 38.323866, 18.187606 38.320003, 18.175781 38.316924, 18.164702 38.314683, 18.154559 38.313317, 18.145525 38.312851, 18.137754 38.313291, 18.13138 38.314631, 18.126512 38.316848, 18.123233 38.319903, 18.121599 38.323745, 18.121637 38.328307, 18.123349 38.333512, 18.126703 38.339271, 18.131643 38.345485, 18.138084 38.352047, 18.145916 38.358845, 18.155005 38.365764, 18.165196 38.372685, 18.176313 38.379488, 18.188168 38.386059, 18.200556 38.392284, 18.213267 38.398057, 18.226082 38.403279, 18.238782 38.407861, 18.251151 38.411724, 18.262975 38.414803, 18.274054 38.417044, 18.284197 38.41841, 18.293232 38.418876, 18.301002 38.418436, 18.307376 38.417096, 18.312244 38.414879, 18.315523 38.411824, 18.317158 38.407982))",108.285,45.2358,38.365864,18.219378,"18.12160,38.31285,18.31716,38.41888",20.297,6.8089,29.007,1.0,0.9421,0.665,1.0,2.981,EVT0007-OBS003,0.0398,11.692,20.275,4,14.25,0.0,synthetic,False
EVT0007,EVT0007-OBS005,S1_EVT0007_06,2026-01-16T20:32:17Z,284.538,OBSERVED,"POLYGON ((18.254626 38.370025, 18.245047 38.392356, 18.245012 38.392471, 18.244991 38.392588, 18.244984 38.392706, 18.244978 38.419529, 18.244986 38.419651, 18.245008 38.419771, 18.245045 38.419889, 18.245096 38.420004, 18.245161 38.420113, 18.245239 38.420217, 18.245329 38.420314, 18.245431 38.420402, 18.260882 38.43184, 18.260991 38.43191, 18.383869 38.503872, 18.383989 38.503933, 18.384115 38.503983, 18.384246 38.504024, 18.403069 38.508809, 18.403207 38.508839, 18.412071 38.510423, 18.412211 38.510439, 18.412353 38.510445, 18.414676 38.51044, 18.414822 38.510434, 18.414967 38.510416, 18.415109 38.510386, 18.415246 38.510345, 18.415378 38.510293, 18.415503 38.510231, 18.41562 38.510159, 18.415728 38.510078, 18.415825 38.509988, 18.415911 38.509891, 18.415985 38.509788, 18.416047 38.509679, 18.418213 38.505115, 18.418261 38.505008, 18.418297 38.504897, 18.41832 38.504784, 18.41833 38.504669, 18.418326 38.504555, 18.418309 38.504441, 18.418279 38.504329, 18.418224 38.504158, 18.418181 38.504048, 18.418126 38.503942, 18.418058 38.503841, 18.417979 38.503746, 18.279662 38.364192, 18.27125 38.36388, 18.254626 38.370025))",89.0124,47.6752,38.434771,18.316145,"18.24498,38.36388,18.41833,38.51044",21.3641,6.3683,50.927,1.0,0.9545,0.4921,1.0,3.3547,EVT0007-OBS004,0.169,11.692,-17.798,5,14.25,0.732,observed,True
EVT0007,EVT0007-OBS006,,2026-01-17T14:32:17Z,302.538,PREDICTED,"POLYGON ((18.519405 38.59816, 18.520575 38.594029, 18.520339 38.588663, 18.5187 38.582153, 18.515687 38.57461, 18.511352 38.566164, 18.505767 38.556959, 18.499029 38.547152, 18.491254 38.536912, 18.482574 38.526414, 18.473137 38.515837, 18.463106 38.505361, 18.452651 38.495168, 18.441953 38.48543, 18.431193 38.476315, 18.420556 38.467978, 18.410224 38.460562, 18.400373 38.454194, 18.391173 38.448983, 18.38278 38.445018, 18.375339 38.442367, 18.368976 38.441075, 18.363801 38.441165, 18.359901 38.442634, 18.357345 38.445459, 18.356174 38.449589, 18.35641 38.454956, 18.358049 38.461466, 18.361062 38.469009, 18.365398 38.477455, 18.370983 38.48666, 18.37772 38.496466, 18.385496 38.506706, 18.394176 38.517205, 18.403612 38.527782, 18.413644 38.538257, 18.424098 38.548451, 18.434797 38.558189, 18.445557 38.567304, 18.456194 38.575641, 18.466526 38.583057, 18.476376 38.589425, 18.485577 38.594636, 18.493969 38.598601, 18.501411 38.601252, 18.507774 38.602543, 18.512949 38.602454, 18.516848 38.600984, 18.519405 38.59816))",103.3103,48.7838,38.521809,18.438375,"18.35617,38.44108,18.52058,38.60254",22.7026,5.8089,49.966,1.0,0.9667,0.5455,1.0,3.9082,EVT0007-OBS005,0.0858,14.7685,16.063,5,18.0,0.0,synthetic,False
EVT0007,EVT0007-OBS007,,2026-01-18T08:32:17Z,320.538,PREDICTED,"POLYGON ((18.645921 38.690043, 18.646668 38.685996, 18.645943 38.680629, 18.643757 38.674034, 18.640148 38.666323, 18.635178 38.657629, 18.628933 38.6481, 18.621518 38.6379, 18.613061 38.627202, 18.603707 38.616191, 18.593614 38.605054, 18.582958 38.593981, 18.571918 38.583164, 18.560685 38.572785, 18.549451 38.563024, 18.538408 38.554047, 18.527744 38.546007, 18.517642 38.539043, 18.508276 38.533273, 18.499805 38.528796, 18.492374 38.525688, 18.486111 38.524004, 18.481122 38.523772, 18.477494 38.524995, 18.475287 38.527653, 18.47454 38.5317, 18.475266 38.537067, 18.477452 38.543662, 18.48106 38.551373, 18.48603 38.560067, 18.492276 38.569596, 18.49969 38.579796, 18.508147 38.590494, 18.517502 38.601505, 18.527594 38.612642, 18.538251 38.623714, 18.54929 38.634532, 18.560523 38.644911, 18.571757 38.654672, 18.582801 38.663649, 18.593465 38.671689, 18.603566 38.678653, 18.612932 38.684423, 18.621403 38.6889, 18.628834 38.692007, 18.635097 38.693692, 18.640086 38.693924, 18.643715 38.692701, 18.645921 38.690043))",98.8953,50.8582,38.608848,18.560604,"18.47454,38.52377,18.64667,38.69392",24.045,5.2506,51.747,1.0,0.9759,0.4805,1.0,4.5794,EVT0007-OBS006,0.066,14.7685,-4.274,5,18.0,0.0,synthetic,False
EVT0008,EVT0008-OBS000,S1_EVT0008_00,2026-01-11T09:04:06Z,153.069,OBSERVED,"POLYGON ((19.781705 37.274809, 19.784569 37.279593, 19.790634 37.281562, 19.793543 37.284316, 19.793239 37.288069, 19.794599 37.28955, 19.804348 37.290045, 19.807637 37.293298, 19.808585 37.296653, 19.819476 37.302425, 19.822405 37.301808, 19.824469 37.298508, 19.829376 37.300298, 19.831962 37.299074, 19.831903 37.295242, 19.834981 37.291994, 19.829944 37.287222, 19.829513 37.281021, 19.824083 37.275748, 19.819821 37.268121, 19.813125 37.265238, 19.816068 37.261483, 19.815772 37.259627, 19.810818 37.258188, 19.808613 37.253097, 19.799822 37.248897, 19.800338 37.244867, 19.798945 37.24337, 19.788235 37.246037, 19.783378 37.245518, 19.781156 37.248582, 19.776169 37.250543, 19.771737 37.257094, 19.767766 37.257131, 19.764906 37.259, 19.764106 37.261416, 19.767348 37.271675, 19.781705 37.274809))",20.9879,21.3514,37.271913,19.800266,"19.76411,37.24337,19.83498,37.30242",7.4124,4.2354,49.707,0.8832,0.8207,0.5785,0.9107,1.7501,,,,,1,,0.99,observed,True
EVT0008,EVT0008-OBS001,S1_EVT0008_01,2026-01-12T03:40:53Z,171.681,OBSERVED,"POLYGON ((19.650087 37.300639, 19.649958 37.300689, 19.649836 37.30075, 19.649721 37.30082, 19.649615 37.300899, 19.649519 37.300986, 19.649433 37.30108, 19.649359 37.30118, 19.649298 37.301286, 19.649248 37.301396, 19.649213 37.301509, 19.64919 37.301625, 19.649182 37.301742, 19.649187 37.301859, 19.649206 37.301975, 19.649239 37.302089, 19.649285 37.3022, 19.649343 37.302307, 19.649414 37.302409, 19.649497 37.302505, 19.649591 37.302593, 19.649694 37.302674, 19.649807 37.302746, 19.65123 37.30357, 19.651367 37.303658, 19.651469 37.303737, 19.651561 37.303823, 19.651642 37.303916, 19.651713 37.304014, 19.651772 37.304118, 19.651819 37.304225, 19.651861 37.304364, 19.652748 37.307945, 19.652783 37.308058, 19.65283 37.308167, 19.652891 37.308272, 19.652963 37.308372, 19.653047 37.308466, 19.653141 37.308552, 19.653245 37.308631, 19.653357 37.308702, 19.653478 37.308763, 19.658924 37.31125, 19.659057 37.311304, 19.659196 37.311347, 19.65934 37.311378, 19.659486 37.311397, 19.659635 37.311403, 19.659783 37.311398, 19.65993 37.311381, 19.660074 37.311351, 19.660214 37.31131, 19.660458 37.311227, 19.660583 37.311179, 19.660701 37.311121, 19.660813 37.311055, 19.660916 37.310981, 19.661011 37.310899, 19.661095 37.31081, 19.665726 37.305474, 19.665833 37.305361, 19.665929 37.305279, 19.666034 37.305204, 19.666147 37.305137, 19.666267 37.30508, 19.666393 37.305031, 19.666524 37.304993, 19.666659 37.304966, 19.666797 37.304948, 19.666936 37.304942, 19.667075 37.304946, 19.667247 37.304964, 19.673733 37.305914, 19.673879 37.305929, 19.674025 37.305933, 19.674171 37.305924, 19.674316 37.305904, 19.674457 37.305872, 19.674594 37.305829, 19.674725 37.305775, 19.674848 37.30571, 19.674964 37.305636, 19.678092 37.303414, 19.67823 37.303325, 19.678349 37.303262, 19.678474 37.303209, 19.678605 37.303166, 19.67874 37.303134, 19.678878 37.303112, 19.679019 37.303101, 19.67916 37.303101, 19.6793 37.303112, 19.679438 37.303134, 19.679574 37.303167, 19.679737 37.303221, 19.684925 37.305167, 19.685053 37.305209, 19.685184 37.305241, 19.685319 37.305264, 19.685456 37.305275, 19.685593 37.305277, 19.68573 37.305267, 19.686186 37.305219, 19.686329 37.305199, 19.686468 37.305166, 19.686603 37.305123, 19.686733 37.305069, 19.686855 37.305005, 19.686969 37.304931, 19.687074 37.304849, 19.687168 37.304759, 19.687313 37.304605, 19.687401 37.304501, 19.687476 37.304389, 19.687536 37.304272, 19.68758 37.30415, 19.687609 37.304025, 19.687622 37.303899, 19.687618 37.303772, 19.687355 37.300933, 19.68735 37.300792, 19.687359 37.300679, 19.68738 37.300567, 19.687414 37.300458, 19.687461 37.300352, 19.687519 37.300249, 19.687589 37.300152, 19.68769 37.300037, 19.690021 37.297628, 19.690134 37.297522, 19.690233 37.297444, 19.690341 37.297374, 19.690456 37.297313, 19.690578 37.297261, 19.690705 37.297218, 19.690869 37.297177, 19.694122 37.296494, 19.694269 37.296457, 19.694411 37.296407, 19.694546 37.296345, 19.694672 37.296272, 19.694788 37.296188, 19.694892 37.296096, 19.694985 37.295995, 19.695064 37.295886, 19.696009 37.29442, 19.696097 37.294299, 19.696178 37.294207, 19.696268 37.294122, 19.696369 37.294044, 19.696477 37.293975, 19.696593 37.293914, 19.696715 37.293862, 19.696843 37.293819, 19.697008 37.293779, 19.704204 37.292304, 19.704375 37.292275, 19.704514 37.292264, 19.704654 37.292263, 19.704793 37.292272, 19.704964 37.292298, 19.709638 37.293182, 19.709778 37.293202, 19.70992 37.293212, 19.710062 37.29321, 19.710204 37.293198, 19.710343 37.293174, 19.710479 37.293139, 19.71061 37.293094, 19.710735 37.293038, 19.710854 37.292973, 19.710964 37.292899, 19.711065 37.292817, 19.711155 37.292727, 19.711235 37.292631, 19.711303 37.292528, 19.711359 37.292421, 19.711402 37.29231, 19.711432 37.292196, 19.711448 37.29208, 19.711864 37.286923, 19.711885 37.286772, 19.711917 37.286653, 19.711964 37.286537, 19.712024 37.286426, 19.712098 37.28632, 19.712184 37.286221, 19.712282 37.286129, 19.712391 37.286046, 19.712539 37.285954, 19.71666 37.283648, 19.716774 37.283578, 19.716879 37.283499, 19.716974 37.283412, 19.717058 37.283318, 19.717131 37.283218, 19.717192 37.283112, 19.719152 37.279252, 19.719228 37.279121, 19.719301 37.279021, 19.719385 37.278928, 19.719479 37.278841, 19.719583 37.278762, 19.719696 37.278692, 19.719817 37.278631, 19.719944 37.27858, 19.720077 37.278539, 19.720214 37.278508, 19.720354 37.278489, 19.720495 37.27848, 19.720637 37.278483, 19.720813 37.2785, 19.725223 37.279107, 19.725372 37.279122, 19.725522 37.279123, 19.725672 37.279113, 19.725819 37.27909, 19.725963 37.279055, 19.726101 37.279008, 19.726234 37.27895, 19.726358 37.278881, 19.726473 37.278803, 19.7302 37.275984, 19.730303 37.275897, 19.730395 37.275803, 19.730476 37.275702, 19.730543 37.275595, 19.730598 37.275483, 19.730638 37.275367, 19.730664 37.275248, 19.730708 37.274974, 19.730719 37.274861, 19.730717 37.274748, 19.730703 37.274635, 19.730675 37.274523, 19.730636 37.274415, 19.730583 37.27431, 19.73052 37.274209, 19.730444 37.274114, 19.728367 37.271729, 19.728272 37.271607, 19.728207 37.271505, 19.728154 37.271397, 19.728115 37.271286, 19.728088 37.271173, 19.728075 37.271057, 19.728075 37.270942, 19.728088 37.270827, 19.728115 37.270713, 19.728155 37.270602, 19.728208 37.270495, 19.728273 37.270392, 19.72835 37.270295, 19.728438 37.270204, 19.728536 37.270121, 19.72867 37.270027, 19.731991 37.267906, 19.732103 37.267828, 19.732204 37.26774, 19.732294 37.267645, 19.732372 37.267544, 19.732438 37.267436, 19.73249 37.267323, 19.732528 37.267207, 19.732552 37.267089, 19.732562 37.266968, 19.732557 37.266848, 19.732537 37.266729, 19.732503 37.266612, 19.732455 37.266498, 19.732394 37.266389, 19.73232 37.266285, 19.732233 37.266188, 19.732135 37.266098, 19.732027 37.266017, 19.73191 37.265944, 19.731784 37.265882, 19.731651 37.26583, 19.731135 37.265654, 19.730993 37.265612, 19.730846 37.265583, 19.730697 37.265566, 19.730546 37.265561, 19.730395 37.265569, 19.730247 37.265589, 19.730101 37.265622, 19.72996 37.265667, 19.729826 37.265723, 19.7269 37.267105, 19.726738 37.267173, 19.726603 37.267217, 19.726464 37.267249, 19.726321 37.267271, 19.726176 37.26728, 19.726031 37.267278, 19.725887 37.267265, 19.725745 37.267239, 19.725607 37.267203, 19.725474 37.267156, 19.725347 37.267098, 19.725228 37.26703, 19.725117 37.266954, 19.725017 37.266868, 19.724926 37.266775, 19.724848 37.266675, 19.724765 37.266543, 19.722298 37.262081, 19.722234 37.261979, 19.722159 37.261882, 19.722073 37.261792, 19.721976 37.261708, 19.721871 37.261633, 19.721758 37.261566, 19.721637 37.261508, 19.72151 37.261459, 19.721151 37.261339, 19.721022 37.261301, 19.72089 37.261273, 19.720755 37.261256, 19.720618 37.261249, 19.720481 37.261252, 19.720345 37.261265, 19.720212 37.261289, 19.71601 37.2622, 19.715828 37.262231, 19.71568 37.262244, 19.715531 37.262245, 19.715383 37.262234, 19.715237 37.26221, 19.715095 37.262175, 19.714958 37.262128, 19.714827 37.26207, 19.714704 37.262002, 19.71459 37.261923, 19.714486 37.261836, 19.714393 37.261741, 19.714313 37.261638, 19.714229 37.261503, 19.712762 37.258816, 19.712696 37.258709, 19.712617 37.258609, 19.712526 37.258514, 19.712425 37.258428, 19.712314 37.258351, 19.712193 37.258282, 19.712066 37.258224, 19.711932 37.258176, 19.711792 37.25814, 19.711649 37.258115, 19.711504 37.258101, 19.711358 37.258099, 19.711212 37.25811, 19.711068 37.258132, 19.710928 37.258165, 19.710792 37.25821, 19.710662 37.258265, 19.710297 37.25844, 19.710175 37.258506, 19.710061 37.258581, 19.709957 37.258665, 19.709863 37.258757, 19.709781 37.258856, 19.709711 37.258961, 19.709654 37.259071, 19.709611 37.259186, 19.709582 37.259303, 19.709007 37.262379, 19.708968 37.262534, 19.708921 37.262653, 19.70886 37.262769, 19.708784 37.262878, 19.708695 37.262981, 19.708593 37.263075, 19.70848 37.26316, 19.708326 37.263254, 19.702258 37.266565, 19.702099 37.266643, 19.701964 37.266694, 19.701824 37.266734, 19.701679 37.266763, 19.701532 37.266779, 19.701384 37.266783, 19.701235 37.266775, 19.701089 37.266755, 19.70091 37.266715, 19.697518 37.265803, 19.697379 37.265771, 19.697237 37.265751, 19.697093 37.265743, 19.696949 37.265745, 19.696806 37.26576, 19.696665 37.265785, 19.691141 37.267023, 19.690957 37.267056, 19.690807 37.26707, 19.690656 37.267071, 19.690468 37.267058, 19.687365 37.266697, 19.687217 37.266686, 19.687068 37.266687, 19.68692 37.2667, 19.686775 37.266726, 19.686633 37.266763, 19.686497 37.266812, 19.686367 37.266871, 19.686246 37.266941, 19.686133 37.267021, 19.686031 37.26711, 19.68594 37.267206, 19.685862 37.26731, 19.685796 37.267419, 19.685745 37.267533, 19.685707 37.267651, 19.685684 37.267772, 19.685676 37.267893, 19.685683 37.268015, 19.685926 37.270056, 19.685935 37.270211, 19.685926 37.270335, 19.685902 37.270457, 19.685863 37.270577, 19.685809 37.270693, 19.685741 37.270804, 19.685639 37.270934, 19.679502 37.277975, 19.67939 37.278091, 19.67929 37.278176, 19.67918 37.278253, 19.679062 37.278321, 19.678936 37.278379, 19.678804 37.278426, 19.678667 37.278463, 19.678491 37.278495, 19.674087 37.279113, 19.673951 37.279137, 19.673819 37.279172, 19.673692 37.279217, 19.67357 37.279271, 19.673455 37.279334, 19.673348 37.279406, 19.673249 37.279485, 19.670638 37.2818, 19.670501 37.28191, 19.67038 37.281988, 19.670251 37.282055, 19.670113 37.282111, 19.669969 37.282155, 19.669821 37.282187, 19.669631 37.28221, 19.666743 37.282441, 19.666608 37.282457, 19.666475 37.282483, 19.666345 37.28252, 19.66622 37.282566, 19.666101 37.282621, 19.665988 37.282685, 19.665631 37.282908, 19.66552 37.282985, 19.665419 37.28307, 19.665329 37.283163, 19.66525 37.283263, 19.665183 37.283369, 19.665129 37.283479, 19.665089 37.283594, 19.665063 37.28371, 19.665051 37.283829, 19.664972 37.285666, 19.664956 37.285815, 19.66493 37.285932, 19.664889 37.286047, 19.664835 37.286158, 19.664768 37.286263, 19.664689 37.286363, 19.664598 37.286457, 19.664496 37.286542, 19.664384 37.286619, 19.664264 37.286686, 19.664136 37.286743, 19.664002 37.28679, 19.663863 37.286826, 19.663721 37.28685, 19.663576 37.286863, 19.66343 37.286864, 19.663285 37.286853, 19.663142 37.28683, 19.663003 37.286797, 19.662834 37.286741, 19.660189 37.285733, 19.660029 37.285665, 19.659909 37.2856, 19.659753 37.285497, 19.659636 37.285427, 19.659511 37.285367, 19.65938 37.285317, 19.659243 37.285278, 19.659103 37.28525, 19.65896 37.285234, 19.658815 37.285229, 19.658671 37.285235, 19.658528 37.285253, 19.658387 37.285282, 19.658251 37.285323, 19.658121 37.285374, 19.657997 37.285435, 19.657881 37.285506, 19.657774 37.285586, 19.657677 37.285674, 19.657591 37.285769, 19.657517 37.285871, 19.657456 37.285978, 19.657407 37.28609, 19.657345 37.286258, 19.657309 37.286378, 19.657287 37.2865, 19.657282 37.286624, 19.657291 37.286747, 19.657316 37.286869, 19.657356 37.286989, 19.65741 37.287104, 19.657479 37.287214, 19.657561 37.287318, 19.657655 37.287415, 19.657761 37.287503, 19.657878 37.287582, 19.660313 37.289067, 19.660459 37.289166, 19.660566 37.289255, 19.66066 37.289352, 19.660742 37.289457, 19.660811 37.289568, 19.660865 37.289684, 19.660915 37.289834, 19.66168 37.292753, 19.661709 37.292895, 19.661718 37.293009, 19.661715 37.293124, 19.661698 37.293237, 19.661669 37.293349, 19.661626 37.293458, 19.661571 37.293564, 19.661504 37.293665, 19.661426 37.29376, 19.661337 37.293848, 19.661214 37.29395, 19.653728 37.299567, 19.653571 37.299673, 19.653435 37.299745, 19.65329 37.299805, 19.6531 37.299863, 19.650221 37.300598, 19.650087 37.300639))",18.847,23.997,37.284479,19.69098,"19.64918,37.25810,19.73256,37.31140",8.6178,3.6444,148.539,0.772,0.9062,0.4113,0.8448,2.3647,EVT0008-OBS000,0.0,10.0632,-10.201,2,18.613,0.936,observed,True
EVT0008,EVT0008-OBS002,S1_EVT0008_02,2026-01-12T21:10:16Z,189.171,OBSERVED,"POLYGON ((19.746885 37.281513, 19.750865 37.276663, 19.758575 37.281423, 19.764845 37.28239, 19.769496 37.280924, 19.777522 37.288288, 19.780802 37.287182, 19.780153 37.283187, 19.782319 37.281829, 19.793238 37.286523, 19.796963 37.284499, 19.805359 37.283709, 19.807774 37.287941, 19.813022 37.288696, 19.820022 37.286081, 19.822541 37.283651, 19.850364 37.283017, 19.855547 37.279085, 19.863268 37.277509, 19.865428 37.278852, 19.865139 37.282567, 19.86924 37.284481, 19.871383 37.282711, 19.87005 37.277086, 19.871713 37.274936, 19.878632 37.27517, 19.880803 37.27284, 19.879356 37.270788, 19.875708 37.270292, 19.871758 37.26776, 19.871213 37.264089, 19.869159 37.262399, 19.863967 37.26372, 19.859767 37.26154, 19.855585 37.263162, 19.847461 37.259985, 19.842262 37.264196, 19.831219 37.259573, 19.82213 37.261219, 19.817007 37.259974, 19.813298 37.26267, 19.807246 37.259734, 19.800198 37.264891, 19.794239 37.264435, 19.779684 37.266482, 19.775601 37.265421, 19.773983 37.262161, 19.771176 37.26153, 19.769089 37.263217, 19.770537 37.268375, 19.767836 37.272088, 19.764192 37.272023, 19.763568 37.267775, 19.760203 37.266613, 19.752731 37.271328, 19.750806 37.275766, 19.745349 37.27352, 19.738748 37.274265, 19.737408 37.276998, 19.742642 37.281474, 19.746885 37.281513))",25.0777,34.5982,37.273563,19.813541,"19.73741,37.25957,19.88080,37.28870",13.0792,3.2283,179.531,0.7498,0.9691,0.2633,0.8141,4.0515,EVT0008-OBS001,0.0,11.2419,33.059,3,17.49,0.99,observed,True
EVT0008,EVT0008-OBS003,S1_EVT0008_03,2026-01-13T18:17:26Z,210.291,OBSERVED,"POLYGON ((19.925547 37.43871, 19.929021 37.440117, 19.927793 37.443608, 19.924362 37.445413, 19.924373 37.44792, 19.927812 37.449082, 19.933375 37.446107, 19.939405 37.450016, 19.942964 37.455337, 19.942521 37.45915, 19.944446 37.460909, 19.943493 37.463965, 19.945036 37.466148, 19.948131 37.466151, 19.950981 37.463762, 19.954135 37.464547, 19.957581 37.463584, 19.962168 37.465327, 19.963839 37.469742, 19.968969 37.471328, 19.97322 37.469639, 19.978078 37.471219, 19.980985 37.473948, 19.985645 37.473649, 19.990858 37.477728, 19.990474 37.480945, 19.992715 37.48356, 19.98951 37.48689, 19.990966 37.489746, 19.993279 37.489992, 19.998815 37.487575, 19.998993 37.482928, 20.002974 37.480143, 20.004542 37.481436, 20.003744 37.486075, 20.007493 37.490943, 20.010572 37.490951, 20.014487 37.488447, 20.022044 37.491878, 20.025882 37.491932, 20.026926 37.495054, 20.029601 37.496319, 20.033699 37.493329, 20.039115 37.493885, 20.041072 37.497674, 20.044724 37.499334, 20.04309 37.502975, 20.045385 37.505427, 20.049119 37.503665, 20.04828 37.500424, 20.050295 37.497957, 20.050026 37.494127, 20.05528 37.490601, 20.057418 37.491061, 20.059861 37.494314, 20.057225 37.496948, 20.057233 37.499486, 20.059887 37.500736, 20.062553 37.499469, 20.060806 37.494706, 20.063756 37.490558, 20.059636 37.487774, 20.057353 37.479622, 20.060152 37.478386, 20.06217 37.481702, 20.064347 37.482445, 20.06702 37.481185, 20.067337 37.479267, 20.064309 37.474146, 20.060726 37.472487, 20.062184 37.467444, 20.057963 37.465575, 20.054376 37.460897, 20.055504 37.459293, 20.06012 37.458694, 20.060908 37.456269, 20.058728 37.454488, 20.052312 37.454452, 20.048584 37.45603, 20.044255 37.455825, 20.042026 37.458792, 20.039112 37.459212, 20.036179 37.451729, 20.033674 37.449841, 20.033452 37.443668, 20.028856 37.441461, 20.029331 37.438127, 20.02713 37.435174, 20.029154 37.432094, 20.027606 37.429914, 20.023423 37.430848, 20.023119 37.432763, 20.025318 37.435722, 20.021709 37.44006, 20.016665 37.439508, 20.014152 37.434344, 20.007907 37.434284, 20.00384 37.431504, 20.001695 37.432232, 20.000493 37.435558, 19.997632 37.437881, 19.992081 37.437339, 19.991156 37.43448, 19.997177 37.432873, 19.999359 37.428182, 19.998555 37.425751, 19.995603 37.425109, 19.992701 37.427863, 19.989586 37.428069, 19.984344 37.424919, 19.98377 37.421549, 19.981099 37.420289, 19.978448 37.421544, 19.97695 37.425785, 19.973888 37.4259, 19.967133 37.422348, 19.963391 37.425667, 19.960959 37.425795, 19.957429 37.419914, 19.960866 37.415228, 19.957881 37.413356, 19.954961 37.415215, 19.957389 37.419614, 19.954283 37.421713, 19.952467 37.421514, 19.950238 37.418584, 19.944004 37.417934, 19.939782 37.421509, 19.932711 37.420858, 19.929828 37.428642, 19.930622 37.431863, 19.928718 37.434405, 19.92287 37.434151, 19.919914 37.436299, 19.914484 37.436077, 19.913038 37.437594, 19.913144 37.439924, 19.919517 37.441439, 19.925547 37.43871), (20.055348 37.467149, 20.056876 37.471261, 20.054509 37.472055, 20.051255 37.470449, 20.052158 37.466957, 20.055348 37.467149), (20.051865 37.476213, 20.053205 37.478251, 20.051647 37.479518, 20.046988 37.479568, 20.045077 37.47825, 20.046326 37.475836, 20.051865 37.476213), (20.040911 37.490395, 20.047862 37.489838, 20.047519 37.492113, 20.04224 37.493465, 20.0403 37.492608, 20.040911 37.490395), (20.039498 37.476975, 20.038024 37.477917, 20.035225 37.476846, 20.033943 37.474302, 20.034663 37.472928, 20.038442 37.472794, 20.039498 37.476975), (20.029796 37.489848, 20.027873 37.491602, 20.02587 37.49034, 20.025951 37.488019, 20.029092 37.487637, 20.029796 37.489848), (20.022181 37.446806, 20.019157 37.447678, 20.018174 37.445567, 20.021031 37.4447, 20.022181 37.446806), (20.014208 37.484468, 20.012169 37.487035, 20.009748 37.485048, 20.011926 37.483179, 20.014208 37.484468), (19.93964 37.426225, 19.94193 37.424663, 19.946135 37.425309, 19.946786 37.427999, 19.945201 37.430819, 19.943521 37.431376, 19.93985 37.429635, 19.93964 37.426225), (19.942702 37.437202, 19.945861 37.437533, 19.945349 37.440127, 19.94285 37.439886, 19.942702 37.437202), (19.934332 37.443107, 19.932603 37.440401, 19.93566 37.439616, 19.9362 37.442888, 19.934332 37.443107))",61.0123,74.5206,37.456825,19.996131,"19.91304,37.41336,20.06734,37.50543",15.1471,7.3918,19.381,0.7159,0.8728,0.1381,0.4975,2.0492,EVT0008-OBS002,0.0,26.3327,143.293,4,21.119,0.99,observed,True
EVT0008,EVT0008-OBS004,S1_EVT0008_04,2026-01-14T15:44:00Z,231.734,OBSERVED,"POLYGON ((20.208869 37.802723, 20.210594 37.806722, 20.215042 37.807719, 20.217335 37.810739, 20.220702 37.810739, 20.224435 37.808186, 20.229161 37.809778, 20.229961 37.816699, 20.235545 37.822541, 20.238157 37.822814, 20.2411 37.820006, 20.2436 37.819883, 20.246013 37.822152, 20.250187 37.822632, 20.255262 37.827493, 20.259684 37.827571, 20.265616 37.830416, 20.267908 37.833302, 20.277985 37.83304, 20.282215 37.838701, 20.286381 37.839157, 20.289419 37.842218, 20.295144 37.84156, 20.297896 37.845338, 20.29337 37.848043, 20.295744 37.851454, 20.299085 37.850735, 20.29996 37.84643, 20.302543 37.84569, 20.305729 37.847496, 20.305446 37.851184, 20.30787 37.853155, 20.313214 37.851324, 20.321635 37.855462, 20.330714 37.851264, 20.332887 37.85453, 20.332012 37.858912, 20.33642 37.861161, 20.335885 37.865893, 20.342188 37.867691, 20.345159 37.866287, 20.345165 37.863519, 20.342004 37.859725, 20.34433 37.855152, 20.348104 37.853265, 20.348101 37.850483, 20.340705 37.848072, 20.335856 37.847943, 20.333877 37.844197, 20.328261 37.843044, 20.327283 37.83912, 20.322812 37.835741, 20.325843 37.833017, 20.325835 37.830253, 20.322862 37.828849, 20.318976 37.831228, 20.316788 37.830784, 20.316709 37.826523, 20.31195 37.823998, 20.314124 37.81942, 20.312422 37.816988, 20.309813 37.816712, 20.304753 37.819397, 20.298656 37.814475, 20.293491 37.81443, 20.291491 37.809527, 20.286348 37.810169, 20.283009 37.808084, 20.279257 37.807981, 20.275724 37.804751, 20.275964 37.801769, 20.274374 37.800068, 20.271788 37.799789, 20.268807 37.801918, 20.266615 37.801906, 20.264085 37.800361, 20.264002 37.79672, 20.260269 37.794362, 20.246672 37.792054, 20.24354 37.789648, 20.240916 37.789928, 20.236919 37.793123, 20.233482 37.79075, 20.227254 37.790302, 20.224165 37.787172, 20.21295 37.789382, 20.212088 37.787668, 20.215279 37.784395, 20.212723 37.781689, 20.209457 37.782416, 20.207837 37.785606, 20.202508 37.787047, 20.19979 37.791177, 20.202919 37.801246, 20.208869 37.802723))",38.1683,44.5573,37.819871,20.272343,"20.19979,37.78169,20.34810,37.86769",15.683,4.079,30.384,0.7456,0.9656,0.2416,0.7758,3.8448,EVT0008-OBS003,0.0,47.6204,-37.442,5,21.443,0.99,observed,True
EVT0008,EVT0008-OBS005,S1_EVT0008_05,2026-01-15T14:38:06Z,254.635,OBSERVED,"POLYGON ((20.41143 38.033577, 20.409885 38.035779, 20.392829 38.122533, 20.394679 38.124854, 20.402926 38.126766, 20.488721 38.089722, 20.490921 38.087914, 20.496117 38.081382, 20.49765 38.079195, 20.495363 38.076759, 20.455011 38.049957, 20.422667 38.031984, 20.419986 38.03072, 20.41143 38.033577))",55.7152,31.1993,38.07962,20.436122,"20.39283,38.03072,20.49765,38.12677",10.8032,8.6698,99.148,1.0,0.5966,0.7193,1.0,1.2461,EVT0008-OBS004,0.0,32.5444,45.973,6,22.902,0.745,observed,True
EVT0008,EVT0008-OBS006,,2026-01-16T08:40:35Z,272.676,INTERPOLATED,"POLYGON ((20.284123 38.194874, 20.288556 38.196221, 20.293952 38.1967, 20.300218 38.196303, 20.307248 38.195038, 20.314921 38.192925, 20.323106 38.190001, 20.331663 38.186316, 20.340445 38.181932, 20.349303 38.176926, 20.358084 38.171382, 20.366638 38.165395, 20.37482 38.159068, 20.382488 38.152509, 20.389512 38.145831, 20.395772 38.139147, 20.40116 38.132572, 20.405585 38.126218, 20.40897 38.120195, 20.411258 38.114604, 20.412409 38.109543, 20.412404 38.105097, 20.411243 38.101343, 20.408946 38.098344, 20.405552 38.096153, 20.40112 38.094806, 20.395724 38.094326, 20.389457 38.094723, 20.382427 38.095988, 20.374754 38.098101, 20.366569 38.101025, 20.358012 38.104711, 20.34923 38.109094, 20.340373 38.114101, 20.331592 38.119645, 20.323037 38.125631, 20.314856 38.131958, 20.307188 38.138517, 20.300164 38.145196, 20.293904 38.151879, 20.288515 38.158454, 20.284091 38.164808, 20.280706 38.170831, 20.278418 38.176422, 20.277266 38.181483, 20.277271 38.185929, 20.278432 38.189683, 20.280729 38.192682, 20.284123 38.194874))",73.2308,35.7586,38.145513,20.344838,"20.27727,38.09433,20.41241,38.19670",15.7109,5.9481,139.491,1.0,0.9256,0.7197,1.0,2.6414,EVT0008-OBS005,0.0369,11.0948,31.438,6,18.041,0.0,synthetic,False
EVT0008,EVT0008-OBS007,S1_EVT0008_07,2026-01-17T02:43:03Z,290.718,OBSERVED,"POLYGON ((20.161892 38.222255, 20.166616 38.224547, 20.171578 38.223661, 20.179837 38.227193, 20.188438 38.22473, 20.192253 38.225934, 20.198067 38.225642, 20.202124 38.221728, 20.211366 38.225298, 20.213551 38.223925, 20.214137 38.220542, 20.217359 38.218423, 20.220583 38.220146, 20.219573 38.224199, 20.223001 38.226315, 20.227323 38.223294, 20.23433 38.223418, 20.240325 38.220586, 20.251857 38.222972, 20.254316 38.222129, 20.257228 38.218243, 20.274118 38.218953, 20.278119 38.214913, 20.283759 38.21868, 20.28729 38.217376, 20.292001 38.218537, 20.297949 38.215321, 20.303557 38.217367, 20.30897 38.212973, 20.310496 38.213957, 20.310097 38.219377, 20.314008 38.220733, 20.317081 38.217803, 20.320822 38.217704, 20.324977 38.215379, 20.333091 38.215865, 20.336715 38.21182, 20.343699 38.216601, 20.352167 38.215107, 20.353122 38.219151, 20.356216 38.220578, 20.360363 38.218537, 20.369547 38.219011, 20.373584 38.213432, 20.375448 38.21325, 20.37546 38.20497, 20.370118 38.207519, 20.3645 38.20409, 20.359423 38.205174, 20.351887 38.199765, 20.34936 38.200614, 20.347737 38.203272, 20.344 38.203765, 20.341758 38.200036, 20.332627 38.196327, 20.329546 38.197786, 20.328812 38.202177, 20.316398 38.201044, 20.313774 38.198968, 20.313947 38.19491, 20.310912 38.193474, 20.307506 38.195595, 20.309058 38.199155, 20.307878 38.200653, 20.30162 38.203063, 20.297889 38.201901, 20.290159 38.203746, 20.280246 38.198372, 20.276926 38.199502, 20.271705 38.198716, 20.263789 38.202259, 20.260558 38.200889, 20.255028 38.200855, 20.249452 38.204196, 20.245715 38.202123, 20.239867 38.20211, 20.236101 38.200531, 20.231751 38.202959, 20.220812 38.202152, 20.216263 38.204648, 20.210558 38.201177, 20.202312 38.20624, 20.198846 38.203939, 20.19486 38.203952, 20.193759 38.201276, 20.190749 38.199866, 20.184177 38.203752, 20.180264 38.202423, 20.167142 38.203227, 20.163224 38.206776, 20.156808 38.205227, 20.153202 38.205931, 20.150485 38.203315, 20.150215 38.225, 20.154499 38.225497, 20.161892 38.222255), (20.361473 38.212446, 20.357743 38.214918, 20.356037 38.214001, 20.3601 38.210896, 20.361473 38.212446), (20.31417 38.209854, 20.316907 38.209302, 20.317907 38.21154, 20.314111 38.21097, 20.31417 38.209854))",41.1148,56.8739,38.211407,20.253554,"20.15021,38.19347,20.37546,38.22719",20.6284,3.23,176.991,0.6938,0.9877,0.1597,0.7898,6.3865,EVT0008-OBS006,0.0001,11.0948,-43.856,7,18.041,0.99,observed,True
EVT0008,EVT0008-OBS008,,2026-01-17T20:43:03Z,308.718,PREDICTED,"POLYGON ((20.023992 38.28482, 20.027667 38.28634, 20.033648 38.287702, 20.041834 38.288885, 20.052084 38.289866, 20.064222 38.29063, 20.078042 38.291163, 20.093307 38.291456, 20.109755 38.291504, 20.127106 38.291307, 20.145061 38.290868, 20.163315 38.290194, 20.181554 38.289297, 20.199467 38.288191, 20.216747 38.286897, 20.233098 38.285437, 20.248241 38.283834, 20.261917 38.282117, 20.273891 38.280315, 20.283959 38.278459, 20.291948 38.27658, 20.297722 38.274711, 20.301182 38.272884, 20.302269 38.27113, 20.300964 38.269479, 20.297289 38.267959, 20.291308 38.266596, 20.283122 38.265414, 20.272872 38.264433, 20.260733 38.263669, 20.246913 38.263136, 20.231649 38.262843, 20.2152 38.262794, 20.19785 38.262991, 20.179894 38.263431, 20.161641 38.264105, 20.143402 38.265002, 20.125489 38.266107, 20.108209 38.267401, 20.091857 38.268862, 20.076714 38.270465, 20.063039 38.272182, 20.051064 38.273984, 20.040997 38.27584, 20.033007 38.277719, 20.027233 38.279588, 20.023773 38.281415, 20.022687 38.283169, 20.023992 38.28482))",58.1467,52.0402,38.277149,20.162478,"20.02269,38.26279,20.30227,38.29150",25.5291,2.9082,177.419,1.0,0.9935,0.2698,1.0,8.7784,EVT0008-OBS007,0.0,11.0695,41.425,7,18.0,0.0,synthetic,False
EVT0008,EVT0008-OBS009,,2026-01-18T14:43:03Z,326.718,PREDICTED,"POLYGON ((19.906295 38.351514, 19.910643 38.352814, 19.917741 38.353943, 19.927468 38.354884, 19.939658 38.355619, 19.954102 38.356137, 19.970553 38.356428, 19.98873 38.356487, 20.008321 38.356314, 20.028992 38.355911, 20.050388 38.355285, 20.072144 38.354448, 20.093887 38.353412, 20.115245 38.352197, 20.135854 38.350822, 20.155359 38.349312, 20.173428 38.347692, 20.189751 38.34599, 20.20405 38.344234, 20.216078 38.342456, 20.225631 38.340685, 20.232546 38.338953, 20.236703 38.337287, 20.238032 38.335717, 20.236509 38.33427, 20.232162 38.332971, 20.225064 38.331841, 20.215337 38.330901, 20.203147 38.330166, 20.188703 38.329648, 20.172251 38.329357, 20.154075 38.329298, 20.134483 38.329471, 20.113813 38.329874, 20.092417 38.330499, 20.070661 38.331337, 20.048918 38.332372, 20.027559 38.333588, 20.006951 38.334962, 19.987445 38.336473, 19.969376 38.338093, 19.953053 38.339795, 19.938755 38.34155, 19.926726 38.343328, 19.917173 38.345099, 19.910259 38.346832, 19.906102 38.348498, 19.904773 38.350067, 19.906295 38.351514))",61.3975,61.5542,38.342892,20.071402,"19.90477,38.32930,20.23803,38.35649",30.4307,2.5762,176.673,1.0,0.9964,0.2036,1.0,11.8123,EVT0008-OBS008,0.0,11.0695,5.591,7,18.0,0.0,synthetic,False
EVT0009,EVT0009-OBS000,S1_EVT0009_01,2026-01-06T21:07:13Z,45.12,OBSERVED,"POLYGON ((20.382885 37.331737, 20.385073 37.33445, 20.390514 37.335589, 20.399168 37.344382, 20.407569 37.346729, 20.41264 37.344841, 20.417842 37.340138, 20.418772 37.335545, 20.416777 37.330996, 20.413154 37.329402, 20.409915 37.325446, 20.404103 37.325619, 20.401926 37.321537, 20.395577 37.319662, 20.390375 37.320997, 20.385852 37.317424, 20.37789 37.31746, 20.374833 37.320026, 20.373712 37.32419, 20.376256 37.328776, 20.382885 37.331737))",7.5047,11.6775,37.331179,20.397379,"20.37371,37.31742,20.41877,37.34673",4.447,2.2473,39.744,0.9279,0.8629,0.6916,0.961,1.9788,,,,,1,,0.99,observed,True
EVT0009,EVT0009-OBS001,S1_EVT0009_02,2026-01-07T15:58:32Z,63.976,OBSERVED,"POLYGON ((20.547919 37.587228, 20.547822 37.587324, 20.547738 37.587428, 20.547667 37.587539, 20.547611 37.587655, 20.547569 37.587776, 20.547543 37.587899, 20.547532 37.588024, 20.547525 37.588368, 20.547529 37.588485, 20.547547 37.588601, 20.547578 37.588714, 20.547623 37.588825, 20.54768 37.588932, 20.54775 37.589033, 20.547831 37.589129, 20.547923 37.589218, 20.548025 37.589299, 20.548136 37.589372, 20.548256 37.589436, 20.550744 37.590632, 20.55089 37.59071, 20.550998 37.590781, 20.551099 37.590859, 20.551189 37.590946, 20.55127 37.591038, 20.551339 37.591137, 20.551397 37.59124, 20.551443 37.591348, 20.551484 37.591486, 20.552197 37.594442, 20.552231 37.594555, 20.552278 37.594665, 20.552338 37.594771, 20.55241 37.594871, 20.552493 37.594965, 20.552587 37.595052, 20.552691 37.595132, 20.552804 37.595203, 20.552924 37.595265, 20.559455 37.598271, 20.559603 37.598347, 20.559714 37.598416, 20.559816 37.598494, 20.559909 37.598579, 20.559991 37.598671, 20.560063 37.59877, 20.560123 37.598873, 20.560171 37.59898, 20.560207 37.599091, 20.560229 37.599203, 20.560241 37.599346, 20.560297 37.601577, 20.560306 37.601693, 20.56033 37.601808, 20.560366 37.60192, 20.560416 37.602029, 20.560478 37.602134, 20.560552 37.602233, 20.560637 37.602326, 20.560733 37.602412, 20.561139 37.602742, 20.561249 37.602823, 20.561368 37.602895, 20.561496 37.602957, 20.56163 37.603007, 20.56177 37.603047, 20.561914 37.603075, 20.56206 37.603091, 20.562208 37.603095, 20.562356 37.603087, 20.562501 37.603067, 20.573295 37.601117, 20.573481 37.601092, 20.573631 37.601084, 20.573781 37.601089, 20.57393 37.601106, 20.574076 37.601135, 20.574218 37.601177, 20.574354 37.60123, 20.574482 37.601294, 20.574632 37.601387, 20.578867 37.604303, 20.578975 37.60437, 20.57909 37.60443, 20.579211 37.60448, 20.579338 37.604521, 20.579468 37.604552, 20.579602 37.604574, 20.579737 37.604585, 20.585538 37.604849, 20.585714 37.604864, 20.585853 37.604887, 20.585989 37.604921, 20.58612 37.604966, 20.586245 37.60502, 20.586364 37.605084, 20.586474 37.605157, 20.586575 37.605238, 20.586667 37.605327, 20.586747 37.605423, 20.586833 37.605549, 20.588505 37.608312, 20.588574 37.608414, 20.588655 37.60851, 20.588747 37.608599, 20.588849 37.608681, 20.58896 37.608754, 20.58908 37.608818, 20.589206 37.608873, 20.589338 37.608917, 20.589475 37.60895, 20.594029 37.609875, 20.594183 37.6099, 20.594339 37.60991, 20.594495 37.609908, 20.59465 37.609891, 20.594803 37.609862, 20.59495 37.609819, 20.595522 37.609626, 20.59565 37.609576, 20.595772 37.609517, 20.595886 37.609449, 20.595992 37.609372, 20.596088 37.609287, 20.596175 37.609195, 20.596249 37.609097, 20.597724 37.606938, 20.597816 37.606817, 20.5979 37.606726, 20.597994 37.606643, 20.598097 37.606567, 20.598209 37.606499, 20.598327 37.60644, 20.598452 37.606391, 20.598582 37.606351, 20.59875 37.606314, 20.605802 37.605049, 20.605984 37.605024, 20.60613 37.605016, 20.606277 37.60502, 20.606423 37.605036, 20.606566 37.605064, 20.606705 37.605103, 20.606839 37.605153, 20.606965 37.605214, 20.607114 37.605303, 20.609857 37.607117, 20.60999 37.607215, 20.610088 37.607301, 20.610174 37.607394, 20.610249 37.607494, 20.610312 37.607599, 20.610362 37.607709, 20.6104 37.607822, 20.610423 37.607938, 20.610435 37.608084, 20.610491 37.6103, 20.610502 37.610424, 20.610528 37.610547, 20.61057 37.610667, 20.610627 37.610783, 20.610698 37.610894, 20.610782 37.610998, 20.610879 37.611094, 20.610988 37.611182, 20.611107 37.61126, 20.611235 37.611327, 20.611271 37.611344, 20.611395 37.611396, 20.611526 37.611439, 20.61166 37.611471, 20.611798 37.611492, 20.611937 37.611503, 20.612078 37.611503, 20.612217 37.611492, 20.612355 37.611471, 20.612489 37.611438, 20.612619 37.611396, 20.612744 37.611343, 20.613147 37.611154, 20.613269 37.61109, 20.613382 37.611017, 20.613486 37.610935, 20.61358 37.610845, 20.613663 37.610748, 20.613734 37.610645, 20.613792 37.610536, 20.613837 37.610424, 20.614532 37.608353, 20.614589 37.608213, 20.614647 37.608104, 20.614718 37.608001, 20.614801 37.607904, 20.614895 37.607814, 20.615 37.607732, 20.615113 37.607659, 20.615235 37.607595, 20.615364 37.607541, 20.615499 37.607498, 20.615638 37.607466, 20.61578 37.607445, 20.615924 37.607436, 20.616105 37.607438, 20.620858 37.607701, 20.620995 37.607704, 20.621132 37.607696, 20.621268 37.607677, 20.621401 37.607648, 20.621531 37.607609, 20.621655 37.607561, 20.621773 37.607503, 20.621884 37.607437, 20.621987 37.607362, 20.626224 37.604, 20.626324 37.603912, 20.626414 37.603817, 20.626491 37.603714, 20.626555 37.603606, 20.626606 37.603493, 20.626643 37.603377, 20.626666 37.603258, 20.626674 37.603138, 20.626668 37.603018, 20.626648 37.602899, 20.626612 37.602782, 20.626563 37.602668, 20.626547 37.602636, 20.626488 37.602531, 20.626416 37.602432, 20.626334 37.602339, 20.626241 37.602253, 20.626139 37.602174, 20.626028 37.602104, 20.62591 37.602042, 20.625784 37.60199, 20.625654 37.601948, 20.625519 37.601916, 20.625381 37.601895, 20.625241 37.601885, 20.625101 37.601885, 20.622833 37.601982, 20.622643 37.601982, 20.622491 37.601969, 20.622343 37.601944, 20.622198 37.601906, 20.622058 37.601856, 20.621926 37.601795, 20.621802 37.601723, 20.621659 37.60162, 20.620164 37.60043, 20.620044 37.600326, 20.619959 37.600235, 20.619884 37.600138, 20.619821 37.600035, 20.61977 37.599928, 20.619731 37.599818, 20.619706 37.599705, 20.619693 37.59959, 20.619694 37.599476, 20.619708 37.599361, 20.619742 37.59922, 20.621657 37.592909, 20.621715 37.592753, 20.621777 37.592634, 20.621855 37.59252, 20.621971 37.592387, 20.623328 37.590996, 20.623409 37.590903, 20.62348 37.590805, 20.623539 37.590702, 20.623586 37.590595, 20.623621 37.590485, 20.623643 37.590373, 20.623651 37.590259, 20.623647 37.590145, 20.62363 37.590032, 20.6236 37.589921, 20.623556 37.589788, 20.62351 37.589672, 20.62345 37.589561, 20.623377 37.589455, 20.623291 37.589356, 20.623194 37.589264, 20.623085 37.589181, 20.622968 37.589107, 20.622841 37.589043, 20.622708 37.58899, 20.622569 37.588948, 20.622425 37.588918, 20.622279 37.588899, 20.62213 37.588893, 20.621982 37.588899, 20.621835 37.588916, 20.621692 37.588946, 20.621552 37.588988, 20.621418 37.589041, 20.621292 37.589104, 20.621174 37.589178, 20.621065 37.58926, 20.619011 37.590992, 20.618877 37.591095, 20.61876 37.591168, 20.618634 37.591231, 20.618502 37.591283, 20.618363 37.591325, 20.618221 37.591355, 20.618075 37.591373, 20.617891 37.591381, 20.615374 37.591387, 20.615189 37.59138, 20.615044 37.591362, 20.614901 37.591333, 20.614762 37.591292, 20.614629 37.59124, 20.614503 37.591177, 20.614385 37.591104, 20.614249 37.591002, 20.611965 37.589092, 20.611839 37.588976, 20.611751 37.588875, 20.611676 37.588767, 20.611614 37.588653, 20.611568 37.588535, 20.611536 37.588414, 20.61152 37.58829, 20.611519 37.588135, 20.611626 37.586214, 20.611626 37.586092, 20.61161 37.585972, 20.61158 37.585853, 20.611536 37.585738, 20.611478 37.585626, 20.611407 37.58552, 20.611323 37.585421, 20.611315 37.585412, 20.611224 37.585324, 20.611124 37.585244, 20.611014 37.585171, 20.610897 37.585108, 20.610773 37.585054, 20.610643 37.585009, 20.610509 37.584975, 20.610371 37.584952, 20.610231 37.584939, 20.610091 37.584938, 20.60513 37.585072, 20.604948 37.58507, 20.604804 37.585056, 20.604662 37.585031, 20.604524 37.584995, 20.604358 37.584936, 20.601782 37.583897, 20.601642 37.583847, 20.601497 37.58381, 20.601348 37.583785, 20.601196 37.583773, 20.601044 37.583774, 20.600893 37.583787, 20.600744 37.583813, 20.597934 37.584432, 20.597751 37.584464, 20.597601 37.584478, 20.597451 37.584479, 20.597302 37.584467, 20.597154 37.584443, 20.597011 37.584408, 20.596872 37.58436, 20.596741 37.584301, 20.596617 37.584231, 20.596502 37.584152, 20.596372 37.584041, 20.593138 37.580994, 20.593035 37.580906, 20.592922 37.580828, 20.5928 37.580758, 20.59267 37.5807, 20.592533 37.580652, 20.592392 37.580616, 20.592246 37.580591, 20.592099 37.580579, 20.59195 37.580578, 20.591803 37.58059, 20.591657 37.580614, 20.591515 37.58065, 20.588524 37.58154, 20.588344 37.581585, 20.588197 37.581609, 20.588047 37.58162, 20.587897 37.581619, 20.587747 37.581606, 20.587601 37.58158, 20.587458 37.581542, 20.587285 37.58148, 20.58383 37.58006, 20.583693 37.580011, 20.583551 37.579973, 20.583405 37.579947, 20.583256 37.579934, 20.583107 37.579932, 20.582958 37.579943, 20.582811 37.579967, 20.582668 37.580002, 20.58253 37.580049, 20.582398 37.580107, 20.582274 37.580176, 20.579844 37.581677, 20.57969 37.581763, 20.579558 37.581821, 20.57942 37.581868, 20.579277 37.581903, 20.57913 37.581927, 20.578981 37.581938, 20.578832 37.581936, 20.578683 37.581922, 20.578537 37.581896, 20.578395 37.581859, 20.578258 37.581809, 20.578128 37.581749, 20.578007 37.581678, 20.577894 37.581597, 20.577767 37.581485, 20.575748 37.579522, 20.575644 37.57943, 20.575529 37.579348, 20.575404 37.579276, 20.575271 37.579215, 20.575131 37.579166, 20.574985 37.579128, 20.574836 37.579104, 20.574684 37.579091, 20.574532 37.579092, 20.57438 37.579105, 20.570758 37.579583, 20.570568 37.5796, 20.570414 37.579601, 20.570261 37.579588, 20.570111 37.579563, 20.569965 37.579525, 20.569789 37.579462, 20.566974 37.578309, 20.566838 37.578261, 20.566697 37.578223, 20.566553 37.578198, 20.566406 37.578184, 20.566257 37.578182, 20.56611 37.578193, 20.565964 37.578215, 20.565822 37.57825, 20.565685 37.578296, 20.565554 37.578352, 20.565431 37.57842, 20.565317 37.578496, 20.565212 37.578582, 20.565119 37.578676, 20.563477 37.580508, 20.563357 37.580628, 20.56325 37.580715, 20.563133 37.580793, 20.563007 37.580861, 20.562872 37.580918, 20.562696 37.580975, 20.553007 37.583638, 20.552867 37.583683, 20.552735 37.583739, 20.552609 37.583805, 20.552493 37.583882, 20.548028 37.58714, 20.547919 37.587228))",15.5626,20.3496,37.593942,20.587249,"20.54752,37.57818,20.62667,37.61150",7.4156,3.1196,14.581,0.8346,0.9072,0.4723,0.8609,2.3771,EVT0009-OBS000,0.0,33.9908,107.372,2,18.856,0.935,observed,True
EVT0009,EVT0009-OBS002,,2026-01-08T08:35:02Z,80.584,INTERPOLATED,"POLYGON ((20.827017 37.795826, 20.826622 37.793618, 20.825386 37.791213, 20.823329 37.788653, 20.820486 37.78598, 20.816907 37.783242, 20.812652 37.780484, 20.807794 37.777755, 20.802416 37.7751, 20.79661 37.772565, 20.790476 37.770194, 20.784119 37.768026, 20.777647 37.7661, 20.771171 37.764448, 20.764802 37.763099, 20.758649 37.762074, 20.752817 37.761393, 20.747406 37.761066, 20.742508 37.7611, 20.738208 37.761493, 20.734579 37.762239, 20.731682 37.763326, 20.729568 37.764733, 20.728273 37.766439, 20.727819 37.768412, 20.728213 37.77062, 20.72945 37.773025, 20.731507 37.775586, 20.734349 37.778258, 20.737929 37.780996, 20.742184 37.783754, 20.747042 37.786484, 20.75242 37.789139, 20.758226 37.791673, 20.764359 37.794045, 20.770717 37.796212, 20.777189 37.798138, 20.783665 37.79979, 20.790034 37.80114, 20.796187 37.802164, 20.802019 37.802845, 20.80743 37.803172, 20.812328 37.803138, 20.816628 37.802745, 20.820257 37.801999, 20.823154 37.800913, 20.825268 37.799505, 20.826563 37.7978, 20.827017 37.795826))",25.3652,21.5829,37.782119,20.777418,"20.72782,37.76107,20.82702,37.80317",9.6162,3.3663,22.596,1.0,0.9367,0.6843,1.0,2.8566,EVT0009-OBS001,0.0,27.1943,62.988,2,16.608,0.0,synthetic,False
EVT0009,EVT0009-OBS003,S1_EVT0009_04,2026-01-09T01:11:31Z,97.192,OBSERVED,"POLYGON ((20.912652 37.962618, 20.915622 37.960471, 20.920422 37.959942, 20.921452 37.961404, 20.91976 37.965001, 20.922252 37.967924, 20.932812 37.96714, 20.933327 37.972472, 20.934829 37.974076, 20.946299 37.97511, 20.94871 37.979944, 20.953465 37.979865, 20.956508 37.982161, 20.960822 37.981612, 20.964729 37.986235, 20.976544 37.990855, 20.982195 37.988374, 20.986723 37.989786, 20.989222 37.992657, 20.997524 37.994517, 21.008984 37.989713, 21.013492 37.998002, 21.01629 37.999325, 21.023138 37.997274, 21.026745 37.991096, 21.032005 37.988938, 21.031488 37.986636, 21.028675 37.984681, 21.023971 37.985103, 21.020943 37.982015, 21.015842 37.981896, 21.015192 37.975013, 21.012075 37.974329, 21.007524 37.976147, 21.005443 37.969307, 21.003154 37.968531, 20.998321 37.969734, 20.996214 37.964929, 20.993278 37.962743, 20.986333 37.961857, 20.982931 37.958412, 20.978863 37.959463, 20.974412 37.957526, 20.968501 37.958411, 20.95787 37.951264, 20.952581 37.952041, 20.947776 37.949168, 20.941185 37.948639, 20.940476 37.946516, 20.944597 37.943073, 20.942203 37.940514, 20.939086 37.941198, 20.937905 37.944723, 20.935628 37.94556, 20.930416 37.94315, 20.927234 37.944255, 20.923335 37.943596, 20.920129 37.94622, 20.91489 37.946534, 20.912992 37.951837, 20.908095 37.953639, 20.908703 37.960741, 20.912652 37.962618), (21.016252 37.986546, 21.018824 37.987969, 21.021997 37.986183, 21.024199 37.988651, 21.02078 37.990001, 21.018799 37.988148, 21.017538 37.989203, 21.015346 37.988484, 21.016252 37.986546))",29.4328,34.899,37.970296,20.967587,"20.90809,37.94051,21.03200,37.99932",11.8218,3.6148,27.982,0.8277,0.9521,0.3037,0.7737,3.2704,EVT0009-OBS002,0.0,27.1943,16.036,3,16.608,0.99,observed,True
EVT0009,EVT0009-OBS004,S1_EVT0009_05,2026-01-09T23:46:21Z,119.773,OBSERVED,"POLYGON ((20.887399 38.357532, 20.887246 38.357552, 20.887097 38.357585, 20.886953 38.35763, 20.886816 38.357687, 20.886686 38.357755, 20.886566 38.357834, 20.883451 38.360113, 20.883351 38.360194, 20.866065 38.375089, 20.865969 38.375172, 20.84237 38.39778, 20.842278 38.397872, 20.842199 38.397972, 20.842131 38.398078, 20.825465 38.429222, 20.825415 38.429333, 20.825378 38.429447, 20.820927 38.44866, 20.82091 38.448779, 20.819783 38.46169, 20.819787 38.46181, 20.819805 38.461929, 20.819837 38.462046, 20.822899 38.470064, 20.822946 38.47018, 20.823008 38.470291, 20.823082 38.470396, 20.823169 38.470495, 20.823268 38.470587, 20.823378 38.470669, 20.823497 38.470743, 20.823624 38.470806, 20.823759 38.470858, 20.823899 38.470899, 20.824044 38.470928, 20.824191 38.470945, 20.831729 38.471294, 20.831877 38.471289, 20.832024 38.471272, 20.946582 38.450407, 20.969603 38.428237, 20.96849 38.42307, 20.911731 38.358081, 20.911644 38.357984, 20.911547 38.357896, 20.911439 38.357816, 20.911322 38.357744, 20.911198 38.357683, 20.911066 38.357632, 20.910929 38.357591, 20.910788 38.357562, 20.910644 38.357544, 20.910498 38.357538, 20.887553 38.357526, 20.887399 38.357532))",110.1386,41.0865,38.418854,20.890516,"20.81978,38.35753,20.96960,38.47129",14.1739,11.2646,167.465,1.0,0.607,0.8199,1.0,1.2583,EVT0009-OBS003,0.0,50.4256,274.203,4,22.58,0.666,observed,True
EVT0009,EVT0009-OBS005,,2026-01-10T17:46:21Z,137.773,PREDICTED,"POLYGON ((20.74661 38.801869, 20.751453 38.811236, 20.757624 38.820008, 20.765018 38.828034, 20.773508 38.835176, 20.782949 38.841313, 20.793179 38.84634, 20.804024 38.850171, 20.815297 38.85274, 20.826806 38.854003, 20.838353 38.853938, 20.849743 38.852547, 20.860778 38.849854, 20.871271 38.845904, 20.881043 38.840765, 20.889925 38.834525, 20.897766 38.827292, 20.904432 38.819187, 20.909808 38.810351, 20.913804 38.800935, 20.916349 38.791099, 20.917402 38.781012, 20.916943 38.770846, 20.914981 38.760776, 20.911549 38.750973, 20.906706 38.741606, 20.900535 38.732834, 20.893141 38.724809, 20.884651 38.717666, 20.87521 38.711529, 20.86498 38.706502, 20.854135 38.702671, 20.842862 38.700103, 20.831353 38.69884, 20.819806 38.698904, 20.808416 38.700295, 20.797381 38.702989, 20.786888 38.706938, 20.777116 38.712077, 20.768234 38.718317, 20.760393 38.725551, 20.753727 38.733655, 20.748351 38.742491, 20.744355 38.751908, 20.74181 38.761744, 20.740757 38.771831, 20.741216 38.781996, 20.743178 38.792067, 20.74661 38.801869))",218.2273,52.4655,38.776421,20.829079,"20.74076,38.69884,20.91740,38.85400",17.3308,16.0195,80.932,1.0,0.3816,0.9963,1.0,1.0819,EVT0009-OBS004,0.0,40.1967,98.139,4,18.0,0.0,synthetic,False
EVT0009,EVT0009-OBS006,,2026-01-11T11:46:21Z,155.773,PREDICTED,"POLYGON ((20.676171 39.164738, 20.682201 39.177489, 20.689693 39.189495, 20.698519 39.200552, 20.708527 39.21047, 20.719547 39.219079, 20.73139 39.226232, 20.743854 39.231806, 20.756724 39.235708, 20.769781 39.237868, 20.782802 39.238251, 20.795563 39.236851, 20.807846 39.23369, 20.819442 39.228823, 20.830151 39.222334, 20.839791 39.214333, 20.848196 39.204957, 20.855223 39.194367, 20.860751 39.182744, 20.864687 39.170287, 20.866961 39.157209, 20.867537 39.143733, 20.866403 39.130091, 20.86358 39.116515, 20.859115 39.103238, 20.853084 39.090487, 20.845592 39.078481, 20.836766 39.067425, 20.826758 39.057507, 20.815738 39.048898, 20.803895 39.041745, 20.791432 39.03617, 20.778561 39.032269, 20.765504 39.030108, 20.752484 39.029725, 20.739722 39.031126, 20.727439 39.034286, 20.715843 39.039153, 20.705134 39.045642, 20.695494 39.053643, 20.687089 39.063019, 20.680062 39.073609, 20.674534 39.085232, 20.670599 39.097689, 20.668324 39.110768, 20.667748 39.124243, 20.668882 39.137886, 20.671706 39.151462, 20.676171 39.164738))",329.3213,65.2512,39.133988,20.767643,"20.66775,39.02972,20.86754,39.23825",23.4312,17.9015,74.598,1.0,0.6452,0.972,1.0,1.3089,EVT0009-OBS005,0.0,40.1967,50.907,4,18.0,0.0,synthetic,False
EVT0010,EVT0010-OBS000,S1_EVT0010_02,2026-01-07T02:42:44Z,50.712,OBSERVED,"POLYGON ((21.31341 36.52457, 21.312239 36.527835, 21.313833 36.530096, 21.319488 36.528914, 21.322896 36.531188, 21.326679 36.530595, 21.330357 36.532198, 21.33521 36.52968, 21.339176 36.532109, 21.343774 36.531374, 21.34483 36.532502, 21.343829 36.535895, 21.346905 36.537828, 21.349659 36.536525, 21.349062 36.532592, 21.351268 36.530672, 21.354811 36.531115, 21.357724 36.529586, 21.363908 36.529217, 21.367516 36.531883, 21.372651 36.53071, 21.378245 36.531824, 21.381679 36.529209, 21.383032 36.52463, 21.388456 36.522899, 21.386873 36.516031, 21.389759 36.511928, 21.386578 36.509323, 21.382917 36.511318, 21.379264 36.511422, 21.376918 36.504888, 21.374984 36.503671, 21.363911 36.50517, 21.360807 36.503262, 21.360713 36.499746, 21.357954 36.498443, 21.355705 36.499206, 21.353673 36.502187, 21.346189 36.501725, 21.34367 36.506302, 21.337519 36.504615, 21.330633 36.506724, 21.326146 36.506432, 21.318868 36.512208, 21.312702 36.513773, 21.31018 36.521938, 21.31341 36.52457))",18.897,21.6787,36.518148,21.350219,"21.31018,36.49844,21.38976,36.53783",7.3197,4.0397,166.837,0.8346,0.8339,0.5053,0.8478,1.8119,,,,,1,,0.99,observed,True
EVT0010,EVT0010-OBS001,S1_EVT0010_03,2026-01-07T20:51:16Z,68.854,OBSERVED,"POLYGON ((21.392157 36.527728, 21.388397 36.530453, 21.389885 36.533398, 21.392311 36.53366, 21.395916 36.531825, 21.401901 36.533999, 21.403842 36.532779, 21.404323 36.529267, 21.406156 36.528575, 21.41322 36.53192, 21.413424 36.535981, 21.416192 36.53729, 21.41896 36.535982, 21.419685 36.532058, 21.426249 36.530778, 21.433983 36.534873, 21.439757 36.532084, 21.450862 36.533421, 21.454094 36.536111, 21.459112 36.535094, 21.462092 36.539217, 21.464352 36.539984, 21.467119 36.538676, 21.467783 36.535656, 21.471859 36.534373, 21.474927 36.530918, 21.476744 36.531776, 21.477705 36.534922, 21.479965 36.535689, 21.485315 36.53416, 21.48937 36.534925, 21.492707 36.53279, 21.497629 36.534267, 21.500995 36.532076, 21.505847 36.533479, 21.508216 36.53095, 21.505974 36.526957, 21.508805 36.525237, 21.511774 36.528018, 21.518174 36.529243, 21.518051 36.533344, 21.521138 36.535284, 21.523398 36.534517, 21.524643 36.531416, 21.528356 36.530094, 21.529292 36.528243, 21.527694 36.525975, 21.522422 36.526389, 21.519324 36.523962, 21.513372 36.523133, 21.508324 36.524557, 21.507604 36.523023, 21.509867 36.518898, 21.513902 36.516142, 21.513075 36.513613, 21.509217 36.513197, 21.506607 36.517196, 21.501454 36.516808, 21.497101 36.511306, 21.491546 36.511896, 21.488548 36.51079, 21.486304 36.507673, 21.482263 36.506514, 21.481358 36.502946, 21.479418 36.501726, 21.472015 36.503644, 21.468957 36.506961, 21.464912 36.506559, 21.464736 36.502442, 21.461968 36.501133, 21.455762 36.504428, 21.450216 36.503372, 21.447601 36.50734, 21.438967 36.507881, 21.436449 36.506587, 21.435841 36.503325, 21.433228 36.501429, 21.435163 36.496883, 21.432076 36.494943, 21.42888 36.497561, 21.431921 36.501849, 21.429211 36.505609, 21.424793 36.506113, 21.422568 36.509113, 21.416482 36.508149, 21.41232 36.509224, 21.409526 36.508038, 21.40884 36.505156, 21.406072 36.503848, 21.403304 36.505157, 21.403393 36.509028, 21.400966 36.510204, 21.398842 36.505598, 21.395755 36.50492, 21.390985 36.510118, 21.391553 36.515063, 21.385452 36.51576, 21.381496 36.513864, 21.378728 36.515173, 21.379237 36.518334, 21.39259 36.520577, 21.392157 36.527728), (21.392563 36.517708, 21.391443 36.515493, 21.394172 36.514892, 21.395099 36.516763, 21.392563 36.517708))",33.6366,45.3097,36.520254,21.450627,"21.37873,36.49494,21.52929,36.53998",13.7968,4.8019,3.907,0.6907,0.9375,0.2059,0.6799,2.8732,EVT0010-OBS000,0.0066,9.159,78.0,2,18.142,0.99,observed,True
EVT0010,EVT0010-OBS002,S1_EVT0010_04,2026-01-08T19:12:39Z,91.211,OBSERVED,"POLYGON ((21.554139 36.744128, 21.554199 36.746456, 21.556559 36.74754, 21.560298 36.746495, 21.568453 36.749103, 21.569788 36.750862, 21.569993 36.754927, 21.566177 36.757436, 21.566199 36.759846, 21.571455 36.761041, 21.574367 36.76377, 21.579785 36.763107, 21.582243 36.767029, 21.579353 36.769448, 21.579373 36.771847, 21.584987 36.772634, 21.592512 36.777879, 21.592057 36.782222, 21.596918 36.784489, 21.597453 36.790553, 21.595691 36.793496, 21.597724 36.796961, 21.596372 36.800334, 21.600179 36.803692, 21.604056 36.804647, 21.606583 36.813968, 21.609752 36.815041, 21.612693 36.811452, 21.616628 36.812147, 21.61517 36.81676, 21.618028 36.819021, 21.618937 36.822914, 21.621164 36.825136, 21.617886 36.836061, 21.62386 36.83833, 21.626764 36.841332, 21.633106 36.840453, 21.636253 36.84457, 21.637611 36.849946, 21.643522 36.852276, 21.64155 36.85753, 21.648452 36.859993, 21.647736 36.864343, 21.652023 36.867554, 21.65156 36.870026, 21.647273 36.871895, 21.647292 36.874116, 21.657266 36.877047, 21.665605 36.881433, 21.665961 36.883484, 21.663488 36.886555, 21.665892 36.892238, 21.671201 36.891331, 21.682937 36.894101, 21.689807 36.889504, 21.690211 36.886664, 21.686963 36.885605, 21.679959 36.889417, 21.675425 36.888226, 21.674386 36.885646, 21.685554 36.876118, 21.682672 36.870508, 21.678021 36.869888, 21.676748 36.868554, 21.678559 36.863552, 21.681974 36.861878, 21.682691 36.859575, 21.679337 36.858006, 21.676332 36.861693, 21.673826 36.862148, 21.67213 36.861053, 21.673689 36.852408, 21.667203 36.849483, 21.671127 36.844189, 21.669256 36.841886, 21.665305 36.841667, 21.664033 36.840332, 21.667456 36.8353, 21.663478 36.832823, 21.662546 36.828612, 21.658858 36.827581, 21.652106 36.821813, 21.651766 36.819078, 21.653519 36.81616, 21.651434 36.812659, 21.652858 36.80918, 21.651114 36.807318, 21.646287 36.805927, 21.644896 36.803514, 21.645382 36.79967, 21.639743 36.795318, 21.63779 36.786521, 21.632343 36.78539, 21.629753 36.782642, 21.627635 36.778947, 21.629502 36.774265, 21.624884 36.772756, 21.621775 36.770082, 21.616768 36.762405, 21.613827 36.762385, 21.610206 36.764955, 21.603852 36.761021, 21.602613 36.757421, 21.603638 36.753888, 21.600736 36.748621, 21.597378 36.747007, 21.598722 36.744581, 21.590814 36.738899, 21.586591 36.739007, 21.58782 36.740514, 21.585382 36.746362, 21.583272 36.746115, 21.581656 36.743628, 21.57788 36.741924, 21.579412 36.73887, 21.571684 36.740106, 21.57044 36.738866, 21.559525 36.738871, 21.557661 36.742456, 21.554139 36.744128), (21.58739 36.74638, 21.59186 36.745755, 21.596406 36.74773, 21.596283 36.749832, 21.592137 36.752747, 21.586215 36.750933, 21.58739 36.74638), (21.576593 36.755014, 21.577927 36.756466, 21.573503 36.759487, 21.570936 36.757309, 21.571469 36.755485, 21.576593 36.755014))",54.0619,64.1396,36.811473,21.628066,"21.55414,36.73887,21.69021,36.89410",20.5959,4.3766,59.792,0.7179,0.9772,0.1651,0.6987,4.7059,EVT0010-OBS001,0.0,36.232,60.724,3,22.357,0.99,observed,True
EVT0010,EVT0010-OBS003,S1_EVT0010_05,2026-01-09T13:21:25Z,109.357,OBSERVED,"POLYGON ((21.838353 37.056715, 21.837292 37.066, 21.837808 37.068653, 21.856095 37.107422, 21.864195 37.112078, 21.943285 37.129069, 21.949775 37.130014, 21.958141 37.128988, 21.962255 37.12764, 21.967388 37.121101, 21.964753 37.115144, 21.933801 37.093192, 21.893557 37.070212, 21.846532 37.054729, 21.838353 37.056715))",49.5192,31.2757,37.095719,21.895798,"21.83729,37.05473,21.96739,37.13001",13.5906,5.3229,21.896,1.0,0.9201,0.6362,1.0,2.5532,EVT0010-OBS002,0.0,39.9659,-8.403,4,18.146,0.876,observed,True
EVT0010,EVT0010-OBS004,S1_EVT0010_06,2026-01-10T04:54:27Z,124.908,OBSERVED,"POLYGON ((21.904545 37.325905, 21.904583 37.326023, 21.904636 37.326138, 21.904703 37.326248, 21.904782 37.326351, 21.904874 37.326448, 21.904978 37.326536, 21.905092 37.326616, 21.905215 37.326685, 21.905345 37.326744, 21.905483 37.326792, 21.905626 37.326829, 21.905772 37.326853, 21.905921 37.326865, 21.906071 37.326865, 21.906219 37.326852, 21.906366 37.326828, 21.91006 37.326042, 21.910233 37.326012, 21.910374 37.325999, 21.910515 37.325998, 21.910656 37.326007, 21.910795 37.326027, 21.910932 37.326058, 21.911064 37.3261, 21.91119 37.326152, 21.91131 37.326213, 21.911422 37.326284, 21.911526 37.326363, 21.911619 37.326449, 21.911703 37.326543, 21.911774 37.326643, 21.911834 37.326748, 21.911894 37.326884, 21.912433 37.32834, 21.912477 37.328485, 21.912498 37.328602, 21.912505 37.328721, 21.912498 37.32884, 21.912477 37.328957, 21.912441 37.329073, 21.912392 37.329185, 21.91233 37.329292, 21.912255 37.329394, 21.912169 37.32949, 21.912071 37.329578, 21.911963 37.329658, 21.911817 37.329746, 21.90754 37.332082, 21.907385 37.332158, 21.907254 37.332208, 21.907119 37.332248, 21.906979 37.332277, 21.906836 37.332294, 21.906692 37.3323, 21.906548 37.332295, 21.906385 37.332275, 21.906282 37.332259, 21.906138 37.332248, 21.905993 37.332248, 21.905848 37.33226, 21.905706 37.332284, 21.905567 37.332319, 21.905434 37.332365, 21.905306 37.332421, 21.905185 37.332487, 21.905073 37.332563, 21.904971 37.332647, 21.904879 37.332739, 21.904799 37.332838, 21.904731 37.332943, 21.904676 37.333053, 21.904634 37.333167, 21.904606 37.333284, 21.904592 37.333402, 21.904592 37.333521, 21.904607 37.333639, 21.904635 37.333756, 21.904678 37.33387, 21.905918 37.336697, 21.905972 37.33684, 21.906 37.336957, 21.906015 37.337076, 21.906015 37.337195, 21.906 37.337314, 21.905971 37.337432, 21.905918 37.337575, 21.905003 37.339654, 21.904958 37.339775, 21.904929 37.3399, 21.904916 37.340026, 21.904919 37.340153, 21.904939 37.340279, 21.904974 37.340403, 21.905025 37.340523, 21.905046 37.340565, 21.905108 37.340674, 21.905184 37.340778, 21.905271 37.340875, 21.90537 37.340965, 21.905479 37.341046, 21.905598 37.341117, 21.905725 37.341179, 21.905858 37.34123, 21.905997 37.34127, 21.908825 37.341955, 21.908998 37.342005, 21.909132 37.342056, 21.909259 37.342118, 21.909377 37.342189, 21.909486 37.34227, 21.909585 37.34236, 21.909673 37.342457, 21.909767 37.342587, 21.911109 37.344671, 21.911186 37.344777, 21.911276 37.344876, 21.911377 37.344967, 21.91149 37.345049, 21.911612 37.345122, 21.911742 37.345183, 21.91188 37.345234, 21.912023 37.345273, 21.91217 37.3453, 21.912319 37.345315, 21.91247 37.345317, 21.91262 37.345306, 21.915502 37.344981, 21.915689 37.344968, 21.91584 37.34497, 21.915989 37.344984, 21.916136 37.345011, 21.916279 37.34505, 21.916416 37.345101, 21.916579 37.345178, 21.918455 37.346177, 21.918609 37.346268, 21.918722 37.346351, 21.918824 37.346443, 21.918915 37.346544, 21.918992 37.346651, 21.919055 37.346764, 21.919116 37.346912, 21.921039 37.352512, 21.921081 37.352663, 21.921099 37.352786, 21.921102 37.35291, 21.921089 37.353033, 21.921061 37.353155, 21.921018 37.353274, 21.920961 37.353388, 21.920889 37.353497, 21.920805 37.3536, 21.920708 37.353695, 21.920572 37.353803, 21.918332 37.355412, 21.918227 37.355496, 21.918132 37.355587, 21.918049 37.355686, 21.917978 37.355791, 21.917921 37.355902, 21.917876 37.356016, 21.917846 37.356133, 21.91783 37.356253, 21.917829 37.356373, 21.917842 37.356492, 21.917932 37.357015, 21.91796 37.357135, 21.918003 37.357253, 21.91806 37.357365, 21.91813 37.357473, 21.918213 37.357575, 21.918309 37.357668, 21.918415 37.357754, 21.918532 37.35783, 21.918657 37.357897, 21.91879 37.357953, 21.918929 37.357997, 21.919073 37.35803, 21.91922 37.358051, 21.919368 37.358059, 21.919518 37.358056, 21.919665 37.35804, 21.919811 37.358012, 21.919952 37.357972, 21.922471 37.357139, 21.922633 37.357093, 21.922766 37.357066, 21.922902 37.357049, 21.923038 37.357042, 21.923175 37.357046, 21.923311 37.35706, 21.923445 37.357084, 21.923576 37.357119, 21.923733 37.357174, 21.929182 37.359337, 21.929321 37.359385, 21.929466 37.359422, 21.929615 37.359446, 21.929766 37.359457, 21.929917 37.359456, 21.930068 37.359442, 21.933405 37.358993, 21.93358 37.358976, 21.933721 37.358974, 21.933861 37.358982, 21.934 37.359002, 21.934136 37.359032, 21.934268 37.359073, 21.934394 37.359124, 21.934514 37.359184, 21.934627 37.359254, 21.93473 37.359332, 21.934825 37.359418, 21.934909 37.35951, 21.935 37.359634, 21.937122 37.362853, 21.937198 37.362956, 21.937286 37.363052, 21.937386 37.363141, 21.937495 37.363221, 21.937614 37.363292, 21.937741 37.363353, 21.937874 37.363403, 21.947551 37.366578, 21.947727 37.366645, 21.947861 37.36671, 21.947985 37.366786, 21.948099 37.366873, 21.948201 37.366969, 21.948313 37.3671, 21.949764 37.369002, 21.94985 37.369128, 21.949907 37.369234, 21.949952 37.369344, 21.949983 37.369457, 21.950001 37.369572, 21.950006 37.369688, 21.949997 37.369803, 21.949974 37.369918, 21.94993 37.370058, 21.949006 37.372481, 21.94897 37.372594, 21.948947 37.372709, 21.948939 37.372826, 21.948943 37.372943, 21.948962 37.373058, 21.948994 37.373172, 21.949039 37.373283, 21.949097 37.373389, 21.949168 37.373491, 21.949249 37.373586, 21.949342 37.373675, 21.949445 37.373756, 21.949556 37.373828, 21.952165 37.37536, 21.952285 37.375423, 21.952411 37.375477, 21.952544 37.375521, 21.952681 37.375553, 21.952821 37.375575, 21.952963 37.375586, 21.953105 37.375585, 21.953247 37.375574, 21.953387 37.375551, 21.953524 37.375517, 21.953656 37.375472, 21.953782 37.375418, 21.95753 37.373599, 21.95769 37.37353, 21.957824 37.373485, 21.957962 37.373451, 21.958104 37.373428, 21.958248 37.373417, 21.958393 37.373418, 21.958536 37.373429, 21.958678 37.373453, 21.958851 37.373496, 21.962234 37.374492, 21.962407 37.374551, 21.962538 37.374609, 21.962662 37.374678, 21.962776 37.374757, 21.96288 37.374845, 21.962973 37.374941, 21.963054 37.375045, 21.963121 37.375154, 21.963174 37.375269, 21.963213 37.375387, 21.963238 37.375508, 21.963249 37.375661, 21.963277 37.377813, 21.963286 37.377931, 21.963308 37.378047, 21.963344 37.378161, 21.963394 37.378272, 21.963456 37.378378, 21.96353 37.378479, 21.963616 37.378573, 21.963713 37.37866, 21.963929 37.378836, 21.964042 37.378919, 21.964164 37.378992, 21.964295 37.379054, 21.964433 37.379106, 21.964577 37.379145, 21.964725 37.379172, 21.964876 37.379187, 21.965027 37.379188, 21.965178 37.379178, 21.965327 37.379154, 21.965472 37.379118, 21.968639 37.37819, 21.968807 37.378148, 21.968945 37.378125, 21.969085 37.378113, 21.969225 37.378112, 21.969366 37.378122, 21.969504 37.378142, 21.969639 37.378173, 21.96977 37.378215, 21.969896 37.378267, 21.970045 37.378343, 21.97189 37.379393, 21.972018 37.379458, 21.972153 37.379513, 21.972294 37.379555, 21.97244 37.379586, 21.972589 37.379604, 21.97274 37.37961, 21.97289 37.379603, 21.973039 37.379584, 21.973185 37.379553, 21.973326 37.379509, 21.976502 37.378376, 21.97668 37.378322, 21.976826 37.37829, 21.976976 37.378271, 21.977127 37.378265, 21.977278 37.378271, 21.977428 37.37829, 21.977574 37.378321, 21.977752 37.378375, 21.981478 37.379698, 21.981647 37.379766, 21.981774 37.379831, 21.981892 37.379907, 21.982001 37.379993, 21.982098 37.380086, 21.982183 37.380188, 21.982256 37.380296, 21.982314 37.380409, 21.982358 37.380527, 21.982387 37.380648, 21.982402 37.38077, 21.9824 37.380924, 21.982176 37.384065, 21.982174 37.384178, 21.982185 37.384291, 21.982209 37.384403, 21.982246 37.384512, 21.982295 37.384618, 21.982356 37.38472, 21.982429 37.384817, 21.982512 37.384908, 21.982605 37.384992, 21.983006 37.385322, 21.983117 37.385404, 21.983237 37.385477, 21.983365 37.385539, 21.983501 37.385591, 21.983642 37.385631, 21.983787 37.385659, 21.983935 37.385675, 21.984084 37.385679, 21.984233 37.38567, 21.98438 37.385649, 21.984524 37.385617, 21.984663 37.385572, 21.984795 37.385516, 21.984921 37.38545, 21.985037 37.385374, 21.985144 37.385288, 21.985239 37.385194, 21.987063 37.383204, 21.987177 37.383091, 21.987279 37.383008, 21.98739 37.382934, 21.98751 37.382869, 21.987636 37.382813, 21.987802 37.382757, 21.995034 37.38063, 21.995211 37.380586, 21.995356 37.380563, 21.995504 37.380551, 21.995652 37.380552, 21.995799 37.380565, 21.995944 37.38059, 21.996085 37.380627, 21.996221 37.380675, 21.996351 37.380733, 21.996473 37.380803, 21.996613 37.380901, 21.998735 37.382545, 21.99885 37.382626, 21.998974 37.382696, 21.999107 37.382756, 21.999246 37.382804, 21.999391 37.38284, 22.005304 37.384058, 22.005478 37.384101, 22.005613 37.384147, 22.005642 37.38416, 22.005769 37.38421, 22.005902 37.384249, 22.006039 37.384278, 22.006179 37.384297, 22.00632 37.384304, 22.006462 37.3843, 22.006602 37.384285, 22.00674 37.384259, 22.006874 37.384223, 22.007004 37.384176, 22.007127 37.384119, 22.007243 37.384053, 22.007351 37.383978, 22.00745 37.383895, 22.007539 37.383805, 22.007616 37.383708, 22.007682 37.383605, 22.007736 37.383498, 22.007777 37.383387, 22.008232 37.381905, 22.008285 37.381764, 22.00834 37.381655, 22.008408 37.38155, 22.008488 37.381452, 22.008579 37.381361, 22.008681 37.381277, 22.008792 37.381202, 22.008912 37.381136, 22.009039 37.381079, 22.009172 37.381034, 22.009309 37.380999, 22.009451 37.380975, 22.009594 37.380963, 22.009738 37.380962, 22.009882 37.380973, 22.010059 37.381, 22.014368 37.381852, 22.014515 37.381875, 22.014664 37.381885, 22.014814 37.381883, 22.014962 37.381869, 22.015108 37.381843, 22.01525 37.381804, 22.015387 37.381754, 22.015517 37.381693, 22.020957 37.378825, 22.021122 37.378747, 22.021261 37.378697, 22.021406 37.378658, 22.021555 37.378632, 22.021707 37.378618, 22.021859 37.378618, 22.022011 37.37863, 22.02216 37.378655, 22.022342 37.378702, 22.025578 37.379687, 22.025717 37.379723, 22.025859 37.379748, 22.026003 37.379761, 22.026149 37.379762, 22.026293 37.379752, 22.026436 37.37973, 22.026576 37.379697, 22.026711 37.379653, 22.026839 37.379598, 22.027333 37.379363, 22.027459 37.379295, 22.027576 37.379217, 22.027683 37.37913, 22.027779 37.379035, 22.027862 37.378931, 22.027932 37.378822, 22.027988 37.378707, 22.02803 37.378588, 22.028056 37.378467, 22.028057 37.378461, 22.028068 37.37835, 22.028066 37.378238, 22.028052 37.378126, 22.028025 37.378016, 22.027985 37.377909, 22.027934 37.377805, 22.027872 37.377705, 22.027798 37.377611, 22.026218 37.375776, 22.026125 37.375656, 22.026062 37.375555, 22.026011 37.37545, 22.025972 37.375341, 22.025945 37.37523, 22.025932 37.375117, 22.025931 37.375003, 22.025946 37.374862, 22.026212 37.373257, 22.026225 37.373134, 22.026222 37.373011, 22.026204 37.372888, 22.026171 37.372768, 22.026123 37.372651, 22.026061 37.372538, 22.025985 37.372432, 22.025897 37.372332, 22.025796 37.37224, 22.02564 37.372111, 22.025536 37.372033, 22.025424 37.371964, 22.025304 37.371903, 22.025177 37.371852, 22.025046 37.371811, 22.02491 37.371781, 22.024771 37.371762, 22.02463 37.371753, 22.024489 37.371755, 22.024349 37.371768, 22.024212 37.371793, 22.02396 37.371847, 22.023815 37.371885, 22.023674 37.371936, 22.023541 37.371997, 22.023416 37.37207, 22.023302 37.372154, 22.023198 37.372246, 22.023107 37.372347, 22.023028 37.372454, 22.022964 37.372568, 22.021575 37.375407, 22.021498 37.375543, 22.021425 37.375646, 22.021339 37.375743, 22.021242 37.375833, 22.021134 37.375914, 22.021017 37.375986, 22.020893 37.376048, 22.020761 37.3761, 22.020624 37.376141, 22.020447 37.376178, 22.016995 37.376754, 22.016803 37.376777, 22.016647 37.376783, 22.016492 37.376775, 22.016339 37.376754, 22.016189 37.37672, 22.016008 37.376661, 22.0123 37.375266, 22.012138 37.375197, 22.012015 37.375131, 22.011901 37.375055, 22.011796 37.374971, 22.011702 37.374879, 22.01162 37.374779, 22.011551 37.374674, 22.011494 37.374563, 22.011451 37.374448, 22.011422 37.37433, 22.011408 37.374211, 22.011408 37.37409, 22.011426 37.373941, 22.012173 37.369881, 22.012188 37.36976, 22.012188 37.369638, 22.012173 37.369517, 22.012143 37.369398, 22.012099 37.369282, 22.01204 37.36917, 22.011969 37.369063, 22.011884 37.368963, 22.011788 37.36887, 22.009121 37.366544, 22.009002 37.366429, 22.008918 37.36633, 22.008847 37.366224, 22.008789 37.366113, 22.008745 37.365998, 22.008715 37.36588, 22.008699 37.36576, 22.008698 37.36564, 22.008712 37.365519, 22.00874 37.365401, 22.008782 37.365286, 22.008839 37.365174, 22.008926 37.365041, 22.010384 37.363054, 22.010454 37.362945, 22.010511 37.362832, 22.010554 37.362714, 22.010582 37.362594, 22.010594 37.362472, 22.010592 37.362349, 22.010575 37.362227, 22.010542 37.362107, 22.010425 37.361757, 22.01038 37.361645, 22.010323 37.361538, 22.010253 37.361436, 22.010172 37.36134, 22.01008 37.361251, 22.009977 37.361169, 22.009866 37.361096, 22.009746 37.361032, 22.00962 37.360978, 22.009488 37.360934, 22.009351 37.360901, 22.009211 37.360878, 22.009069 37.360867, 22.008926 37.360867, 22.008784 37.360878, 22.008644 37.3609, 22.008507 37.360934, 22.008375 37.360978, 22.008248 37.361032, 22.00571 37.362251, 22.005546 37.362321, 22.005408 37.362366, 22.005265 37.3624, 22.005119 37.362421, 22.004971 37.362431, 22.004785 37.362428, 21.998859 37.362075, 21.99868 37.362057, 21.99854 37.362032, 21.998403 37.361995, 21.998271 37.361948, 21.998146 37.36189, 21.998027 37.361823, 21.997918 37.361746, 21.997818 37.361661, 21.997728 37.361569, 21.997631 37.361445, 21.996716 37.360149, 21.996635 37.360021, 21.996583 37.359915, 21.996543 37.359805, 21.996517 37.359692, 21.996503 37.359578, 21.996502 37.359463, 21.996515 37.359349, 21.996541 37.359236, 21.99659 37.359098, 21.997314 37.357358, 21.997354 37.357244, 21.99738 37.357127, 21.997392 37.357009, 21.99739 37.35689, 21.997374 37.356772, 21.997343 37.356656, 21.997299 37.356543, 21.997242 37.356434, 21.997172 37.35633, 21.99709 37.356232, 21.996997 37.356141, 21.996893 37.356059, 21.99678 37.355984, 21.996659 37.35592, 21.99653 37.355865, 21.996396 37.355821, 21.996257 37.355787, 21.996115 37.355765, 21.99597 37.355755, 21.995825 37.355756, 21.995681 37.355769, 21.99554 37.355793, 21.995401 37.355829, 21.989086 37.357731, 21.988908 37.357777, 21.988762 37.357801, 21.988613 37.357813, 21.988464 37.357813, 21.988315 37.357801, 21.988169 37.357776, 21.988027 37.35774, 21.98789 37.357691, 21.987759 37.357632, 21.987636 37.357562, 21.987523 37.357483, 21.98742 37.357394, 21.987305 37.357274, 21.983004 37.352235, 21.982907 37.352107, 21.982841 37.351999, 21.982789 37.351886, 21.982751 37.35177, 21.982721 37.351621, 21.982255 37.348235, 21.982233 37.34812, 21.982197 37.348008, 21.982149 37.3479, 21.982087 37.347795, 21.982015 37.347696, 21.98193 37.347603, 21.981836 37.347517, 21.97964 37.345702, 21.979536 37.345624, 21.979423 37.345554, 21.979303 37.345494, 21.979176 37.345443, 21.979043 37.345402, 21.978907 37.345372, 21.978768 37.345352, 21.975543 37.34503, 21.975358 37.345004, 21.975214 37.344971, 21.975075 37.344926, 21.974941 37.34487, 21.974816 37.344803, 21.974699 37.344726, 21.974593 37.344639, 21.974497 37.344544, 21.974393 37.344417, 21.973115 37.342656, 21.973035 37.342558, 21.972945 37.342467, 21.972844 37.342384, 21.972734 37.342308, 21.972616 37.342242, 21.97249 37.342186, 21.972358 37.34214, 21.972221 37.342104, 21.972081 37.34208, 21.971939 37.342066, 21.971795 37.342064, 21.971652 37.342074, 21.971513 37.342088, 21.971366 37.34211, 21.971223 37.342144, 21.971085 37.342189, 21.970953 37.342245, 21.970829 37.342312, 21.970713 37.342389, 21.970608 37.342475, 21.970513 37.342569, 21.970431 37.342671, 21.970361 37.342778, 21.970305 37.342891, 21.970263 37.343008, 21.969616 37.345216, 21.969568 37.345353, 21.969516 37.345459, 21.969453 37.345561, 21.969378 37.345658, 21.969292 37.345748, 21.969196 37.345832, 21.969091 37.345907, 21.968978 37.345974, 21.968858 37.346032, 21.968732 37.346081, 21.968567 37.346129, 21.966203 37.34672, 21.966029 37.346756, 21.965886 37.346773, 21.965743 37.346779, 21.965599 37.346774, 21.965457 37.346758, 21.965317 37.34673, 21.965182 37.346691, 21.965051 37.346642, 21.964927 37.346582, 21.964811 37.346513, 21.964703 37.346435, 21.964606 37.346349, 21.964519 37.346255, 21.964443 37.346155, 21.964379 37.346049, 21.964316 37.345912, 21.962853 37.342187, 21.962801 37.342074, 21.962735 37.341965, 21.962656 37.341863, 21.962566 37.341767, 21.962463 37.341679, 21.962351 37.3416, 21.96223 37.341531, 21.962101 37.341472, 21.961965 37.341423, 21.961824 37.341386, 21.961679 37.341361, 21.961532 37.341348, 21.961384 37.341347, 21.961237 37.341358, 21.953525 37.342251, 21.953348 37.342265, 21.953206 37.342264, 21.953065 37.342253, 21.952925 37.34223, 21.952789 37.342196, 21.952658 37.342152, 21.952532 37.342098, 21.952413 37.342034, 21.952302 37.341961, 21.952175 37.34186, 21.950751 37.340608, 21.950633 37.340493, 21.95055 37.340393, 21.950479 37.340288, 21.950422 37.340177, 21.950378 37.340062, 21.950348 37.339945, 21.950333 37.339825, 21.950332 37.339705, 21.950346 37.339585, 21.950374 37.339467, 21.950427 37.339323, 21.951217 37.337512, 21.951259 37.337395, 21.951288 37.337276, 21.951301 37.337155, 21.9513 37.337033, 21.951284 37.336912, 21.951253 37.336793, 21.951208 37.336678, 21.951149 37.336566, 21.951077 37.33646, 21.950992 37.33636, 21.950895 37.336268, 21.950787 37.336184, 21.95067 37.33611, 21.950544 37.336045, 21.950411 37.335991, 21.950272 37.335949, 21.950129 37.335917, 21.949982 37.335898, 21.949834 37.335891, 21.949686 37.335896, 21.949539 37.335914, 21.945536 37.336553, 21.945362 37.336574, 21.945221 37.33658, 21.945081 37.336575, 21.944941 37.336559, 21.944804 37.336532, 21.944671 37.336494, 21.944543 37.336446, 21.944421 37.336389, 21.944306 37.336322, 21.9442 37.336247, 21.944102 37.336164, 21.943993 37.33605, 21.940671 37.332244, 21.940584 37.332153, 21.940487 37.33207, 21.94038 37.331994, 21.940265 37.331928, 21.940142 37.33187, 21.940014 37.331822, 21.93988 37.331785, 21.939743 37.331758, 21.939604 37.331742, 21.939463 37.331737, 21.939322 37.331742, 21.935675 37.332037, 21.935484 37.332044, 21.935331 37.332037, 21.93518 37.332017, 21.935032 37.331984, 21.93489 37.331939, 21.934753 37.331882, 21.934625 37.331814, 21.934506 37.331736, 21.93437 37.331625, 21.932166 37.329636, 21.932065 37.329553, 21.931955 37.329479, 21.931836 37.329413, 21.93171 37.329357, 21.931579 37.329312, 21.931442 37.329277, 21.931302 37.329253, 21.93116 37.32924, 21.931017 37.329239, 21.930875 37.329249, 21.930734 37.32927, 21.927469 37.329892, 21.927292 37.329918, 21.927148 37.329928, 21.927003 37.329926, 21.92686 37.329913, 21.926719 37.329888, 21.926581 37.329852, 21.926449 37.329805, 21.926322 37.329748, 21.926203 37.329681, 21.926093 37.329605, 21.925992 37.32952, 21.925879 37.329405, 21.92104 37.323935, 21.920951 37.323845, 21.920853 37.323762, 21.920746 37.323687, 21.92063 37.323621, 21.920507 37.323564, 21.920378 37.323517, 21.920244 37.32348, 21.920107 37.323454, 21.919967 37.323439, 21.919826 37.323434, 21.919685 37.323441, 21.919545 37.323459, 21.915826 37.324079, 21.915651 37.324102, 21.91551 37.324108, 21.915369 37.324104, 21.915229 37.324088, 21.915092 37.324062, 21.914958 37.324025, 21.914829 37.323978, 21.914706 37.323921, 21.914591 37.323855, 21.914483 37.32378, 21.91436 37.323676, 21.912029 37.321504, 21.91193 37.32142, 21.911823 37.321345, 21.911707 37.321279, 21.911584 37.321222, 21.911454 37.321175, 21.91132 37.321138, 21.906395 37.319996, 21.906247 37.319968, 21.906097 37.319953, 21.905946 37.31995, 21.905795 37.319961, 21.90503 37.320045, 21.904888 37.320066, 21.90475 37.320099, 21.904616 37.320142, 21.904487 37.320196, 21.904366 37.32026, 21.904253 37.320333, 21.904149 37.320415, 21.904055 37.320505, 21.903993 37.320571, 21.903907 37.320673, 21.903834 37.32078, 21.903775 37.320894, 21.90373 37.321012, 21.9037 37.321132, 21.903686 37.321255, 21.903686 37.321379, 21.903702 37.321501, 21.904517 37.325745, 21.904522 37.325784, 21.904545 37.325905))",31.1019,37.221,37.35638,21.959676,"21.90369,37.31995,22.02807,37.38568",12.957,4.1291,23.622,0.7737,0.9479,0.2821,0.7749,3.138,EVT0010-OBS003,0.0,29.5957,-37.192,5,15.551,0.943,observed,True
EVT0010,EVT0010-OBS005,S1_EVT0010_07,2026-01-11T01:03:17Z,145.055,OBSERVED,"POLYGON ((21.906815 37.387626, 21.903042 37.390135, 21.903005 37.393049, 21.908867 37.395491, 21.912748 37.400222, 21.91634 37.400268, 21.919373 37.398321, 21.922506 37.402326, 21.935019 37.403495, 21.938536 37.406623, 21.947257 37.409973, 21.954169 37.408136, 21.958026 37.412244, 21.957846 37.415401, 21.960383 37.417434, 21.968428 37.4167, 21.972388 37.413769, 21.981645 37.4172, 21.987137 37.413941, 21.988408 37.417585, 21.992576 37.419997, 21.999358 37.418832, 22.003195 37.421696, 22.007753 37.420342, 22.012745 37.420726, 22.015807 37.422285, 22.031024 37.423285, 22.035112 37.425178, 22.040838 37.423679, 22.046157 37.428362, 22.053691 37.428787, 22.057386 37.426127, 22.062802 37.425999, 22.06606 37.430483, 22.071269 37.429903, 22.074566 37.430902, 22.079104 37.429968, 22.082561 37.427203, 22.083804 37.428233, 22.083272 37.432436, 22.089101 37.433863, 22.0924 37.43794, 22.104034 37.437033, 22.107549 37.434071, 22.105826 37.431455, 22.107912 37.42715, 22.107725 37.421699, 22.100284 37.420305, 22.094959 37.42089, 22.092963 37.417542, 22.090346 37.416643, 22.087217 37.418103, 22.086139 37.421259, 22.081835 37.421286, 22.080772 37.419261, 22.085245 37.416337, 22.083562 37.413, 22.079931 37.412966, 22.077567 37.415874, 22.073109 37.417018, 22.069121 37.41204, 22.064985 37.409499, 22.057477 37.407492, 22.052167 37.409962, 22.0529 37.405509, 22.049934 37.403184, 22.04568 37.403965, 22.041261 37.401503, 22.034682 37.403743, 22.026855 37.398363, 22.02061 37.400691, 22.017396 37.396406, 22.014842 37.39551, 22.010145 37.396101, 22.007434 37.398167, 22.003881 37.397168, 21.999712 37.398262, 21.993457 37.393627, 21.989975 37.39393, 21.982022 37.391572, 21.978798 37.392356, 21.975096 37.389492, 21.966792 37.387835, 21.965288 37.384262, 21.963044 37.382885, 21.954871 37.386384, 21.95164 37.38464, 21.944733 37.385273, 21.942622 37.381856, 21.939126 37.381087, 21.936539 37.383164, 21.937414 37.386978, 21.935497 37.388285, 21.927747 37.386529, 21.92411 37.387183, 21.920599 37.38382, 21.914608 37.385864, 21.90494 37.379566, 21.902445 37.380436, 21.901384 37.382627, 21.902486 37.3847, 21.906261 37.385881, 21.906815 37.387626), (22.099166 37.426952, 22.10096 37.431281, 22.095836 37.432583, 22.093719 37.431838, 22.09391 37.428051, 22.099166 37.426952), (22.088294 37.422556, 22.092014 37.423595, 22.091548 37.425184, 22.087729 37.424087, 22.088294 37.422556))",42.9892,54.7355,37.407764,22.00204,"21.90138,37.37957,22.10791,37.43794",19.6496,3.765,15.918,0.7459,0.9815,0.1803,0.7672,5.219,EVT0010-OBS004,0.0,6.9024,38.22,6,20.147,0.99,observed,True
EVT0010,EVT0010-OBS006,,2026-01-11T17:04:06Z,161.068,INTERPOLATED,"POLYGON ((22.198462 37.613924, 22.198336 37.610345, 22.196691 37.605812, 22.193555 37.600404, 22.188982 37.594214, 22.18305 37.587345, 22.175861 37.579918, 22.167536 37.572057, 22.15822 37.563899, 22.148071 37.555583, 22.137263 37.54725, 22.125981 37.539044, 22.114418 37.531104, 22.102771 37.523567, 22.091241 37.516562, 22.080024 37.510209, 22.069312 37.504615, 22.059289 37.499878, 22.050126 37.496077, 22.041979 37.493279, 22.034989 37.491531, 22.029275 37.490862, 22.024934 37.491285, 22.022041 37.492791, 22.020646 37.495356, 22.020772 37.498935, 22.022416 37.503468, 22.025552 37.508876, 22.030125 37.515067, 22.036057 37.521935, 22.043247 37.529362, 22.051571 37.537223, 22.060888 37.545381, 22.071037 37.553698, 22.081845 37.56203, 22.093127 37.570237, 22.10469 37.578176, 22.116336 37.585713, 22.127867 37.592718, 22.139084 37.599072, 22.149796 37.604665, 22.159819 37.609402, 22.168982 37.613203, 22.177128 37.616001, 22.184119 37.61775, 22.189833 37.618418, 22.194174 37.617996, 22.197066 37.616489, 22.198462 37.613924))",75.7111,44.5665,37.55464,22.109554,"22.02065,37.49086,22.19846,37.61842",21.0773,4.5857,39.97,1.0,0.976,0.479,1.0,4.5963,EVT0010-OBS005,0.0,19.0643,76.117,6,16.013,0.0,synthetic,False
EVT0010,EVT0010-OBS007,S1_EVT0010_09,2026-01-12T09:04:54Z,177.082,OBSERVED,"POLYGON ((22.144039 37.626855, 22.141123 37.625075, 22.138307 37.626368, 22.138258 37.628487, 22.148015 37.631737, 22.14793 37.636083, 22.149837 37.637678, 22.152617 37.637078, 22.154676 37.63332, 22.159704 37.635578, 22.160076 37.637333, 22.156694 37.642779, 22.158741 37.644474, 22.163019 37.644879, 22.165941 37.650028, 22.165518 37.653834, 22.167839 37.654916, 22.171438 37.65343, 22.173978 37.654193, 22.173348 37.658462, 22.176744 37.660866, 22.177685 37.664357, 22.180193 37.665538, 22.184693 37.664872, 22.194336 37.674957, 22.196104 37.680673, 22.200976 37.683374, 22.202355 37.686841, 22.201018 37.693225, 22.203238 37.695939, 22.201318 37.7007, 22.205096 37.701544, 22.206565 37.699486, 22.205943 37.696011, 22.210632 37.696123, 22.213839 37.704464, 22.216791 37.706551, 22.216296 37.712311, 22.221241 37.713644, 22.22512 37.716672, 22.225219 37.721672, 22.22982 37.726407, 22.229513 37.729611, 22.231031 37.735429, 22.233491 37.737858, 22.233895 37.742139, 22.243264 37.747394, 22.24262 37.749362, 22.237106 37.751294, 22.236663 37.754071, 22.239082 37.755227, 22.244798 37.753772, 22.246752 37.754487, 22.244995 37.761993, 22.249155 37.764496, 22.249689 37.768045, 22.253204 37.771419, 22.248746 37.778081, 22.252718 37.790253, 22.247494 37.797946, 22.242053 37.797925, 22.23985 37.800592, 22.235921 37.802016, 22.235862 37.8052, 22.237971 37.805937, 22.243069 37.80443, 22.248505 37.806978, 22.253262 37.80261, 22.259593 37.803104, 22.261802 37.801127, 22.261796 37.738058, 22.257987 37.738059, 22.256281 37.7367, 22.25938 37.731691, 22.255031 37.728235, 22.254775 37.723804, 22.250009 37.72176, 22.250321 37.718563, 22.247303 37.715591, 22.248925 37.711012, 22.239342 37.705551, 22.237437 37.700755, 22.237855 37.697084, 22.234054 37.6952, 22.231174 37.690307, 22.233224 37.685419, 22.227515 37.684219, 22.226365 37.681418, 22.220871 37.677171, 22.216365 37.676759, 22.213403 37.670581, 22.206814 37.669804, 22.2089 37.664584, 22.203217 37.662316, 22.201056 37.658409, 22.201642 37.655397, 22.196958 37.651108, 22.19661 37.648002, 22.189821 37.643287, 22.183873 37.634814, 22.175062 37.631733, 22.175661 37.629381, 22.179543 37.627517, 22.179064 37.624665, 22.176778 37.623557, 22.15055 37.623557, 22.150015 37.626579, 22.144039 37.626855))",43.4588,62.5903,37.701516,22.217068,"22.13826,37.62356,22.26180,37.80698",22.5092,5.4074,65.656,0.4442,0.9707,0.1394,0.7992,4.1627,EVT0010-OBS006,0.0,19.0643,-42.599,7,16.013,0.99,observed,True
EVT0010,EVT0010-OBS008,,2026-01-13T03:04:54Z,195.082,PREDICTED,"POLYGON ((22.39609 37.962928, 22.398756 37.958906, 22.400381 37.953305, 22.400938 37.94622, 22.400416 37.937773, 22.398825 37.928109, 22.396192 37.917393, 22.392562 37.905807, 22.387996 37.893551, 22.382574 37.880834, 22.376388 37.867874, 22.369544 37.854892, 22.362159 37.842111, 22.354358 37.829749, 22.346277 37.818018, 22.338053 37.807118, 22.329826 37.797236, 22.321738 37.788541, 22.313926 37.781183, 22.306526 37.775285, 22.299662 37.770951, 22.293453 37.768253, 22.288005 37.767238, 22.28341 37.767924, 22.279749 37.770298, 22.277083 37.77432, 22.275457 37.779921, 22.274901 37.787006, 22.275423 37.795453, 22.277014 37.805117, 22.279647 37.815834, 22.283277 37.827419, 22.287842 37.839675, 22.293264 37.852392, 22.299451 37.865352, 22.306295 37.878334, 22.31368 37.891115, 22.32148 37.903477, 22.329562 37.915208, 22.337786 37.926108, 22.346013 37.93599, 22.354101 37.944685, 22.361912 37.952044, 22.369313 37.957941, 22.376177 37.962275, 22.382386 37.964973, 22.387834 37.965988, 22.392428 37.965302, 22.39609 37.962928))",119.5624,51.9644,37.866613,22.337919,"22.27490,37.76724,22.40094,37.96599",24.1129,6.3295,66.642,1.0,0.9649,0.5564,1.0,3.8096,EVT0010-OBS007,0.0,21.4294,175.116,7,18.0,0.0,synthetic,False
EVT0010,EVT0010-OBS009,,2026-01-13T21:04:54Z,213.082,PREDICTED,"POLYGON ((22.521145 38.134323, 22.52431 38.129913, 22.526354 38.123824, 22.527241 38.116158, 22.526957 38.107048, 22.525506 38.096648, 22.522913 38.085138, 22.519223 38.072713, 22.514498 38.059586, 22.50882 38.045983, 22.502286 38.032135, 22.495007 38.01828, 22.487108 38.004655, 22.478724 37.991493, 22.469999 37.979019, 22.461081 37.967447, 22.452125 37.956974, 22.443281 37.947779, 22.434703 37.940021, 22.426537 37.933832, 22.418922 37.929317, 22.411989 37.926555, 22.405857 37.925592, 22.400629 37.926444, 22.396397 37.929097, 22.393232 37.933507, 22.391188 37.939596, 22.390301 37.947262, 22.390585 37.956372, 22.392036 37.966772, 22.394629 37.978283, 22.398319 37.990707, 22.403044 38.003834, 22.408722 38.017437, 22.415256 38.031285, 22.422535 38.04514, 22.430434 38.058765, 22.438818 38.071927, 22.447543 38.084401, 22.456461 38.095974, 22.465418 38.106446, 22.474261 38.115641, 22.482839 38.123399, 22.491005 38.129588, 22.49862 38.134103, 22.505553 38.136865, 22.511686 38.137829, 22.516913 38.136976, 22.521145 38.134323))",146.1259,55.9096,38.03171,22.458771,"22.39030,37.92559,22.52724,38.13783",25.7192,7.2522,64.597,1.0,0.9594,0.5874,1.0,3.5464,EVT0010-OBS008,0.0112,21.4294,22.217,7,18.0,0.0,synthetic,False
EVT0011,EVT0011-OBS000,S1_EVT0011_00,2026-01-08T13:23:16Z,85.388,OBSERVED,"POLYGON ((19.560561 37.776508, 19.566761 37.776238, 19.571113 37.772971, 19.575624 37.774868, 19.57663 37.778051, 19.579372 37.779345, 19.584857 37.774846, 19.592965 37.776288, 19.601521 37.770499, 19.607514 37.77149, 19.609098 37.769244, 19.607224 37.765155, 19.611064 37.763495, 19.615688 37.758964, 19.618173 37.759762, 19.61854 37.76422, 19.622996 37.764219, 19.626584 37.757822, 19.624037 37.753404, 19.625797 37.746501, 19.631443 37.74403, 19.636173 37.744471, 19.637323 37.740953, 19.632004 37.738371, 19.632056 37.735043, 19.630588 37.733475, 19.625873 37.73354, 19.616598 37.729843, 19.614609 37.725174, 19.611443 37.725173, 19.608464 37.727307, 19.604687 37.725205, 19.602287 37.725462, 19.600849 37.730328, 19.591997 37.735296, 19.574925 37.742352, 19.56992 37.742113, 19.558623 37.749312, 19.558954 37.75345, 19.556057 37.756612, 19.558181 37.762342, 19.555631 37.766346, 19.560487 37.770659, 19.558979 37.774259, 19.560561 37.776508), (19.624483 37.740599, 19.623654 37.737187, 19.627061 37.737723, 19.627112 37.740269, 19.624483 37.740599))",25.5113,25.8365,37.752907,19.593876,"19.55563,37.72517,19.63732,37.77934",8.0328,4.658,147.87,0.847,0.8147,0.4803,0.806,1.7245,,,,,1,,0.929,observed,True
EVT0011,EVT0011-OBS001,S1_EVT0011_01,2026-01-09T02:49:40Z,98.828,OBSERVED,"POLYGON ((19.505891 37.947305, 19.509775 37.948639, 19.511039 37.951816, 19.516893 37.952317, 19.519585 37.957053, 19.524041 37.956748, 19.527517 37.958363, 19.527785 37.959981, 19.525387 37.962344, 19.52617 37.964657, 19.528153 37.965316, 19.531658 37.963544, 19.535028 37.963894, 19.537004 37.966476, 19.540372 37.967809, 19.542893 37.971777, 19.54837 37.969521, 19.557552 37.97391, 19.560552 37.970813, 19.565544 37.968646, 19.570848 37.973275, 19.576997 37.974063, 19.581798 37.972968, 19.584347 37.977306, 19.586916 37.9785, 19.593065 37.976484, 19.592441 37.970989, 19.597186 37.971017, 19.60061 37.968835, 19.599259 37.96615, 19.589205 37.963426, 19.588856 37.956733, 19.584801 37.953938, 19.584128 37.94998, 19.577451 37.948706, 19.574597 37.944773, 19.570197 37.946122, 19.567786 37.94545, 19.567513 37.94382, 19.56988 37.941464, 19.569105 37.939199, 19.558874 37.937718, 19.553883 37.935334, 19.546107 37.935978, 19.54228 37.93387, 19.542203 37.930682, 19.540056 37.928937, 19.532537 37.928476, 19.529209 37.931157, 19.523769 37.930169, 19.520276 37.931142, 19.516325 37.926902, 19.508946 37.927606, 19.507862 37.930791, 19.512045 37.932392, 19.5128 37.934381, 19.507495 37.939079, 19.50141 37.938923, 19.501185 37.941507, 19.504901 37.943897, 19.505891 37.947305))",25.9649,27.9674,37.952351,19.549458,"19.50119,37.92690,19.60061,37.97850",9.625,4.2766,23.329,0.8343,0.8959,0.4172,0.8161,2.2506,EVT0011-OBS000,0.0,22.5685,1.778,2,13.44,0.99,observed,True
EVT0011,EVT0011-OBS002,S1_EVT0011_02,2026-01-10T00:11:50Z,120.197,OBSERVED,"POLYGON ((19.373542 38.002236, 19.373563 38.002352, 19.373597 38.002467, 19.373645 38.002578, 19.373706 38.002685, 19.373779 38.002786, 19.373864 38.002881, 19.37396 38.002969, 19.374066 38.003049, 19.374181 38.00312, 19.374303 38.003182, 19.374433 38.003233, 19.374567 38.003275, 19.374707 38.003305, 19.374849 38.003324, 19.374992 38.003331, 19.375136 38.003327, 19.375279 38.003312, 19.375419 38.003286, 19.375555 38.003248, 19.375646 38.003215, 19.375801 38.003165, 19.37594 38.003133, 19.376082 38.003112, 19.376226 38.003103, 19.37637 38.003105, 19.376513 38.003118, 19.376654 38.003143, 19.376792 38.00318, 19.376958 38.003238, 19.381845 38.005209, 19.381973 38.005254, 19.382105 38.00529, 19.382242 38.005315, 19.38238 38.00533, 19.38252 38.005333, 19.385843 38.005294, 19.38603 38.0053, 19.386178 38.005316, 19.386323 38.005345, 19.386464 38.005386, 19.386599 38.005438, 19.386728 38.005502, 19.386847 38.005575, 19.386957 38.005658, 19.387056 38.00575, 19.387166 38.005874, 19.389024 38.008232, 19.389114 38.008359, 19.389174 38.008466, 19.38922 38.008577, 19.389253 38.008691, 19.389273 38.008807, 19.389279 38.008925, 19.389268 38.009076, 19.389267 38.009193, 19.38928 38.009309, 19.389306 38.009424, 19.389345 38.009536, 19.389398 38.009645, 19.389463 38.009749, 19.38954 38.009848, 19.389628 38.009939, 19.389727 38.010024, 19.389835 38.0101, 19.389952 38.010168, 19.390076 38.010226, 19.390206 38.010274, 19.390341 38.010311, 19.39048 38.010338, 19.390622 38.010353, 19.390764 38.010357, 19.390907 38.01035, 19.391048 38.010332, 19.391186 38.010303, 19.39132 38.010262, 19.391449 38.010212, 19.391571 38.010152, 19.391686 38.010082, 19.391792 38.010003, 19.391868 38.009935, 19.391985 38.00984, 19.392103 38.009762, 19.39223 38.009695, 19.392364 38.009639, 19.392505 38.009594, 19.39265 38.009562, 19.392799 38.009541, 19.392988 38.009532, 19.398681 38.009473, 19.398862 38.009479, 19.399005 38.009495, 19.399146 38.009522, 19.399282 38.00956, 19.399414 38.009609, 19.399539 38.009668, 19.399656 38.009737, 19.399765 38.009815, 19.399863 38.009902, 19.399951 38.009996, 19.400028 38.010096, 19.400092 38.010202, 19.400143 38.010313, 19.40019 38.010456, 19.400847 38.012918, 19.400888 38.013039, 19.400943 38.013157, 19.401014 38.013269, 19.401098 38.013374, 19.401195 38.013472, 19.401304 38.013561, 19.401424 38.01364, 19.401553 38.013709, 19.402039 38.013939, 19.402165 38.013992, 19.402296 38.014035, 19.402432 38.014068, 19.40257 38.01409, 19.402711 38.014101, 19.402852 38.014101, 19.402993 38.014089, 19.403132 38.014067, 19.403267 38.014034, 19.412449 38.011411, 19.412622 38.011369, 19.412763 38.011347, 19.412906 38.011336, 19.41305 38.011337, 19.413193 38.011349, 19.413334 38.011372, 19.413471 38.011407, 19.413604 38.011452, 19.413731 38.011507, 19.41385 38.011573, 19.413961 38.011647, 19.414089 38.011751, 19.416127 38.013582, 19.416245 38.013699, 19.416327 38.0138, 19.416397 38.013907, 19.416453 38.01402, 19.416495 38.014136, 19.416523 38.014255, 19.416536 38.014376, 19.416534 38.014497, 19.416517 38.014618, 19.416486 38.014737, 19.41644 38.014852, 19.416366 38.014991, 19.415126 38.017023, 19.415067 38.017132, 19.415022 38.017246, 19.41499 38.017362, 19.414973 38.017481, 19.41497 38.0176, 19.414981 38.017719, 19.415007 38.017837, 19.415046 38.017952, 19.415099 38.018063, 19.415166 38.018169, 19.415244 38.01827, 19.415335 38.018363, 19.415436 38.018449, 19.415547 38.018527, 19.415667 38.018595, 19.415794 38.018653, 19.415928 38.0187, 19.416067 38.018737, 19.416209 38.018762, 19.416354 38.018776, 19.4165 38.018777, 19.416645 38.018768, 19.41668 38.018764, 19.416823 38.018742, 19.416962 38.018709, 19.417097 38.018666, 19.417226 38.018611, 19.417348 38.018547, 19.417461 38.018473, 19.417566 38.01839, 19.41766 38.0183, 19.417742 38.018202, 19.417813 38.018098, 19.419422 38.015427, 19.419513 38.015293, 19.419599 38.015193, 19.419696 38.0151, 19.419805 38.015016, 19.419923 38.014941, 19.42005 38.014876, 19.420184 38.014822, 19.420324 38.01478, 19.420469 38.014749, 19.420616 38.014731, 19.420765 38.014725, 19.420915 38.014731, 19.421062 38.014749, 19.421207 38.01478, 19.421382 38.014833, 19.428058 38.017169, 19.428197 38.017211, 19.42834 38.017241, 19.428486 38.01726, 19.428634 38.017266, 19.428782 38.01726, 19.428928 38.017243, 19.429071 38.017213, 19.429211 38.017172, 19.429344 38.01712, 19.432565 38.015693, 19.432729 38.015628, 19.432867 38.015587, 19.433009 38.015558, 19.433153 38.01554, 19.433299 38.015534, 19.433445 38.01554, 19.43359 38.015557, 19.433732 38.015586, 19.43387 38.015627, 19.434002 38.015678, 19.434127 38.01574, 19.434244 38.015812, 19.434352 38.015893, 19.434474 38.016004, 19.436908 38.018462, 19.437016 38.018583, 19.43709 38.018686, 19.437151 38.018794, 19.437202 38.018912, 19.437255 38.01902, 19.43732 38.019123, 19.437397 38.019221, 19.437485 38.019312, 19.437583 38.019395, 19.437691 38.019471, 19.437807 38.019537, 19.43793 38.019595, 19.438059 38.019642, 19.438194 38.019679, 19.438332 38.019706, 19.438472 38.019721, 19.438621 38.019732, 19.438762 38.019753, 19.4389 38.019786, 19.439067 38.01984, 19.444573 38.02189, 19.444716 38.021936, 19.444863 38.021969, 19.445013 38.02199, 19.445166 38.021998, 19.445319 38.021993, 19.44547 38.021976, 19.445618 38.021946, 19.450046 38.020838, 19.450222 38.020802, 19.450367 38.020784, 19.450512 38.020778, 19.450658 38.020784, 19.450802 38.020801, 19.450944 38.020831, 19.451081 38.020871, 19.451212 38.020922, 19.451337 38.020984, 19.451454 38.021055, 19.451589 38.021156, 19.452994 38.022315, 19.453111 38.022421, 19.453194 38.022512, 19.453266 38.022609, 19.453327 38.022712, 19.453367 38.022799, 19.453425 38.022909, 19.453496 38.023013, 19.453578 38.023111, 19.453672 38.023202, 19.453777 38.023285, 19.453891 38.02336, 19.454014 38.023424, 19.454143 38.023479, 19.454279 38.023523, 19.454419 38.023555, 19.454562 38.023577, 19.454707 38.023586, 19.454853 38.023584, 19.454998 38.02357, 19.45514 38.023545, 19.455279 38.023508, 19.455412 38.02346, 19.455539 38.023402, 19.455659 38.023334, 19.45577 38.023256, 19.45587 38.02317, 19.455961 38.023076, 19.456021 38.023007, 19.456112 38.02292, 19.456213 38.022841, 19.456322 38.02277, 19.456439 38.022708, 19.456594 38.022642, 19.460445 38.02118, 19.460623 38.021122, 19.460771 38.021087, 19.460922 38.021065, 19.461075 38.021057, 19.461228 38.021061, 19.46138 38.021078, 19.461529 38.021108, 19.46171 38.021161, 19.464299 38.022051, 19.464474 38.02212, 19.464605 38.022187, 19.464728 38.022264, 19.464839 38.022352, 19.464939 38.022449, 19.465048 38.02258, 19.466306 38.024279, 19.46639 38.02438, 19.466486 38.024473, 19.466592 38.024559, 19.466709 38.024635, 19.466834 38.024701, 19.466967 38.024756, 19.467106 38.024801, 19.46725 38.024833, 19.467397 38.024854, 19.467546 38.024862, 19.467695 38.024858, 19.467842 38.024842, 19.467988 38.024814, 19.468128 38.024773, 19.468264 38.024722, 19.471967 38.02312, 19.472136 38.023055, 19.472278 38.023015, 19.472424 38.022986, 19.472572 38.02297, 19.472722 38.022967, 19.472871 38.022975, 19.473018 38.022996, 19.473163 38.02303, 19.473302 38.023075, 19.473435 38.023131, 19.473592 38.023215, 19.476578 38.024992, 19.476719 38.025085, 19.476822 38.025168, 19.476915 38.025258, 19.476996 38.025356, 19.477066 38.025459, 19.477123 38.025568, 19.477166 38.025681, 19.477204 38.025825, 19.477664 38.028148, 19.477694 38.028264, 19.477738 38.028377, 19.477796 38.028486, 19.477866 38.02859, 19.477948 38.028688, 19.478041 38.028779, 19.478145 38.028862, 19.478258 38.028936, 19.47838 38.029001, 19.478509 38.029056, 19.478643 38.0291, 19.480755 38.029696, 19.480894 38.029729, 19.481037 38.029751, 19.481182 38.029761, 19.481327 38.02976, 19.481471 38.029746, 19.481613 38.029722, 19.481752 38.029686, 19.481885 38.029639, 19.482013 38.029582, 19.482133 38.029515, 19.482244 38.029438, 19.482345 38.029353, 19.482436 38.02926, 19.482515 38.02916, 19.482582 38.029055, 19.482636 38.028944, 19.482677 38.02883, 19.482704 38.028713, 19.482716 38.028595, 19.482715 38.028476, 19.482699 38.028357, 19.482678 38.028254, 19.48267 38.028137, 19.482675 38.02802, 19.482693 38.027903, 19.482726 38.027789, 19.482772 38.027678, 19.482845 38.027544, 19.483708 38.026155, 19.483797 38.026028, 19.483879 38.025932, 19.483973 38.025844, 19.484076 38.025763, 19.484189 38.025691, 19.484309 38.025628, 19.484437 38.025574, 19.48457 38.025532, 19.484708 38.025499, 19.484848 38.025478, 19.484991 38.025469, 19.485134 38.02547, 19.485276 38.025483, 19.485451 38.025513, 19.488833 38.026234, 19.489008 38.026279, 19.489143 38.026326, 19.489272 38.026384, 19.489393 38.026453, 19.489505 38.02653, 19.489607 38.026617, 19.489698 38.026711, 19.489778 38.026812, 19.489845 38.02692, 19.489898 38.027032, 19.489937 38.027148, 19.489963 38.027266, 19.489973 38.027386, 19.48997 38.027507, 19.489947 38.027656, 19.489518 38.029637, 19.489477 38.029784, 19.489431 38.029898, 19.48937 38.030008, 19.489297 38.030113, 19.489211 38.03021, 19.489114 38.030301, 19.489006 38.030383, 19.488889 38.030456, 19.488763 38.030519, 19.488631 38.030571, 19.488493 38.030613, 19.48835 38.030642, 19.488205 38.030661, 19.488058 38.030667, 19.487911 38.030661, 19.487766 38.030644, 19.487623 38.030614, 19.48745 38.030563, 19.484632 38.0296, 19.484496 38.02956, 19.484357 38.029531, 19.484214 38.029513, 19.48407 38.029507, 19.483926 38.029512, 19.483784 38.029528, 19.483644 38.029556, 19.483508 38.029595, 19.483377 38.029644, 19.483252 38.029704, 19.483136 38.029773, 19.483028 38.029851, 19.48293 38.029938, 19.482842 38.030032, 19.482766 38.030132, 19.482703 38.030238, 19.482652 38.030349, 19.482615 38.030463, 19.482591 38.030579, 19.482582 38.030697, 19.482586 38.030815, 19.482604 38.030932, 19.482637 38.031047, 19.482682 38.031159, 19.482741 38.031267, 19.485574 38.03585, 19.485647 38.035955, 19.485733 38.036054, 19.485831 38.036146, 19.485939 38.036229, 19.486057 38.036302, 19.486184 38.036366, 19.486317 38.036419, 19.486457 38.036461, 19.4866 38.036491, 19.486747 38.036509, 19.486895 38.036515, 19.487155 38.036515, 19.487291 38.03651, 19.487427 38.036494, 19.48756 38.036468, 19.487689 38.036433, 19.487815 38.036387, 19.487934 38.036333, 19.488047 38.036269, 19.488152 38.036198, 19.492178 38.033188, 19.492322 38.033091, 19.492446 38.033023, 19.492577 38.032966, 19.492715 38.03292, 19.492858 38.032885, 19.493005 38.032863, 19.493153 38.032853, 19.493302 38.032855, 19.49345 38.032869, 19.493596 38.032895, 19.493773 38.032943, 19.496909 38.033937, 19.497053 38.033976, 19.4972 38.034002, 19.49735 38.034016, 19.497501 38.034018, 19.497652 38.034007, 19.4978 38.033983, 19.502364 38.033055, 19.502535 38.033027, 19.502674 38.033016, 19.502814 38.033015, 19.502953 38.033025, 19.50309 38.033046, 19.503224 38.033077, 19.503354 38.033118, 19.503479 38.033169, 19.503597 38.03323, 19.503736 38.033317, 19.505736 38.034698, 19.505867 38.034798, 19.505961 38.034885, 19.506045 38.034979, 19.506118 38.03508, 19.506178 38.035186, 19.506226 38.035296, 19.50626 38.03541, 19.506281 38.035525, 19.506288 38.035642, 19.506281 38.035758, 19.506261 38.035874, 19.506219 38.036016, 19.505406 38.038267, 19.505371 38.038387, 19.505351 38.038509, 19.505346 38.038631, 19.505356 38.038754, 19.505381 38.038875, 19.505421 38.038993, 19.505476 38.039108, 19.505544 38.039217, 19.505755 38.039518, 19.505832 38.039615, 19.50592 38.039707, 19.506018 38.03979, 19.506125 38.039866, 19.506241 38.039933, 19.506364 38.039991, 19.506493 38.040039, 19.506627 38.040077, 19.506765 38.040103, 19.506905 38.040119, 19.507408 38.040156, 19.507556 38.040161, 19.507704 38.040154, 19.50785 38.040135, 19.507993 38.040103, 19.508132 38.04006, 19.508265 38.040007, 19.50839 38.039942, 19.508507 38.039867, 19.508614 38.039784, 19.508711 38.039692, 19.510017 38.038311, 19.510139 38.038195, 19.510248 38.038111, 19.510366 38.038036, 19.510493 38.037971, 19.510627 38.037917, 19.510768 38.037874, 19.510913 38.037844, 19.511061 38.037825, 19.51121 38.037819, 19.51136 38.037825, 19.511508 38.037844, 19.511689 38.037882, 19.514148 38.038514, 19.514325 38.038568, 19.51446 38.038623, 19.514588 38.038688, 19.514707 38.038764, 19.514816 38.038849, 19.514913 38.038943, 19.514999 38.039044, 19.515071 38.039152, 19.51513 38.039266, 19.515174 38.039384, 19.515204 38.039505, 19.515222 38.039659, 19.515354 38.042144, 19.515354 38.042289, 19.515346 38.042409, 19.515354 38.042531, 19.515377 38.042651, 19.515414 38.04277, 19.515466 38.042884, 19.515532 38.042994, 19.51561 38.043098, 19.515701 38.043195, 19.515804 38.043283, 19.515917 38.043363, 19.516039 38.043433, 19.516169 38.043493, 19.516306 38.043542, 19.516448 38.043579, 19.516594 38.043604, 19.516742 38.043617, 19.516891 38.043618, 19.51704 38.043607, 19.518022 38.04349, 19.518215 38.043475, 19.518371 38.043477, 19.518525 38.043492, 19.518714 38.043527, 19.524064 38.044769, 19.52424 38.044817, 19.524375 38.044868, 19.524503 38.044929, 19.524623 38.045, 19.524734 38.045081, 19.524859 38.045193, 19.526608 38.046919, 19.526707 38.047008, 19.526817 38.047088, 19.526936 38.047159, 19.527063 38.04722, 19.527196 38.047271, 19.527336 38.04731, 19.527479 38.047338, 19.527625 38.047354, 19.527772 38.047358, 19.527918 38.04735, 19.528064 38.04733, 19.528206 38.047298, 19.528343 38.047255, 19.528475 38.047201, 19.528599 38.047137, 19.528715 38.047063, 19.528821 38.046979, 19.528917 38.046888, 19.529002 38.046789, 19.529073 38.046684, 19.529132 38.046573, 19.529177 38.046459, 19.529208 38.046341, 19.529225 38.046221, 19.529227 38.046101, 19.529214 38.04598, 19.529187 38.045862, 19.529175 38.045821, 19.529155 38.045705, 19.529149 38.045588, 19.529157 38.045471, 19.529179 38.045355, 19.529214 38.045241, 19.529263 38.045131, 19.529324 38.045025, 19.529397 38.044924, 19.529483 38.04483, 19.529603 38.044721, 19.53139 38.043246, 19.531525 38.043146, 19.531642 38.043074, 19.531767 38.043012, 19.531899 38.042961, 19.532036 38.042921, 19.532178 38.042892, 19.532322 38.042874, 19.532468 38.042868, 19.532614 38.042874, 19.532758 38.042892, 19.532899 38.042921, 19.533037 38.042962, 19.533168 38.043013, 19.533293 38.043075, 19.53341 38.043147, 19.533518 38.043228, 19.533639 38.043339, 19.535628 38.045348, 19.535737 38.04547, 19.535812 38.045574, 19.535873 38.045683, 19.535921 38.045797, 19.535955 38.045914, 19.535975 38.046034, 19.53598 38.046154, 19.535971 38.046274, 19.535947 38.046393, 19.535908 38.04651, 19.535856 38.046622, 19.53579 38.04673, 19.535712 38.046832, 19.535621 38.046927, 19.53552 38.047014, 19.53538 38.047112, 19.534896 38.04742, 19.534787 38.047497, 19.534687 38.047582, 19.534598 38.047674, 19.53452 38.047773, 19.534455 38.047878, 19.534402 38.047987, 19.534362 38.0481, 19.534336 38.048216, 19.534324 38.048333, 19.534325 38.048451, 19.534341 38.048568, 19.53437 38.048683, 19.534413 38.048795, 19.534469 38.048904, 19.534537 38.049007, 19.534618 38.049105, 19.53508 38.049612, 19.535174 38.049704, 19.535279 38.049789, 19.535393 38.049865, 19.535515 38.049931, 19.535646 38.049986, 19.535782 38.050031, 19.535923 38.050065, 19.536067 38.050087, 19.536214 38.050097, 19.53636 38.050096, 19.536506 38.050082, 19.53665 38.050057, 19.53679 38.05002, 19.536924 38.049972, 19.537052 38.049913, 19.537173 38.049844, 19.537284 38.049766, 19.537386 38.049679, 19.539383 38.047787, 19.539507 38.04768, 19.539616 38.047603, 19.539734 38.047535, 19.539859 38.047477, 19.539991 38.047429, 19.540127 38.047392, 19.540268 38.047365, 19.54041 38.04735, 19.540554 38.047347, 19.540698 38.047355, 19.54084 38.047374, 19.540979 38.047405, 19.541148 38.047457, 19.549367 38.050371, 19.549501 38.050412, 19.549639 38.050443, 19.549781 38.050462, 19.549923 38.050471, 19.550066 38.050467, 19.550208 38.050453, 19.550348 38.050427, 19.550484 38.050391, 19.550615 38.050344, 19.55074 38.050287, 19.550858 38.05022, 19.550967 38.050144, 19.551066 38.05006, 19.551156 38.049968, 19.551234 38.04987, 19.5513 38.049766, 19.551353 38.049657, 19.551394 38.049545, 19.551421 38.049429, 19.551434 38.049313, 19.551533 38.047514, 19.55155 38.04737, 19.551576 38.047256, 19.551616 38.047145, 19.551668 38.047037, 19.551733 38.046934, 19.551809 38.046837, 19.551897 38.046746, 19.551994 38.046662, 19.552101 38.046586, 19.552217 38.046519, 19.552339 38.046461, 19.552468 38.046414, 19.552602 38.046376, 19.552739 38.046349, 19.552915 38.046329, 19.558022 38.045948, 19.558135 38.045944, 19.558278 38.045933, 19.558419 38.045911, 19.558556 38.045879, 19.558689 38.045835, 19.558817 38.045781, 19.558937 38.045717, 19.559049 38.045644, 19.559152 38.045563, 19.559245 38.045473, 19.559327 38.045377, 19.559398 38.045275, 19.559455 38.045167, 19.5595 38.045056, 19.559532 38.044941, 19.55955 38.044825, 19.559554 38.044707, 19.559544 38.04459, 19.55952 38.044475, 19.559483 38.044361, 19.559433 38.044251, 19.55937 38.044146, 19.559319 38.044079, 19.559239 38.043961, 19.559183 38.043856, 19.55914 38.043747, 19.559109 38.043635, 19.559091 38.043521, 19.559085 38.043377, 19.559155 38.039571, 19.55915 38.039447, 19.559129 38.039326, 19.559094 38.039206, 19.559043 38.03909, 19.558979 38.038979, 19.558901 38.038873, 19.554999 38.034145, 19.554911 38.034049, 19.554812 38.033961, 19.554703 38.033881, 19.554584 38.03381, 19.554458 38.033749, 19.554325 38.033699, 19.554186 38.03366, 19.554044 38.033632, 19.553898 38.033616, 19.553752 38.033612, 19.546827 38.033692, 19.546649 38.033687, 19.546509 38.033672, 19.54637 38.033646, 19.546236 38.03361, 19.546106 38.033563, 19.545983 38.033505, 19.545866 38.033439, 19.545758 38.033364, 19.545635 38.033259, 19.538269 38.0264, 19.538165 38.026312, 19.538051 38.026234, 19.537927 38.026165, 19.537796 38.026107, 19.537658 38.026059, 19.537515 38.026024, 19.537369 38.026, 19.53722 38.025989, 19.534402 38.025892, 19.534228 38.025879, 19.534091 38.025858, 19.533957 38.025827, 19.533827 38.025785, 19.533702 38.025733, 19.533584 38.025672, 19.533473 38.025603, 19.533371 38.025525, 19.533278 38.025439, 19.533175 38.025323, 19.531313 38.023014, 19.531229 38.022919, 19.531133 38.022832, 19.531028 38.022752, 19.530914 38.022681, 19.530793 38.02262, 19.530664 38.022568, 19.53053 38.022527, 19.530392 38.022497, 19.530251 38.022477, 19.526599 38.022125, 19.526416 38.0221, 19.526273 38.022068, 19.526134 38.022024, 19.526002 38.021969, 19.525877 38.021903, 19.52576 38.021828, 19.525654 38.021743, 19.525558 38.02165, 19.525474 38.021549, 19.525403 38.021442, 19.525345 38.02133, 19.525302 38.021214, 19.525273 38.021095, 19.525259 38.020973, 19.525259 38.020852, 19.525275 38.020731, 19.525312 38.020582, 19.52626 38.017607, 19.526289 38.017497, 19.526305 38.017386, 19.526308 38.017274, 19.526298 38.017162, 19.526277 38.017051, 19.526242 38.016943, 19.526196 38.016837, 19.526193 38.016832, 19.526128 38.01672, 19.526049 38.016613, 19.525957 38.016514, 19.525853 38.016423, 19.525738 38.016341, 19.525614 38.016269, 19.525481 38.016208, 19.525341 38.016159, 19.525196 38.016122, 19.515883 38.014151, 19.515714 38.014108, 19.515583 38.014063, 19.515458 38.014008, 19.51534 38.013944, 19.51523 38.013871, 19.515129 38.013789, 19.515039 38.013699, 19.514959 38.013603, 19.514891 38.013502, 19.514834 38.013395, 19.514791 38.013284, 19.514761 38.013171, 19.514744 38.013055, 19.514741 38.012939, 19.514754 38.012794, 19.515188 38.009877, 19.515199 38.009753, 19.515194 38.009629, 19.515173 38.009506, 19.515138 38.009385, 19.515087 38.009268, 19.515022 38.009155, 19.514943 38.009049, 19.514852 38.00895, 19.513282 38.007421, 19.513173 38.007304, 19.513098 38.007204, 19.513034 38.007098, 19.512984 38.006987, 19.512947 38.006873, 19.512923 38.006757, 19.512914 38.006639, 19.512919 38.006492, 19.513096 38.004682, 19.5131 38.004562, 19.51309 38.004443, 19.513066 38.004324, 19.513027 38.004209, 19.512975 38.004096, 19.512909 38.003989, 19.512831 38.003888, 19.512741 38.003793, 19.51264 38.003706, 19.512529 38.003628, 19.512409 38.003559, 19.512281 38.0035, 19.512147 38.003452, 19.512007 38.003415, 19.511864 38.00339, 19.511719 38.003376, 19.511572 38.003374, 19.511426 38.003383, 19.511388 38.003387, 19.511248 38.003408, 19.511111 38.00344, 19.510978 38.003483, 19.510851 38.003535, 19.510731 38.003598, 19.510618 38.003669, 19.510515 38.003749, 19.510421 38.003837, 19.510338 38.003932, 19.510267 38.004033, 19.510208 38.004139, 19.510161 38.00425, 19.509503 38.006097, 19.509443 38.006238, 19.509382 38.006346, 19.509309 38.006449, 19.509224 38.006545, 19.509127 38.006634, 19.50902 38.006715, 19.508875 38.006805, 19.504961 38.008992, 19.504812 38.009067, 19.504686 38.009117, 19.504556 38.009158, 19.504421 38.009188, 19.504283 38.009208, 19.504144 38.009217, 19.504004 38.009215, 19.503865 38.009202, 19.503728 38.009179, 19.503594 38.009145, 19.503465 38.009101, 19.503342 38.009047, 19.503196 38.008968, 19.496396 38.004895, 19.496269 38.004827, 19.496133 38.004769, 19.495991 38.004724, 19.495845 38.00469, 19.495694 38.004669, 19.495542 38.004661, 19.49539 38.004666, 19.495239 38.004683, 19.495092 38.004714, 19.494948 38.004756, 19.490388 38.006327, 19.490221 38.006377, 19.490083 38.006406, 19.489942 38.006424, 19.4898 38.006431, 19.489658 38.006427, 19.489516 38.006412, 19.489378 38.006385, 19.489243 38.006348, 19.489113 38.006301, 19.488989 38.006243, 19.488872 38.006176, 19.488764 38.0061, 19.488666 38.006015, 19.488578 38.005924, 19.488481 38.005801, 19.487497 38.004405, 19.487415 38.004275, 19.487363 38.004166, 19.487323 38.004054, 19.487296 38.003939, 19.487284 38.003822, 19.487285 38.003705, 19.4873 38.003589, 19.487328 38.003474, 19.48737 38.003363, 19.487425 38.003255, 19.487509 38.003126, 19.489007 38.001073, 19.489074 38.00097, 19.489129 38.000862, 19.489171 38.00075, 19.489199 38.000635, 19.489214 38.000519, 19.489215 38.000402, 19.489203 38.000285, 19.489176 38.00017, 19.489137 38.000058, 19.489084 37.999949, 19.489018 37.999845, 19.488894 37.999668, 19.488814 37.999567, 19.488723 37.999473, 19.488621 37.999387, 19.488509 37.999309, 19.488388 37.999241, 19.488259 37.999183, 19.488125 37.999136, 19.487985 37.9991, 19.484022 37.998254, 19.483875 37.998229, 19.483725 37.998217, 19.483575 37.998217, 19.483426 37.998229, 19.483278 37.998254, 19.475761 37.999844, 19.475586 37.999874, 19.475444 37.999887, 19.475301 37.999888, 19.475158 37.999878, 19.475017 37.999856, 19.47488 37.999824, 19.474746 37.999781, 19.474619 37.999727, 19.474468 37.999648, 19.46704 37.995314, 19.466913 37.995248, 19.466779 37.995193, 19.466639 37.995149, 19.466494 37.995117, 19.466345 37.995097, 19.458605 37.99439, 19.458459 37.994383, 19.458313 37.994387, 19.458168 37.994403, 19.458026 37.994431, 19.457888 37.99447, 19.457755 37.994521, 19.457629 37.994581, 19.457511 37.994652, 19.457402 37.994731, 19.457303 37.994819, 19.457215 37.994915, 19.457139 37.995017, 19.457076 37.995125, 19.457026 37.995238, 19.45699 37.995354, 19.456968 37.995472, 19.45696 37.995592, 19.456967 37.995711, 19.456973 37.995758, 19.456972 37.995878, 19.456957 37.995998, 19.456927 37.996116, 19.456884 37.996231, 19.456826 37.996342, 19.456755 37.996448, 19.456672 37.996547, 19.456577 37.996639, 19.456471 37.996723, 19.456356 37.996798, 19.456232 37.996864, 19.456101 37.996918, 19.45593 37.996973, 19.453633 37.997602, 19.453459 37.997642, 19.453316 37.997663, 19.453172 37.997672, 19.453027 37.997669, 19.452884 37.997655, 19.452742 37.99763, 19.452605 37.997593, 19.452472 37.997546, 19.452346 37.997488, 19.452227 37.997421, 19.452117 37.997344, 19.452016 37.997258, 19.451927 37.997166, 19.451848 37.997066, 19.451766 37.996934, 19.450788 37.995164, 19.450723 37.99503, 19.450684 37.994918, 19.450657 37.994805, 19.450645 37.994689, 19.450645 37.994574, 19.45066 37.994459, 19.450687 37.994345, 19.450728 37.994234, 19.450781 37.994127, 19.450847 37.994025, 19.450924 37.993928, 19.451012 37.993837, 19.45111 37.993754, 19.451218 37.993679, 19.451334 37.993613, 19.451457 37.993556, 19.451618 37.993497, 19.454059 37.992719, 19.454234 37.992672, 19.454378 37.992645, 19.454524 37.992631, 19.454672 37.992628, 19.45485 37.992639, 19.454932 37.992648, 19.455077 37.992652, 19.455222 37.992644, 19.455366 37.992624, 19.455506 37.992593, 19.455643 37.99255, 19.455773 37.992497, 19.455896 37.992434, 19.456011 37.992361, 19.456117 37.992279, 19.456213 37.992189, 19.456297 37.992092, 19.456369 37.991988, 19.456429 37.99188, 19.456475 37.991767, 19.456507 37.99165, 19.456526 37.991532, 19.45653 37.991413, 19.456519 37.991294, 19.456209 37.989189, 19.456187 37.989081, 19.456153 37.988975, 19.456108 37.988872, 19.456051 37.988772, 19.455984 37.988677, 19.455906 37.988588, 19.453989 37.986578, 19.453895 37.986488, 19.45379 37.986406, 19.453675 37.986333, 19.453552 37.986269, 19.453423 37.986216, 19.453287 37.986173, 19.453148 37.986141, 19.453005 37.986121, 19.45286 37.986112, 19.452715 37.986115, 19.452571 37.986129, 19.452429 37.986155, 19.452291 37.986192, 19.452158 37.98624, 19.452032 37.986299, 19.451913 37.986367, 19.451803 37.986445, 19.451703 37.986531, 19.451614 37.986624, 19.451536 37.986725, 19.45147 37.986831, 19.450161 37.989239, 19.450081 37.989369, 19.450005 37.989468, 19.449918 37.98956, 19.44982 37.989645, 19.449713 37.989721, 19.449597 37.989789, 19.449474 37.989848, 19.449344 37.989896, 19.44921 37.989935, 19.449072 37.989962, 19.448931 37.989978, 19.448788 37.989983, 19.448646 37.989977, 19.44847 37.989956, 19.44299 37.989063, 19.44284 37.989045, 19.442688 37.989039, 19.442536 37.989047, 19.442386 37.989067, 19.442239 37.9891, 19.442097 37.989145, 19.441961 37.989202, 19.438371 37.990899, 19.438208 37.990968, 19.438072 37.991011, 19.437932 37.991044, 19.437789 37.991065, 19.437643 37.991075, 19.437497 37.991072, 19.437352 37.991058, 19.43721 37.991033, 19.437071 37.990996, 19.436938 37.990947, 19.436811 37.990889, 19.436661 37.990803, 19.43381 37.988987, 19.433697 37.988922, 19.433578 37.988866, 19.433453 37.988819, 19.433323 37.988782, 19.41959 37.985433, 19.419416 37.985383, 19.419283 37.985331, 19.419156 37.985269, 19.419038 37.985197, 19.418928 37.985116, 19.41883 37.985026, 19.418743 37.984929, 19.418668 37.984824, 19.41859 37.984687, 19.41714 37.981739, 19.41708 37.981633, 19.417008 37.981532, 19.416925 37.981437, 19.416831 37.981349, 19.416726 37.981269, 19.416613 37.981198, 19.416492 37.981136, 19.416365 37.981083, 19.412726 37.979767, 19.412595 37.979726, 19.412459 37.979694, 19.412321 37.979674, 19.412181 37.979664, 19.41204 37.979666, 19.4119 37.979678, 19.411762 37.979701, 19.411628 37.979735, 19.411498 37.979779, 19.411374 37.979833, 19.411256 37.979896, 19.405796 37.983155, 19.405654 37.983231, 19.405534 37.983284, 19.405409 37.983327, 19.405279 37.983361, 19.405147 37.983385, 19.404978 37.983402, 19.39835 37.983825, 19.398204 37.98384, 19.398061 37.983868, 19.397921 37.983906, 19.397787 37.983956, 19.39766 37.984016, 19.397541 37.984087, 19.39743 37.984167, 19.39733 37.984255, 19.397242 37.984351, 19.397165 37.984454, 19.395073 37.987597, 19.394975 37.987727, 19.394885 37.987824, 19.394783 37.987914, 19.394671 37.987994, 19.394549 37.988065, 19.394419 37.988125, 19.394282 37.988175, 19.394141 37.988212, 19.393995 37.988238, 19.393846 37.988252, 19.393697 37.988253, 19.393548 37.988242, 19.393402 37.988219, 19.393259 37.988184, 19.393121 37.988137, 19.392957 37.988065, 19.385813 37.984523, 19.385688 37.984467, 19.385558 37.984422, 19.385422 37.984387, 19.385283 37.984363, 19.385142 37.98435, 19.385 37.984348, 19.384859 37.984357, 19.384719 37.984378, 19.384582 37.984409, 19.38445 37.98445, 19.384323 37.984502, 19.384202 37.984564, 19.378575 37.987764, 19.378427 37.98784, 19.378302 37.987891, 19.378171 37.987932, 19.378036 37.987964, 19.377899 37.987984, 19.377759 37.987994, 19.377619 37.987993, 19.37748 37.987981, 19.377309 37.987953, 19.375384 37.987558, 19.375238 37.987535, 19.375089 37.987523, 19.37494 37.987524, 19.374791 37.987537, 19.374645 37.987563, 19.374503 37.9876, 19.374366 37.987649, 19.374236 37.987708, 19.374114 37.987779, 19.374001 37.987859, 19.373899 37.987947, 19.373807 37.988044, 19.373729 37.988148, 19.373663 37.988258, 19.373612 37.988373, 19.373574 37.988491, 19.373552 37.988612, 19.373544 37.988734, 19.373535 38.002118, 19.373542 38.002236))",49.0319,52.4942,38.012287,19.46337,"19.37353,37.97966,19.55955,38.05047",18.0668,4.4853,17.699,0.7477,0.9687,0.2236,0.7508,4.028,EVT0011-OBS001,0.0,10.3026,88.839,3,21.369,0.84,observed,True
EVT0011,EVT0011-OBS003,S1_EVT0011_03,2026-01-10T17:31:00Z,137.517,OBSERVED,"POLYGON ((19.503961 38.194205, 19.504348 38.197467, 19.509742 38.19898, 19.514421 38.202784, 19.51111 38.208263, 19.517453 38.211672, 19.519804 38.219294, 19.530784 38.219766, 19.532819 38.223101, 19.537222 38.224455, 19.537108 38.23038, 19.539219 38.231683, 19.543645 38.231539, 19.545253 38.23736, 19.55168 38.241053, 19.552929 38.24385, 19.550522 38.24805, 19.55433 38.250586, 19.555631 38.253615, 19.560731 38.254434, 19.56238 38.257693, 19.568235 38.26033, 19.574668 38.261516, 19.578496 38.266224, 19.582495 38.267939, 19.581269 38.271814, 19.583358 38.274951, 19.583363 38.27824, 19.589085 38.279989, 19.590883 38.284617, 19.596747 38.284806, 19.595571 38.289524, 19.597204 38.291253, 19.601167 38.292081, 19.602316 38.295908, 19.60574 38.296643, 19.608906 38.292959, 19.610852 38.293169, 19.61231 38.297055, 19.609068 38.300064, 19.609988 38.302884, 19.614232 38.303328, 19.617467 38.298788, 19.621688 38.302724, 19.628626 38.30534, 19.632589 38.305327, 19.63517 38.309737, 19.640798 38.311105, 19.645565 38.31907, 19.651875 38.319487, 19.65971 38.326925, 19.667887 38.32672, 19.672426 38.328497, 19.674429 38.332194, 19.68425 38.334147, 19.686918 38.337003, 19.687684 38.341252, 19.692802 38.341691, 19.696224 38.344225, 19.699467 38.343462, 19.701991 38.338558, 19.70529 38.339782, 19.706554 38.343234, 19.711204 38.344904, 19.715088 38.342425, 19.715138 38.33272, 19.712311 38.332756, 19.711041 38.329117, 19.707421 38.326983, 19.705887 38.322753, 19.700892 38.322866, 19.698418 38.320581, 19.694558 38.320304, 19.687718 38.316975, 19.68193 38.317787, 19.675492 38.315003, 19.673843 38.310111, 19.671751 38.30835, 19.671698 38.304611, 19.660626 38.300821, 19.660042 38.295359, 19.654794 38.294233, 19.650203 38.295746, 19.647099 38.292282, 19.63829 38.288835, 19.636742 38.285205, 19.632711 38.283168, 19.631477 38.279622, 19.625209 38.277562, 19.619566 38.270938, 19.614536 38.269649, 19.610373 38.262781, 19.604067 38.261721, 19.603601 38.25816, 19.598094 38.25411, 19.599185 38.250885, 19.59815 38.248842, 19.594789 38.248091, 19.591262 38.249758, 19.587367 38.248228, 19.584566 38.242547, 19.575245 38.237702, 19.574239 38.233212, 19.570825 38.231362, 19.565307 38.224397, 19.565268 38.220632, 19.561108 38.218442, 19.560585 38.213851, 19.550254 38.213052, 19.550583 38.20887, 19.548135 38.206852, 19.542078 38.208014, 19.541211 38.204946, 19.543162 38.202459, 19.542219 38.19972, 19.535736 38.198031, 19.530965 38.199354, 19.526448 38.197421, 19.524666 38.192933, 19.525241 38.189881, 19.522733 38.187848, 19.518784 38.189207, 19.518048 38.195176, 19.511872 38.194324, 19.510788 38.189739, 19.512623 38.183688, 19.510011 38.180941, 19.502279 38.184086, 19.500821 38.191437, 19.503961 38.194205))",56.9625,67.6011,38.26943,19.603535,"19.50082,38.18094,19.71514,38.34490",26.2154,4.2831,42.542,0.6695,0.9866,0.1566,0.8116,6.1207,EVT0011-OBS002,0.0,31.349,16.174,4,17.32,0.99,observed,True
EVT0011,EVT0011-OBS004,S1_EVT0011_04,2026-01-11T07:16:43Z,151.279,OBSERVED,"POLYGON ((19.437256 38.330338, 19.438731 38.331914, 19.444156 38.332702, 19.443527 38.337534, 19.448502 38.342676, 19.446077 38.34846, 19.450884 38.351644, 19.450146 38.356031, 19.445537 38.355724, 19.44361 38.356934, 19.444112 38.360073, 19.447182 38.36075, 19.450814 38.358039, 19.453919 38.359866, 19.45371 38.363465, 19.45558 38.365819, 19.454754 38.370002, 19.462725 38.374253, 19.464567 38.378191, 19.467739 38.378189, 19.469536 38.374031, 19.47303 38.373251, 19.479896 38.375949, 19.478463 38.379908, 19.480813 38.382419, 19.485443 38.381267, 19.488457 38.384284, 19.490867 38.384542, 19.495187 38.380717, 19.502888 38.384482, 19.509893 38.382546, 19.513171 38.383643, 19.51329 38.386031, 19.508986 38.385943, 19.507215 38.387169, 19.506899 38.389143, 19.509144 38.390981, 19.513857 38.389244, 19.519333 38.389333, 19.51959 38.382136, 19.525436 38.377975, 19.528402 38.378971, 19.528014 38.382181, 19.529493 38.38376, 19.537261 38.382867, 19.541754 38.384365, 19.543997 38.381181, 19.541748 38.379339, 19.537315 38.37914, 19.538748 38.375611, 19.543119 38.376376, 19.548265 38.375153, 19.552628 38.377764, 19.557746 38.373991, 19.561086 38.377274, 19.563499 38.377536, 19.566185 38.373865, 19.570195 38.372572, 19.573654 38.368464, 19.577757 38.370178, 19.574611 38.374475, 19.574936 38.378001, 19.579275 38.378955, 19.583696 38.372421, 19.583676 38.369171, 19.588796 38.369336, 19.592787 38.365634, 19.597204 38.364684, 19.598284 38.358258, 19.601465 38.355095, 19.606002 38.355326, 19.610204 38.361886, 19.615973 38.363455, 19.6179 38.362244, 19.617929 38.358602, 19.621566 38.353317, 19.625829 38.350831, 19.625007 38.348323, 19.621944 38.34765, 19.618902 38.351205, 19.61404 38.352937, 19.60958 38.351005, 19.608446 38.347234, 19.60538 38.346561, 19.600579 38.352581, 19.596165 38.352937, 19.592826 38.355433, 19.590083 38.353224, 19.583978 38.351551, 19.58184 38.349092, 19.576978 38.349248, 19.572943 38.346515, 19.568828 38.34951, 19.560114 38.351474, 19.557164 38.353955, 19.544119 38.353944, 19.540573 38.352486, 19.536837 38.354149, 19.532296 38.353082, 19.528311 38.355515, 19.525502 38.35317, 19.521274 38.352752, 19.520456 38.349007, 19.517702 38.347705, 19.515456 38.348467, 19.513462 38.351447, 19.505055 38.35325, 19.501585 38.348553, 19.497054 38.348873, 19.485478 38.345357, 19.484226 38.342243, 19.481867 38.34111, 19.481995 38.339221, 19.483832 38.338352, 19.485985 38.340663, 19.48986 38.340779, 19.491448 38.338528, 19.489861 38.336275, 19.485831 38.336109, 19.482527 38.333175, 19.477153 38.334573, 19.474594 38.33177, 19.469557 38.331255, 19.469096 38.327924, 19.473874 38.325461, 19.472393 38.322533, 19.468564 38.322947, 19.466565 38.327834, 19.461742 38.324114, 19.454919 38.326558, 19.452027 38.324054, 19.445313 38.321643, 19.44256 38.322945, 19.441371 38.326318, 19.438083 38.32782, 19.437256 38.330338), (19.576222 38.351212, 19.579521 38.355435, 19.577291 38.35655, 19.570076 38.354371, 19.57098 38.351705, 19.576222 38.351212), (19.463307 38.365908, 19.464656 38.368027, 19.461853 38.368619, 19.460912 38.366765, 19.463307 38.365908))",51.0557,64.7862,38.359353,19.512612,"19.43726,38.32164,19.62583,38.39098",17.3034,6.7912,11.587,0.5979,0.9198,0.1529,0.6272,2.5479,EVT0011-OBS003,0.0,12.998,-10.37,5,13.762,0.99,observed,True
EVT0011,EVT0011-OBS005,S1_EVT0011_05,2026-01-11T21:33:54Z,165.565,OBSERVED,"POLYGON ((19.603331 38.381361, 19.604667 38.382812, 19.607609 38.382815, 19.611346 38.379466, 19.61383 38.38078, 19.614618 38.384492, 19.619254 38.385749, 19.622393 38.394585, 19.624428 38.396253, 19.629137 38.395085, 19.633805 38.398355, 19.638933 38.397341, 19.642329 38.40076, 19.647042 38.399904, 19.65135 38.402077, 19.655096 38.400942, 19.65885 38.403927, 19.664344 38.402605, 19.670296 38.405756, 19.679342 38.404745, 19.682789 38.407483, 19.692403 38.409212, 19.695779 38.412295, 19.700804 38.409735, 19.709913 38.410018, 19.712448 38.413501, 19.715308 38.414137, 19.717091 38.413021, 19.717782 38.409956, 19.719615 38.409345, 19.722698 38.411059, 19.726548 38.411176, 19.727178 38.41621, 19.733009 38.419425, 19.736547 38.41775, 19.734718 38.412661, 19.741062 38.410382, 19.745345 38.405718, 19.749085 38.407002, 19.74787 38.413139, 19.75411 38.418141, 19.758922 38.41466, 19.76923 38.411515, 19.768766 38.406373, 19.772676 38.40357, 19.770688 38.400752, 19.765913 38.402004, 19.760979 38.400163, 19.760678 38.396409, 19.758558 38.394678, 19.749397 38.398259, 19.745615 38.394848, 19.741431 38.394005, 19.740822 38.390637, 19.739069 38.389527, 19.73618 38.390152, 19.733632 38.393053, 19.729033 38.393052, 19.726367 38.389913, 19.720136 38.388722, 19.713842 38.390507, 19.712159 38.389132, 19.712587 38.3854, 19.710118 38.384247, 19.707309 38.386088, 19.710555 38.390262, 19.707582 38.392574, 19.701857 38.388686, 19.697458 38.388585, 19.694863 38.385682, 19.689972 38.385469, 19.684708 38.382059, 19.678517 38.384665, 19.675761 38.380993, 19.67118 38.380741, 19.663865 38.376532, 19.658727 38.376808, 19.652291 38.372627, 19.64517 38.373136, 19.642445 38.371085, 19.63728 38.370081, 19.632316 38.372211, 19.627405 38.372175, 19.623705 38.368597, 19.620977 38.367998, 19.617512 38.371526, 19.610761 38.371209, 19.607187 38.373586, 19.601492 38.370563, 19.599294 38.372977, 19.603465 38.376142, 19.603331 38.381361), (19.757883 38.406322, 19.759275 38.40909, 19.75807 38.411252, 19.753776 38.410887, 19.750556 38.406923, 19.751866 38.404762, 19.753997 38.404268, 19.757883 38.406322))",36.1142,46.9715,38.393784,19.683374,"19.59929,38.36800,19.77268,38.41943",16.1693,3.3789,13.374,0.7649,0.9779,0.2057,0.7432,4.7854,EVT0011-OBS004,0.0,16.0363,-29.265,6,14.286,0.99,observed,True
EVT0011,EVT0011-OBS006,,2026-01-12T15:33:54Z,183.565,PREDICTED,"POLYGON ((19.976828 38.451162, 19.97516 38.449606, 19.97218 38.447837, 19.96794 38.445885, 19.962513 38.443784, 19.95599 38.44157, 19.948485 38.43928, 19.940124 38.436955, 19.931052 38.434632, 19.921423 38.432354, 19.911402 38.430157, 19.901161 38.428081, 19.890875 38.426159, 19.880719 38.424427, 19.870869 38.422912, 19.861491 38.421641, 19.852747 38.420635, 19.844787 38.419913, 19.837746 38.419486, 19.831744 38.419361, 19.826886 38.419541, 19.823253 38.420022, 19.820908 38.420797, 19.819891 38.421851, 19.82022 38.423168, 19.821888 38.424725, 19.824868 38.426494, 19.829108 38.428445, 19.834535 38.430546, 19.841058 38.432761, 19.848564 38.43505, 19.856924 38.437376, 19.865997 38.439698, 19.875626 38.441977, 19.885646 38.444173, 19.895887 38.44625, 19.906174 38.448171, 19.916329 38.449904, 19.92618 38.451419, 19.935557 38.45269, 19.944301 38.453695, 19.952261 38.454418, 19.959303 38.454845, 19.965304 38.45497, 19.970162 38.45479, 19.973795 38.454308, 19.97614 38.453534, 19.977157 38.452479, 19.976828 38.451162))",24.0001,30.2986,38.437165,19.898524,"19.81989,38.41936,19.97716,38.45497",14.7398,2.0789,12.844,1.0,0.99,0.3285,1.0,7.0902,EVT0011-OBS005,0.0,20.2047,-33.544,6,18.0,0.0,synthetic,False
EVT0011,EVT0011-OBS007,,2026-01-13T09:33:54Z,201.565,PREDICTED,"POLYGON ((20.184136 38.494056, 20.182381 38.493504, 20.179451 38.492732, 20.175395 38.49175, 20.170284 38.490577, 20.164203 38.489233, 20.157258 38.487739, 20.149568 38.486123, 20.141263 38.484411, 20.132486 38.482633, 20.123387 38.48082, 20.114122 38.479001, 20.10485 38.477209, 20.095728 38.475475, 20.086914 38.473827, 20.078557 38.472294, 20.070801 38.470902, 20.063779 38.469675, 20.05761 38.468634, 20.052401 38.467797, 20.04824 38.467178, 20.045199 38.466788, 20.043329 38.466634, 20.042663 38.466717, 20.043212 38.467037, 20.044967 38.467588, 20.047897 38.468361, 20.051953 38.469342, 20.057064 38.470515, 20.063145 38.47186, 20.07009 38.473353, 20.07778 38.47497, 20.086085 38.476681, 20.094862 38.478459, 20.103961 38.480273, 20.113226 38.482091, 20.122498 38.483883, 20.13162 38.485618, 20.140434 38.487266, 20.148791 38.488799, 20.156547 38.490191, 20.163569 38.491417, 20.169738 38.492458, 20.174947 38.493295, 20.179108 38.493914, 20.182149 38.494304, 20.184019 38.494459, 20.184685 38.494376, 20.184136 38.494056))",3.6858,26.6571,38.480546,20.113674,"20.04266,38.46663,20.18468,38.49446",13.3116,0.3536,13.473,1.0,0.9996,0.0652,1.0,37.651,EVT0011-OBS006,0.0,20.2047,-84.642,6,18.0,0.0,synthetic,False
EVT0012,EVT0012-OBS000,S1_EVT0012_01,2026-01-13T04:42:15Z,196.704,OBSERVED,"POLYGON ((21.629951 35.660977, 21.630135 35.665294, 21.635041 35.670608, 21.639531 35.671777, 21.642461 35.674698, 21.651434 35.67582, 21.658484 35.67074, 21.668193 35.669316, 21.673003 35.664024, 21.678444 35.662868, 21.678027 35.660037, 21.674051 35.659037, 21.673255 35.657423, 21.677725 35.647052, 21.684493 35.646015, 21.683697 35.64179, 21.68678 35.637635, 21.685479 35.636284, 21.682659 35.63632, 21.681271 35.63832, 21.68239 35.641702, 21.678242 35.643291, 21.675446 35.641557, 21.6717 35.633258, 21.666854 35.632725, 21.660781 35.628299, 21.658453 35.628052, 21.651609 35.631171, 21.647812 35.636791, 21.636216 35.64055, 21.633619 35.651819, 21.625406 35.654501, 21.623975 35.656732, 21.62469 35.659088, 21.629951 35.660977))",17.0731,19.6052,35.652774,21.654464,"21.62398,35.62805,21.68678,35.67582",5.9771,4.3129,142.903,0.8464,0.6923,0.5582,0.8517,1.3858,,,,,1,,0.99,observed,True
EVT0012,EVT0012-OBS001,S1_EVT0012_02,2026-01-14T02:09:38Z,218.161,OBSERVED,"POLYGON ((21.807197 35.674075, 21.81103 35.673234, 21.809861 35.668863, 21.812947 35.666456, 21.815911 35.66889, 21.820682 35.669599, 21.821416 35.674279, 21.826261 35.67475, 21.830887 35.677799, 21.830439 35.687298, 21.831931 35.689326, 21.835655 35.688458, 21.834501 35.684093, 21.836944 35.682582, 21.844877 35.685979, 21.847131 35.688999, 21.851163 35.689167, 21.853887 35.691409, 21.858054 35.691871, 21.861312 35.695315, 21.871835 35.694816, 21.876475 35.697595, 21.877145 35.700812, 21.878842 35.701862, 21.882056 35.700723, 21.880659 35.696376, 21.882766 35.694872, 21.887195 35.696549, 21.892127 35.69474, 21.895978 35.6965, 21.897619 35.694279, 21.902495 35.693635, 21.902874 35.691073, 21.900631 35.689943, 21.897003 35.691327, 21.894899 35.690615, 21.88973 35.681437, 21.890425 35.677426, 21.885622 35.675607, 21.880689 35.668503, 21.872371 35.670713, 21.868257 35.668325, 21.86623 35.665184, 21.86162 35.663937, 21.857771 35.664617, 21.846875 35.656401, 21.84058 35.65784, 21.834406 35.653176, 21.828804 35.655151, 21.823712 35.652908, 21.82063 35.656053, 21.818611 35.656297, 21.816921 35.654678, 21.817989 35.650813, 21.81525 35.649179, 21.809558 35.652883, 21.808022 35.658193, 21.803878 35.660122, 21.807197 35.674075))",22.396,29.2602,35.675145,21.851805,"21.80388,35.64918,21.90287,35.70186",9.7063,3.9071,18.068,0.7514,0.9154,0.3287,0.7775,2.4843,EVT0012-OBS000,0.0,18.1667,31.178,2,21.456,0.99,observed,True
EVT0012,EVT0012-OBS002,S1_EVT0012_03,2026-01-14T20:19:00Z,236.317,OBSERVED,"POLYGON ((21.747332 35.685655, 21.747201 35.685685, 21.742969 35.686828, 21.742841 35.686868, 21.708314 35.697957, 21.708167 35.698004, 21.708028 35.698064, 21.699631 35.702581, 21.699512 35.702657, 21.699402 35.702743, 21.692903 35.708559, 21.692811 35.70865, 21.692731 35.708747, 21.692662 35.708851, 21.692606 35.70896, 21.692564 35.709072, 21.692024 35.710781, 21.691994 35.710902, 21.691979 35.711025, 21.691979 35.711149, 21.692274 35.717966, 21.69228 35.718083, 21.692299 35.718199, 21.692332 35.718314, 21.692378 35.718425, 21.692437 35.718532, 21.692508 35.718633, 21.692591 35.718729, 21.692685 35.718818, 21.695744 35.721434, 21.695845 35.721512, 21.695953 35.721582, 21.69607 35.721643, 21.696192 35.721696, 21.696321 35.721738, 21.699767 35.722735, 21.699899 35.722768, 21.710796 35.724895, 21.710937 35.724923, 21.711081 35.724939, 21.725325 35.725935, 21.725469 35.725936, 21.725612 35.725925, 21.748059 35.723359, 21.748212 35.723332, 21.752187 35.722455, 21.777343 35.71597, 21.777482 35.715934, 21.777615 35.715887, 21.777743 35.715829, 21.777862 35.715761, 21.777973 35.715684, 21.778075 35.715598, 21.810208 35.684658, 21.799971 35.676977, 21.747332 35.685655))",34.5555,25.6454,35.703108,21.749376,"21.69198,35.67698,21.81021,35.72594",11.3778,4.0409,162.533,1.0,0.9348,0.6602,1.0,2.8156,EVT0012-OBS001,0.0,9.8453,54.293,3,18.156,0.718,observed,True
EVT0012,EVT0012-OBS003,,2026-01-15T16:11:40Z,256.194,INTERPOLATED,"POLYGON ((21.849479 35.992465, 21.851943 35.994079, 21.855208 35.995308, 21.859218 35.996129, 21.863905 35.99653, 21.869189 35.996504, 21.874979 35.99605, 21.881175 35.995176, 21.887673 35.993898, 21.894361 35.992237, 21.901125 35.990222, 21.907848 35.987887, 21.914415 35.985272, 21.920715 35.982423, 21.92664 35.979386, 21.932087 35.976216, 21.936965 35.972965, 21.941189 35.96969, 21.944687 35.966446, 21.9474 35.96329, 21.949281 35.960274, 21.950297 35.957451, 21.950432 35.954869, 21.949682 35.952572, 21.948062 35.950599, 21.945598 35.948985, 21.942333 35.947756, 21.938323 35.946934, 21.933636 35.946534, 21.928352 35.94656, 21.922562 35.947014, 21.916365 35.947888, 21.909868 35.949166, 21.90318 35.950827, 21.896416 35.952842, 21.889693 35.955177, 21.883126 35.957791, 21.876826 35.960641, 21.870901 35.963677, 21.865453 35.966848, 21.860576 35.970099, 21.856352 35.973374, 21.852853 35.976618, 21.850141 35.979774, 21.84826 35.98279, 21.847244 35.985613, 21.847109 35.988195, 21.847858 35.990492, 21.849479 35.992465))",31.9514,23.3643,35.971532,21.89877,"21.84711,35.94653,21.95043,35.99653",10.1963,3.9986,154.08,1.0,0.9199,0.7355,1.0,2.5499,EVT0012-OBS002,0.0,32.8399,-7.536,3,19.878,0.0,synthetic,False
EVT0012,EVT0012-OBS004,S1_EVT0012_05,2026-01-16T12:04:19Z,276.072,OBSERVED,"POLYGON ((22.009187 36.265331, 22.01315 36.264889, 22.013653 36.261658, 22.008373 36.260215, 22.007424 36.258261, 22.012998 36.255175, 22.018152 36.257139, 22.023038 36.256662, 22.023845 36.258302, 22.02156 36.262314, 22.026029 36.265373, 22.028859 36.264039, 22.029883 36.260939, 22.034031 36.260502, 22.036163 36.25814, 22.040251 36.257671, 22.047746 36.253163, 22.053763 36.254308, 22.056639 36.25626, 22.059118 36.255996, 22.062446 36.249461, 22.068826 36.24998, 22.071682 36.248054, 22.075413 36.247771, 22.078052 36.244441, 22.083941 36.244355, 22.08479 36.241772, 22.082674 36.238889, 22.086623 36.235116, 22.084554 36.230235, 22.086688 36.229506, 22.091426 36.231767, 22.093412 36.230511, 22.093409 36.227838, 22.090574 36.226494, 22.086315 36.227674, 22.082475 36.222303, 22.078165 36.21958, 22.07095 36.220066, 22.065585 36.218214, 22.063218 36.214693, 22.059946 36.214688, 22.050276 36.220108, 22.048657 36.222919, 22.040281 36.224532, 22.031673 36.230524, 22.030047 36.23337, 22.019248 36.236962, 22.018017 36.240282, 22.014482 36.242111, 22.013761 36.246078, 22.010305 36.24693, 22.006901 36.244687, 22.00373 36.245384, 22.003208 36.248611, 22.006869 36.251708, 22.006417 36.255627, 22.002165 36.257622, 22.001202 36.259531, 22.002835 36.261845, 22.007223 36.262556, 22.009187 36.265331))",22.8649,27.7958,36.239956,22.048165,"22.00120,36.21469,22.09341,36.26537",9.0215,3.959,148.572,0.8191,0.8986,0.3719,0.7765,2.2787,EVT0012-OBS003,0.0,32.8399,-28.438,4,19.878,0.99,observed,True
EVT0012,EVT0012-OBS005,S1_EVT0012_06,2026-01-17T05:23:13Z,293.387,OBSERVED,"POLYGON ((22.131998 36.368315, 22.135064 36.371542, 22.138893 36.370944, 22.143554 36.372557, 22.14753 36.370088, 22.151271 36.372323, 22.15524 36.371368, 22.159035 36.372304, 22.16533 36.376019, 22.164455 36.380361, 22.166843 36.382317, 22.174708 36.382888, 22.177762 36.379624, 22.182555 36.377675, 22.191322 36.380801, 22.196963 36.387265, 22.200828 36.38639, 22.20494 36.387138, 22.209146 36.383672, 22.211825 36.386886, 22.220805 36.391671, 22.223191 36.390856, 22.224825 36.387972, 22.228218 36.387412, 22.23078 36.390234, 22.236505 36.391059, 22.238572 36.392701, 22.236571 36.396965, 22.239068 36.39962, 22.24369 36.399739, 22.245629 36.396125, 22.250162 36.392959, 22.254386 36.396193, 22.260161 36.39489, 22.260545 36.39813, 22.262914 36.400062, 22.267687 36.39787, 22.277533 36.396648, 22.280856 36.401378, 22.284308 36.401364, 22.285769 36.399691, 22.284223 36.396612, 22.279768 36.395875, 22.279136 36.392691, 22.273001 36.386324, 22.270028 36.385117, 22.267834 36.38068, 22.259244 36.379837, 22.257697 36.377465, 22.251698 36.374983, 22.250773 36.370196, 22.244061 36.367068, 22.240172 36.366036, 22.23698 36.366837, 22.232961 36.364895, 22.226531 36.36675, 22.224859 36.360596, 22.222494 36.358668, 22.21904 36.358403, 22.214999 36.360448, 22.211311 36.359325, 22.206399 36.360383, 22.203029 36.358258, 22.198935 36.359294, 22.195284 36.357944, 22.191807 36.358354, 22.187549 36.356043, 22.181015 36.357739, 22.175392 36.353337, 22.166779 36.353489, 22.160607 36.349022, 22.157385 36.349724, 22.155445 36.352366, 22.153544 36.352309, 22.14581 36.346864, 22.142585 36.348883, 22.142791 36.352484, 22.139927 36.353323, 22.135908 36.350913, 22.130981 36.351817, 22.126963 36.349167, 22.122047 36.351485, 22.122015 36.366741, 22.12745 36.366258, 22.131998 36.368315), (22.12943 36.356572, 22.125945 36.3578, 22.124933 36.35542, 22.129163 36.355052, 22.12943 36.356572))",36.7531,42.681,36.372712,22.200582,"22.12202,36.34686,22.28577,36.40138",15.8356,3.9513,16.302,0.7688,0.9684,0.2535,0.8024,4.0077,EVT0012-OBS004,0.0,20.2872,60.74,5,17.315,0.929,observed,True
EVT0012,EVT0012-OBS006,S1_EVT0012_07,2026-01-17T22:39:52Z,310.665,OBSERVED,"POLYGON ((22.167044 36.390279, 22.17141 36.39065, 22.174408 36.39394, 22.178463 36.393176, 22.182199 36.394441, 22.182447 36.398747, 22.184693 36.400585, 22.188263 36.399373, 22.188283 36.395713, 22.19254 36.392958, 22.193564 36.389909, 22.198647 36.389677, 22.202541 36.39286, 22.199767 36.395653, 22.199755 36.398841, 22.195811 36.402144, 22.195812 36.404753, 22.201653 36.405965, 22.203257 36.409099, 22.206326 36.409772, 22.208571 36.407932, 22.207457 36.403438, 22.210585 36.40052, 22.213246 36.400783, 22.219806 36.406838, 22.216748 36.411134, 22.219099 36.413646, 22.222673 36.412433, 22.220948 36.407196, 22.223801 36.405219, 22.225054 36.401995, 22.227105 36.401547, 22.229288 36.404083, 22.226456 36.406371, 22.226671 36.408902, 22.233092 36.411577, 22.236884 36.419347, 22.241494 36.418979, 22.245593 36.421081, 22.249508 36.418581, 22.2535 36.418445, 22.257397 36.420541, 22.257256 36.42316, 22.252855 36.423889, 22.251378 36.426817, 22.254442 36.428743, 22.25814 36.42712, 22.259749 36.427666, 22.260443 36.430509, 22.264442 36.432368, 22.265159 36.435077, 22.268049 36.437069, 22.266756 36.440467, 22.267688 36.44231, 22.272179 36.442309, 22.272032 36.436738, 22.274732 36.434411, 22.277514 36.43478, 22.276816 36.438903, 22.278297 36.440483, 22.282854 36.44116, 22.283973 36.447891, 22.288331 36.448848, 22.291434 36.452764, 22.295823 36.454159, 22.296453 36.458276, 22.303536 36.460496, 22.3063 36.46306, 22.307092 36.466736, 22.313269 36.467479, 22.311797 36.475853, 22.31493 36.47845, 22.315694 36.482184, 22.318756 36.482856, 22.321727 36.479748, 22.32875 36.478105, 22.330346 36.480738, 22.329317 36.485571, 22.335049 36.494586, 22.33954 36.494585, 22.34457 36.488215, 22.34618 36.489659, 22.344294 36.496048, 22.350491 36.496047, 22.35167 36.494821, 22.35423 36.496048, 22.37007 36.496048, 22.369604 36.492374, 22.375695 36.492692, 22.377937 36.490857, 22.376176 36.487218, 22.376441 36.483635, 22.373692 36.482336, 22.369504 36.482986, 22.367397 36.478869, 22.361894 36.478245, 22.358132 36.474362, 22.357698 36.469081, 22.348483 36.468384, 22.343168 36.463016, 22.343139 36.460043, 22.345732 36.458151, 22.345733 36.455549, 22.342979 36.454246, 22.338854 36.455289, 22.337072 36.451911, 22.338133 36.450779, 22.343348 36.450375, 22.346982 36.444792, 22.346162 36.442283, 22.342325 36.441868, 22.337437 36.445337, 22.330968 36.444106, 22.327539 36.439018, 22.319633 36.440911, 22.319417 36.437752, 22.322921 36.435649, 22.323239 36.433673, 22.321757 36.432092, 22.316495 36.431264, 22.314197 36.424421, 22.309659 36.42379, 22.307933 36.422299, 22.30364 36.424577, 22.296369 36.423493, 22.299742 36.418025, 22.304494 36.416876, 22.308108 36.42144, 22.311499 36.419431, 22.310994 36.416289, 22.30492 36.416384, 22.30291 36.413291, 22.300662 36.412528, 22.296462 36.41603, 22.292123 36.415962, 22.286709 36.411702, 22.291684 36.406806, 22.287985 36.400913, 22.284918 36.400241, 22.281971 36.403207, 22.276976 36.404133, 22.274006 36.399457, 22.266874 36.400094, 22.2635 36.396846, 22.265842 36.393217, 22.26425 36.390962, 22.261081 36.390964, 22.258883 36.394909, 22.253689 36.396364, 22.248981 36.392471, 22.24971 36.389889, 22.254176 36.388344, 22.25301 36.384793, 22.248079 36.383701, 22.244643 36.387612, 22.238713 36.387837, 22.237273 36.385928, 22.240896 36.382873, 22.240074 36.380359, 22.237005 36.379686, 22.233065 36.382112, 22.225197 36.377906, 22.222446 36.379207, 22.221959 36.382714, 22.21892 36.383925, 22.214626 36.378594, 22.214373 36.374006, 22.212131 36.373247, 22.205395 36.374976, 22.203633 36.370319, 22.198052 36.366857, 22.186994 36.368344, 22.180761 36.362451, 22.175954 36.362572, 22.165998 36.35797, 22.163248 36.35927, 22.164094 36.363462, 22.161965 36.364479, 22.161965 36.386654, 22.167044 36.390279), (22.336497 36.48258, 22.342318 36.484478, 22.341922 36.486871, 22.335666 36.485784, 22.336497 36.48258), (22.322918 36.472883, 22.320201 36.474046, 22.318712 36.472388, 22.320653 36.470812, 22.322918 36.472883), (22.312577 36.436079, 22.311272 36.438365, 22.305153 36.437428, 22.30492 36.435134, 22.310467 36.433613, 22.312577 36.436079), (22.299952 36.451635, 22.302222 36.450865, 22.304079 36.454079, 22.302693 36.45495, 22.299438 36.453497, 22.299952 36.451635), (22.254549 36.400638, 22.252401 36.40279, 22.250506 36.400837, 22.252589 36.39941, 22.254549 36.400638), (22.235893 36.384686, 22.23339 36.3866, 22.231425 36.385286, 22.233403 36.3829, 22.235893 36.384686), (22.232493 36.391009, 22.228576 36.391674, 22.228146 36.389188, 22.23121 36.38842, 22.232493 36.391009), (22.1742 36.368351, 22.170435 36.36889, 22.170821 36.366207, 22.173746 36.365971, 22.1742 36.368351))",72.2467,96.1875,36.424617,22.270496,"22.16196,36.35797,22.37794,36.49605",24.4501,5.7181,37.159,0.6559,0.9723,0.0981,0.5476,4.2759,EVT0012-OBS005,0.1313,8.6041,96.573,6,17.277,0.99,observed,True
EVT0012,EVT0012-OBS007,S1_EVT0012_08,2026-01-18T18:45:37Z,330.76,OBSERVED,"POLYGON ((22.265383 36.697318, 22.264724 36.700427, 22.269361 36.705015, 22.277877 36.70574, 22.281791 36.710855, 22.286918 36.710254, 22.290167 36.716605, 22.292778 36.71799, 22.297061 36.717467, 22.300422 36.720629, 22.304927 36.720393, 22.307618 36.723738, 22.308347 36.727788, 22.31445 36.727808, 22.319704 36.731043, 22.320378 36.733492, 22.31559 36.736047, 22.317168 36.739189, 22.321822 36.738885, 22.325397 36.740309, 22.329389 36.738424, 22.33278 36.738778, 22.335959 36.742556, 22.340525 36.742592, 22.34381 36.745302, 22.348299 36.744314, 22.353981 36.747783, 22.35917 36.746087, 22.362897 36.748646, 22.366483 36.748466, 22.369182 36.75217, 22.373864 36.752155, 22.377266 36.755458, 22.381902 36.754525, 22.384088 36.755678, 22.384463 36.757694, 22.381107 36.758615, 22.379902 36.762337, 22.38206 36.763696, 22.385833 36.762396, 22.38666 36.736274, 22.373198 36.735025, 22.369173 36.736031, 22.365817 36.733136, 22.360929 36.733794, 22.359062 36.731763, 22.361473 36.727873, 22.359769 36.725437, 22.34882 36.727455, 22.3468 36.726462, 22.345873 36.722978, 22.34052 36.722259, 22.337974 36.719107, 22.323652 36.717423, 22.32317 36.715208, 22.327998 36.712653, 22.326382 36.709494, 22.323014 36.709496, 22.320081 36.712044, 22.314869 36.710005, 22.3051 36.71142, 22.304138 36.709629, 22.30747 36.706223, 22.305319 36.700988, 22.302728 36.700722, 22.298467 36.702752, 22.291952 36.699564, 22.288328 36.699486, 22.287354 36.696064, 22.284414 36.694675, 22.281438 36.696085, 22.28107 36.700574, 22.277125 36.699983, 22.275124 36.694682, 22.277919 36.691157, 22.274581 36.68345, 22.271195 36.683457, 22.263851 36.687873, 22.263502 36.694913, 22.265383 36.697318))",23.4486,40.1893,36.724604,22.327768,"22.26350,36.68345,22.38666,36.76370",13.7785,3.4415,29.915,0.6173,0.9683,0.1824,0.761,4.0036,EVT0012-OBS006,0.0,33.8005,-67.544,7,20.096,0.99,observed,True
EVT0012,EVT0012-OBS008,,2026-01-19T12:45:37Z,348.76,PREDICTED,"POLYGON ((22.399453 37.001965, 22.399433 37.001023, 22.399064 36.999949, 22.398354 36.998762, 22.397314 36.997481, 22.395961 36.996129, 22.394319 36.994729, 22.392417 36.993304, 22.390286 36.991879, 22.387963 36.990479, 22.385488 36.989127, 22.382903 36.987846, 22.380252 36.986659, 22.377581 36.985586, 22.374936 36.984644, 22.372361 36.983851, 22.369901 36.98322, 22.367598 36.982761, 22.365491 36.982483, 22.363616 36.98239, 22.362006 36.982483, 22.360688 36.982762, 22.359684 36.983221, 22.359012 36.983853, 22.358683 36.984647, 22.358703 36.985588, 22.359071 36.986662, 22.359782 36.987849, 22.360822 36.98913, 22.362175 36.990482, 22.363817 36.991883, 22.365719 36.993307, 22.36785 36.994732, 22.370173 36.996132, 22.372648 36.997484, 22.375233 36.998765, 22.377884 36.999952, 22.380555 37.001025, 22.3832 37.001967, 22.385775 37.00276, 22.388235 37.003391, 22.390538 37.00385, 22.392645 37.004128, 22.394519 37.004221, 22.39613 37.004128, 22.397448 37.003849, 22.398452 37.00339, 22.399124 37.002758, 22.399453 37.001965))",4.6345,9.3885,36.993306,22.379068,"22.35868,36.98239,22.39945,37.00422",4.2189,1.402,28.667,1.0,0.9432,0.6607,1.0,3.0092,EVT0012-OBS007,0.0,30.2754,-80.236,7,18.0,0.0,synthetic,False
EVT0012,EVT0012-OBS009,,2026-01-20T06:45:37Z,366.76,PREDICTED,"POLYGON ((22.433825 37.263398, 22.433864 37.263181, 22.433842 37.262944, 22.433761 37.262691, 22.433622 37.262426, 22.433427 37.262154, 22.43318 37.261879, 22.432885 37.261607, 22.432547 37.261342, 22.432171 37.261087, 22.431765 37.260849, 22.431334 37.260631, 22.430887 37.260436, 22.430431 37.260268, 22.429975 37.260129, 22.429524 37.260023, 22.429089 37.259951, 22.428675 37.259914, 22.42829 37.259913, 22.42794 37.259947, 22.427633 37.260017, 22.427371 37.260121, 22.427162 37.260257, 22.427007 37.260423, 22.426909 37.260616, 22.426871 37.260833, 22.426893 37.26107, 22.426974 37.261324, 22.427113 37.261588, 22.427307 37.26186, 22.427555 37.262135, 22.42785 37.262407, 22.428188 37.262673, 22.428564 37.262927, 22.42897 37.263165, 22.429401 37.263383, 22.429848 37.263578, 22.430303 37.263747, 22.43076 37.263885, 22.43121 37.263991, 22.431646 37.264063, 22.43206 37.2641, 22.432445 37.264102, 22.432794 37.264067, 22.433102 37.263997, 22.433363 37.263893, 22.433573 37.263757, 22.433728 37.263591, 22.433825 37.263398))",0.1958,1.7115,37.262007,22.430367,"22.42687,37.25991,22.43386,37.26410",0.7067,0.3534,28.038,1.0,0.866,0.84,1.0,2.0,EVT0012-OBS008,0.0,30.2754,-95.775,7,18.0,0.0,synthetic,False
