event_id,forecast_id,forecast_horizon_hours,ensemble_member,timestamp,particle_lat,particle_lon
EVT0002,EVT0002-FC02,12.0,0,2026-01-16T02:36:21Z,38.42245,18.530968
EVT0002,EVT0002-FC02,12.0,0,2026-01-16T02:36:21Z,38.728511,18.745832
EVT0002,EVT0002-FC02,12.0,0,2026-01-16T02:36:21Z,38.362859,18.644872
EVT0002,EVT0002-FC02,12.0,0,2026-01-16T02:36:21Z,38.346341,18.52837
EVT0002,EVT0002-FC02,12.0,0,2026-01-16T02:36:21Z,38.337205,18.391995
EVT0002,EVT0002-FC02,12.0,0,2026-01-16T02:36:21Z,38.493464,18.536567
EVT0002,EVT0002-FC02,12.0,0,2026-01-16T02:36:21Z,38.509344,18.316224
EVT0002,EVT0002-FC02,12.0,0,2026-01-16T02:36:21Z,38.5352,18.561862
EVT0002,EVT0002-FC02,12.0,0,2026-01-16T02:36:21Z,38.681133,18.607337
EVT0002,EVT0002-FC02,12.0,0,2026-01-16T02:36:21Z,38.520573,18.613165
EVT0002,EVT0002-FC02,12.0,0,2026-01-16T02:36:21Z,38.368797,18.480867
EVT0002,EVT0002-FC02,12.0,0,2026-01-16T02:36:21Z,38.63674,18.504606
EVT0002,EVT0002-FC02,12.0,0,2026-01-16T02:36:21Z,38.571405,18.734472
EVT0002,EVT0002-FC02,12.0,0,2026-01-16T02:36:21Z,38.738258,18.290403
EVT0002,EVT0002-FC02,12.0,0,2026-01-16T02:36:21Z,38.636391,18.62312
EVT0002,EVT0002-FC02,12.0,0,2026-01-16T02:36:21Z,38.464632,18.468943
EVT0002,EVT0002-FC02,12.0,0,2026-01-16T02:36:21Z,38.496663,18.388864
EVT0002,EVT0002-FC02,12.0,0,2026-01-16T02:36:21Z,38.345226,18.41512
EVT0002,EVT0002-FC02,12.0,0,2026-01-16T02:36:21Z,38.352411,18.451262
EVT0002,EVT0002-FC02,12.0,0,2026-01-16T02:36:21Z,38.525589,18.470231
EVT0002,EVT0002-FC02,12.0,0,2026-01-16T02:36:21Z,38.502379,18.27831
EVT0002,EVT0002-FC02,12.0,0,2026-01-16T02:36:21Z,38.533032,18.492597
EVT0002,EVT0002-FC02,12.0,0,2026-01-16T02:36:21Z,38.567296,18.459543
EVT0002,EVT0002-FC02,12.0,0,2026-01-16T02:36:21Z,38.654309,18.39498
EVT0002,EVT0002-FC02,12.0,0,2026-01-16T02:36:21Z,38.87712,18.541736
EVT0002,EVT0002-FC02,12.0,0,2026-01-16T02:36:21Z,38.497051,18.296732
EVT0002,EVT0002-FC02,12.0,0,2026-01-16T02:36:21Z,38.439612,18.480984
EVT0002,EVT0002-FC02,12.0,0,2026-01-16T02:36:21Z,38.440388,18.825088
EVT0002,EVT0002-FC02,12.0,0,2026-01-16T02:36:21Z,38.390727,18.60173
EVT0002,EVT0002-FC02,12.0,0,2026-01-16T02:36:21Z,38.562463,18.32641
EVT0002,EVT0002-FC02,12.0,0,2026-01-16T02:36:21Z,38.494696,18.370011
EVT0002,EVT0002-FC02,12.0,0,2026-01-16T02:36:21Z,38.162493,18.42689
EVT0002,EVT0002-FC02,12.0,0,2026-01-16T02:36:21Z,38.616724,18.029881
EVT0002,EVT0002-FC02,12.0,0,2026-01-16T02:36:21Z,38.589151,18.411021
EVT0002,EVT0002-FC02,12.0,0,2026-01-16T02:36:21Z,38.692937,18.474192
EVT0002,EVT0002-FC02,12.0,0,2026-01-16T02:36:21Z,38.243902,18.719149
EVT0002,EVT0002-FC02,12.0,0,2026-01-16T02:36:21Z,38.701845,18.409297
EVT0002,EVT0002-FC02,12.0,0,2026-01-16T02:36:21Z,38.508208,18.48395
EVT0002,EVT0002-FC02,12.0,0,2026-01-16T02:36:21Z,38.6277,18.307038
EVT0002,EVT0002-FC02,12.0,0,2026-01-16T02:36:21Z,38.364457,18.089814
EVT0002,EVT0002-FC02,24.0,0,2026-01-16T14:36:21Z,38.429395,18.675909
EVT0002,EVT0002-FC02,24.0,0,2026-01-16T14:36:21Z,38.562025,18.412408
EVT0002,EVT0002-FC02,24.0,0,2026-01-16T14:36:21Z,38.286399,18.110853
EVT0002,EVT0002-FC02,24.0,0,2026-01-16T14:36:21Z,38.456121,18.520513
EVT0002,EVT0002-FC02,24.0,0,2026-01-16T14:36:21Z,38.509801,18.757833
EVT0002,EVT0002-FC02,24.0,0,2026-01-16T14:36:21Z,38.776876,18.786402
EVT0002,EVT0002-FC02,24.0,0,2026-01-16T14:36:21Z,38.501514,18.075526
EVT0002,EVT0002-FC02,24.0,0,2026-01-16T14:36:21Z,38.402693,18.466069
EVT0002,EVT0002-FC02,24.0,0,2026-01-16T14:36:21Z,38.535776,18.407848
EVT0002,EVT0002-FC02,24.0,0,2026-01-16T14:36:21Z,38.59046,18.494789
EVT0002,EVT0002-FC02,24.0,0,2026-01-16T14:36:21Z,38.802175,18.663735
EVT0002,EVT0002-FC02,24.0,0,2026-01-16T14:36:21Z,38.529795,18.648974
EVT0002,EVT0002-FC02,24.0,0,2026-01-16T14:36:21Z,38.525974,17.953532
EVT0002,EVT0002-FC02,24.0,0,2026-01-16T14:36:21Z,38.301805,18.239607
EVT0002,EVT0002-FC02,24.0,0,2026-01-16T14:36:21Z,38.661636,18.322873
EVT0002,EVT0002-FC02,24.0,0,2026-01-16T14:36:21Z,38.637108,18.460907
EVT0002,EVT0002-FC02,24.0,0,2026-01-16T14:36:21Z,38.260996,17.931103
EVT0002,EVT0002-FC02,24.0,0,2026-01-16T14:36:21Z,38.582111,18.535712
EVT0002,EVT0002-FC02,24.0,0,2026-01-16T14:36:21Z,38.428602,18.543873
EVT0002,EVT0002-FC02,24.0,0,2026-01-16T14:36:21Z,38.596794,18.488234
EVT0002,EVT0002-FC02,24.0,0,2026-01-16T14:36:21Z,38.432899,18.283858
EVT0002,EVT0002-FC02,24.0,0,2026-01-16T14:36:21Z,38.755949,18.64809
EVT0002,EVT0002-FC02,24.0,0,2026-01-16T14:36:21Z,38.509764,18.285577
EVT0002,EVT0002-FC02,24.0,0,2026-01-16T14:36:21Z,38.729875,18.127098
EVT0002,EVT0002-FC02,24.0,0,2026-01-16T14:36:21Z,38.507177,18.38819
EVT0002,EVT0002-FC02,24.0,0,2026-01-16T14:36:21Z,38.690353,18.446521
EVT0002,EVT0002-FC02,24.0,0,2026-01-16T14:36:21Z,38.565726,18.431655
EVT0002,EVT0002-FC02,24.0,0,2026-01-16T14:36:21Z,38.220802,18.225518
EVT0002,EVT0002-FC02,24.0,0,2026-01-16T14:36:21Z,38.74619,18.408049
EVT0002,EVT0002-FC02,24.0,0,2026-01-16T14:36:21Z,38.352637,18.425072
EVT0002,EVT0002-FC02,24.0,0,2026-01-16T14:36:21Z,38.693869,18.796978
EVT0002,EVT0002-FC02,24.0,0,2026-01-16T14:36:21Z,38.584835,18.696785
EVT0002,EVT0002-FC02,24.0,0,2026-01-16T14:36:21Z,38.62487,18.425491
EVT0002,EVT0002-FC02,24.0,0,2026-01-16T14:36:21Z,38.597858,18.621706
EVT0002,EVT0002-FC02,24.0,0,2026-01-16T14:36:21Z,38.594618,18.640871
EVT0002,EVT0002-FC02,24.0,0,2026-01-16T14:36:21Z,38.410409,18.212126
EVT0002,EVT0002-FC02,24.0,0,2026-01-16T14:36:21Z,38.524764,18.516968
EVT0002,EVT0002-FC02,24.0,0,2026-01-16T14:36:21Z,38.607588,18.061253
EVT0002,EVT0002-FC02,24.0,0,2026-01-16T14:36:21Z,38.498569,18.431687
EVT0002,EVT0002-FC02,24.0,0,2026-01-16T14:36:21Z,38.539503,18.443012
EVT0002,EVT0002-FC02,48.0,0,2026-01-17T14:36:21Z,38.60488,18.002995
EVT0002,EVT0002-FC02,48.0,0,2026-01-17T14:36:21Z,39.119523,18.75835
EVT0002,EVT0002-FC02,48.0,0,2026-01-17T14:36:21Z,38.89932,18.465697
EVT0002,EVT0002-FC02,48.0,0,2026-01-17T14:36:21Z,38.883112,18.608965
EVT0002,EVT0002-FC02,48.0,0,2026-01-17T14:36:21Z,38.679559,18.639357
EVT0002,EVT0002-FC02,48.0,0,2026-01-17T14:36:21Z,39.18708,18.499991
EVT0002,EVT0002-FC02,48.0,0,2026-01-17T14:36:21Z,38.828616,17.795535
EVT0002,EVT0002-FC02,48.0,0,2026-01-17T14:36:21Z,37.964356,18.594768
EVT0002,EVT0002-FC02,48.0,0,2026-01-17T14:36:21Z,38.874842,18.636516
EVT0002,EVT0002-FC02,48.0,0,2026-01-17T14:36:21Z,38.87039,18.683148
EVT0002,EVT0002-FC02,48.0,0,2026-01-17T14:36:21Z,38.616515,18.403191
EVT0002,EVT0002-FC02,48.0,0,2026-01-17T14:36:21Z,38.052329,18.367392
EVT0002,EVT0002-FC02,48.0,0,2026-01-17T14:36:21Z,38.749414,18.25615
EVT0002,EVT0002-FC02,48.0,0,2026-01-17T14:36:21Z,38.84352,18.700957
EVT0002,EVT0002-FC02,48.0,0,2026-01-17T14:36:21Z,38.934866,19.01492
EVT0002,EVT0002-FC02,48.0,0,2026-01-17T14:36:21Z,38.638226,18.559915
EVT0002,EVT0002-FC02,48.0,0,2026-01-17T14:36:21Z,38.774311,18.322405
EVT0002,EVT0002-FC02,48.0,0,2026-01-17T14:36:21Z,39.095666,19.005555
EVT0002,EVT0002-FC02,48.0,0,2026-01-17T14:36:21Z,38.382289,18.931404
EVT0002,EVT0002-FC02,48.0,0,2026-01-17T14:36:21Z,38.726371,18.956627
EVT0002,EVT0002-FC02,48.0,0,2026-01-17T14:36:21Z,38.578739,19.193218
EVT0002,EVT0002-FC02,48.0,0,2026-01-17T14:36:21Z,38.830639,18.144809
EVT0002,EVT0002-FC02,48.0,0,2026-01-17T14:36:21Z,38.772377,18.574559
EVT0002,EVT0002-FC02,48.0,0,2026-01-17T14:36:21Z,38.827892,18.30845
EVT0002,EVT0002-FC02,48.0,0,2026-01-17T14:36:21Z,39.119758,18.814077
EVT0002,EVT0002-FC02,48.0,0,2026-01-17T14:36:21Z,38.932555,18.038532
EVT0002,EVT0002-FC02,48.0,0,2026-01-17T14:36:21Z,38.333263,18.840496
EVT0002,EVT0002-FC02,48.0,0,2026-01-17T14:36:21Z,39.302784,17.719404
EVT0002,EVT0002-FC02,48.0,0,2026-01-17T14:36:21Z,38.606431,19.377961
EVT0002,EVT0002-FC02,48.0,0,2026-01-17T14:36:21Z,38.283403,18.271428
EVT0002,EVT0002-FC02,48.0,0,2026-01-17T14:36:21Z,38.762042,18.564609
EVT0002,EVT0002-FC02,48.0,0,2026-01-17T14:36:21Z,38.274797,18.395987
EVT0002,EVT0002-FC02,48.0,0,2026-01-17T14:36:21Z,38.992221,18.339397
EVT0002,EVT0002-FC02,48.0,0,2026-01-17T14:36:21Z,38.056174,18.314012
EVT0002,EVT0002-FC02,48.0,0,2026-01-17T14:36:21Z,39.086189,18.848747
EVT0002,EVT0002-FC02,48.0,0,2026-01-17T14:36:21Z,38.913936,18.554285
EVT0002,EVT0002-FC02,48.0,0,2026-01-17T14:36:21Z,39.358161,18.511613
EVT0002,EVT0002-FC02,48.0,0,2026-01-17T14:36:21Z,39.067265,18.942926
EVT0002,EVT0002-FC02,48.0,0,2026-01-17T14:36:21Z,38.736397,18.555916
EVT0002,EVT0002-FC02,48.0,0,2026-01-17T14:36:21Z,38.39272,18.404187
EVT0002,EVT0002-FC02,72.0,0,2026-01-18T14:36:21Z,38.70632,18.329996
EVT0002,EVT0002-FC02,72.0,0,2026-01-18T14:36:21Z,38.214473,17.864096
EVT0002,EVT0002-FC02,72.0,0,2026-01-18T14:36:21Z,38.875339,18.142023
EVT0002,EVT0002-FC02,72.0,0,2026-01-18T14:36:21Z,39.293622,18.501685
EVT0002,EVT0002-FC02,72.0,0,2026-01-18T14:36:21Z,39.006084,18.797983
EVT0002,EVT0002-FC02,72.0,0,2026-01-18T14:36:21Z,38.522251,18.876961
EVT0002,EVT0002-FC02,72.0,0,2026-01-18T14:36:21Z,39.118676,19.148556
EVT0002,EVT0002-FC02,72.0,0,2026-01-18T14:36:21Z,39.186064,18.677148
EVT0002,EVT0002-FC02,72.0,0,2026-01-18T14:36:21Z,38.386615,19.215018
EVT0002,EVT0002-FC02,72.0,0,2026-01-18T14:36:21Z,38.587006,18.247658
EVT0002,EVT0002-FC02,72.0,0,2026-01-18T14:36:21Z,39.30282,18.920467
EVT0002,EVT0002-FC02,72.0,0,2026-01-18T14:36:21Z,38.284894,18.346304
EVT0002,EVT0002-FC02,72.0,0,2026-01-18T14:36:21Z,39.737758,18.330756
EVT0002,EVT0002-FC02,72.0,0,2026-01-18T14:36:21Z,38.369706,18.219604
EVT0002,EVT0002-FC02,72.0,0,2026-01-18T14:36:21Z,38.757735,19.17793
EVT0002,EVT0002-FC02,72.0,0,2026-01-18T14:36:21Z,38.495688,19.142297
EVT0002,EVT0002-FC02,72.0,0,2026-01-18T14:36:21Z,38.473573,19.120845
EVT0002,EVT0002-FC02,72.0,0,2026-01-18T14:36:21Z,38.783815,18.197502
EVT0002,EVT0002-FC02,72.0,0,2026-01-18T14:36:21Z,39.330955,17.749795
EVT0002,EVT0002-FC02,72.0,0,2026-01-18T14:36:21Z,39.480746,17.579577
EVT0002,EVT0002-FC02,72.0,0,2026-01-18T14:36:21Z,38.562644,18.249153
EVT0002,EVT0002-FC02,72.0,0,2026-01-18T14:36:21Z,38.301989,18.992144
EVT0002,EVT0002-FC02,72.0,0,2026-01-18T14:36:21Z,39.395495,17.771104
EVT0002,EVT0002-FC02,72.0,0,2026-01-18T14:36:21Z,38.873117,18.248948
EVT0002,EVT0002-FC02,72.0,0,2026-01-18T14:36:21Z,39.661885,19.849524
EVT0002,EVT0002-FC02,72.0,0,2026-01-18T14:36:21Z,38.285653,18.628656
EVT0002,EVT0002-FC02,72.0,0,2026-01-18T14:36:21Z,39.053339,19.452757
EVT0002,EVT0002-FC02,72.0,0,2026-01-18T14:36:21Z,39.102977,19.120117
EVT0002,EVT0002-FC02,72.0,0,2026-01-18T14:36:21Z,39.529256,17.890452
EVT0002,EVT0002-FC02,72.0,0,2026-01-18T14:36:21Z,37.979074,18.448452
EVT0002,EVT0002-FC02,72.0,0,2026-01-18T14:36:21Z,38.288195,18.529943
EVT0002,EVT0002-FC02,72.0,0,2026-01-18T14:36:21Z,38.753871,18.743873
EVT0002,EVT0002-FC02,72.0,0,2026-01-18T14:36:21Z,38.93415,18.858236
EVT0002,EVT0002-FC02,72.0,0,2026-01-18T14:36:21Z,38.871576,18.585928
EVT0002,EVT0002-FC02,72.0,0,2026-01-18T14:36:21Z,39.294209,19.048902
EVT0002,EVT0002-FC02,72.0,0,2026-01-18T14:36:21Z,38.670279,18.442914
EVT0002,EVT0002-FC02,72.0,0,2026-01-18T14:36:21Z,38.654369,18.780946
EVT0002,EVT0002-FC02,72.0,0,2026-01-18T14:36:21Z,39.029028,18.914221
EVT0002,EVT0002-FC02,72.0,0,2026-01-18T14:36:21Z,39.161457,18.762568
EVT0002,EVT0002-FC02,72.0,0,2026-01-18T14:36:21Z,37.917828,18.517121
EVT0002,EVT0002-FC02,12.0,1,2026-01-16T02:36:21Z,38.644206,18.432455
EVT0002,EVT0002-FC02,12.0,1,2026-01-16T02:36:21Z,38.637801,18.414502
EVT0002,EVT0002-FC02,12.0,1,2026-01-16T02:36:21Z,38.613599,18.387448
EVT0002,EVT0002-FC02,12.0,1,2026-01-16T02:36:21Z,38.595261,18.453306
EVT0002,EVT0002-FC02,12.0,1,2026-01-16T02:36:21Z,38.165019,18.345948
EVT0002,EVT0002-FC02,12.0,1,2026-01-16T02:36:21Z,38.746917,18.429299
EVT0002,EVT0002-FC02,12.0,1,2026-01-16T02:36:21Z,38.702687,18.472289
EVT0002,EVT0002-FC02,12.0,1,2026-01-16T02:36:21Z,38.546767,18.336869
EVT0002,EVT0002-FC02,12.0,1,2026-01-16T02:36:21Z,38.714822,18.384572
EVT0002,EVT0002-FC02,12.0,1,2026-01-16T02:36:21Z,38.65413,18.492129
EVT0002,EVT0002-FC02,12.0,1,2026-01-16T02:36:21Z,38.187383,18.610117
EVT0002,EVT0002-FC02,12.0,1,2026-01-16T02:36:21Z,38.601766,18.339951
EVT0002,EVT0002-FC02,12.0,1,2026-01-16T02:36:21Z,38.524237,18.695885
EVT0002,EVT0002-FC02,12.0,1,2026-01-16T02:36:21Z,38.553402,18.377452
EVT0002,EVT0002-FC02,12.0,1,2026-01-16T02:36:21Z,38.401051,18.357743
EVT0002,EVT0002-FC02,12.0,1,2026-01-16T02:36:21Z,38.637394,18.371817
EVT0002,EVT0002-FC02,12.0,1,2026-01-16T02:36:21Z,38.593779,18.485601
EVT0002,EVT0002-FC02,12.0,1,2026-01-16T02:36:21Z,38.555404,18.691191
EVT0002,EVT0002-FC02,12.0,1,2026-01-16T02:36:21Z,38.227729,18.170872
EVT0002,EVT0002-FC02,12.0,1,2026-01-16T02:36:21Z,38.237485,18.323349
EVT0002,EVT0002-FC02,12.0,1,2026-01-16T02:36:21Z,38.385645,18.489994
EVT0002,EVT0002-FC02,12.0,1,2026-01-16T02:36:21Z,38.30599,18.308393
EVT0002,EVT0002-FC02,12.0,1,2026-01-16T02:36:21Z,38.314066,18.300602
EVT0002,EVT0002-FC02,12.0,1,2026-01-16T02:36:21Z,38.737538,18.426147
EVT0002,EVT0002-FC02,12.0,1,2026-01-16T02:36:21Z,38.55771,18.507627
EVT0002,EVT0002-FC02,12.0,1,2026-01-16T02:36:21Z,38.689357,18.367159
EVT0002,EVT0002-FC02,12.0,1,2026-01-16T02:36:21Z,38.66518,18.349341
EVT0002,EVT0002-FC02,12.0,1,2026-01-16T02:36:21Z,38.621568,18.415035
EVT0002,EVT0002-FC02,12.0,1,2026-01-16T02:36:21Z,38.59805,18.563311
EVT0002,EVT0002-FC02,12.0,1,2026-01-16T02:36:21Z,38.649826,18.843462
EVT0002,EVT0002-FC02,12.0,1,2026-01-16T02:36:21Z,38.227122,18.271219
EVT0002,EVT0002-FC02,12.0,1,2026-01-16T02:36:21Z,38.609214,18.606631
EVT0002,EVT0002-FC02,12.0,1,2026-01-16T02:36:21Z,38.412605,18.529061
EVT0002,EVT0002-FC02,12.0,1,2026-01-16T02:36:21Z,38.722519,18.342738
EVT0002,EVT0002-FC02,12.0,1,2026-01-16T02:36:21Z,38.591434,18.477523
EVT0002,EVT0002-FC02,12.0,1,2026-01-16T02:36:21Z,38.730884,18.427062
EVT0002,EVT0002-FC02,12.0,1,2026-01-16T02:36:21Z,38.67502,18.621869
EVT0002,EVT0002-FC02,12.0,1,2026-01-16T02:36:21Z,38.550674,18.452445
EVT0002,EVT0002-FC02,12.0,1,2026-01-16T02:36:21Z,38.471003,18.471292
EVT0002,EVT0002-FC02,12.0,1,2026-01-16T02:36:21Z,38.678652,18.398577
EVT0002,EVT0002-FC02,24.0,1,2026-01-16T14:36:21Z,38.512106,18.582271
EVT0002,EVT0002-FC02,24.0,1,2026-01-16T14:36:21Z,38.348911,18.383797
EVT0002,EVT0002-FC02,24.0,1,2026-01-16T14:36:21Z,38.810428,18.824918
EVT0002,EVT0002-FC02,24.0,1,2026-01-16T14:36:21Z,38.471021,18.511958
EVT0002,EVT0002-FC02,24.0,1,2026-01-16T14:36:21Z,38.637576,18.743932
EVT0002,EVT0002-FC02,24.0,1,2026-01-16T14:36:21Z,38.625696,18.224078
EVT0002,EVT0002-FC02,24.0,1,2026-01-16T14:36:21Z,38.745468,18.225266
EVT0002,EVT0002-FC02,24.0,1,2026-01-16T14:36:21Z,39.020998,18.083277
EVT0002,EVT0002-FC02,24.0,1,2026-01-16T14:36:21Z,38.520156,18.528749
EVT0002,EVT0002-FC02,24.0,1,2026-01-16T14:36:21Z,38.9696,18.983936
EVT0002,EVT0002-FC02,24.0,1,2026-01-16T14:36:21Z,38.660269,18.765363
EVT0002,EVT0002-FC02,24.0,1,2026-01-16T14:36:21Z,38.515514,18.582124
EVT0002,EVT0002-FC02,24.0,1,2026-01-16T14:36:21Z,38.485358,18.318298
EVT0002,EVT0002-FC02,24.0,1,2026-01-16T14:36:21Z,38.590359,18.655802
EVT0002,EVT0002-FC02,24.0,1,2026-01-16T14:36:21Z,38.77832,17.976405
EVT0002,EVT0002-FC02,24.0,1,2026-01-16T14:36:21Z,38.723141,19.022692
EVT0002,EVT0002-FC02,24.0,1,2026-01-16T14:36:21Z,38.712559,18.044546
EVT0002,EVT0002-FC02,24.0,1,2026-01-16T14:36:21Z,38.544359,18.51626
EVT0002,EVT0002-FC02,24.0,1,2026-01-16T14:36:21Z,38.491462,18.00627
EVT0002,EVT0002-FC02,24.0,1,2026-01-16T14:36:21Z,38.483257,18.545445
EVT0002,EVT0002-FC02,24.0,1,2026-01-16T14:36:21Z,38.550842,18.795305
EVT0002,EVT0002-FC02,24.0,1,2026-01-16T14:36:21Z,38.727984,18.838887
EVT0002,EVT0002-FC02,24.0,1,2026-01-16T14:36:21Z,38.665051,18.581795
EVT0002,EVT0002-FC02,24.0,1,2026-01-16T14:36:21Z,38.320874,18.186468
EVT0002,EVT0002-FC02,24.0,1,2026-01-16T14:36:21Z,38.323097,18.519838
EVT0002,EVT0002-FC02,24.0,1,2026-01-16T14:36:21Z,38.807401,17.898371
EVT0002,EVT0002-FC02,24.0,1,2026-01-16T14:36:21Z,38.833259,17.937867
EVT0002,EVT0002-FC02,24.0,1,2026-01-16T14:36:21Z,38.612566,18.446853
EVT0002,EVT0002-FC02,24.0,1,2026-01-16T14:36:21Z,38.746417,18.925856
EVT0002,EVT0002-FC02,24.0,1,2026-01-16T14:36:21Z,38.718066,18.39797
EVT0002,EVT0002-FC02,24.0,1,2026-01-16T14:36:21Z,38.739229,18.275144
EVT0002,EVT0002-FC02,24.0,1,2026-01-16T14:36:21Z,38.576201,18.290241
EVT0002,EVT0002-FC02,24.0,1,2026-01-16T14:36:21Z,38.542124,18.396837
EVT0002,EVT0002-FC02,24.0,1,2026-01-16T14:36:21Z,38.134699,18.177758
EVT0002,EVT0002-FC02,24.0,1,2026-01-16T14:36:21Z,38.310034,18.963103
EVT0002,EVT0002-FC02,24.0,1,2026-01-16T14:36:21Z,38.494293,18.554786
EVT0002,EVT0002-FC02,24.0,1,2026-01-16T14:36:21Z,38.706333,18.97712
EVT0002,EVT0002-FC02,24.0,1,2026-01-16T14:36:21Z,38.552028,18.692641
EVT0002,EVT0002-FC02,24.0,1,2026-01-16T14:36:21Z,38.614698,17.907736
EVT0002,EVT0002-FC02,24.0,1,2026-01-16T14:36:21Z,38.460411,18.18758
EVT0002,EVT0002-FC02,48.0,1,2026-01-17T14:36:21Z,38.405073,18.351515
EVT0002,EVT0002-FC02,48.0,1,2026-01-17T14:36:21Z,37.545107,18.301108
EVT0002,EVT0002-FC02,48.0,1,2026-01-17T14:36:21Z,39.109463,18.541259
EVT0002,EVT0002-FC02,48.0,1,2026-01-17T14:36:21Z,38.93201,18.85185
EVT0002,EVT0002-FC02,48.0,1,2026-01-17T14:36:21Z,38.823193,18.265884
EVT0002,EVT0002-FC02,48.0,1,2026-01-17T14:36:21Z,38.793138,18.344624
EVT0002,EVT0002-FC02,48.0,1,2026-01-17T14:36:21Z,38.282869,18.283506
EVT0002,EVT0002-FC02,48.0,1,2026-01-17T14:36:21Z,38.851341,18.598045
EVT0002,EVT0002-FC02,48.0,1,2026-01-17T14:36:21Z,38.877119,18.342796
EVT0002,EVT0002-FC02,48.0,1,2026-01-17T14:36:21Z,38.786254,18.198778
EVT0002,EVT0002-FC02,48.0,1,2026-01-17T14:36:21Z,38.973498,18.786987
EVT0002,EVT0002-FC02,48.0,1,2026-01-17T14:36:21Z,38.471378,17.994198
EVT0002,EVT0002-FC02,48.0,1,2026-01-17T14:36:21Z,39.585956,18.340076
EVT0002,EVT0002-FC02,48.0,1,2026-01-17T14:36:21Z,38.986966,18.785947
EVT0002,EVT0002-FC02,48.0,1,2026-01-17T14:36:21Z,38.222708,18.715035
EVT0002,EVT0002-FC02,48.0,1,2026-01-17T14:36:21Z,38.344538,18.54646
EVT0002,EVT0002-FC02,48.0,1,2026-01-17T14:36:21Z,38.187379,18.466676
EVT0002,EVT0002-FC02,48.0,1,2026-01-17T14:36:21Z,38.192272,17.926455
EVT0002,EVT0002-FC02,48.0,1,2026-01-17T14:36:21Z,38.899108,18.858561
EVT0002,EVT0002-FC02,48.0,1,2026-01-17T14:36:21Z,39.292761,19.267277
EVT0002,EVT0002-FC02,48.0,1,2026-01-17T14:36:21Z,38.840408,18.37864
EVT0002,EVT0002-FC02,48.0,1,2026-01-17T14:36:21Z,38.114671,18.317848
EVT0002,EVT0002-FC02,48.0,1,2026-01-17T14:36:21Z,38.693023,19.122943
EVT0002,EVT0002-FC02,48.0,1,2026-01-17T14:36:21Z,38.920532,18.771665
EVT0002,EVT0002-FC02,48.0,1,2026-01-17T14:36:21Z,38.95628,18.713093
EVT0002,EVT0002-FC02,48.0,1,2026-01-17T14:36:21Z,38.894634,18.636799
EVT0002,EVT0002-FC02,48.0,1,2026-01-17T14:36:21Z,38.706435,18.623513
EVT0002,EVT0002-FC02,48.0,1,2026-01-17T14:36:21Z,38.84627,18.500324
EVT0002,EVT0002-FC02,48.0,1,2026-01-17T14:36:21Z,38.831641,18.720017
EVT0002,EVT0002-FC02,48.0,1,2026-01-17T14:36:21Z,38.697508,18.18929
EVT0002,EVT0002-FC02,48.0,1,2026-01-17T14:36:21Z,39.076087,18.842436
EVT0002,EVT0002-FC02,48.0,1,2026-01-17T14:36:21Z,39.027583,19.031034
EVT0002,EVT0002-FC02,48.0,1,2026-01-17T14:36:21Z,39.298534,17.758343
EVT0002,EVT0002-FC02,48.0,1,2026-01-17T14:36:21Z,37.845538,18.773826
EVT0002,EVT0002-FC02,48.0,1,2026-01-17T14:36:21Z,38.940266,18.719264
EVT0002,EVT0002-FC02,48.0,1,2026-01-17T14:36:21Z,38.981589,17.857884
EVT0002,EVT0002-FC02,48.0,1,2026-01-17T14:36:21Z,38.932133,18.929622
EVT0002,EVT0002-FC02,48.0,1,2026-01-17T14:36:21Z,38.642307,18.409652
EVT0002,EVT0002-FC02,48.0,1,2026-01-17T14:36:21Z,38.547387,17.778061
EVT0002,EVT0002-FC02,48.0,1,2026-01-17T14:36:21Z,38.777877,18.190381
EVT0002,EVT0002-FC02,72.0,1,2026-01-18T14:36:21Z,38.160039,17.777519
EVT0002,EVT0002-FC02,72.0,1,2026-01-18T14:36:21Z,39.630796,18.448944
EVT0002,EVT0002-FC02,72.0,1,2026-01-18T14:36:21Z,39.578807,18.017631
EVT0002,EVT0002-FC02,72.0,1,2026-01-18T14:36:21Z,39.671672,18.260295
EVT0002,EVT0002-FC02,72.0,1,2026-01-18T14:36:21Z,38.756112,18.611418
EVT0002,EVT0002-FC02,72.0,1,2026-01-18T14:36:21Z,39.051572,18.506021
EVT0002,EVT0002-FC02,72.0,1,2026-01-18T14:36:21Z,38.790806,18.120285
EVT0002,EVT0002-FC02,72.0,1,2026-01-18T14:36:21Z,39.05831,17.995288
EVT0002,EVT0002-FC02,72.0,1,2026-01-18T14:36:21Z,38.787324,18.401853
EVT0002,EVT0002-FC02,72.0,1,2026-01-18T14:36:21Z,38.294738,17.808326
EVT0002,EVT0002-FC02,72.0,1,2026-01-18T14:36:21Z,39.022338,18.775582
EVT0002,EVT0002-FC02,72.0,1,2026-01-18T14:36:21Z,38.522385,19.331474
EVT0002,EVT0002-FC02,72.0,1,2026-01-18T14:36:21Z,38.750927,18.417898
EVT0002,EVT0002-FC02,72.0,1,2026-01-18T14:36:21Z,37.853936,18.318126
EVT0002,EVT0002-FC02,72.0,1,2026-01-18T14:36:21Z,39.161827,19.205244
EVT0002,EVT0002-FC02,72.0,1,2026-01-18T14:36:21Z,38.590424,19.067427
EVT0002,EVT0002-FC02,72.0,1,2026-01-18T14:36:21Z,38.748861,18.208483
EVT0002,EVT0002-FC02,72.0,1,2026-01-18T14:36:21Z,39.115185,18.820338
EVT0002,EVT0002-FC02,72.0,1,2026-01-18T14:36:21Z,38.616034,17.933054
EVT0002,EVT0002-FC02,72.0,1,2026-01-18T14:36:21Z,39.221665,19.180258
EVT0002,EVT0002-FC02,72.0,1,2026-01-18T14:36:21Z,39.074299,18.871204
EVT0002,EVT0002-FC02,72.0,1,2026-01-18T14:36:21Z,38.532225,19.174866
EVT0002,EVT0002-FC02,72.0,1,2026-01-18T14:36:21Z,38.986148,18.467029
EVT0002,EVT0002-FC02,72.0,1,2026-01-18T14:36:21Z,38.831773,18.459606
EVT0002,EVT0002-FC02,72.0,1,2026-01-18T14:36:21Z,38.869031,18.34213
EVT0002,EVT0002-FC02,72.0,1,2026-01-18T14:36:21Z,38.843849,18.05172
EVT0002,EVT0002-FC02,72.0,1,2026-01-18T14:36:21Z,39.035336,18.698278
EVT0002,EVT0002-FC02,72.0,1,2026-01-18T14:36:21Z,39.694216,19.505506
EVT0002,EVT0002-FC02,72.0,1,2026-01-18T14:36:21Z,38.299417,18.449192
EVT0002,EVT0002-FC02,72.0,1,2026-01-18T14:36:21Z,39.103781,18.558055
EVT0002,EVT0002-FC02,72.0,1,2026-01-18T14:36:21Z,38.835232,17.773673
EVT0002,EVT0002-FC02,72.0,1,2026-01-18T14:36:21Z,39.346049,19.362351
EVT0002,EVT0002-FC02,72.0,1,2026-01-18T14:36:21Z,39.028552,19.560089
EVT0002,EVT0002-FC02,72.0,1,2026-01-18T14:36:21Z,38.957154,18.761844
EVT0002,EVT0002-FC02,72.0,1,2026-01-18T14:36:21Z,37.738237,18.998023
EVT0002,EVT0002-FC02,72.0,1,2026-01-18T14:36:21Z,38.550259,19.568428
EVT0002,EVT0002-FC02,72.0,1,2026-01-18T14:36:21Z,39.075783,19.010027
EVT0002,EVT0002-FC02,72.0,1,2026-01-18T14:36:21Z,39.287881,17.708398
EVT0002,EVT0002-FC02,72.0,1,2026-01-18T14:36:21Z,39.300962,19.180203
EVT0002,EVT0002-FC02,72.0,1,2026-01-18T14:36:21Z,39.784131,17.788234
EVT0002,EVT0002-FC02,12.0,2,2026-01-16T02:36:21Z,38.582443,18.715667
EVT0002,EVT0002-FC02,12.0,2,2026-01-16T02:36:21Z,38.544912,18.431078
EVT0002,EVT0002-FC02,12.0,2,2026-01-16T02:36:21Z,38.162398,18.395894
EVT0002,EVT0002-FC02,12.0,2,2026-01-16T02:36:21Z,38.284551,18.199068
EVT0002,EVT0002-FC02,12.0,2,2026-01-16T02:36:21Z,38.496129,18.339381
EVT0002,EVT0002-FC02,12.0,2,2026-01-16T02:36:21Z,38.522208,18.236194
EVT0002,EVT0002-FC02,12.0,2,2026-01-16T02:36:21Z,38.504461,18.299295
EVT0002,EVT0002-FC02,12.0,2,2026-01-16T02:36:21Z,38.333105,18.458182
EVT0002,EVT0002-FC02,12.0,2,2026-01-16T02:36:21Z,38.578459,18.678042
EVT0002,EVT0002-FC02,12.0,2,2026-01-16T02:36:21Z,38.647386,18.496588
EVT0002,EVT0002-FC02,12.0,2,2026-01-16T02:36:21Z,38.566372,18.150233
EVT0002,EVT0002-FC02,12.0,2,2026-01-16T02:36:21Z,38.562411,18.656836
EVT0002,EVT0002-FC02,12.0,2,2026-01-16T02:36:21Z,38.589248,18.383351
EVT0002,EVT0002-FC02,12.0,2,2026-01-16T02:36:21Z,38.74577,18.806574
EVT0002,EVT0002-FC02,12.0,2,2026-01-16T02:36:21Z,38.57094,18.574537
EVT0002,EVT0002-FC02,12.0,2,2026-01-16T02:36:21Z,38.737405,18.508369
EVT0002,EVT0002-FC02,12.0,2,2026-01-16T02:36:21Z,38.322185,18.925613
EVT0002,EVT0002-FC02,12.0,2,2026-01-16T02:36:21Z,38.662785,18.780513
EVT0002,EVT0002-FC02,12.0,2,2026-01-16T02:36:21Z,38.489278,18.468359
EVT0002,EVT0002-FC02,12.0,2,2026-01-16T02:36:21Z,38.325603,18.275047
EVT0002,EVT0002-FC02,12.0,2,2026-01-16T02:36:21Z,38.439876,18.433407
EVT0002,EVT0002-FC02,12.0,2,2026-01-16T02:36:21Z,38.6538,18.387017
EVT0002,EVT0002-FC02,12.0,2,2026-01-16T02:36:21Z,38.485198,18.454839
EVT0002,EVT0002-FC02,12.0,2,2026-01-16T02:36:21Z,38.547453,18.569412
EVT0002,EVT0002-FC02,12.0,2,2026-01-16T02:36:21Z,38.380888,18.366466
EVT0002,EVT0002-FC02,12.0,2,2026-01-16T02:36:21Z,38.587268,18.430259
EVT0002,EVT0002-FC02,12.0,2,2026-01-16T02:36:21Z,38.826298,18.815258
EVT0002,EVT0002-FC02,12.0,2,2026-01-16T02:36:21Z,38.419177,18.697783
EVT0002,EVT0002-FC02,12.0,2,2026-01-16T02:36:21Z,38.58948,18.487191
EVT0002,EVT0002-FC02,12.0,2,2026-01-16T02:36:21Z,38.841274,18.134151
EVT0002,EVT0002-FC02,12.0,2,2026-01-16T02:36:21Z,38.487762,18.378255
EVT0002,EVT0002-FC02,12.0,2,2026-01-16T02:36:21Z,38.395391,18.52344
EVT0002,EVT0002-FC02,12.0,2,2026-01-16T02:36:21Z,38.461699,18.458573
EVT0002,EVT0002-FC02,12.0,2,2026-01-16T02:36:21Z,38.631056,18.367732
EVT0002,EVT0002-FC02,12.0,2,2026-01-16T02:36:21Z,38.600882,18.45154
EVT0002,EVT0002-FC02,12.0,2,2026-01-16T02:36:21Z,38.089227,18.322106
EVT0002,EVT0002-FC02,12.0,2,2026-01-16T02:36:21Z,38.668482,18.383143
EVT0002,EVT0002-FC02,12.0,2,2026-01-16T02:36:21Z,38.464108,18.46488
EVT0002,EVT0002-FC02,12.0,2,2026-01-16T02:36:21Z,38.600061,18.400633
EVT0002,EVT0002-FC02,12.0,2,2026-01-16T02:36:21Z,38.740507,18.720495
EVT0002,EVT0002-FC02,24.0,2,2026-01-16T14:36:21Z,38.163917,18.147226
EVT0002,EVT0002-FC02,24.0,2,2026-01-16T14:36:21Z,38.597444,18.81191
EVT0002,EVT0002-FC02,24.0,2,2026-01-16T14:36:21Z,38.447485,18.603849
EVT0002,EVT0002-FC02,24.0,2,2026-01-16T14:36:21Z,38.276273,18.744738
EVT0002,EVT0002-FC02,24.0,2,2026-01-16T14:36:21Z,38.609171,18.653637
EVT0002,EVT0002-FC02,24.0,2,2026-01-16T14:36:21Z,38.585444,18.631481
EVT0002,EVT0002-FC02,24.0,2,2026-01-16T14:36:21Z,38.764315,17.913461
EVT0002,EVT0002-FC02,24.0,2,2026-01-16T14:36:21Z,38.412912,18.173715
EVT0002,EVT0002-FC02,24.0,2,2026-01-16T14:36:21Z,38.510088,18.598684
EVT0002,EVT0002-FC02,24.0,2,2026-01-16T14:36:21Z,38.220364,18.067809
EVT0002,EVT0002-FC02,24.0,2,2026-01-16T14:36:21Z,38.421753,18.43582
EVT0002,EVT0002-FC02,24.0,2,2026-01-16T14:36:21Z,38.482622,18.153934
EVT0002,EVT0002-FC02,24.0,2,2026-01-16T14:36:21Z,38.106874,18.189398
EVT0002,EVT0002-FC02,24.0,2,2026-01-16T14:36:21Z,38.708663,19.002923
EVT0002,EVT0002-FC02,24.0,2,2026-01-16T14:36:21Z,38.45595,17.853451
EVT0002,EVT0002-FC02,24.0,2,2026-01-16T14:36:21Z,38.489142,18.49084
EVT0002,EVT0002-FC02,24.0,2,2026-01-16T14:36:21Z,38.657714,18.677031
EVT0002,EVT0002-FC02,24.0,2,2026-01-16T14:36:21Z,38.337978,18.098297
EVT0002,EVT0002-FC02,24.0,2,2026-01-16T14:36:21Z,38.488559,18.076902
EVT0002,EVT0002-FC02,24.0,2,2026-01-16T14:36:21Z,38.546185,18.427898
EVT0002,EVT0002-FC02,24.0,2,2026-01-16T14:36:21Z,38.714341,18.500154
EVT0002,EVT0002-FC02,24.0,2,2026-01-16T14:36:21Z,38.353267,18.697997
EVT0002,EVT0002-FC02,24.0,2,2026-01-16T14:36:21Z,38.382433,18.550989
EVT0002,EVT0002-FC02,24.0,2,2026-01-16T14:36:21Z,38.533271,18.248749
EVT0002,EVT0002-FC02,24.0,2,2026-01-16T14:36:21Z,38.292821,18.213703
EVT0002,EVT0002-FC02,24.0,2,2026-01-16T14:36:21Z,38.559267,18.553361
EVT0002,EVT0002-FC02,24.0,2,2026-01-16T14:36:21Z,38.518378,18.839295
EVT0002,EVT0002-FC02,24.0,2,2026-01-16T14:36:21Z,38.532282,18.504665
EVT0002,EVT0002-FC02,24.0,2,2026-01-16T14:36:21Z,37.725504,18.427646
EVT0002,EVT0002-FC02,24.0,2,2026-01-16T14:36:21Z,38.531107,18.198528
EVT0002,EVT0002-FC02,24.0,2,2026-01-16T14:36:21Z,38.351668,17.9725
EVT0002,EVT0002-FC02,24.0,2,2026-01-16T14:36:21Z,38.60395,18.338973
EVT0002,EVT0002-FC02,24.0,2,2026-01-16T14:36:21Z,38.531046,18.942214
EVT0002,EVT0002-FC02,24.0,2,2026-01-16T14:36:21Z,38.673767,17.984017
EVT0002,EVT0002-FC02,24.0,2,2026-01-16T14:36:21Z,38.419833,18.763753
EVT0002,EVT0002-FC02,24.0,2,2026-01-16T14:36:21Z,38.112376,17.928477
EVT0002,EVT0002-FC02,24.0,2,2026-01-16T14:36:21Z,38.642982,18.080136
EVT0002,EVT0002-FC02,24.0,2,2026-01-16T14:36:21Z,38.554021,18.430895
EVT0002,EVT0002-FC02,24.0,2,2026-01-16T14:36:21Z,38.433664,18.436114
EVT0002,EVT0002-FC02,24.0,2,2026-01-16T14:36:21Z,38.551104,18.700246
EVT0002,EVT0002-FC02,48.0,2,2026-01-17T14:36:21Z,38.522671,18.468667
EVT0002,EVT0002-FC02,48.0,2,2026-01-17T14:36:21Z,38.737007,18.281589
EVT0002,EVT0002-FC02,48.0,2,2026-01-17T14:36:21Z,38.230952,18.50309
EVT0002,EVT0002-FC02,48.0,2,2026-01-17T14:36:21Z,38.762121,18.148997
EVT0002,EVT0002-FC02,48.0,2,2026-01-17T14:36:21Z,39.115901,18.957382
EVT0002,EVT0002-FC02,48.0,2,2026-01-17T14:36:21Z,38.976106,18.708512
EVT0002,EVT0002-FC02,48.0,2,2026-01-17T14:36:21Z,38.349633,18.934527
EVT0002,EVT0002-FC02,48.0,2,2026-01-17T14:36:21Z,38.521095,19.209917
EVT0002,EVT0002-FC02,48.0,2,2026-01-17T14:36:21Z,38.211367,18.778133
EVT0002,EVT0002-FC02,48.0,2,2026-01-17T14:36:21Z,39.058312,18.634234
EVT0002,EVT0002-FC02,48.0,2,2026-01-17T14:36:21Z,38.777517,18.306701
EVT0002,EVT0002-FC02,48.0,2,2026-01-17T14:36:21Z,38.226245,18.782532
EVT0002,EVT0002-FC02,48.0,2,2026-01-17T14:36:21Z,38.692373,18.464751
EVT0002,EVT0002-FC02,48.0,2,2026-01-17T14:36:21Z,38.899169,18.99822
EVT0002,EVT0002-FC02,48.0,2,2026-01-17T14:36:21Z,39.286548,19.033885
EVT0002,EVT0002-FC02,48.0,2,2026-01-17T14:36:21Z,38.692822,18.387571
EVT0002,EVT0002-FC02,48.0,2,2026-01-17T14:36:21Z,38.757794,18.125747
EVT0002,EVT0002-FC02,48.0,2,2026-01-17T14:36:21Z,38.975531,18.722368
EVT0002,EVT0002-FC02,48.0,2,2026-01-17T14:36:21Z,38.625872,19.295955
EVT0002,EVT0002-FC02,48.0,2,2026-01-17T14:36:21Z,39.074945,18.732167
EVT0002,EVT0002-FC02,48.0,2,2026-01-17T14:36:21Z,39.116457,18.583087
EVT0002,EVT0002-FC02,48.0,2,2026-01-17T14:36:21Z,39.165052,18.674321
EVT0002,EVT0002-FC02,48.0,2,2026-01-17T14:36:21Z,38.744111,18.839652
EVT0002,EVT0002-FC02,48.0,2,2026-01-17T14:36:21Z,39.022283,18.634058
EVT0002,EVT0002-FC02,48.0,2,2026-01-17T14:36:21Z,38.843774,18.182692
EVT0002,EVT0002-FC02,48.0,2,2026-01-17T14:36:21Z,38.920755,18.840202
EVT0002,EVT0002-FC02,48.0,2,2026-01-17T14:36:21Z,38.577141,18.141825
EVT0002,EVT0002-FC02,48.0,2,2026-01-17T14:36:21Z,38.168803,18.406518
EVT0002,EVT0002-FC02,48.0,2,2026-01-17T14:36:21Z,38.839101,18.676269
EVT0002,EVT0002-FC02,48.0,2,2026-01-17T14:36:21Z,38.237431,18.577104
EVT0002,EVT0002-FC02,48.0,2,2026-01-17T14:36:21Z,38.119528,18.761036
EVT0002,EVT0002-FC02,48.0,2,2026-01-17T14:36:21Z,38.637982,19.074191
EVT0002,EVT0002-FC02,48.0,2,2026-01-17T14:36:21Z,38.314819,17.838117
EVT0002,EVT0002-FC02,48.0,2,2026-01-17T14:36:21Z,39.037279,18.82604
EVT0002,EVT0002-FC02,48.0,2,2026-01-17T14:36:21Z,39.013483,18.658305
EVT0002,EVT0002-FC02,48.0,2,2026-01-17T14:36:21Z,38.451472,18.404159
EVT0002,EVT0002-FC02,48.0,2,2026-01-17T14:36:21Z,38.832095,18.914121
EVT0002,EVT0002-FC02,48.0,2,2026-01-17T14:36:21Z,38.83782,18.372469
EVT0002,EVT0002-FC02,48.0,2,2026-01-17T14:36:21Z,38.443646,17.889192
EVT0002,EVT0002-FC02,48.0,2,2026-01-17T14:36:21Z,39.021163,18.922762
EVT0002,EVT0002-FC02,72.0,2,2026-01-18T14:36:21Z,39.06264,18.81617
EVT0002,EVT0002-FC02,72.0,2,2026-01-18T14:36:21Z,38.922195,19.027925
EVT0002,EVT0002-FC02,72.0,2,2026-01-18T14:36:21Z,39.359516,17.931142
EVT0002,EVT0002-FC02,72.0,2,2026-01-18T14:36:21Z,38.256147,18.639091
EVT0002,EVT0002-FC02,72.0,2,2026-01-18T14:36:21Z,38.063951,17.958314
EVT0002,EVT0002-FC02,72.0,2,2026-01-18T14:36:21Z,38.413688,19.468907
EVT0002,EVT0002-FC02,72.0,2,2026-01-18T14:36:21Z,38.678461,18.071268
EVT0002,EVT0002-FC02,72.0,2,2026-01-18T14:36:21Z,38.702647,18.257112
EVT0002,EVT0002-FC02,72.0,2,2026-01-18T14:36:21Z,39.717233,18.404695
EVT0002,EVT0002-FC02,72.0,2,2026-01-18T14:36:21Z,37.984495,18.495192
EVT0002,EVT0002-FC02,72.0,2,2026-01-18T14:36:21Z,37.952469,19.316008
EVT0002,EVT0002-FC02,72.0,2,2026-01-18T14:36:21Z,39.34541,19.370408
EVT0002,EVT0002-FC02,72.0,2,2026-01-18T14:36:21Z,39.254377,17.744174
EVT0002,EVT0002-FC02,72.0,2,2026-01-18T14:36:21Z,39.151623,18.08774
EVT0002,EVT0002-FC02,72.0,2,2026-01-18T14:36:21Z,38.796978,18.424937
EVT0002,EVT0002-FC02,72.0,2,2026-01-18T14:36:21Z,39.550834,19.413181
EVT0002,EVT0002-FC02,72.0,2,2026-01-18T14:36:21Z,38.775791,18.643156
EVT0002,EVT0002-FC02,72.0,2,2026-01-18T14:36:21Z,39.700296,19.640758
EVT0002,EVT0002-FC02,72.0,2,2026-01-18T14:36:21Z,38.848164,18.073141
EVT0002,EVT0002-FC02,72.0,2,2026-01-18T14:36:21Z,38.115106,18.615522
EVT0002,EVT0002-FC02,72.0,2,2026-01-18T14:36:21Z,38.22455,18.566427
EVT0002,EVT0002-FC02,72.0,2,2026-01-18T14:36:21Z,39.019131,17.610076
EVT0002,EVT0002-FC02,72.0,2,2026-01-18T14:36:21Z,39.2541,19.098085
EVT0002,EVT0002-FC02,72.0,2,2026-01-18T14:36:21Z,38.928808,18.168437
EVT0002,EVT0002-FC02,72.0,2,2026-01-18T14:36:21Z,38.841097,18.362738
EVT0002,EVT0002-FC02,72.0,2,2026-01-18T14:36:21Z,38.49403,19.259172
EVT0002,EVT0002-FC02,72.0,2,2026-01-18T14:36:21Z,39.576176,18.229513
EVT0002,EVT0002-FC02,72.0,2,2026-01-18T14:36:21Z,39.195016,17.951455
EVT0002,EVT0002-FC02,72.0,2,2026-01-18T14:36:21Z,38.975172,18.168273
EVT0002,EVT0002-FC02,72.0,2,2026-01-18T14:36:21Z,38.028318,18.4718
EVT0002,EVT0002-FC02,72.0,2,2026-01-18T14:36:21Z,38.150495,18.265695
EVT0002,EVT0002-FC02,72.0,2,2026-01-18T14:36:21Z,38.98099,18.687038
EVT0002,EVT0002-FC02,72.0,2,2026-01-18T14:36:21Z,38.713699,19.235259
EVT0002,EVT0002-FC02,72.0,2,2026-01-18T14:36:21Z,39.10171,18.817886
EVT0002,EVT0002-FC02,72.0,2,2026-01-18T14:36:21Z,38.17172,19.576303
EVT0002,EVT0002-FC02,72.0,2,2026-01-18T14:36:21Z,38.952263,18.582032
EVT0002,EVT0002-FC02,72.0,2,2026-01-18T14:36:21Z,38.449091,19.189411
EVT0002,EVT0002-FC02,72.0,2,2026-01-18T14:36:21Z,39.184193,18.973463
EVT0002,EVT0002-FC02,72.0,2,2026-01-18T14:36:21Z,38.951861,18.141168
EVT0002,EVT0002-FC02,72.0,2,2026-01-18T14:36:21Z,38.650588,18.152344
EVT0002,EVT0002-FC02,12.0,3,2026-01-16T02:36:21Z,38.413212,18.613267
EVT0002,EVT0002-FC02,12.0,3,2026-01-16T02:36:21Z,38.459142,18.285529
EVT0002,EVT0002-FC02,12.0,3,2026-01-16T02:36:21Z,37.936327,18.450468
EVT0002,EVT0002-FC02,12.0,3,2026-01-16T02:36:21Z,38.07908,18.445105
EVT0002,EVT0002-FC02,12.0,3,2026-01-16T02:36:21Z,38.158612,18.541086
EVT0002,EVT0002-FC02,12.0,3,2026-01-16T02:36:21Z,38.757055,18.289641
EVT0002,EVT0002-FC02,12.0,3,2026-01-16T02:36:21Z,38.550506,18.502721
EVT0002,EVT0002-FC02,12.0,3,2026-01-16T02:36:21Z,38.577922,18.526824
EVT0002,EVT0002-FC02,12.0,3,2026-01-16T02:36:21Z,38.549289,18.463256
EVT0002,EVT0002-FC02,12.0,3,2026-01-16T02:36:21Z,38.502952,18.484947
EVT0002,EVT0002-FC02,12.0,3,2026-01-16T02:36:21Z,38.446896,18.23058
EVT0002,EVT0002-FC02,12.0,3,2026-01-16T02:36:21Z,38.449789,18.354973
EVT0002,EVT0002-FC02,12.0,3,2026-01-16T02:36:21Z,38.464606,18.578133
EVT0002,EVT0002-FC02,12.0,3,2026-01-16T02:36:21Z,38.21151,18.05376
EVT0002,EVT0002-FC02,12.0,3,2026-01-16T02:36:21Z,38.727874,18.268609
EVT0002,EVT0002-FC02,12.0,3,2026-01-16T02:36:21Z,38.39616,18.457293
EVT0002,EVT0002-FC02,12.0,3,2026-01-16T02:36:21Z,38.578935,18.547724
EVT0002,EVT0002-FC02,12.0,3,2026-01-16T02:36:21Z,38.731551,18.383256
EVT0002,EVT0002-FC02,12.0,3,2026-01-16T02:36:21Z,38.793372,18.779661
EVT0002,EVT0002-FC02,12.0,3,2026-01-16T02:36:21Z,38.352852,18.507139
EVT0002,EVT0002-FC02,12.0,3,2026-01-16T02:36:21Z,38.600214,18.557072
EVT0002,EVT0002-FC02,12.0,3,2026-01-16T02:36:21Z,38.594277,18.777092
EVT0002,EVT0002-FC02,12.0,3,2026-01-16T02:36:21Z,38.584144,18.3406
EVT0002,EVT0002-FC02,12.0,3,2026-01-16T02:36:21Z,38.254011,18.394156
EVT0002,EVT0002-FC02,12.0,3,2026-01-16T02:36:21Z,39.058006,18.542126
EVT0002,EVT0002-FC02,12.0,3,2026-01-16T02:36:21Z,38.667612,18.469989
EVT0002,EVT0002-FC02,12.0,3,2026-01-16T02:36:21Z,38.540306,18.365312
EVT0002,EVT0002-FC02,12.0,3,2026-01-16T02:36:21Z,37.744214,18.293174
EVT0002,EVT0002-FC02,12.0,3,2026-01-16T02:36:21Z,38.455789,18.344254
EVT0002,EVT0002-FC02,12.0,3,2026-01-16T02:36:21Z,38.638512,18.599479
EVT0002,EVT0002-FC02,12.0,3,2026-01-16T02:36:21Z,38.83261,18.382914
EVT0002,EVT0002-FC02,12.0,3,2026-01-16T02:36:21Z,38.791605,18.27271
EVT0002,EVT0002-FC02,12.0,3,2026-01-16T02:36:21Z,38.555267,18.432332
EVT0002,EVT0002-FC02,12.0,3,2026-01-16T02:36:21Z,38.375203,18.194575
EVT0002,EVT0002-FC02,12.0,3,2026-01-16T02:36:21Z,38.63513,18.381951
EVT0002,EVT0002-FC02,12.0,3,2026-01-16T02:36:21Z,38.793537,18.675222
EVT0002,EVT0002-FC02,12.0,3,2026-01-16T02:36:21Z,38.420315,18.281453
EVT0002,EVT0002-FC02,12.0,3,2026-01-16T02:36:21Z,38.47244,18.341795
EVT0002,EVT0002-FC02,12.0,3,2026-01-16T02:36:21Z,38.148214,18.014527
EVT0002,EVT0002-FC02,12.0,3,2026-01-16T02:36:21Z,38.178829,18.501397
EVT0002,EVT0002-FC02,24.0,3,2026-01-16T14:36:21Z,38.498018,18.344353
EVT0002,EVT0002-FC02,24.0,3,2026-01-16T14:36:21Z,38.56567,18.633419
EVT0002,EVT0002-FC02,24.0,3,2026-01-16T14:36:21Z,38.424306,17.985741
EVT0002,EVT0002-FC02,24.0,3,2026-01-16T14:36:21Z,38.762037,18.75105
EVT0002,EVT0002-FC02,24.0,3,2026-01-16T14:36:21Z,38.919797,19.203643
EVT0002,EVT0002-FC02,24.0,3,2026-01-16T14:36:21Z,38.651417,18.514967
EVT0002,EVT0002-FC02,24.0,3,2026-01-16T14:36:21Z,38.412192,18.687736
EVT0002,EVT0002-FC02,24.0,3,2026-01-16T14:36:21Z,38.58945,18.763568
EVT0002,EVT0002-FC02,24.0,3,2026-01-16T14:36:21Z,38.818217,18.77191
EVT0002,EVT0002-FC02,24.0,3,2026-01-16T14:36:21Z,38.479083,18.541287
EVT0002,EVT0002-FC02,24.0,3,2026-01-16T14:36:21Z,38.468439,18.349441
EVT0002,EVT0002-FC02,24.0,3,2026-01-16T14:36:21Z,38.507857,18.704713
EVT0002,EVT0002-FC02,24.0,3,2026-01-16T14:36:21Z,38.542525,18.450972
EVT0002,EVT0002-FC02,24.0,3,2026-01-16T14:36:21Z,38.443091,18.334563
EVT0002,EVT0002-FC02,24.0,3,2026-01-16T14:36:21Z,38.816475,18.78274
EVT0002,EVT0002-FC02,24.0,3,2026-01-16T14:36:21Z,38.615578,18.643345
EVT0002,EVT0002-FC02,24.0,3,2026-01-16T14:36:21Z,38.322597,18.225171
EVT0002,EVT0002-FC02,24.0,3,2026-01-16T14:36:21Z,38.774799,18.744081
EVT0002,EVT0002-FC02,24.0,3,2026-01-16T14:36:21Z,38.152422,18.492659
EVT0002,EVT0002-FC02,24.0,3,2026-01-16T14:36:21Z,38.460702,18.137103
EVT0002,EVT0002-FC02,24.0,3,2026-01-16T14:36:21Z,38.387498,18.14553
EVT0002,EVT0002-FC02,24.0,3,2026-01-16T14:36:21Z,38.13698,18.584375
EVT0002,EVT0002-FC02,24.0,3,2026-01-16T14:36:21Z,38.475744,18.191398
EVT0002,EVT0002-FC02,24.0,3,2026-01-16T14:36:21Z,38.555298,18.287703
EVT0002,EVT0002-FC02,24.0,3,2026-01-16T14:36:21Z,38.665377,18.291925
EVT0002,EVT0002-FC02,24.0,3,2026-01-16T14:36:21Z,38.513163,18.240714
EVT0002,EVT0002-FC02,24.0,3,2026-01-16T14:36:21Z,38.611689,18.380578
EVT0002,EVT0002-FC02,24.0,3,2026-01-16T14:36:21Z,38.514853,18.282198
EVT0002,EVT0002-FC02,24.0,3,2026-01-16T14:36:21Z,38.599546,18.08459
EVT0002,EVT0002-FC02,24.0,3,2026-01-16T14:36:21Z,38.585635,18.234253
EVT0002,EVT0002-FC02,24.0,3,2026-01-16T14:36:21Z,38.563893,18.549048
EVT0002,EVT0002-FC02,24.0,3,2026-01-16T14:36:21Z,38.621105,18.642329
EVT0002,EVT0002-FC02,24.0,3,2026-01-16T14:36:21Z,37.884148,18.029051
EVT0002,EVT0002-FC02,24.0,3,2026-01-16T14:36:21Z,38.759607,18.602895
EVT0002,EVT0002-FC02,24.0,3,2026-01-16T14:36:21Z,38.522613,18.446688
EVT0002,EVT0002-FC02,24.0,3,2026-01-16T14:36:21Z,38.670818,18.265658
EVT0002,EVT0002-FC02,24.0,3,2026-01-16T14:36:21Z,38.450891,18.777318
EVT0002,EVT0002-FC02,24.0,3,2026-01-16T14:36:21Z,38.497369,18.425497
EVT0002,EVT0002-FC02,24.0,3,2026-01-16T14:36:21Z,38.335861,18.482535
EVT0002,EVT0002-FC02,24.0,3,2026-01-16T14:36:21Z,38.837078,17.95811
EVT0002,EVT0002-FC02,48.0,3,2026-01-17T14:36:21Z,37.935646,18.647082
EVT0002,EVT0002-FC02,48.0,3,2026-01-17T14:36:21Z,39.41543,18.590508
EVT0002,EVT0002-FC02,48.0,3,2026-01-17T14:36:21Z,39.143212,18.622019
EVT0002,EVT0002-FC02,48.0,3,2026-01-17T14:36:21Z,38.885047,18.719331
EVT0002,EVT0002-FC02,48.0,3,2026-01-17T14:36:21Z,37.828749,18.256885
EVT0002,EVT0002-FC02,48.0,3,2026-01-17T14:36:21Z,38.153526,18.640861
EVT0002,EVT0002-FC02,48.0,3,2026-01-17T14:36:21Z,38.552908,18.003189
EVT0002,EVT0002-FC02,48.0,3,2026-01-17T14:36:21Z,39.161055,17.798406
EVT0002,EVT0002-FC02,48.0,3,2026-01-17T14:36:21Z,38.251962,18.541373
EVT0002,EVT0002-FC02,48.0,3,2026-01-17T14:36:21Z,38.905876,18.369862
EVT0002,EVT0002-FC02,48.0,3,2026-01-17T14:36:21Z,38.370054,18.982777
EVT0002,EVT0002-FC02,48.0,3,2026-01-17T14:36:21Z,39.182457,17.880586
EVT0002,EVT0002-FC02,48.0,3,2026-01-17T14:36:21Z,38.35508,18.705868
EVT0002,EVT0002-FC02,48.0,3,2026-01-17T14:36:21Z,38.129347,18.454843
EVT0002,EVT0002-FC02,48.0,3,2026-01-17T14:36:21Z,39.139461,18.852621
EVT0002,EVT0002-FC02,48.0,3,2026-01-17T14:36:21Z,38.719005,18.014759
EVT0002,EVT0002-FC02,48.0,3,2026-01-17T14:36:21Z,38.634239,18.089318
EVT0002,EVT0002-FC02,48.0,3,2026-01-17T14:36:21Z,38.2336,18.753628
EVT0002,EVT0002-FC02,48.0,3,2026-01-17T14:36:21Z,39.126089,19.005719
EVT0002,EVT0002-FC02,48.0,3,2026-01-17T14:36:21Z,38.358485,18.995134
EVT0002,EVT0002-FC02,48.0,3,2026-01-17T14:36:21Z,38.104304,18.726869
EVT0002,EVT0002-FC02,48.0,3,2026-01-17T14:36:21Z,37.871587,18.186676
EVT0002,EVT0002-FC02,48.0,3,2026-01-17T14:36:21Z,38.460252,19.135672
EVT0002,EVT0002-FC02,48.0,3,2026-01-17T14:36:21Z,38.947334,18.802443
EVT0002,EVT0002-FC02,48.0,3,2026-01-17T14:36:21Z,38.568934,18.462429
EVT0002,EVT0002-FC02,48.0,3,2026-01-17T14:36:21Z,38.395741,17.728787
EVT0002,EVT0002-FC02,48.0,3,2026-01-17T14:36:21Z,38.777953,18.588907
EVT0002,EVT0002-FC02,48.0,3,2026-01-17T14:36:21Z,39.00967,18.756239
EVT0002,EVT0002-FC02,48.0,3,2026-01-17T14:36:21Z,38.686206,18.974448
EVT0002,EVT0002-FC02,48.0,3,2026-01-17T14:36:21Z,39.10186,18.713664
EVT0002,EVT0002-FC02,48.0,3,2026-01-17T14:36:21Z,39.458206,18.864939
EVT0002,EVT0002-FC02,48.0,3,2026-01-17T14:36:21Z,38.837204,18.538608
EVT0002,EVT0002-FC02,48.0,3,2026-01-17T14:36:21Z,39.62264,18.711268
EVT0002,EVT0002-FC02,48.0,3,2026-01-17T14:36:21Z,38.201787,18.713777
EVT0002,EVT0002-FC02,48.0,3,2026-01-17T14:36:21Z,38.959644,18.620427
EVT0002,EVT0002-FC02,48.0,3,2026-01-17T14:36:21Z,39.082909,18.809583
EVT0002,EVT0002-FC02,48.0,3,2026-01-17T14:36:21Z,38.734883,18.309704
EVT0002,EVT0002-FC02,48.0,3,2026-01-17T14:36:21Z,38.650006,18.408129
EVT0002,EVT0002-FC02,48.0,3,2026-01-17T14:36:21Z,39.209785,18.935123
EVT0002,EVT0002-FC02,48.0,3,2026-01-17T14:36:21Z,38.394665,18.980142
EVT0002,EVT0002-FC02,72.0,3,2026-01-18T14:36:21Z,39.325766,19.520346
EVT0002,EVT0002-FC02,72.0,3,2026-01-18T14:36:21Z,38.080608,19.299254
EVT0002,EVT0002-FC02,72.0,3,2026-01-18T14:36:21Z,39.110536,18.741396
EVT0002,EVT0002-FC02,72.0,3,2026-01-18T14:36:21Z,38.892426,19.024049
EVT0002,EVT0002-FC02,72.0,3,2026-01-18T14:36:21Z,38.907522,18.476209
EVT0002,EVT0002-FC02,72.0,3,2026-01-18T14:36:21Z,39.09157,20.26665
EVT0002,EVT0002-FC02,72.0,3,2026-01-18T14:36:21Z,38.149874,19.093947
EVT0002,EVT0002-FC02,72.0,3,2026-01-18T14:36:21Z,38.631945,19.031901
EVT0002,EVT0002-FC02,72.0,3,2026-01-18T14:36:21Z,39.038847,18.795213
EVT0002,EVT0002-FC02,72.0,3,2026-01-18T14:36:21Z,39.173623,18.884009
EVT0002,EVT0002-FC02,72.0,3,2026-01-18T14:36:21Z,38.434649,18.485352
EVT0002,EVT0002-FC02,72.0,3,2026-01-18T14:36:21Z,39.331839,19.369324
EVT0002,EVT0002-FC02,72.0,3,2026-01-18T14:36:21Z,38.502912,18.923542
EVT0002,EVT0002-FC02,72.0,3,2026-01-18T14:36:21Z,39.606809,18.628802
EVT0002,EVT0002-FC02,72.0,3,2026-01-18T14:36:21Z,39.756118,19.645769
EVT0002,EVT0002-FC02,72.0,3,2026-01-18T14:36:21Z,39.343384,18.087534
EVT0002,EVT0002-FC02,72.0,3,2026-01-18T14:36:21Z,39.341396,18.008063
EVT0002,EVT0002-FC02,72.0,3,2026-01-18T14:36:21Z,38.77729,18.344161
EVT0002,EVT0002-FC02,72.0,3,2026-01-18T14:36:21Z,38.247347,18.808267
EVT0002,EVT0002-FC02,72.0,3,2026-01-18T14:36:21Z,38.899792,18.601312
EVT0002,EVT0002-FC02,72.0,3,2026-01-18T14:36:21Z,38.674545,18.435433
EVT0002,EVT0002-FC02,72.0,3,2026-01-18T14:36:21Z,38.160496,18.616688
EVT0002,EVT0002-FC02,72.0,3,2026-01-18T14:36:21Z,38.476873,18.442162
EVT0002,EVT0002-FC02,72.0,3,2026-01-18T14:36:21Z,39.418701,18.110783
EVT0002,EVT0002-FC02,72.0,3,2026-01-18T14:36:21Z,38.898598,18.907624
EVT0002,EVT0002-FC02,72.0,3,2026-01-18T14:36:21Z,39.165487,19.010313
EVT0002,EVT0002-FC02,72.0,3,2026-01-18T14:36:21Z,39.463564,18.211829
EVT0002,EVT0002-FC02,72.0,3,2026-01-18T14:36:21Z,38.63769,18.989302
EVT0002,EVT0002-FC02,72.0,3,2026-01-18T14:36:21Z,38.324478,19.528992
EVT0002,EVT0002-FC02,72.0,3,2026-01-18T14:36:21Z,38.476077,18.80069
EVT0002,EVT0002-FC02,72.0,3,2026-01-18T14:36:21Z,38.33351,18.656653
EVT0002,EVT0002-FC02,72.0,3,2026-01-18T14:36:21Z,38.416802,18.553929
EVT0002,EVT0002-FC02,72.0,3,2026-01-18T14:36:21Z,39.033329,17.689416
EVT0002,EVT0002-FC02,72.0,3,2026-01-18T14:36:21Z,37.826914,17.428126
EVT0002,EVT0002-FC02,72.0,3,2026-01-18T14:36:21Z,39.200361,19.231754
EVT0002,EVT0002-FC02,72.0,3,2026-01-18T14:36:21Z,38.1454,18.292107
EVT0002,EVT0002-FC02,72.0,3,2026-01-18T14:36:21Z,39.253411,17.549664
EVT0002,EVT0002-FC02,72.0,3,2026-01-18T14:36:21Z,39.077186,18.619164
EVT0002,EVT0002-FC02,72.0,3,2026-01-18T14:36:21Z,38.619833,17.642108
EVT0002,EVT0002-FC02,72.0,3,2026-01-18T14:36:21Z,39.271221,18.186632
EVT0002,EVT0002-FC02,12.0,4,2026-01-16T02:36:21Z,38.637268,18.530611
EVT0002,EVT0002-FC02,12.0,4,2026-01-16T02:36:21Z,38.719176,18.530456
EVT0002,EVT0002-FC02,12.0,4,2026-01-16T02:36:21Z,38.773059,18.212972
EVT0002,EVT0002-FC02,12.0,4,2026-01-16T02:36:21Z,38.491448,18.694439
EVT0002,EVT0002-FC02,12.0,4,2026-01-16T02:36:21Z,38.311007,18.031869
EVT0002,EVT0002-FC02,12.0,4,2026-01-16T02:36:21Z,38.341278,18.220444
EVT0002,EVT0002-FC02,12.0,4,2026-01-16T02:36:21Z,38.578614,18.838766
EVT0002,EVT0002-FC02,12.0,4,2026-01-16T02:36:21Z,38.480423,18.269925
EVT0002,EVT0002-FC02,12.0,4,2026-01-16T02:36:21Z,38.557021,18.147997
EVT0002,EVT0002-FC02,12.0,4,2026-01-16T02:36:21Z,38.661435,18.193991
EVT0002,EVT0002-FC02,12.0,4,2026-01-16T02:36:21Z,38.474171,18.701684
EVT0002,EVT0002-FC02,12.0,4,2026-01-16T02:36:21Z,38.679562,18.420653
EVT0002,EVT0002-FC02,12.0,4,2026-01-16T02:36:21Z,38.622947,18.094637
EVT0002,EVT0002-FC02,12.0,4,2026-01-16T02:36:21Z,38.691465,18.38775
EVT0002,EVT0002-FC02,12.0,4,2026-01-16T02:36:21Z,38.415617,18.35631
EVT0002,EVT0002-FC02,12.0,4,2026-01-16T02:36:21Z,38.525842,18.515648
EVT0002,EVT0002-FC02,12.0,4,2026-01-16T02:36:21Z,38.721181,18.5837
EVT0002,EVT0002-FC02,12.0,4,2026-01-16T02:36:21Z,38.100776,18.251169
EVT0002,EVT0002-FC02,12.0,4,2026-01-16T02:36:21Z,38.211542,18.341635
EVT0002,EVT0002-FC02,12.0,4,2026-01-16T02:36:21Z,38.541302,18.274068
EVT0002,EVT0002-FC02,12.0,4,2026-01-16T02:36:21Z,38.540847,18.570627
EVT0002,EVT0002-FC02,12.0,4,2026-01-16T02:36:21Z,38.485591,18.470755
EVT0002,EVT0002-FC02,12.0,4,2026-01-16T02:36:21Z,38.667034,18.650901
EVT0002,EVT0002-FC02,12.0,4,2026-01-16T02:36:21Z,38.114829,18.044771
EVT0002,EVT0002-FC02,12.0,4,2026-01-16T02:36:21Z,38.746891,18.699223
EVT0002,EVT0002-FC02,12.0,4,2026-01-16T02:36:21Z,38.599214,18.195875
EVT0002,EVT0002-FC02,12.0,4,2026-01-16T02:36:21Z,38.800695,18.291012
EVT0002,EVT0002-FC02,12.0,4,2026-01-16T02:36:21Z,38.608349,18.627488
EVT0002,EVT0002-FC02,12.0,4,2026-01-16T02:36:21Z,38.24755,18.45675
EVT0002,EVT0002-FC02,12.0,4,2026-01-16T02:36:21Z,39.074177,18.843103
EVT0002,EVT0002-FC02,12.0,4,2026-01-16T02:36:21Z,38.611059,18.308148
EVT0002,EVT0002-FC02,12.0,4,2026-01-16T02:36:21Z,38.515868,18.371521
EVT0002,EVT0002-FC02,12.0,4,2026-01-16T02:36:21Z,38.520475,18.488671
EVT0002,EVT0002-FC02,12.0,4,2026-01-16T02:36:21Z,38.363471,18.355513
EVT0002,EVT0002-FC02,12.0,4,2026-01-16T02:36:21Z,38.476474,18.583894
EVT0002,EVT0002-FC02,12.0,4,2026-01-16T02:36:21Z,38.618785,18.424944
EVT0002,EVT0002-FC02,12.0,4,2026-01-16T02:36:21Z,38.467773,18.501049
EVT0002,EVT0002-FC02,12.0,4,2026-01-16T02:36:21Z,38.359984,18.346496
EVT0002,EVT0002-FC02,12.0,4,2026-01-16T02:36:21Z,38.636039,18.652086
EVT0002,EVT0002-FC02,12.0,4,2026-01-16T02:36:21Z,38.784402,18.906749
EVT0002,EVT0002-FC02,24.0,4,2026-01-16T14:36:21Z,38.64406,18.389871
EVT0002,EVT0002-FC02,24.0,4,2026-01-16T14:36:21Z,38.507181,18.231473
EVT0002,EVT0002-FC02,24.0,4,2026-01-16T14:36:21Z,38.581522,18.498707
EVT0002,EVT0002-FC02,24.0,4,2026-01-16T14:36:21Z,38.445819,18.582954
EVT0002,EVT0002-FC02,24.0,4,2026-01-16T14:36:21Z,38.403029,18.707959
EVT0002,EVT0002-FC02,24.0,4,2026-01-16T14:36:21Z,38.536164,18.524429
EVT0002,EVT0002-FC02,24.0,4,2026-01-16T14:36:21Z,38.783917,18.528711
EVT0002,EVT0002-FC02,24.0,4,2026-01-16T14:36:21Z,38.385786,17.900072
EVT0002,EVT0002-FC02,24.0,4,2026-01-16T14:36:21Z,38.517625,18.481181
EVT0002,EVT0002-FC02,24.0,4,2026-01-16T14:36:21Z,38.515882,18.467412
EVT0002,EVT0002-FC02,24.0,4,2026-01-16T14:36:21Z,38.649267,17.94962
EVT0002,EVT0002-FC02,24.0,4,2026-01-16T14:36:21Z,38.643367,18.285082
EVT0002,EVT0002-FC02,24.0,4,2026-01-16T14:36:21Z,38.705688,18.791178
EVT0002,EVT0002-FC02,24.0,4,2026-01-16T14:36:21Z,38.834454,18.168629
EVT0002,EVT0002-FC02,24.0,4,2026-01-16T14:36:21Z,38.586731,18.443396
EVT0002,EVT0002-FC02,24.0,4,2026-01-16T14:36:21Z,38.380992,18.130819
EVT0002,EVT0002-FC02,24.0,4,2026-01-16T14:36:21Z,38.985723,18.08939
EVT0002,EVT0002-FC02,24.0,4,2026-01-16T14:36:21Z,38.518512,18.373261
EVT0002,EVT0002-FC02,24.0,4,2026-01-16T14:36:21Z,38.618514,18.425746
EVT0002,EVT0002-FC02,24.0,4,2026-01-16T14:36:21Z,38.700973,18.458046
EVT0002,EVT0002-FC02,24.0,4,2026-01-16T14:36:21Z,38.489064,18.220468
EVT0002,EVT0002-FC02,24.0,4,2026-01-16T14:36:21Z,38.578491,18.478462
EVT0002,EVT0002-FC02,24.0,4,2026-01-16T14:36:21Z,38.577611,18.779422
EVT0002,EVT0002-FC02,24.0,4,2026-01-16T14:36:21Z,38.728456,18.581362
EVT0002,EVT0002-FC02,24.0,4,2026-01-16T14:36:21Z,38.764078,18.865149
EVT0002,EVT0002-FC02,24.0,4,2026-01-16T14:36:21Z,38.668639,18.454731
EVT0002,EVT0002-FC02,24.0,4,2026-01-16T14:36:21Z,38.567628,18.234431
EVT0002,EVT0002-FC02,24.0,4,2026-01-16T14:36:21Z,38.547629,18.571087
EVT0002,EVT0002-FC02,24.0,4,2026-01-16T14:36:21Z,38.325414,18.603796
EVT0002,EVT0002-FC02,24.0,4,2026-01-16T14:36:21Z,38.66114,18.664381
EVT0002,EVT0002-FC02,24.0,4,2026-01-16T14:36:21Z,38.811754,18.863833
EVT0002,EVT0002-FC02,24.0,4,2026-01-16T14:36:21Z,38.157836,18.346856
EVT0002,EVT0002-FC02,24.0,4,2026-01-16T14:36:21Z,38.212454,18.47875
EVT0002,EVT0002-FC02,24.0,4,2026-01-16T14:36:21Z,38.434214,18.143434
EVT0002,EVT0002-FC02,24.0,4,2026-01-16T14:36:21Z,38.684198,18.187049
EVT0002,EVT0002-FC02,24.0,4,2026-01-16T14:36:21Z,38.337988,18.258975
EVT0002,EVT0002-FC02,24.0,4,2026-01-16T14:36:21Z,38.543275,18.204133
EVT0002,EVT0002-FC02,24.0,4,2026-01-16T14:36:21Z,38.558419,18.665133
EVT0002,EVT0002-FC02,24.0,4,2026-01-16T14:36:21Z,38.893842,18.398435
EVT0002,EVT0002-FC02,24.0,4,2026-01-16T14:36:21Z,38.782912,18.907499
EVT0002,EVT0002-FC02,48.0,4,2026-01-17T14:36:21Z,38.280879,18.561645
EVT0002,EVT0002-FC02,48.0,4,2026-01-17T14:36:21Z,38.865857,18.468803
EVT0002,EVT0002-FC02,48.0,4,2026-01-17T14:36:21Z,38.310795,18.755064
EVT0002,EVT0002-FC02,48.0,4,2026-01-17T14:36:21Z,38.32892,18.707708
EVT0002,EVT0002-FC02,48.0,4,2026-01-17T14:36:21Z,38.548608,18.153507
EVT0002,EVT0002-FC02,48.0,4,2026-01-17T14:36:21Z,38.838772,18.292402
EVT0002,EVT0002-FC02,48.0,4,2026-01-17T14:36:21Z,38.648843,18.161845
EVT0002,EVT0002-FC02,48.0,4,2026-01-17T14:36:21Z,38.267596,18.741973
EVT0002,EVT0002-FC02,48.0,4,2026-01-17T14:36:21Z,39.842246,17.56914
EVT0002,EVT0002-FC02,48.0,4,2026-01-17T14:36:21Z,38.896168,18.043412
EVT0002,EVT0002-FC02,48.0,4,2026-01-17T14:36:21Z,39.024003,19.382351
EVT0002,EVT0002-FC02,48.0,4,2026-01-17T14:36:21Z,38.42184,18.407262
EVT0002,EVT0002-FC02,48.0,4,2026-01-17T14:36:21Z,38.824339,18.690296
EVT0002,EVT0002-FC02,48.0,4,2026-01-17T14:36:21Z,38.740849,18.323128
EVT0002,EVT0002-FC02,48.0,4,2026-01-17T14:36:21Z,38.423927,18.554235
EVT0002,EVT0002-FC02,48.0,4,2026-01-17T14:36:21Z,38.197609,17.928062
EVT0002,EVT0002-FC02,48.0,4,2026-01-17T14:36:21Z,39.27679,17.754057
EVT0002,EVT0002-FC02,48.0,4,2026-01-17T14:36:21Z,38.536767,19.233752
EVT0002,EVT0002-FC02,48.0,4,2026-01-17T14:36:21Z,38.911996,18.053613
EVT0002,EVT0002-FC02,48.0,4,2026-01-17T14:36:21Z,38.95253,18.579062
EVT0002,EVT0002-FC02,48.0,4,2026-01-17T14:36:21Z,38.310287,19.086209
EVT0002,EVT0002-FC02,48.0,4,2026-01-17T14:36:21Z,38.834119,18.361696
EVT0002,EVT0002-FC02,48.0,4,2026-01-17T14:36:21Z,38.804501,18.706172
EVT0002,EVT0002-FC02,48.0,4,2026-01-17T14:36:21Z,38.547655,18.734614
EVT0002,EVT0002-FC02,48.0,4,2026-01-17T14:36:21Z,38.525274,17.876996
EVT0002,EVT0002-FC02,48.0,4,2026-01-17T14:36:21Z,38.971516,18.920513
EVT0002,EVT0002-FC02,48.0,4,2026-01-17T14:36:21Z,39.185034,19.376195
EVT0002,EVT0002-FC02,48.0,4,2026-01-17T14:36:21Z,38.364879,18.87109
EVT0002,EVT0002-FC02,48.0,4,2026-01-17T14:36:21Z,38.579386,18.996221
EVT0002,EVT0002-FC02,48.0,4,2026-01-17T14:36:21Z,38.856327,18.315096
EVT0002,EVT0002-FC02,48.0,4,2026-01-17T14:36:21Z,38.145769,18.479648
EVT0002,EVT0002-FC02,48.0,4,2026-01-17T14:36:21Z,38.776069,18.241688
EVT0002,EVT0002-FC02,48.0,4,2026-01-17T14:36:21Z,38.724783,18.702897
EVT0002,EVT0002-FC02,48.0,4,2026-01-17T14:36:21Z,38.44321,19.135448
EVT0002,EVT0002-FC02,48.0,4,2026-01-17T14:36:21Z,38.631039,18.211371
EVT0002,EVT0002-FC02,48.0,4,2026-01-17T14:36:21Z,38.456119,18.214506
EVT0002,EVT0002-FC02,48.0,4,2026-01-17T14:36:21Z,38.073082,18.500962
EVT0002,EVT0002-FC02,48.0,4,2026-01-17T14:36:21Z,38.184063,18.451968
EVT0002,EVT0002-FC02,48.0,4,2026-01-17T14:36:21Z,38.573952,19.289495
EVT0002,EVT0002-FC02,48.0,4,2026-01-17T14:36:21Z,38.870506,18.64506
EVT0002,EVT0002-FC02,72.0,4,2026-01-18T14:36:21Z,38.686174,19.171359
EVT0002,EVT0002-FC02,72.0,4,2026-01-18T14:36:21Z,38.992238,18.021767
EVT0002,EVT0002-FC02,72.0,4,2026-01-18T14:36:21Z,39.057938,17.742925
EVT0002,EVT0002-FC02,72.0,4,2026-01-18T14:36:21Z,37.898694,18.259026
EVT0002,EVT0002-FC02,72.0,4,2026-01-18T14:36:21Z,37.510355,18.531117
EVT0002,EVT0002-FC02,72.0,4,2026-01-18T14:36:21Z,38.63709,18.46782
EVT0002,EVT0002-FC02,72.0,4,2026-01-18T14:36:21Z,39.382032,18.1706
EVT0002,EVT0002-FC02,72.0,4,2026-01-18T14:36:21Z,38.755384,17.816602
EVT0002,EVT0002-FC02,72.0,4,2026-01-18T14:36:21Z,38.363646,17.896245
EVT0002,EVT0002-FC02,72.0,4,2026-01-18T14:36:21Z,38.173049,19.020568
EVT0002,EVT0002-FC02,72.0,4,2026-01-18T14:36:21Z,38.80642,18.442962
EVT0002,EVT0002-FC02,72.0,4,2026-01-18T14:36:21Z,37.800633,19.016656
EVT0002,EVT0002-FC02,72.0,4,2026-01-18T14:36:21Z,39.152734,18.710266
EVT0002,EVT0002-FC02,72.0,4,2026-01-18T14:36:21Z,39.627814,18.403124
EVT0002,EVT0002-FC02,72.0,4,2026-01-18T14:36:21Z,38.939572,18.376204
EVT0002,EVT0002-FC02,72.0,4,2026-01-18T14:36:21Z,39.361758,19.506621
EVT0002,EVT0002-FC02,72.0,4,2026-01-18T14:36:21Z,38.785433,18.192342
EVT0002,EVT0002-FC02,72.0,4,2026-01-18T14:36:21Z,39.476387,19.495669
EVT0002,EVT0002-FC02,72.0,4,2026-01-18T14:36:21Z,39.032005,17.537182
EVT0002,EVT0002-FC02,72.0,4,2026-01-18T14:36:21Z,38.992702,18.136729
EVT0002,EVT0002-FC02,72.0,4,2026-01-18T14:36:21Z,38.228521,18.638408
EVT0002,EVT0002-FC02,72.0,4,2026-01-18T14:36:21Z,38.722775,18.267227
EVT0002,EVT0002-FC02,72.0,4,2026-01-18T14:36:21Z,38.868596,18.358834
EVT0002,EVT0002-FC02,72.0,4,2026-01-18T14:36:21Z,39.049052,18.767525
EVT0002,EVT0002-FC02,72.0,4,2026-01-18T14:36:21Z,38.458118,19.234962
EVT0002,EVT0002-FC02,72.0,4,2026-01-18T14:36:21Z,38.548761,17.975619
EVT0002,EVT0002-FC02,72.0,4,2026-01-18T14:36:21Z,39.033973,18.322526
EVT0002,EVT0002-FC02,72.0,4,2026-01-18T14:36:21Z,38.39734,18.852624
EVT0002,EVT0002-FC02,72.0,4,2026-01-18T14:36:21Z,39.084744,18.903173
EVT0002,EVT0002-FC02,72.0,4,2026-01-18T14:36:21Z,39.582889,18.470071
EVT0002,EVT0002-FC02,72.0,4,2026-01-18T14:36:21Z,38.434932,19.176008
EVT0002,EVT0002-FC02,72.0,4,2026-01-18T14:36:21Z,38.608688,17.604099
EVT0002,EVT0002-FC02,72.0,4,2026-01-18T14:36:21Z,39.336512,18.019285
EVT0002,EVT0002-FC02,72.0,4,2026-01-18T14:36:21Z,39.329507,19.166066
EVT0002,EVT0002-FC02,72.0,4,2026-01-18T14:36:21Z,39.337392,17.9505
EVT0002,EVT0002-FC02,72.0,4,2026-01-18T14:36:21Z,38.448663,19.293634
EVT0002,EVT0002-FC02,72.0,4,2026-01-18T14:36:21Z,38.198771,19.207701
EVT0002,EVT0002-FC02,72.0,4,2026-01-18T14:36:21Z,38.52527,17.873612
EVT0002,EVT0002-FC02,72.0,4,2026-01-18T14:36:21Z,37.963164,18.897329
EVT0002,EVT0002-FC02,72.0,4,2026-01-18T14:36:21Z,39.047815,18.951444
EVT0002,EVT0002-FC02,12.0,5,2026-01-16T02:36:21Z,38.818819,18.285386
EVT0002,EVT0002-FC02,12.0,5,2026-01-16T02:36:21Z,38.772994,18.329141
EVT0002,EVT0002-FC02,12.0,5,2026-01-16T02:36:21Z,38.885888,18.761298
EVT0002,EVT0002-FC02,12.0,5,2026-01-16T02:36:21Z,38.770047,18.258496
EVT0002,EVT0002-FC02,12.0,5,2026-01-16T02:36:21Z,38.535054,18.689633
EVT0002,EVT0002-FC02,12.0,5,2026-01-16T02:36:21Z,38.215452,18.237562
EVT0002,EVT0002-FC02,12.0,5,2026-01-16T02:36:21Z,38.493064,18.428205
EVT0002,EVT0002-FC02,12.0,5,2026-01-16T02:36:21Z,38.681881,18.816636
EVT0002,EVT0002-FC02,12.0,5,2026-01-16T02:36:21Z,38.655893,18.507845
EVT0002,EVT0002-FC02,12.0,5,2026-01-16T02:36:21Z,38.430864,18.321473
EVT0002,EVT0002-FC02,12.0,5,2026-01-16T02:36:21Z,38.779198,18.779196
EVT0002,EVT0002-FC02,12.0,5,2026-01-16T02:36:21Z,38.567037,18.666305
EVT0002,EVT0002-FC02,12.0,5,2026-01-16T02:36:21Z,38.811195,18.413635
EVT0002,EVT0002-FC02,12.0,5,2026-01-16T02:36:21Z,38.750655,18.56981
EVT0002,EVT0002-FC02,12.0,5,2026-01-16T02:36:21Z,38.463978,18.331806
EVT0002,EVT0002-FC02,12.0,5,2026-01-16T02:36:21Z,38.815273,18.411889
EVT0002,EVT0002-FC02,12.0,5,2026-01-16T02:36:21Z,38.552994,18.417956
EVT0002,EVT0002-FC02,12.0,5,2026-01-16T02:36:21Z,38.742334,18.407231
EVT0002,EVT0002-FC02,12.0,5,2026-01-16T02:36:21Z,38.520216,18.453124
EVT0002,EVT0002-FC02,12.0,5,2026-01-16T02:36:21Z,38.62997,18.525627
EVT0002,EVT0002-FC02,12.0,5,2026-01-16T02:36:21Z,38.592585,18.320491
EVT0002,EVT0002-FC02,12.0,5,2026-01-16T02:36:21Z,38.698563,18.284356
EVT0002,EVT0002-FC02,12.0,5,2026-01-16T02:36:21Z,38.440179,18.39188
EVT0002,EVT0002-FC02,12.0,5,2026-01-16T02:36:21Z,38.655586,18.504689
EVT0002,EVT0002-FC02,12.0,5,2026-01-16T02:36:21Z,38.433892,18.186177
EVT0002,EVT0002-FC02,12.0,5,2026-01-16T02:36:21Z,38.585805,18.41148
EVT0002,EVT0002-FC02,12.0,5,2026-01-16T02:36:21Z,38.55862,18.532105
EVT0002,EVT0002-FC02,12.0,5,2026-01-16T02:36:21Z,38.554526,18.433319
EVT0002,EVT0002-FC02,12.0,5,2026-01-16T02:36:21Z,38.580963,18.748589
EVT0002,EVT0002-FC02,12.0,5,2026-01-16T02:36:21Z,38.616527,18.303595
EVT0002,EVT0002-FC02,12.0,5,2026-01-16T02:36:21Z,38.636201,18.232653
EVT0002,EVT0002-FC02,12.0,5,2026-01-16T02:36:21Z,38.598101,18.42099
EVT0002,EVT0002-FC02,12.0,5,2026-01-16T02:36:21Z,38.77207,18.517754
EVT0002,EVT0002-FC02,12.0,5,2026-01-16T02:36:21Z,38.4604,18.285165
EVT0002,EVT0002-FC02,12.0,5,2026-01-16T02:36:21Z,38.5473,18.469774
EVT0002,EVT0002-FC02,12.0,5,2026-01-16T02:36:21Z,38.373837,18.431948
EVT0002,EVT0002-FC02,12.0,5,2026-01-16T02:36:21Z,38.551561,18.689167
EVT0002,EVT0002-FC02,12.0,5,2026-01-16T02:36:21Z,38.709278,18.361091
EVT0002,EVT0002-FC02,12.0,5,2026-01-16T02:36:21Z,37.945283,18.091779
EVT0002,EVT0002-FC02,12.0,5,2026-01-16T02:36:21Z,38.538647,18.217447
EVT0002,EVT0002-FC02,24.0,5,2026-01-16T14:36:21Z,38.443764,18.341067
EVT0002,EVT0002-FC02,24.0,5,2026-01-16T14:36:21Z,38.695717,18.238453
EVT0002,EVT0002-FC02,24.0,5,2026-01-16T14:36:21Z,38.77496,18.229867
EVT0002,EVT0002-FC02,24.0,5,2026-01-16T14:36:21Z,38.954111,18.128458
EVT0002,EVT0002-FC02,24.0,5,2026-01-16T14:36:21Z,38.176848,18.245007
EVT0002,EVT0002-FC02,24.0,5,2026-01-16T14:36:21Z,38.562267,18.474734
EVT0002,EVT0002-FC02,24.0,5,2026-01-16T14:36:21Z,38.860859,18.721361
EVT0002,EVT0002-FC02,24.0,5,2026-01-16T14:36:21Z,38.569941,18.680277
EVT0002,EVT0002-FC02,24.0,5,2026-01-16T14:36:21Z,38.209756,18.286177
EVT0002,EVT0002-FC02,24.0,5,2026-01-16T14:36:21Z,38.761626,18.929433
EVT0002,EVT0002-FC02,24.0,5,2026-01-16T14:36:21Z,38.452913,18.241266
EVT0002,EVT0002-FC02,24.0,5,2026-01-16T14:36:21Z,38.543186,18.496389
EVT0002,EVT0002-FC02,24.0,5,2026-01-16T14:36:21Z,38.604831,18.684135
EVT0002,EVT0002-FC02,24.0,5,2026-01-16T14:36:21Z,38.18993,18.416703
EVT0002,EVT0002-FC02,24.0,5,2026-01-16T14:36:21Z,38.632877,18.794791
EVT0002,EVT0002-FC02,24.0,5,2026-01-16T14:36:21Z,38.5661,18.683179
EVT0002,EVT0002-FC02,24.0,5,2026-01-16T14:36:21Z,38.525614,18.333112
EVT0002,EVT0002-FC02,24.0,5,2026-01-16T14:36:21Z,38.469223,18.338496
EVT0002,EVT0002-FC02,24.0,5,2026-01-16T14:36:21Z,38.910597,18.497025
EVT0002,EVT0002-FC02,24.0,5,2026-01-16T14:36:21Z,38.666122,18.455488
EVT0002,EVT0002-FC02,24.0,5,2026-01-16T14:36:21Z,38.245376,17.980569
EVT0002,EVT0002-FC02,24.0,5,2026-01-16T14:36:21Z,38.533162,18.637052
EVT0002,EVT0002-FC02,24.0,5,2026-01-16T14:36:21Z,38.598519,18.417609
EVT0002,EVT0002-FC02,24.0,5,2026-01-16T14:36:21Z,38.839023,18.303371
EVT0002,EVT0002-FC02,24.0,5,2026-01-16T14:36:21Z,38.60896,18.788426
EVT0002,EVT0002-FC02,24.0,5,2026-01-16T14:36:21Z,38.802543,18.112859
EVT0002,EVT0002-FC02,24.0,5,2026-01-16T14:36:21Z,38.417379,18.564793
EVT0002,EVT0002-FC02,24.0,5,2026-01-16T14:36:21Z,38.765854,18.160007
EVT0002,EVT0002-FC02,24.0,5,2026-01-16T14:36:21Z,38.589047,18.815934
EVT0002,EVT0002-FC02,24.0,5,2026-01-16T14:36:21Z,38.47864,18.616219
EVT0002,EVT0002-FC02,24.0,5,2026-01-16T14:36:21Z,38.976695,18.244168
EVT0002,EVT0002-FC02,24.0,5,2026-01-16T14:36:21Z,38.538617,18.27152
EVT0002,EVT0002-FC02,24.0,5,2026-01-16T14:36:21Z,38.411367,18.199822
EVT0002,EVT0002-FC02,24.0,5,2026-01-16T14:36:21Z,38.465846,18.501935
EVT0002,EVT0002-FC02,24.0,5,2026-01-16T14:36:21Z,38.757912,18.741984
EVT0002,EVT0002-FC02,24.0,5,2026-01-16T14:36:21Z,38.801689,18.278203
EVT0002,EVT0002-FC02,24.0,5,2026-01-16T14:36:21Z,38.817291,18.88683
EVT0002,EVT0002-FC02,24.0,5,2026-01-16T14:36:21Z,38.448508,18.724494
EVT0002,EVT0002-FC02,24.0,5,2026-01-16T14:36:21Z,38.630214,18.813923
EVT0002,EVT0002-FC02,24.0,5,2026-01-16T14:36:21Z,38.475245,18.711031
EVT0002,EVT0002-FC02,48.0,5,2026-01-17T14:36:21Z,39.308962,17.721545
EVT0002,EVT0002-FC02,48.0,5,2026-01-17T14:36:21Z,38.544166,19.332317
EVT0002,EVT0002-FC02,48.0,5,2026-01-17T14:36:21Z,38.352578,19.055419
EVT0002,EVT0002-FC02,48.0,5,2026-01-17T14:36:21Z,38.955351,18.829589
EVT0002,EVT0002-FC02,48.0,5,2026-01-17T14:36:21Z,38.21604,18.874368
EVT0002,EVT0002-FC02,48.0,5,2026-01-17T14:36:21Z,38.722649,18.863865
EVT0002,EVT0002-FC02,48.0,5,2026-01-17T14:36:21Z,39.273281,19.382273
EVT0002,EVT0002-FC02,48.0,5,2026-01-17T14:36:21Z,38.617218,18.434496
EVT0002,EVT0002-FC02,48.0,5,2026-01-17T14:36:21Z,38.777929,18.381607
EVT0002,EVT0002-FC02,48.0,5,2026-01-17T14:36:21Z,38.929199,18.94939
EVT0002,EVT0002-FC02,48.0,5,2026-01-17T14:36:21Z,39.072068,18.826358
EVT0002,EVT0002-FC02,48.0,5,2026-01-17T14:36:21Z,38.847466,18.391581
EVT0002,EVT0002-FC02,48.0,5,2026-01-17T14:36:21Z,38.954184,18.799843
EVT0002,EVT0002-FC02,48.0,5,2026-01-17T14:36:21Z,38.574448,18.614888
EVT0002,EVT0002-FC02,48.0,5,2026-01-17T14:36:21Z,38.699906,18.255421
EVT0002,EVT0002-FC02,48.0,5,2026-01-17T14:36:21Z,39.00509,18.545728
EVT0002,EVT0002-FC02,48.0,5,2026-01-17T14:36:21Z,39.038232,18.657551
EVT0002,EVT0002-FC02,48.0,5,2026-01-17T14:36:21Z,39.102481,18.748546
EVT0002,EVT0002-FC02,48.0,5,2026-01-17T14:36:21Z,38.933366,18.849287
EVT0002,EVT0002-FC02,48.0,5,2026-01-17T14:36:21Z,38.861771,18.872232
EVT0002,EVT0002-FC02,48.0,5,2026-01-17T14:36:21Z,38.83406,18.373557
EVT0002,EVT0002-FC02,48.0,5,2026-01-17T14:36:21Z,39.049402,18.797292
EVT0002,EVT0002-FC02,48.0,5,2026-01-17T14:36:21Z,38.727145,17.995108
EVT0002,EVT0002-FC02,48.0,5,2026-01-17T14:36:21Z,38.867137,18.107672
EVT0002,EVT0002-FC02,48.0,5,2026-01-17T14:36:21Z,38.749427,18.361208
EVT0002,EVT0002-FC02,48.0,5,2026-01-17T14:36:21Z,38.870324,18.640302
EVT0002,EVT0002-FC02,48.0,5,2026-01-17T14:36:21Z,38.498028,19.527963
EVT0002,EVT0002-FC02,48.0,5,2026-01-17T14:36:21Z,38.940972,18.636402
EVT0002,EVT0002-FC02,48.0,5,2026-01-17T14:36:21Z,38.4722,18.412638
EVT0002,EVT0002-FC02,48.0,5,2026-01-17T14:36:21Z,38.837999,18.77027
EVT0002,EVT0002-FC02,48.0,5,2026-01-17T14:36:21Z,39.058148,17.72217
EVT0002,EVT0002-FC02,48.0,5,2026-01-17T14:36:21Z,38.804593,18.324103
EVT0002,EVT0002-FC02,48.0,5,2026-01-17T14:36:21Z,39.422726,17.636518
EVT0002,EVT0002-FC02,48.0,5,2026-01-17T14:36:21Z,38.986299,18.585495
EVT0002,EVT0002-FC02,48.0,5,2026-01-17T14:36:21Z,38.816054,18.62261
EVT0002,EVT0002-FC02,48.0,5,2026-01-17T14:36:21Z,38.034969,18.323645
EVT0002,EVT0002-FC02,48.0,5,2026-01-17T14:36:21Z,38.700775,18.918794
EVT0002,EVT0002-FC02,48.0,5,2026-01-17T14:36:21Z,38.245843,18.825379
EVT0002,EVT0002-FC02,48.0,5,2026-01-17T14:36:21Z,37.94916,18.272195
EVT0002,EVT0002-FC02,48.0,5,2026-01-17T14:36:21Z,38.371518,18.401525
EVT0002,EVT0002-FC02,72.0,5,2026-01-18T14:36:21Z,38.804171,19.593943
EVT0002,EVT0002-FC02,72.0,5,2026-01-18T14:36:21Z,38.417543,18.422225
EVT0002,EVT0002-FC02,72.0,5,2026-01-18T14:36:21Z,38.88223,18.480567
EVT0002,EVT0002-FC02,72.0,5,2026-01-18T14:36:21Z,38.45045,19.257502
EVT0002,EVT0002-FC02,72.0,5,2026-01-18T14:36:21Z,39.34198,19.117009
EVT0002,EVT0002-FC02,72.0,5,2026-01-18T14:36:21Z,38.793429,18.42355
EVT0002,EVT0002-FC02,72.0,5,2026-01-18T14:36:21Z,38.450498,19.09951
EVT0002,EVT0002-FC02,72.0,5,2026-01-18T14:36:21Z,38.382598,17.749793
EVT0002,EVT0002-FC02,72.0,5,2026-01-18T14:36:21Z,38.350064,18.954593
EVT0002,EVT0002-FC02,72.0,5,2026-01-18T14:36:21Z,39.299129,19.222245
EVT0002,EVT0002-FC02,72.0,5,2026-01-18T14:36:21Z,39.232655,17.806386
EVT0002,EVT0002-FC02,72.0,5,2026-01-18T14:36:21Z,38.771569,18.100876
EVT0002,EVT0002-FC02,72.0,5,2026-01-18T14:36:21Z,39.128167,18.814248
EVT0002,EVT0002-FC02,72.0,5,2026-01-18T14:36:21Z,39.183841,18.793726
EVT0002,EVT0002-FC02,72.0,5,2026-01-18T14:36:21Z,39.346012,19.243814
EVT0002,EVT0002-FC02,72.0,5,2026-01-18T14:36:21Z,39.175529,19.036032
EVT0002,EVT0002-FC02,72.0,5,2026-01-18T14:36:21Z,38.821779,17.250304
EVT0002,EVT0002-FC02,72.0,5,2026-01-18T14:36:21Z,38.970238,18.704539
EVT0002,EVT0002-FC02,72.0,5,2026-01-18T14:36:21Z,39.147814,18.816498
EVT0002,EVT0002-FC02,72.0,5,2026-01-18T14:36:21Z,38.794138,19.074564
EVT0002,EVT0002-FC02,72.0,5,2026-01-18T14:36:21Z,38.916857,17.862331
EVT0002,EVT0002-FC02,72.0,5,2026-01-18T14:36:21Z,38.284288,19.057114
EVT0002,EVT0002-FC02,72.0,5,2026-01-18T14:36:21Z,39.745891,18.50315
EVT0002,EVT0002-FC02,72.0,5,2026-01-18T14:36:21Z,39.282613,18.624553
EVT0002,EVT0002-FC02,72.0,5,2026-01-18T14:36:21Z,38.613355,19.339349
EVT0002,EVT0002-FC02,72.0,5,2026-01-18T14:36:21Z,38.994544,18.978379
EVT0002,EVT0002-FC02,72.0,5,2026-01-18T14:36:21Z,38.954072,18.690563
EVT0002,EVT0002-FC02,72.0,5,2026-01-18T14:36:21Z,38.406562,18.656464
EVT0002,EVT0002-FC02,72.0,5,2026-01-18T14:36:21Z,39.063486,18.446997
EVT0002,EVT0002-FC02,72.0,5,2026-01-18T14:36:21Z,39.437848,17.967228
EVT0002,EVT0002-FC02,72.0,5,2026-01-18T14:36:21Z,38.365095,18.694586
EVT0002,EVT0002-FC02,72.0,5,2026-01-18T14:36:21Z,39.473667,18.453104
EVT0002,EVT0002-FC02,72.0,5,2026-01-18T14:36:21Z,38.600115,19.297965
EVT0002,EVT0002-FC02,72.0,5,2026-01-18T14:36:21Z,39.063687,18.20777
EVT0002,EVT0002-FC02,72.0,5,2026-01-18T14:36:21Z,39.173558,19.029184
EVT0002,EVT0002-FC02,72.0,5,2026-01-18T14:36:21Z,39.668394,20.181584
EVT0002,EVT0002-FC02,72.0,5,2026-01-18T14:36:21Z,39.524362,17.786765
EVT0002,EVT0002-FC02,72.0,5,2026-01-18T14:36:21Z,39.408523,19.73087
EVT0002,EVT0002-FC02,72.0,5,2026-01-18T14:36:21Z,38.697853,19.538938
EVT0002,EVT0002-FC02,72.0,5,2026-01-18T14:36:21Z,39.381056,19.334994
EVT0002,EVT0002-FC02,12.0,6,2026-01-16T02:36:21Z,38.502408,18.380021
EVT0002,EVT0002-FC02,12.0,6,2026-01-16T02:36:21Z,38.532506,18.538312
EVT0002,EVT0002-FC02,12.0,6,2026-01-16T02:36:21Z,38.563604,18.355731
EVT0002,EVT0002-FC02,12.0,6,2026-01-16T02:36:21Z,38.315791,18.377695
EVT0002,EVT0002-FC02,12.0,6,2026-01-16T02:36:21Z,38.503383,18.744603
EVT0002,EVT0002-FC02,12.0,6,2026-01-16T02:36:21Z,38.757032,18.848952
EVT0002,EVT0002-FC02,12.0,6,2026-01-16T02:36:21Z,38.414019,18.365391
EVT0002,EVT0002-FC02,12.0,6,2026-01-16T02:36:21Z,38.715363,18.36507
EVT0002,EVT0002-FC02,12.0,6,2026-01-16T02:36:21Z,38.545476,18.58712
EVT0002,EVT0002-FC02,12.0,6,2026-01-16T02:36:21Z,38.569531,18.435012
EVT0002,EVT0002-FC02,12.0,6,2026-01-16T02:36:21Z,38.686288,18.357935
EVT0002,EVT0002-FC02,12.0,6,2026-01-16T02:36:21Z,38.471963,18.279234
EVT0002,EVT0002-FC02,12.0,6,2026-01-16T02:36:21Z,38.580861,18.516227
EVT0002,EVT0002-FC02,12.0,6,2026-01-16T02:36:21Z,38.492205,18.487468
EVT0002,EVT0002-FC02,12.0,6,2026-01-16T02:36:21Z,38.462208,18.300169
EVT0002,EVT0002-FC02,12.0,6,2026-01-16T02:36:21Z,38.263257,18.374113
EVT0002,EVT0002-FC02,12.0,6,2026-01-16T02:36:21Z,38.621607,18.304594
EVT0002,EVT0002-FC02,12.0,6,2026-01-16T02:36:21Z,38.542826,18.646405
EVT0002,EVT0002-FC02,12.0,6,2026-01-16T02:36:21Z,38.521074,18.746386
EVT0002,EVT0002-FC02,12.0,6,2026-01-16T02:36:21Z,38.649877,18.424486
EVT0002,EVT0002-FC02,12.0,6,2026-01-16T02:36:21Z,38.369669,18.60403
EVT0002,EVT0002-FC02,12.0,6,2026-01-16T02:36:21Z,38.508059,18.478488
EVT0002,EVT0002-FC02,12.0,6,2026-01-16T02:36:21Z,38.721867,18.324507
EVT0002,EVT0002-FC02,12.0,6,2026-01-16T02:36:21Z,38.487157,18.281492
EVT0002,EVT0002-FC02,12.0,6,2026-01-16T02:36:21Z,38.614407,18.674286
EVT0002,EVT0002-FC02,12.0,6,2026-01-16T02:36:21Z,38.628275,18.477511
EVT0002,EVT0002-FC02,12.0,6,2026-01-16T02:36:21Z,38.517137,18.327332
EVT0002,EVT0002-FC02,12.0,6,2026-01-16T02:36:21Z,38.275664,17.974765
EVT0002,EVT0002-FC02,12.0,6,2026-01-16T02:36:21Z,38.560536,18.653723
EVT0002,EVT0002-FC02,12.0,6,2026-01-16T02:36:21Z,38.50106,18.333086
EVT0002,EVT0002-FC02,12.0,6,2026-01-16T02:36:21Z,38.178167,18.788528
EVT0002,EVT0002-FC02,12.0,6,2026-01-16T02:36:21Z,38.630688,18.579455
EVT0002,EVT0002-FC02,12.0,6,2026-01-16T02:36:21Z,38.599562,18.417097
EVT0002,EVT0002-FC02,12.0,6,2026-01-16T02:36:21Z,38.528481,18.3083
EVT0002,EVT0002-FC02,12.0,6,2026-01-16T02:36:21Z,38.105743,18.115902
EVT0002,EVT0002-FC02,12.0,6,2026-01-16T02:36:21Z,38.507473,18.430301
EVT0002,EVT0002-FC02,12.0,6,2026-01-16T02:36:21Z,38.11015,18.580174
EVT0002,EVT0002-FC02,12.0,6,2026-01-16T02:36:21Z,38.657477,18.162273
EVT0002,EVT0002-FC02,12.0,6,2026-01-16T02:36:21Z,38.307321,18.376051
EVT0002,EVT0002-FC02,12.0,6,2026-01-16T02:36:21Z,38.624853,18.388325
EVT0002,EVT0002-FC02,24.0,6,2026-01-16T14:36:21Z,38.69557,18.089841
EVT0002,EVT0002-FC02,24.0,6,2026-01-16T14:36:21Z,38.384879,18.214233
EVT0002,EVT0002-FC02,24.0,6,2026-01-16T14:36:21Z,38.961549,17.83006
EVT0002,EVT0002-FC02,24.0,6,2026-01-16T14:36:21Z,38.591806,18.520948
EVT0002,EVT0002-FC02,24.0,6,2026-01-16T14:36:21Z,38.56421,18.421025
EVT0002,EVT0002-FC02,24.0,6,2026-01-16T14:36:21Z,38.306699,18.189297
EVT0002,EVT0002-FC02,24.0,6,2026-01-16T14:36:21Z,38.754657,18.375392
EVT0002,EVT0002-FC02,24.0,6,2026-01-16T14:36:21Z,38.548563,18.653916
EVT0002,EVT0002-FC02,24.0,6,2026-01-16T14:36:21Z,38.48905,18.679164
EVT0002,EVT0002-FC02,24.0,6,2026-01-16T14:36:21Z,38.597111,18.468609
EVT0002,EVT0002-FC02,24.0,6,2026-01-16T14:36:21Z,38.102741,18.944154
EVT0002,EVT0002-FC02,24.0,6,2026-01-16T14:36:21Z,38.405829,17.702576
EVT0002,EVT0002-FC02,24.0,6,2026-01-16T14:36:21Z,38.567583,18.735958
EVT0002,EVT0002-FC02,24.0,6,2026-01-16T14:36:21Z,38.539042,18.349456
EVT0002,EVT0002-FC02,24.0,6,2026-01-16T14:36:21Z,38.510478,18.627958
EVT0002,EVT0002-FC02,24.0,6,2026-01-16T14:36:21Z,38.692213,18.431008
EVT0002,EVT0002-FC02,24.0,6,2026-01-16T14:36:21Z,38.740211,18.334862
EVT0002,EVT0002-FC02,24.0,6,2026-01-16T14:36:21Z,38.610542,18.122441
EVT0002,EVT0002-FC02,24.0,6,2026-01-16T14:36:21Z,38.523241,18.261055
EVT0002,EVT0002-FC02,24.0,6,2026-01-16T14:36:21Z,38.003987,18.245895
EVT0002,EVT0002-FC02,24.0,6,2026-01-16T14:36:21Z,38.607629,18.224763
EVT0002,EVT0002-FC02,24.0,6,2026-01-16T14:36:21Z,38.421109,18.585085
EVT0002,EVT0002-FC02,24.0,6,2026-01-16T14:36:21Z,38.352258,18.448898
EVT0002,EVT0002-FC02,24.0,6,2026-01-16T14:36:21Z,38.586279,18.876448
EVT0002,EVT0002-FC02,24.0,6,2026-01-16T14:36:21Z,38.333897,18.492226
EVT0002,EVT0002-FC02,24.0,6,2026-01-16T14:36:21Z,38.555459,18.260141
EVT0002,EVT0002-FC02,24.0,6,2026-01-16T14:36:21Z,38.228693,18.889264
EVT0002,EVT0002-FC02,24.0,6,2026-01-16T14:36:21Z,38.622463,18.313595
EVT0002,EVT0002-FC02,24.0,6,2026-01-16T14:36:21Z,38.641999,18.513064
EVT0002,EVT0002-FC02,24.0,6,2026-01-16T14:36:21Z,38.379243,18.488098
EVT0002,EVT0002-FC02,24.0,6,2026-01-16T14:36:21Z,38.696378,18.641825
EVT0002,EVT0002-FC02,24.0,6,2026-01-16T14:36:21Z,38.450782,18.497182
EVT0002,EVT0002-FC02,24.0,6,2026-01-16T14:36:21Z,38.439517,18.576788
EVT0002,EVT0002-FC02,24.0,6,2026-01-16T14:36:21Z,38.771315,18.434002
EVT0002,EVT0002-FC02,24.0,6,2026-01-16T14:36:21Z,38.277707,18.310418
EVT0002,EVT0002-FC02,24.0,6,2026-01-16T14:36:21Z,38.743267,18.170702
EVT0002,EVT0002-FC02,24.0,6,2026-01-16T14:36:21Z,38.512224,18.507022
EVT0002,EVT0002-FC02,24.0,6,2026-01-16T14:36:21Z,38.508129,17.941241
EVT0002,EVT0002-FC02,24.0,6,2026-01-16T14:36:21Z,38.608708,18.352524
EVT0002,EVT0002-FC02,24.0,6,2026-01-16T14:36:21Z,38.57688,18.634866
EVT0002,EVT0002-FC02,48.0,6,2026-01-17T14:36:21Z,39.05195,18.797541
EVT0002,EVT0002-FC02,48.0,6,2026-01-17T14:36:21Z,38.348475,18.637079
EVT0002,EVT0002-FC02,48.0,6,2026-01-17T14:36:21Z,38.518978,18.924726
EVT0002,EVT0002-FC02,48.0,6,2026-01-17T14:36:21Z,38.259362,18.820234
EVT0002,EVT0002-FC02,48.0,6,2026-01-17T14:36:21Z,38.270344,18.902142
EVT0002,EVT0002-FC02,48.0,6,2026-01-17T14:36:21Z,39.22823,18.690349
EVT0002,EVT0002-FC02,48.0,6,2026-01-17T14:36:21Z,38.602069,18.167779
EVT0002,EVT0002-FC02,48.0,6,2026-01-17T14:36:21Z,38.888308,18.631685
EVT0002,EVT0002-FC02,48.0,6,2026-01-17T14:36:21Z,38.746569,18.856804
EVT0002,EVT0002-FC02,48.0,6,2026-01-17T14:36:21Z,38.737178,18.847581
EVT0002,EVT0002-FC02,48.0,6,2026-01-17T14:36:21Z,38.322269,18.441182
EVT0002,EVT0002-FC02,48.0,6,2026-01-17T14:36:21Z,38.435151,19.133315
EVT0002,EVT0002-FC02,48.0,6,2026-01-17T14:36:21Z,38.872481,18.678735
EVT0002,EVT0002-FC02,48.0,6,2026-01-17T14:36:21Z,39.048894,18.915034
EVT0002,EVT0002-FC02,48.0,6,2026-01-17T14:36:21Z,38.335193,17.866108
EVT0002,EVT0002-FC02,48.0,6,2026-01-17T14:36:21Z,38.72954,18.600106
EVT0002,EVT0002-FC02,48.0,6,2026-01-17T14:36:21Z,39.071106,18.335404
EVT0002,EVT0002-FC02,48.0,6,2026-01-17T14:36:21Z,38.79581,18.381283
EVT0002,EVT0002-FC02,48.0,6,2026-01-17T14:36:21Z,38.638948,18.365178
EVT0002,EVT0002-FC02,48.0,6,2026-01-17T14:36:21Z,38.855896,17.781191
EVT0002,EVT0002-FC02,48.0,6,2026-01-17T14:36:21Z,38.428481,19.041568
EVT0002,EVT0002-FC02,48.0,6,2026-01-17T14:36:21Z,38.568268,18.190312
EVT0002,EVT0002-FC02,48.0,6,2026-01-17T14:36:21Z,39.046011,18.826299
EVT0002,EVT0002-FC02,48.0,6,2026-01-17T14:36:21Z,38.969821,19.009357
EVT0002,EVT0002-FC02,48.0,6,2026-01-17T14:36:21Z,38.891427,18.706407
EVT0002,EVT0002-FC02,48.0,6,2026-01-17T14:36:21Z,39.220962,18.054565
EVT0002,EVT0002-FC02,48.0,6,2026-01-17T14:36:21Z,38.20049,18.833923
EVT0002,EVT0002-FC02,48.0,6,2026-01-17T14:36:21Z,38.571637,18.57824
EVT0002,EVT0002-FC02,48.0,6,2026-01-17T14:36:21Z,38.460684,18.07098
EVT0002,EVT0002-FC02,48.0,6,2026-01-17T14:36:21Z,38.724638,18.342207
EVT0002,EVT0002-FC02,48.0,6,2026-01-17T14:36:21Z,38.385555,19.139783
EVT0002,EVT0002-FC02,48.0,6,2026-01-17T14:36:21Z,38.833921,18.309428
EVT0002,EVT0002-FC02,48.0,6,2026-01-17T14:36:21Z,38.000717,18.586583
EVT0002,EVT0002-FC02,48.0,6,2026-01-17T14:36:21Z,38.300828,18.36801
EVT0002,EVT0002-FC02,48.0,6,2026-01-17T14:36:21Z,39.160774,18.748898
EVT0002,EVT0002-FC02,48.0,6,2026-01-17T14:36:21Z,38.326541,17.384775
EVT0002,EVT0002-FC02,48.0,6,2026-01-17T14:36:21Z,39.170033,18.549345
EVT0002,EVT0002-FC02,48.0,6,2026-01-17T14:36:21Z,38.632655,18.668997
EVT0002,EVT0002-FC02,48.0,6,2026-01-17T14:36:21Z,38.968634,18.958859
EVT0002,EVT0002-FC02,48.0,6,2026-01-17T14:36:21Z,38.535724,18.256551
EVT0002,EVT0002-FC02,72.0,6,2026-01-18T14:36:21Z,38.482544,19.128907
EVT0002,EVT0002-FC02,72.0,6,2026-01-18T14:36:21Z,39.042362,17.520678
EVT0002,EVT0002-FC02,72.0,6,2026-01-18T14:36:21Z,38.265335,19.518754
EVT0002,EVT0002-FC02,72.0,6,2026-01-18T14:36:21Z,38.36002,19.358314
EVT0002,EVT0002-FC02,72.0,6,2026-01-18T14:36:21Z,38.633459,19.249051
EVT0002,EVT0002-FC02,72.0,6,2026-01-18T14:36:21Z,38.992323,19.079226
EVT0002,EVT0002-FC02,72.0,6,2026-01-18T14:36:21Z,38.829342,18.060794
EVT0002,EVT0002-FC02,72.0,6,2026-01-18T14:36:21Z,38.819697,18.147543
EVT0002,EVT0002-FC02,72.0,6,2026-01-18T14:36:21Z,38.075449,19.101853
EVT0002,EVT0002-FC02,72.0,6,2026-01-18T14:36:21Z,39.272358,18.116397
EVT0002,EVT0002-FC02,72.0,6,2026-01-18T14:36:21Z,39.088766,19.032542
EVT0002,EVT0002-FC02,72.0,6,2026-01-18T14:36:21Z,38.236036,17.780598
EVT0002,EVT0002-FC02,72.0,6,2026-01-18T14:36:21Z,38.54225,18.905563
EVT0002,EVT0002-FC02,72.0,6,2026-01-18T14:36:21Z,38.447134,19.258822
EVT0002,EVT0002-FC02,72.0,6,2026-01-18T14:36:21Z,39.321513,19.258836
EVT0002,EVT0002-FC02,72.0,6,2026-01-18T14:36:21Z,38.591754,19.712104
EVT0002,EVT0002-FC02,72.0,6,2026-01-18T14:36:21Z,38.936085,18.987341
EVT0002,EVT0002-FC02,72.0,6,2026-01-18T14:36:21Z,39.087299,18.711373
EVT0002,EVT0002-FC02,72.0,6,2026-01-18T14:36:21Z,39.107987,18.891659
EVT0002,EVT0002-FC02,72.0,6,2026-01-18T14:36:21Z,38.188786,18.842002
EVT0002,EVT0002-FC02,72.0,6,2026-01-18T14:36:21Z,39.319869,17.538438
EVT0002,EVT0002-FC02,72.0,6,2026-01-18T14:36:21Z,39.144888,18.811531
EVT0002,EVT0002-FC02,72.0,6,2026-01-18T14:36:21Z,38.636385,18.58957
EVT0002,EVT0002-FC02,72.0,6,2026-01-18T14:36:21Z,38.588471,17.513929
EVT0002,EVT0002-FC02,72.0,6,2026-01-18T14:36:21Z,37.749077,17.607576
EVT0002,EVT0002-FC02,72.0,6,2026-01-18T14:36:21Z,39.069632,17.64671
EVT0002,EVT0002-FC02,72.0,6,2026-01-18T14:36:21Z,38.824046,18.797914
EVT0002,EVT0002-FC02,72.0,6,2026-01-18T14:36:21Z,38.908722,18.682992
EVT0002,EVT0002-FC02,72.0,6,2026-01-18T14:36:21Z,38.711655,18.801873
EVT0002,EVT0002-FC02,72.0,6,2026-01-18T14:36:21Z,38.759168,18.595015
EVT0002,EVT0002-FC02,72.0,6,2026-01-18T14:36:21Z,38.225581,18.278217
EVT0002,EVT0002-FC02,72.0,6,2026-01-18T14:36:21Z,39.209467,18.861927
EVT0002,EVT0002-FC02,72.0,6,2026-01-18T14:36:21Z,38.630934,17.859435
EVT0002,EVT0002-FC02,72.0,6,2026-01-18T14:36:21Z,39.193472,19.040512
EVT0002,EVT0002-FC02,72.0,6,2026-01-18T14:36:21Z,38.102101,17.962877
EVT0002,EVT0002-FC02,72.0,6,2026-01-18T14:36:21Z,39.465034,18.231714
EVT0002,EVT0002-FC02,72.0,6,2026-01-18T14:36:21Z,38.98136,19.294071
EVT0002,EVT0002-FC02,72.0,6,2026-01-18T14:36:21Z,39.043527,18.990102
EVT0002,EVT0002-FC02,72.0,6,2026-01-18T14:36:21Z,38.728953,18.517891
EVT0002,EVT0002-FC02,72.0,6,2026-01-18T14:36:21Z,38.844159,18.48927
EVT0002,EVT0002-FC02,12.0,7,2026-01-16T02:36:21Z,38.493069,18.520819
EVT0002,EVT0002-FC02,12.0,7,2026-01-16T02:36:21Z,38.578747,18.361697
EVT0002,EVT0002-FC02,12.0,7,2026-01-16T02:36:21Z,38.578133,18.619408
EVT0002,EVT0002-FC02,12.0,7,2026-01-16T02:36:21Z,38.687704,18.716108
EVT0002,EVT0002-FC02,12.0,7,2026-01-16T02:36:21Z,38.690927,18.67302
EVT0002,EVT0002-FC02,12.0,7,2026-01-16T02:36:21Z,38.57809,18.286961
EVT0002,EVT0002-FC02,12.0,7,2026-01-16T02:36:21Z,38.328155,18.405048
EVT0002,EVT0002-FC02,12.0,7,2026-01-16T02:36:21Z,38.505231,18.310747
EVT0002,EVT0002-FC02,12.0,7,2026-01-16T02:36:21Z,38.512511,18.60023
EVT0002,EVT0002-FC02,12.0,7,2026-01-16T02:36:21Z,38.779985,18.711858
EVT0002,EVT0002-FC02,12.0,7,2026-01-16T02:36:21Z,38.737358,18.718749
EVT0002,EVT0002-FC02,12.0,7,2026-01-16T02:36:21Z,38.640777,18.805858
EVT0002,EVT0002-FC02,12.0,7,2026-01-16T02:36:21Z,38.555862,18.543499
EVT0002,EVT0002-FC02,12.0,7,2026-01-16T02:36:21Z,38.592637,18.435261
EVT0002,EVT0002-FC02,12.0,7,2026-01-16T02:36:21Z,38.601091,18.475274
EVT0002,EVT0002-FC02,12.0,7,2026-01-16T02:36:21Z,38.483436,18.208777
EVT0002,EVT0002-FC02,12.0,7,2026-01-16T02:36:21Z,38.594683,18.173377
EVT0002,EVT0002-FC02,12.0,7,2026-01-16T02:36:21Z,38.563802,18.843065
EVT0002,EVT0002-FC02,12.0,7,2026-01-16T02:36:21Z,38.580116,18.3341
EVT0002,EVT0002-FC02,12.0,7,2026-01-16T02:36:21Z,38.627424,18.419434
EVT0002,EVT0002-FC02,12.0,7,2026-01-16T02:36:21Z,38.510682,18.490867
EVT0002,EVT0002-FC02,12.0,7,2026-01-16T02:36:21Z,38.669652,18.371305
EVT0002,EVT0002-FC02,12.0,7,2026-01-16T02:36:21Z,38.638305,18.556882
EVT0002,EVT0002-FC02,12.0,7,2026-01-16T02:36:21Z,38.120721,18.338071
EVT0002,EVT0002-FC02,12.0,7,2026-01-16T02:36:21Z,38.80979,18.172439
EVT0002,EVT0002-FC02,12.0,7,2026-01-16T02:36:21Z,38.758777,18.449339
EVT0002,EVT0002-FC02,12.0,7,2026-01-16T02:36:21Z,38.749039,18.565628
EVT0002,EVT0002-FC02,12.0,7,2026-01-16T02:36:21Z,38.545946,18.481782
EVT0002,EVT0002-FC02,12.0,7,2026-01-16T02:36:21Z,38.544682,18.505051
EVT0002,EVT0002-FC02,12.0,7,2026-01-16T02:36:21Z,38.530181,18.483112
EVT0002,EVT0002-FC02,12.0,7,2026-01-16T02:36:21Z,38.557883,18.25274
EVT0002,EVT0002-FC02,12.0,7,2026-01-16T02:36:21Z,38.688026,18.46459
EVT0002,EVT0002-FC02,12.0,7,2026-01-16T02:36:21Z,38.560689,18.641518
EVT0002,EVT0002-FC02,12.0,7,2026-01-16T02:36:21Z,38.334741,18.090534
EVT0002,EVT0002-FC02,12.0,7,2026-01-16T02:36:21Z,38.368707,18.499076
EVT0002,EVT0002-FC02,12.0,7,2026-01-16T02:36:21Z,38.691297,18.188617
EVT0002,EVT0002-FC02,12.0,7,2026-01-16T02:36:21Z,38.331747,18.301212
EVT0002,EVT0002-FC02,12.0,7,2026-01-16T02:36:21Z,38.531768,18.211679
EVT0002,EVT0002-FC02,12.0,7,2026-01-16T02:36:21Z,38.594014,18.500385
EVT0002,EVT0002-FC02,12.0,7,2026-01-16T02:36:21Z,38.532753,18.161623
EVT0002,EVT0002-FC02,24.0,7,2026-01-16T14:36:21Z,38.812681,18.97829
EVT0002,EVT0002-FC02,24.0,7,2026-01-16T14:36:21Z,38.483459,18.446846
EVT0002,EVT0002-FC02,24.0,7,2026-01-16T14:36:21Z,39.091868,17.959866
EVT0002,EVT0002-FC02,24.0,7,2026-01-16T14:36:21Z,38.076952,17.972533
EVT0002,EVT0002-FC02,24.0,7,2026-01-16T14:36:21Z,38.574435,19.051045
EVT0002,EVT0002-FC02,24.0,7,2026-01-16T14:36:21Z,38.215539,18.762229
EVT0002,EVT0002-FC02,24.0,7,2026-01-16T14:36:21Z,38.335913,18.183351
EVT0002,EVT0002-FC02,24.0,7,2026-01-16T14:36:21Z,38.836363,18.781175
EVT0002,EVT0002-FC02,24.0,7,2026-01-16T14:36:21Z,38.422702,18.572782
EVT0002,EVT0002-FC02,24.0,7,2026-01-16T14:36:21Z,38.308001,17.992357
EVT0002,EVT0002-FC02,24.0,7,2026-01-16T14:36:21Z,38.595404,18.354058
EVT0002,EVT0002-FC02,24.0,7,2026-01-16T14:36:21Z,38.295039,18.774722
EVT0002,EVT0002-FC02,24.0,7,2026-01-16T14:36:21Z,38.243837,18.866192
EVT0002,EVT0002-FC02,24.0,7,2026-01-16T14:36:21Z,38.666565,18.580247
EVT0002,EVT0002-FC02,24.0,7,2026-01-16T14:36:21Z,38.374976,18.307381
EVT0002,EVT0002-FC02,24.0,7,2026-01-16T14:36:21Z,38.429602,18.480263
EVT0002,EVT0002-FC02,24.0,7,2026-01-16T14:36:21Z,38.134322,18.668553
EVT0002,EVT0002-FC02,24.0,7,2026-01-16T14:36:21Z,38.697024,18.71305
EVT0002,EVT0002-FC02,24.0,7,2026-01-16T14:36:21Z,38.55253,18.113179
EVT0002,EVT0002-FC02,24.0,7,2026-01-16T14:36:21Z,38.82123,19.161113
EVT0002,EVT0002-FC02,24.0,7,2026-01-16T14:36:21Z,39.098306,18.437252
EVT0002,EVT0002-FC02,24.0,7,2026-01-16T14:36:21Z,38.3599,18.70373
EVT0002,EVT0002-FC02,24.0,7,2026-01-16T14:36:21Z,38.229737,18.06854
EVT0002,EVT0002-FC02,24.0,7,2026-01-16T14:36:21Z,38.569385,18.66974
EVT0002,EVT0002-FC02,24.0,7,2026-01-16T14:36:21Z,38.404203,18.643286
EVT0002,EVT0002-FC02,24.0,7,2026-01-16T14:36:21Z,38.393179,18.449171
EVT0002,EVT0002-FC02,24.0,7,2026-01-16T14:36:21Z,38.628856,18.463103
EVT0002,EVT0002-FC02,24.0,7,2026-01-16T14:36:21Z,38.863606,19.060071
EVT0002,EVT0002-FC02,24.0,7,2026-01-16T14:36:21Z,38.382543,18.601445
EVT0002,EVT0002-FC02,24.0,7,2026-01-16T14:36:21Z,38.544185,18.479982
EVT0002,EVT0002-FC02,24.0,7,2026-01-16T14:36:21Z,38.020868,18.891537
EVT0002,EVT0002-FC02,24.0,7,2026-01-16T14:36:21Z,38.508491,18.545056
EVT0002,EVT0002-FC02,24.0,7,2026-01-16T14:36:21Z,38.647443,18.527001
EVT0002,EVT0002-FC02,24.0,7,2026-01-16T14:36:21Z,38.45005,18.544858
EVT0002,EVT0002-FC02,24.0,7,2026-01-16T14:36:21Z,38.703679,18.083235
EVT0002,EVT0002-FC02,24.0,7,2026-01-16T14:36:21Z,38.057947,18.360921
EVT0002,EVT0002-FC02,24.0,7,2026-01-16T14:36:21Z,38.489869,18.268414
EVT0002,EVT0002-FC02,24.0,7,2026-01-16T14:36:21Z,38.566463,18.593692
EVT0002,EVT0002-FC02,24.0,7,2026-01-16T14:36:21Z,38.593041,18.140454
EVT0002,EVT0002-FC02,24.0,7,2026-01-16T14:36:21Z,38.428919,18.605493
EVT0002,EVT0002-FC02,48.0,7,2026-01-17T14:36:21Z,39.022292,18.701116
EVT0002,EVT0002-FC02,48.0,7,2026-01-17T14:36:21Z,38.807265,18.558271
EVT0002,EVT0002-FC02,48.0,7,2026-01-17T14:36:21Z,39.322122,19.211696
EVT0002,EVT0002-FC02,48.0,7,2026-01-17T14:36:21Z,39.017105,18.689034
EVT0002,EVT0002-FC02,48.0,7,2026-01-17T14:36:21Z,38.960342,18.651534
EVT0002,EVT0002-FC02,48.0,7,2026-01-17T14:36:21Z,38.432449,17.814359
EVT0002,EVT0002-FC02,48.0,7,2026-01-17T14:36:21Z,38.278696,18.450951
EVT0002,EVT0002-FC02,48.0,7,2026-01-17T14:36:21Z,38.887446,18.33165
EVT0002,EVT0002-FC02,48.0,7,2026-01-17T14:36:21Z,38.347599,18.614284
EVT0002,EVT0002-FC02,48.0,7,2026-01-17T14:36:21Z,38.47185,19.352013
EVT0002,EVT0002-FC02,48.0,7,2026-01-17T14:36:21Z,38.669637,18.376707
EVT0002,EVT0002-FC02,48.0,7,2026-01-17T14:36:21Z,38.861069,18.502466
EVT0002,EVT0002-FC02,48.0,7,2026-01-17T14:36:21Z,38.88523,18.126805
EVT0002,EVT0002-FC02,48.0,7,2026-01-17T14:36:21Z,38.753554,18.828939
EVT0002,EVT0002-FC02,48.0,7,2026-01-17T14:36:21Z,38.627611,19.063268
EVT0002,EVT0002-FC02,48.0,7,2026-01-17T14:36:21Z,39.026222,19.355993
EVT0002,EVT0002-FC02,48.0,7,2026-01-17T14:36:21Z,38.899441,18.243188
EVT0002,EVT0002-FC02,48.0,7,2026-01-17T14:36:21Z,38.916557,18.699712
EVT0002,EVT0002-FC02,48.0,7,2026-01-17T14:36:21Z,38.286987,18.602337
EVT0002,EVT0002-FC02,48.0,7,2026-01-17T14:36:21Z,38.191375,18.726518
EVT0002,EVT0002-FC02,48.0,7,2026-01-17T14:36:21Z,38.881632,18.416877
EVT0002,EVT0002-FC02,48.0,7,2026-01-17T14:36:21Z,38.881101,18.503637
EVT0002,EVT0002-FC02,48.0,7,2026-01-17T14:36:21Z,38.707058,18.414703
EVT0002,EVT0002-FC02,48.0,7,2026-01-17T14:36:21Z,38.461558,18.881101
EVT0002,EVT0002-FC02,48.0,7,2026-01-17T14:36:21Z,38.010846,18.157132
EVT0002,EVT0002-FC02,48.0,7,2026-01-17T14:36:21Z,38.089449,18.26667
EVT0002,EVT0002-FC02,48.0,7,2026-01-17T14:36:21Z,39.535082,17.818527
EVT0002,EVT0002-FC02,48.0,7,2026-01-17T14:36:21Z,39.177256,19.083569
EVT0002,EVT0002-FC02,48.0,7,2026-01-17T14:36:21Z,38.805835,18.108497
EVT0002,EVT0002-FC02,48.0,7,2026-01-17T14:36:21Z,38.881675,18.994566
EVT0002,EVT0002-FC02,48.0,7,2026-01-17T14:36:21Z,38.820861,18.53098
EVT0002,EVT0002-FC02,48.0,7,2026-01-17T14:36:21Z,38.636075,18.157783
EVT0002,EVT0002-FC02,48.0,7,2026-01-17T14:36:21Z,38.730555,18.292241
EVT0002,EVT0002-FC02,48.0,7,2026-01-17T14:36:21Z,39.133306,18.898072
EVT0002,EVT0002-FC02,48.0,7,2026-01-17T14:36:21Z,37.884599,17.755148
EVT0002,EVT0002-FC02,48.0,7,2026-01-17T14:36:21Z,38.290213,19.014163
EVT0002,EVT0002-FC02,48.0,7,2026-01-17T14:36:21Z,39.229432,18.657678
EVT0002,EVT0002-FC02,48.0,7,2026-01-17T14:36:21Z,39.042043,17.959422
EVT0002,EVT0002-FC02,48.0,7,2026-01-17T14:36:21Z,38.869306,18.954288
EVT0002,EVT0002-FC02,48.0,7,2026-01-17T14:36:21Z,38.678153,18.347668
EVT0002,EVT0002-FC02,72.0,7,2026-01-18T14:36:21Z,39.696653,19.598425
EVT0002,EVT0002-FC02,72.0,7,2026-01-18T14:36:21Z,38.001835,19.077196
EVT0002,EVT0002-FC02,72.0,7,2026-01-18T14:36:21Z,39.229027,18.272645
EVT0002,EVT0002-FC02,72.0,7,2026-01-18T14:36:21Z,38.659817,18.185025
EVT0002,EVT0002-FC02,72.0,7,2026-01-18T14:36:21Z,38.549687,18.941362
EVT0002,EVT0002-FC02,72.0,7,2026-01-18T14:36:21Z,38.543611,18.28209
EVT0002,EVT0002-FC02,72.0,7,2026-01-18T14:36:21Z,38.421914,18.12986
EVT0002,EVT0002-FC02,72.0,7,2026-01-18T14:36:21Z,38.800733,17.95397
EVT0002,EVT0002-FC02,72.0,7,2026-01-18T14:36:21Z,39.171276,17.747822
EVT0002,EVT0002-FC02,72.0,7,2026-01-18T14:36:21Z,39.176426,19.090676
EVT0002,EVT0002-FC02,72.0,7,2026-01-18T14:36:21Z,37.700648,18.921829
EVT0002,EVT0002-FC02,72.0,7,2026-01-18T14:36:21Z,38.757755,18.082762
EVT0002,EVT0002-FC02,72.0,7,2026-01-18T14:36:21Z,39.207779,18.885176
EVT0002,EVT0002-FC02,72.0,7,2026-01-18T14:36:21Z,39.143375,18.383342
EVT0002,EVT0002-FC02,72.0,7,2026-01-18T14:36:21Z,39.243389,18.882255
EVT0002,EVT0002-FC02,72.0,7,2026-01-18T14:36:21Z,39.18355,18.900954
EVT0002,EVT0002-FC02,72.0,7,2026-01-18T14:36:21Z,38.936376,18.541866
EVT0002,EVT0002-FC02,72.0,7,2026-01-18T14:36:21Z,39.350785,19.48243
EVT0002,EVT0002-FC02,72.0,7,2026-01-18T14:36:21Z,39.204874,18.973267
EVT0002,EVT0002-FC02,72.0,7,2026-01-18T14:36:21Z,38.013806,18.291603
EVT0002,EVT0002-FC02,72.0,7,2026-01-18T14:36:21Z,39.23726,19.076256
EVT0002,EVT0002-FC02,72.0,7,2026-01-18T14:36:21Z,38.525204,17.981004
EVT0002,EVT0002-FC02,72.0,7,2026-01-18T14:36:21Z,38.425688,19.021851
EVT0002,EVT0002-FC02,72.0,7,2026-01-18T14:36:21Z,38.686524,18.3948
EVT0002,EVT0002-FC02,72.0,7,2026-01-18T14:36:21Z,38.871549,18.139481
EVT0002,EVT0002-FC02,72.0,7,2026-01-18T14:36:21Z,40.329943,18.168206
EVT0002,EVT0002-FC02,72.0,7,2026-01-18T14:36:21Z,38.644343,18.424183
EVT0002,EVT0002-FC02,72.0,7,2026-01-18T14:36:21Z,39.398314,19.186403
EVT0002,EVT0002-FC02,72.0,7,2026-01-18T14:36:21Z,38.738935,17.940438
EVT0002,EVT0002-FC02,72.0,7,2026-01-18T14:36:21Z,38.968695,19.526624
EVT0002,EVT0002-FC02,72.0,7,2026-01-18T14:36:21Z,40.212202,19.047966
EVT0002,EVT0002-FC02,72.0,7,2026-01-18T14:36:21Z,38.759733,18.958508
EVT0002,EVT0002-FC02,72.0,7,2026-01-18T14:36:21Z,38.273852,18.219614
EVT0002,EVT0002-FC02,72.0,7,2026-01-18T14:36:21Z,38.845818,18.711354
EVT0002,EVT0002-FC02,72.0,7,2026-01-18T14:36:21Z,39.024208,18.614057
EVT0002,EVT0002-FC02,72.0,7,2026-01-18T14:36:21Z,39.04135,18.811485
EVT0002,EVT0002-FC02,72.0,7,2026-01-18T14:36:21Z,38.993144,18.46618
EVT0002,EVT0002-FC02,72.0,7,2026-01-18T14:36:21Z,38.901319,18.837826
EVT0002,EVT0002-FC02,72.0,7,2026-01-18T14:36:21Z,39.032319,18.721689
EVT0002,EVT0002-FC02,72.0,7,2026-01-18T14:36:21Z,38.815479,19.793724
EVT0003,EVT0003-FC02,12.0,0,2026-01-13T10:10:05Z,36.336282,19.391841
EVT0003,EVT0003-FC02,12.0,0,2026-01-13T10:10:05Z,36.266419,19.060742
EVT0003,EVT0003-FC02,12.0,0,2026-01-13T10:10:05Z,36.14729,19.022749
EVT0003,EVT0003-FC02,12.0,0,2026-01-13T10:10:05Z,36.534259,19.439716
EVT0003,EVT0003-FC02,12.0,0,2026-01-13T10:10:05Z,36.380213,19.114366
EVT0003,EVT0003-FC02,12.0,0,2026-01-13T10:10:05Z,36.044201,18.955565
EVT0003,EVT0003-FC02,12.0,0,2026-01-13T10:10:05Z,36.559929,19.605726
EVT0003,EVT0003-FC02,12.0,0,2026-01-13T10:10:05Z,35.960072,19.093119
EVT0003,EVT0003-FC02,12.0,0,2026-01-13T10:10:05Z,36.007734,18.966746
EVT0003,EVT0003-FC02,12.0,0,2026-01-13T10:10:05Z,36.464479,19.435648
EVT0003,EVT0003-FC02,12.0,0,2026-01-13T10:10:05Z,36.411518,19.202258
EVT0003,EVT0003-FC02,12.0,0,2026-01-13T10:10:05Z,36.310344,19.224025
EVT0003,EVT0003-FC02,12.0,0,2026-01-13T10:10:05Z,36.165981,18.825402
EVT0003,EVT0003-FC02,12.0,0,2026-01-13T10:10:05Z,36.043971,19.348781
EVT0003,EVT0003-FC02,12.0,0,2026-01-13T10:10:05Z,36.258325,19.096106
EVT0003,EVT0003-FC02,12.0,0,2026-01-13T10:10:05Z,36.273125,19.267251
EVT0003,EVT0003-FC02,12.0,0,2026-01-13T10:10:05Z,36.117463,18.810089
EVT0003,EVT0003-FC02,12.0,0,2026-01-13T10:10:05Z,36.13126,19.572876
EVT0003,EVT0003-FC02,12.0,0,2026-01-13T10:10:05Z,36.264717,19.038449
EVT0003,EVT0003-FC02,12.0,0,2026-01-13T10:10:05Z,36.142358,19.167794
EVT0003,EVT0003-FC02,12.0,0,2026-01-13T10:10:05Z,36.321784,19.280654
EVT0003,EVT0003-FC02,12.0,0,2026-01-13T10:10:05Z,36.369958,19.220877
EVT0003,EVT0003-FC02,12.0,0,2026-01-13T10:10:05Z,36.361722,19.114758
EVT0003,EVT0003-FC02,12.0,0,2026-01-13T10:10:05Z,36.380933,19.451957
EVT0003,EVT0003-FC02,12.0,0,2026-01-13T10:10:05Z,36.487795,19.201856
EVT0003,EVT0003-FC02,12.0,0,2026-01-13T10:10:05Z,36.328621,19.22245
EVT0003,EVT0003-FC02,12.0,0,2026-01-13T10:10:05Z,36.195767,19.235294
EVT0003,EVT0003-FC02,12.0,0,2026-01-13T10:10:05Z,36.458038,18.614485
EVT0003,EVT0003-FC02,12.0,0,2026-01-13T10:10:05Z,36.317726,19.109551
EVT0003,EVT0003-FC02,12.0,0,2026-01-13T10:10:05Z,36.388938,19.20347
EVT0003,EVT0003-FC02,12.0,0,2026-01-13T10:10:05Z,36.343617,19.002242
EVT0003,EVT0003-FC02,12.0,0,2026-01-13T10:10:05Z,36.27276,18.913962
EVT0003,EVT0003-FC02,12.0,0,2026-01-13T10:10:05Z,36.362733,19.230574
EVT0003,EVT0003-FC02,12.0,0,2026-01-13T10:10:05Z,36.366157,19.155333
EVT0003,EVT0003-FC02,12.0,0,2026-01-13T10:10:05Z,36.17704,18.925383
EVT0003,EVT0003-FC02,12.0,0,2026-01-13T10:10:05Z,36.42822,19.287671
EVT0003,EVT0003-FC02,12.0,0,2026-01-13T10:10:05Z,36.421145,18.886191
EVT0003,EVT0003-FC02,12.0,0,2026-01-13T10:10:05Z,36.523176,19.437883
EVT0003,EVT0003-FC02,12.0,0,2026-01-13T10:10:05Z,36.2577,18.880744
EVT0003,EVT0003-FC02,12.0,0,2026-01-13T10:10:05Z,36.419068,19.036426
EVT0003,EVT0003-FC02,24.0,0,2026-01-13T22:10:05Z,36.33431,19.067868
EVT0003,EVT0003-FC02,24.0,0,2026-01-13T22:10:05Z,36.283628,19.176612
EVT0003,EVT0003-FC02,24.0,0,2026-01-13T22:10:05Z,36.461685,19.266035
EVT0003,EVT0003-FC02,24.0,0,2026-01-13T22:10:05Z,36.72071,19.493321
EVT0003,EVT0003-FC02,24.0,0,2026-01-13T22:10:05Z,36.076693,19.667327
EVT0003,EVT0003-FC02,24.0,0,2026-01-13T22:10:05Z,36.30257,19.040247
EVT0003,EVT0003-FC02,24.0,0,2026-01-13T22:10:05Z,36.42848,19.325548
EVT0003,EVT0003-FC02,24.0,0,2026-01-13T22:10:05Z,36.439146,19.17103
EVT0003,EVT0003-FC02,24.0,0,2026-01-13T22:10:05Z,36.813403,19.891209
EVT0003,EVT0003-FC02,24.0,0,2026-01-13T22:10:05Z,36.519989,19.645177
EVT0003,EVT0003-FC02,24.0,0,2026-01-13T22:10:05Z,36.327639,19.123491
EVT0003,EVT0003-FC02,24.0,0,2026-01-13T22:10:05Z,35.836128,19.218704
EVT0003,EVT0003-FC02,24.0,0,2026-01-13T22:10:05Z,36.56051,19.601355
EVT0003,EVT0003-FC02,24.0,0,2026-01-13T22:10:05Z,36.234471,19.555619
EVT0003,EVT0003-FC02,24.0,0,2026-01-13T22:10:05Z,36.355837,19.270762
EVT0003,EVT0003-FC02,24.0,0,2026-01-13T22:10:05Z,36.628612,19.366388
EVT0003,EVT0003-FC02,24.0,0,2026-01-13T22:10:05Z,36.554137,19.281837
EVT0003,EVT0003-FC02,24.0,0,2026-01-13T22:10:05Z,36.423911,19.295812
EVT0003,EVT0003-FC02,24.0,0,2026-01-13T22:10:05Z,36.58162,19.27217
EVT0003,EVT0003-FC02,24.0,0,2026-01-13T22:10:05Z,36.308174,19.189498
EVT0003,EVT0003-FC02,24.0,0,2026-01-13T22:10:05Z,36.409245,18.951023
EVT0003,EVT0003-FC02,24.0,0,2026-01-13T22:10:05Z,36.462405,19.872798
EVT0003,EVT0003-FC02,24.0,0,2026-01-13T22:10:05Z,36.572754,19.235112
EVT0003,EVT0003-FC02,24.0,0,2026-01-13T22:10:05Z,36.257599,19.521615
EVT0003,EVT0003-FC02,24.0,0,2026-01-13T22:10:05Z,36.601465,19.666725
EVT0003,EVT0003-FC02,24.0,0,2026-01-13T22:10:05Z,36.495303,19.682753
EVT0003,EVT0003-FC02,24.0,0,2026-01-13T22:10:05Z,36.311049,19.20906
EVT0003,EVT0003-FC02,24.0,0,2026-01-13T22:10:05Z,36.320735,19.031704
EVT0003,EVT0003-FC02,24.0,0,2026-01-13T22:10:05Z,36.853588,19.235518
EVT0003,EVT0003-FC02,24.0,0,2026-01-13T22:10:05Z,36.498425,18.851851
EVT0003,EVT0003-FC02,24.0,0,2026-01-13T22:10:05Z,36.920199,19.925572
EVT0003,EVT0003-FC02,24.0,0,2026-01-13T22:10:05Z,36.467315,18.642005
EVT0003,EVT0003-FC02,24.0,0,2026-01-13T22:10:05Z,36.777466,19.441018
EVT0003,EVT0003-FC02,24.0,0,2026-01-13T22:10:05Z,36.612138,19.418108
EVT0003,EVT0003-FC02,24.0,0,2026-01-13T22:10:05Z,36.463349,19.350297
EVT0003,EVT0003-FC02,24.0,0,2026-01-13T22:10:05Z,36.489033,19.468101
EVT0003,EVT0003-FC02,24.0,0,2026-01-13T22:10:05Z,36.472325,19.331145
EVT0003,EVT0003-FC02,24.0,0,2026-01-13T22:10:05Z,36.559632,19.125875
EVT0003,EVT0003-FC02,24.0,0,2026-01-13T22:10:05Z,37.092269,19.72927
EVT0003,EVT0003-FC02,24.0,0,2026-01-13T22:10:05Z,36.464647,19.472352
EVT0003,EVT0003-FC02,48.0,0,2026-01-14T22:10:05Z,36.750024,19.266088
EVT0003,EVT0003-FC02,48.0,0,2026-01-14T22:10:05Z,36.816501,19.409781
EVT0003,EVT0003-FC02,48.0,0,2026-01-14T22:10:05Z,36.581088,19.478578
EVT0003,EVT0003-FC02,48.0,0,2026-01-14T22:10:05Z,36.807936,19.557199
EVT0003,EVT0003-FC02,48.0,0,2026-01-14T22:10:05Z,36.545114,18.954249
EVT0003,EVT0003-FC02,48.0,0,2026-01-14T22:10:05Z,37.334015,19.406695
EVT0003,EVT0003-FC02,48.0,0,2026-01-14T22:10:05Z,36.670613,19.420009
EVT0003,EVT0003-FC02,48.0,0,2026-01-14T22:10:05Z,36.89402,19.475653
EVT0003,EVT0003-FC02,48.0,0,2026-01-14T22:10:05Z,36.658095,19.378113
EVT0003,EVT0003-FC02,48.0,0,2026-01-14T22:10:05Z,36.333674,19.825573
EVT0003,EVT0003-FC02,48.0,0,2026-01-14T22:10:05Z,36.408425,19.402313
EVT0003,EVT0003-FC02,48.0,0,2026-01-14T22:10:05Z,36.539862,19.009586
EVT0003,EVT0003-FC02,48.0,0,2026-01-14T22:10:05Z,36.794918,19.473513
EVT0003,EVT0003-FC02,48.0,0,2026-01-14T22:10:05Z,36.353755,19.039957
EVT0003,EVT0003-FC02,48.0,0,2026-01-14T22:10:05Z,37.252126,20.238658
EVT0003,EVT0003-FC02,48.0,0,2026-01-14T22:10:05Z,35.851058,19.224222
EVT0003,EVT0003-FC02,48.0,0,2026-01-14T22:10:05Z,36.772771,19.165785
EVT0003,EVT0003-FC02,48.0,0,2026-01-14T22:10:05Z,36.509236,19.333245
EVT0003,EVT0003-FC02,48.0,0,2026-01-14T22:10:05Z,35.96907,20.025552
EVT0003,EVT0003-FC02,48.0,0,2026-01-14T22:10:05Z,37.01316,18.880064
EVT0003,EVT0003-FC02,48.0,0,2026-01-14T22:10:05Z,36.838132,20.25942
EVT0003,EVT0003-FC02,48.0,0,2026-01-14T22:10:05Z,36.493363,19.4639
EVT0003,EVT0003-FC02,48.0,0,2026-01-14T22:10:05Z,37.100988,18.695106
EVT0003,EVT0003-FC02,48.0,0,2026-01-14T22:10:05Z,36.524192,19.189601
EVT0003,EVT0003-FC02,48.0,0,2026-01-14T22:10:05Z,37.209902,20.3248
EVT0003,EVT0003-FC02,48.0,0,2026-01-14T22:10:05Z,36.99407,18.485689
EVT0003,EVT0003-FC02,48.0,0,2026-01-14T22:10:05Z,37.138745,19.876884
EVT0003,EVT0003-FC02,48.0,0,2026-01-14T22:10:05Z,36.077302,19.729988
EVT0003,EVT0003-FC02,48.0,0,2026-01-14T22:10:05Z,36.836006,19.706438
EVT0003,EVT0003-FC02,48.0,0,2026-01-14T22:10:05Z,36.112702,19.274522
EVT0003,EVT0003-FC02,48.0,0,2026-01-14T22:10:05Z,36.901448,19.584014
EVT0003,EVT0003-FC02,48.0,0,2026-01-14T22:10:05Z,36.288286,18.906642
EVT0003,EVT0003-FC02,48.0,0,2026-01-14T22:10:05Z,36.852956,19.699029
EVT0003,EVT0003-FC02,48.0,0,2026-01-14T22:10:05Z,36.982962,19.911147
EVT0003,EVT0003-FC02,48.0,0,2026-01-14T22:10:05Z,36.405752,18.594996
EVT0003,EVT0003-FC02,48.0,0,2026-01-14T22:10:05Z,35.958945,18.673045
EVT0003,EVT0003-FC02,48.0,0,2026-01-14T22:10:05Z,37.438762,19.83343
EVT0003,EVT0003-FC02,48.0,0,2026-01-14T22:10:05Z,36.823213,18.714405
EVT0003,EVT0003-FC02,48.0,0,2026-01-14T22:10:05Z,36.744398,19.399619
EVT0003,EVT0003-FC02,48.0,0,2026-01-14T22:10:05Z,36.5797,19.325391
EVT0003,EVT0003-FC02,72.0,0,2026-01-15T22:10:05Z,37.502186,19.506238
EVT0003,EVT0003-FC02,72.0,0,2026-01-15T22:10:05Z,37.372553,19.015101
EVT0003,EVT0003-FC02,72.0,0,2026-01-15T22:10:05Z,36.949382,19.128074
EVT0003,EVT0003-FC02,72.0,0,2026-01-15T22:10:05Z,37.01306,19.913188
EVT0003,EVT0003-FC02,72.0,0,2026-01-15T22:10:05Z,37.172133,19.254489
EVT0003,EVT0003-FC02,72.0,0,2026-01-15T22:10:05Z,36.302151,19.248031
EVT0003,EVT0003-FC02,72.0,0,2026-01-15T22:10:05Z,37.728908,18.534299
EVT0003,EVT0003-FC02,72.0,0,2026-01-15T22:10:05Z,37.227635,19.982336
EVT0003,EVT0003-FC02,72.0,0,2026-01-15T22:10:05Z,36.889086,18.953895
EVT0003,EVT0003-FC02,72.0,0,2026-01-15T22:10:05Z,36.403224,19.205241
EVT0003,EVT0003-FC02,72.0,0,2026-01-15T22:10:05Z,36.617246,20.074187
EVT0003,EVT0003-FC02,72.0,0,2026-01-15T22:10:05Z,36.198588,19.553417
EVT0003,EVT0003-FC02,72.0,0,2026-01-15T22:10:05Z,37.502994,19.50481
EVT0003,EVT0003-FC02,72.0,0,2026-01-15T22:10:05Z,37.529006,19.64715
EVT0003,EVT0003-FC02,72.0,0,2026-01-15T22:10:05Z,37.56742,18.184266
EVT0003,EVT0003-FC02,72.0,0,2026-01-15T22:10:05Z,37.130653,17.936588
EVT0003,EVT0003-FC02,72.0,0,2026-01-15T22:10:05Z,37.081848,19.739468
EVT0003,EVT0003-FC02,72.0,0,2026-01-15T22:10:05Z,36.64168,18.996591
EVT0003,EVT0003-FC02,72.0,0,2026-01-15T22:10:05Z,36.505005,18.66912
EVT0003,EVT0003-FC02,72.0,0,2026-01-15T22:10:05Z,37.359562,19.439928
EVT0003,EVT0003-FC02,72.0,0,2026-01-15T22:10:05Z,37.098526,18.675042
EVT0003,EVT0003-FC02,72.0,0,2026-01-15T22:10:05Z,37.096717,20.064332
EVT0003,EVT0003-FC02,72.0,0,2026-01-15T22:10:05Z,36.419179,19.773988
EVT0003,EVT0003-FC02,72.0,0,2026-01-15T22:10:05Z,37.539638,18.539391
EVT0003,EVT0003-FC02,72.0,0,2026-01-15T22:10:05Z,36.987806,18.745561
EVT0003,EVT0003-FC02,72.0,0,2026-01-15T22:10:05Z,37.025019,18.904121
EVT0003,EVT0003-FC02,72.0,0,2026-01-15T22:10:05Z,37.064327,19.83696
EVT0003,EVT0003-FC02,72.0,0,2026-01-15T22:10:05Z,37.582081,19.026813
EVT0003,EVT0003-FC02,72.0,0,2026-01-15T22:10:05Z,37.3339,19.525953
EVT0003,EVT0003-FC02,72.0,0,2026-01-15T22:10:05Z,36.635094,18.816497
EVT0003,EVT0003-FC02,72.0,0,2026-01-15T22:10:05Z,36.735341,18.775196
EVT0003,EVT0003-FC02,72.0,0,2026-01-15T22:10:05Z,37.009549,19.18131
EVT0003,EVT0003-FC02,72.0,0,2026-01-15T22:10:05Z,37.733224,20.047534
EVT0003,EVT0003-FC02,72.0,0,2026-01-15T22:10:05Z,36.378107,18.731346
EVT0003,EVT0003-FC02,72.0,0,2026-01-15T22:10:05Z,36.895681,18.214742
EVT0003,EVT0003-FC02,72.0,0,2026-01-15T22:10:05Z,37.101522,18.451733
EVT0003,EVT0003-FC02,72.0,0,2026-01-15T22:10:05Z,36.639583,18.950948
EVT0003,EVT0003-FC02,72.0,0,2026-01-15T22:10:05Z,37.268366,18.831903
EVT0003,EVT0003-FC02,72.0,0,2026-01-15T22:10:05Z,37.187445,19.357392
EVT0003,EVT0003-FC02,72.0,0,2026-01-15T22:10:05Z,37.056333,18.435823
EVT0003,EVT0003-FC02,12.0,1,2026-01-13T10:10:05Z,36.362315,19.255053
EVT0003,EVT0003-FC02,12.0,1,2026-01-13T10:10:05Z,36.239322,19.034925
EVT0003,EVT0003-FC02,12.0,1,2026-01-13T10:10:05Z,36.460339,19.3953
EVT0003,EVT0003-FC02,12.0,1,2026-01-13T10:10:05Z,36.347661,18.826131
EVT0003,EVT0003-FC02,12.0,1,2026-01-13T10:10:05Z,36.464011,19.555558
EVT0003,EVT0003-FC02,12.0,1,2026-01-13T10:10:05Z,36.259052,19.383679
EVT0003,EVT0003-FC02,12.0,1,2026-01-13T10:10:05Z,36.373255,19.074142
EVT0003,EVT0003-FC02,12.0,1,2026-01-13T10:10:05Z,36.178145,19.206895
EVT0003,EVT0003-FC02,12.0,1,2026-01-13T10:10:05Z,36.337772,19.26378
EVT0003,EVT0003-FC02,12.0,1,2026-01-13T10:10:05Z,36.30865,18.964392
EVT0003,EVT0003-FC02,12.0,1,2026-01-13T10:10:05Z,36.225318,19.244627
EVT0003,EVT0003-FC02,12.0,1,2026-01-13T10:10:05Z,36.254426,19.152755
EVT0003,EVT0003-FC02,12.0,1,2026-01-13T10:10:05Z,36.428218,19.517726
EVT0003,EVT0003-FC02,12.0,1,2026-01-13T10:10:05Z,36.188917,19.483195
EVT0003,EVT0003-FC02,12.0,1,2026-01-13T10:10:05Z,36.377933,18.949754
EVT0003,EVT0003-FC02,12.0,1,2026-01-13T10:10:05Z,36.373665,19.527895
EVT0003,EVT0003-FC02,12.0,1,2026-01-13T10:10:05Z,36.355613,19.285212
EVT0003,EVT0003-FC02,12.0,1,2026-01-13T10:10:05Z,36.020795,19.155586
EVT0003,EVT0003-FC02,12.0,1,2026-01-13T10:10:05Z,36.294444,19.022435
EVT0003,EVT0003-FC02,12.0,1,2026-01-13T10:10:05Z,36.07535,19.248271
EVT0003,EVT0003-FC02,12.0,1,2026-01-13T10:10:05Z,36.406438,18.932534
EVT0003,EVT0003-FC02,12.0,1,2026-01-13T10:10:05Z,36.431719,19.137401
EVT0003,EVT0003-FC02,12.0,1,2026-01-13T10:10:05Z,36.179631,19.162125
EVT0003,EVT0003-FC02,12.0,1,2026-01-13T10:10:05Z,36.342056,19.139452
EVT0003,EVT0003-FC02,12.0,1,2026-01-13T10:10:05Z,36.507931,19.355018
EVT0003,EVT0003-FC02,12.0,1,2026-01-13T10:10:05Z,36.260535,19.129613
EVT0003,EVT0003-FC02,12.0,1,2026-01-13T10:10:05Z,36.462696,19.065116
EVT0003,EVT0003-FC02,12.0,1,2026-01-13T10:10:05Z,36.270587,19.50905
EVT0003,EVT0003-FC02,12.0,1,2026-01-13T10:10:05Z,36.29296,19.137551
EVT0003,EVT0003-FC02,12.0,1,2026-01-13T10:10:05Z,36.085139,19.118202
EVT0003,EVT0003-FC02,12.0,1,2026-01-13T10:10:05Z,36.342419,18.986115
EVT0003,EVT0003-FC02,12.0,1,2026-01-13T10:10:05Z,36.319295,19.107219
EVT0003,EVT0003-FC02,12.0,1,2026-01-13T10:10:05Z,36.280951,19.260904
EVT0003,EVT0003-FC02,12.0,1,2026-01-13T10:10:05Z,36.353131,19.208657
EVT0003,EVT0003-FC02,12.0,1,2026-01-13T10:10:05Z,36.209507,19.359875
EVT0003,EVT0003-FC02,12.0,1,2026-01-13T10:10:05Z,36.331369,19.34669
EVT0003,EVT0003-FC02,12.0,1,2026-01-13T10:10:05Z,35.868543,19.32776
EVT0003,EVT0003-FC02,12.0,1,2026-01-13T10:10:05Z,36.072091,18.782314
EVT0003,EVT0003-FC02,12.0,1,2026-01-13T10:10:05Z,36.329524,19.346508
EVT0003,EVT0003-FC02,12.0,1,2026-01-13T10:10:05Z,36.506533,19.098703
EVT0003,EVT0003-FC02,24.0,1,2026-01-13T22:10:05Z,35.821855,19.509276
EVT0003,EVT0003-FC02,24.0,1,2026-01-13T22:10:05Z,36.616369,19.55553
EVT0003,EVT0003-FC02,24.0,1,2026-01-13T22:10:05Z,36.444603,19.257039
EVT0003,EVT0003-FC02,24.0,1,2026-01-13T22:10:05Z,36.311039,19.050632
EVT0003,EVT0003-FC02,24.0,1,2026-01-13T22:10:05Z,36.408514,19.529914
EVT0003,EVT0003-FC02,24.0,1,2026-01-13T22:10:05Z,36.491124,19.70179
EVT0003,EVT0003-FC02,24.0,1,2026-01-13T22:10:05Z,36.824045,19.73969
EVT0003,EVT0003-FC02,24.0,1,2026-01-13T22:10:05Z,36.368326,19.180284
EVT0003,EVT0003-FC02,24.0,1,2026-01-13T22:10:05Z,36.534548,19.229252
EVT0003,EVT0003-FC02,24.0,1,2026-01-13T22:10:05Z,36.407285,19.394832
EVT0003,EVT0003-FC02,24.0,1,2026-01-13T22:10:05Z,36.536475,19.784439
EVT0003,EVT0003-FC02,24.0,1,2026-01-13T22:10:05Z,36.677604,19.474785
EVT0003,EVT0003-FC02,24.0,1,2026-01-13T22:10:05Z,36.712283,19.49263
EVT0003,EVT0003-FC02,24.0,1,2026-01-13T22:10:05Z,36.465898,19.301146
EVT0003,EVT0003-FC02,24.0,1,2026-01-13T22:10:05Z,36.653663,19.490065
EVT0003,EVT0003-FC02,24.0,1,2026-01-13T22:10:05Z,36.546324,19.489365
EVT0003,EVT0003-FC02,24.0,1,2026-01-13T22:10:05Z,36.420962,18.914383
EVT0003,EVT0003-FC02,24.0,1,2026-01-13T22:10:05Z,36.646058,19.50299
EVT0003,EVT0003-FC02,24.0,1,2026-01-13T22:10:05Z,36.343818,19.109459
EVT0003,EVT0003-FC02,24.0,1,2026-01-13T22:10:05Z,36.378264,19.163658
EVT0003,EVT0003-FC02,24.0,1,2026-01-13T22:10:05Z,36.199302,18.977179
EVT0003,EVT0003-FC02,24.0,1,2026-01-13T22:10:05Z,36.44075,19.403119
EVT0003,EVT0003-FC02,24.0,1,2026-01-13T22:10:05Z,36.430756,19.255694
EVT0003,EVT0003-FC02,24.0,1,2026-01-13T22:10:05Z,37.245417,19.061403
EVT0003,EVT0003-FC02,24.0,1,2026-01-13T22:10:05Z,36.73581,19.741453
EVT0003,EVT0003-FC02,24.0,1,2026-01-13T22:10:05Z,36.903834,19.463355
EVT0003,EVT0003-FC02,24.0,1,2026-01-13T22:10:05Z,36.496109,19.361561
EVT0003,EVT0003-FC02,24.0,1,2026-01-13T22:10:05Z,36.259808,18.935867
EVT0003,EVT0003-FC02,24.0,1,2026-01-13T22:10:05Z,36.564978,19.367998
EVT0003,EVT0003-FC02,24.0,1,2026-01-13T22:10:05Z,36.234984,19.316861
EVT0003,EVT0003-FC02,24.0,1,2026-01-13T22:10:05Z,36.532303,19.038258
EVT0003,EVT0003-FC02,24.0,1,2026-01-13T22:10:05Z,36.452887,19.697025
EVT0003,EVT0003-FC02,24.0,1,2026-01-13T22:10:05Z,36.621276,18.862629
EVT0003,EVT0003-FC02,24.0,1,2026-01-13T22:10:05Z,36.403263,18.937235
EVT0003,EVT0003-FC02,24.0,1,2026-01-13T22:10:05Z,36.705442,19.702953
EVT0003,EVT0003-FC02,24.0,1,2026-01-13T22:10:05Z,36.127811,19.344645
EVT0003,EVT0003-FC02,24.0,1,2026-01-13T22:10:05Z,36.534297,19.602507
EVT0003,EVT0003-FC02,24.0,1,2026-01-13T22:10:05Z,36.421235,18.96862
EVT0003,EVT0003-FC02,24.0,1,2026-01-13T22:10:05Z,36.63859,19.386647
EVT0003,EVT0003-FC02,24.0,1,2026-01-13T22:10:05Z,36.48583,19.292529
EVT0003,EVT0003-FC02,48.0,1,2026-01-14T22:10:05Z,37.265317,18.939478
EVT0003,EVT0003-FC02,48.0,1,2026-01-14T22:10:05Z,37.037169,19.768177
EVT0003,EVT0003-FC02,48.0,1,2026-01-14T22:10:05Z,37.122328,18.818235
EVT0003,EVT0003-FC02,48.0,1,2026-01-14T22:10:05Z,36.67422,18.650512
EVT0003,EVT0003-FC02,48.0,1,2026-01-14T22:10:05Z,36.421314,19.890381
EVT0003,EVT0003-FC02,48.0,1,2026-01-14T22:10:05Z,36.660574,19.620765
EVT0003,EVT0003-FC02,48.0,1,2026-01-14T22:10:05Z,36.733584,19.135032
EVT0003,EVT0003-FC02,48.0,1,2026-01-14T22:10:05Z,37.241956,18.933871
EVT0003,EVT0003-FC02,48.0,1,2026-01-14T22:10:05Z,36.536466,19.661184
EVT0003,EVT0003-FC02,48.0,1,2026-01-14T22:10:05Z,36.492039,19.452367
EVT0003,EVT0003-FC02,48.0,1,2026-01-14T22:10:05Z,37.105971,19.926061
EVT0003,EVT0003-FC02,48.0,1,2026-01-14T22:10:05Z,36.884831,19.694634
EVT0003,EVT0003-FC02,48.0,1,2026-01-14T22:10:05Z,36.382932,19.625546
EVT0003,EVT0003-FC02,48.0,1,2026-01-14T22:10:05Z,36.385458,19.482821
EVT0003,EVT0003-FC02,48.0,1,2026-01-14T22:10:05Z,36.909152,19.795789
EVT0003,EVT0003-FC02,48.0,1,2026-01-14T22:10:05Z,36.322895,18.942219
EVT0003,EVT0003-FC02,48.0,1,2026-01-14T22:10:05Z,36.481732,19.022592
EVT0003,EVT0003-FC02,48.0,1,2026-01-14T22:10:05Z,37.068273,19.657016
EVT0003,EVT0003-FC02,48.0,1,2026-01-14T22:10:05Z,36.444435,19.123041
EVT0003,EVT0003-FC02,48.0,1,2026-01-14T22:10:05Z,36.890623,19.543989
EVT0003,EVT0003-FC02,48.0,1,2026-01-14T22:10:05Z,36.270288,19.790938
EVT0003,EVT0003-FC02,48.0,1,2026-01-14T22:10:05Z,36.497088,19.600835
EVT0003,EVT0003-FC02,48.0,1,2026-01-14T22:10:05Z,36.704976,19.248559
EVT0003,EVT0003-FC02,48.0,1,2026-01-14T22:10:05Z,36.606001,18.999292
EVT0003,EVT0003-FC02,48.0,1,2026-01-14T22:10:05Z,37.266135,18.986773
EVT0003,EVT0003-FC02,48.0,1,2026-01-14T22:10:05Z,36.840264,19.486284
EVT0003,EVT0003-FC02,48.0,1,2026-01-14T22:10:05Z,36.792715,18.991935
EVT0003,EVT0003-FC02,48.0,1,2026-01-14T22:10:05Z,36.418202,19.452514
EVT0003,EVT0003-FC02,48.0,1,2026-01-14T22:10:05Z,36.610097,19.461991
EVT0003,EVT0003-FC02,48.0,1,2026-01-14T22:10:05Z,36.83616,19.590695
EVT0003,EVT0003-FC02,48.0,1,2026-01-14T22:10:05Z,36.976692,19.794858
EVT0003,EVT0003-FC02,48.0,1,2026-01-14T22:10:05Z,36.934771,20.096617
EVT0003,EVT0003-FC02,48.0,1,2026-01-14T22:10:05Z,37.035161,19.161503
EVT0003,EVT0003-FC02,48.0,1,2026-01-14T22:10:05Z,36.732691,19.66276
EVT0003,EVT0003-FC02,48.0,1,2026-01-14T22:10:05Z,37.29023,20.450107
EVT0003,EVT0003-FC02,48.0,1,2026-01-14T22:10:05Z,36.604225,18.880866
EVT0003,EVT0003-FC02,48.0,1,2026-01-14T22:10:05Z,36.591413,20.577774
EVT0003,EVT0003-FC02,48.0,1,2026-01-14T22:10:05Z,36.952801,18.705541
EVT0003,EVT0003-FC02,48.0,1,2026-01-14T22:10:05Z,36.612467,19.095918
EVT0003,EVT0003-FC02,48.0,1,2026-01-14T22:10:05Z,37.261738,18.924631
EVT0003,EVT0003-FC02,72.0,1,2026-01-15T22:10:05Z,37.255501,20.166559
EVT0003,EVT0003-FC02,72.0,1,2026-01-15T22:10:05Z,37.384756,19.313705
EVT0003,EVT0003-FC02,72.0,1,2026-01-15T22:10:05Z,37.432402,19.56143
EVT0003,EVT0003-FC02,72.0,1,2026-01-15T22:10:05Z,37.47835,19.460686
EVT0003,EVT0003-FC02,72.0,1,2026-01-15T22:10:05Z,37.180301,19.368025
EVT0003,EVT0003-FC02,72.0,1,2026-01-15T22:10:05Z,37.027075,19.886086
EVT0003,EVT0003-FC02,72.0,1,2026-01-15T22:10:05Z,36.981164,18.872264
EVT0003,EVT0003-FC02,72.0,1,2026-01-15T22:10:05Z,36.964899,18.799917
EVT0003,EVT0003-FC02,72.0,1,2026-01-15T22:10:05Z,36.918525,19.689945
EVT0003,EVT0003-FC02,72.0,1,2026-01-15T22:10:05Z,37.332995,18.89632
EVT0003,EVT0003-FC02,72.0,1,2026-01-15T22:10:05Z,37.252127,18.800739
EVT0003,EVT0003-FC02,72.0,1,2026-01-15T22:10:05Z,37.575486,19.179268
EVT0003,EVT0003-FC02,72.0,1,2026-01-15T22:10:05Z,37.086509,19.54268
EVT0003,EVT0003-FC02,72.0,1,2026-01-15T22:10:05Z,36.934143,20.102913
EVT0003,EVT0003-FC02,72.0,1,2026-01-15T22:10:05Z,37.54699,19.620151
EVT0003,EVT0003-FC02,72.0,1,2026-01-15T22:10:05Z,36.591156,18.937825
EVT0003,EVT0003-FC02,72.0,1,2026-01-15T22:10:05Z,36.290266,18.579638
EVT0003,EVT0003-FC02,72.0,1,2026-01-15T22:10:05Z,37.7464,19.539807
EVT0003,EVT0003-FC02,72.0,1,2026-01-15T22:10:05Z,37.345797,19.49954
EVT0003,EVT0003-FC02,72.0,1,2026-01-15T22:10:05Z,37.680654,19.28941
EVT0003,EVT0003-FC02,72.0,1,2026-01-15T22:10:05Z,36.423143,19.619229
EVT0003,EVT0003-FC02,72.0,1,2026-01-15T22:10:05Z,37.220723,18.969707
EVT0003,EVT0003-FC02,72.0,1,2026-01-15T22:10:05Z,36.135631,19.123459
EVT0003,EVT0003-FC02,72.0,1,2026-01-15T22:10:05Z,37.740766,19.973333
EVT0003,EVT0003-FC02,72.0,1,2026-01-15T22:10:05Z,37.026272,20.020121
EVT0003,EVT0003-FC02,72.0,1,2026-01-15T22:10:05Z,37.307658,18.983776
EVT0003,EVT0003-FC02,72.0,1,2026-01-15T22:10:05Z,37.084776,19.083713
EVT0003,EVT0003-FC02,72.0,1,2026-01-15T22:10:05Z,36.130457,19.185832
EVT0003,EVT0003-FC02,72.0,1,2026-01-15T22:10:05Z,37.75509,19.849192
EVT0003,EVT0003-FC02,72.0,1,2026-01-15T22:10:05Z,37.17953,18.503753
EVT0003,EVT0003-FC02,72.0,1,2026-01-15T22:10:05Z,37.336692,19.174335
EVT0003,EVT0003-FC02,72.0,1,2026-01-15T22:10:05Z,36.461955,17.933636
EVT0003,EVT0003-FC02,72.0,1,2026-01-15T22:10:05Z,37.70547,18.514225
EVT0003,EVT0003-FC02,72.0,1,2026-01-15T22:10:05Z,36.752825,18.706612
EVT0003,EVT0003-FC02,72.0,1,2026-01-15T22:10:05Z,37.1383,19.359067
EVT0003,EVT0003-FC02,72.0,1,2026-01-15T22:10:05Z,36.114081,19.752105
EVT0003,EVT0003-FC02,72.0,1,2026-01-15T22:10:05Z,37.58769,19.675958
EVT0003,EVT0003-FC02,72.0,1,2026-01-15T22:10:05Z,37.281885,19.606407
EVT0003,EVT0003-FC02,72.0,1,2026-01-15T22:10:05Z,37.082151,19.75369
EVT0003,EVT0003-FC02,72.0,1,2026-01-15T22:10:05Z,36.744536,18.047944
EVT0003,EVT0003-FC02,12.0,2,2026-01-13T10:10:05Z,36.204507,19.227241
EVT0003,EVT0003-FC02,12.0,2,2026-01-13T10:10:05Z,36.315703,18.868282
EVT0003,EVT0003-FC02,12.0,2,2026-01-13T10:10:05Z,36.328161,19.021898
EVT0003,EVT0003-FC02,12.0,2,2026-01-13T10:10:05Z,36.219679,19.230438
EVT0003,EVT0003-FC02,12.0,2,2026-01-13T10:10:05Z,36.183636,19.353014
EVT0003,EVT0003-FC02,12.0,2,2026-01-13T10:10:05Z,36.486239,18.913038
EVT0003,EVT0003-FC02,12.0,2,2026-01-13T10:10:05Z,36.290317,19.292426
EVT0003,EVT0003-FC02,12.0,2,2026-01-13T10:10:05Z,36.157792,18.749369
EVT0003,EVT0003-FC02,12.0,2,2026-01-13T10:10:05Z,36.378716,19.105292
EVT0003,EVT0003-FC02,12.0,2,2026-01-13T10:10:05Z,36.503596,19.496774
EVT0003,EVT0003-FC02,12.0,2,2026-01-13T10:10:05Z,36.180062,18.897585
EVT0003,EVT0003-FC02,12.0,2,2026-01-13T10:10:05Z,36.261623,19.019429
EVT0003,EVT0003-FC02,12.0,2,2026-01-13T10:10:05Z,36.351625,19.267723
EVT0003,EVT0003-FC02,12.0,2,2026-01-13T10:10:05Z,36.258223,19.179581
EVT0003,EVT0003-FC02,12.0,2,2026-01-13T10:10:05Z,36.387632,19.271007
EVT0003,EVT0003-FC02,12.0,2,2026-01-13T10:10:05Z,36.384474,19.255345
EVT0003,EVT0003-FC02,12.0,2,2026-01-13T10:10:05Z,36.391412,19.23922
EVT0003,EVT0003-FC02,12.0,2,2026-01-13T10:10:05Z,36.350682,18.775884
EVT0003,EVT0003-FC02,12.0,2,2026-01-13T10:10:05Z,36.146608,19.207513
EVT0003,EVT0003-FC02,12.0,2,2026-01-13T10:10:05Z,36.245377,19.222443
EVT0003,EVT0003-FC02,12.0,2,2026-01-13T10:10:05Z,36.380187,19.230292
EVT0003,EVT0003-FC02,12.0,2,2026-01-13T10:10:05Z,36.501498,19.296159
EVT0003,EVT0003-FC02,12.0,2,2026-01-13T10:10:05Z,36.291577,19.18671
EVT0003,EVT0003-FC02,12.0,2,2026-01-13T10:10:05Z,36.384493,19.153791
EVT0003,EVT0003-FC02,12.0,2,2026-01-13T10:10:05Z,36.380513,19.230371
EVT0003,EVT0003-FC02,12.0,2,2026-01-13T10:10:05Z,36.233268,19.090301
EVT0003,EVT0003-FC02,12.0,2,2026-01-13T10:10:05Z,36.423479,19.070789
EVT0003,EVT0003-FC02,12.0,2,2026-01-13T10:10:05Z,36.241367,19.162303
EVT0003,EVT0003-FC02,12.0,2,2026-01-13T10:10:05Z,36.130139,19.02879
EVT0003,EVT0003-FC02,12.0,2,2026-01-13T10:10:05Z,36.192427,19.215441
EVT0003,EVT0003-FC02,12.0,2,2026-01-13T10:10:05Z,36.125485,18.943583
EVT0003,EVT0003-FC02,12.0,2,2026-01-13T10:10:05Z,36.244085,19.292819
EVT0003,EVT0003-FC02,12.0,2,2026-01-13T10:10:05Z,36.229813,19.044314
EVT0003,EVT0003-FC02,12.0,2,2026-01-13T10:10:05Z,36.189426,19.086801
EVT0003,EVT0003-FC02,12.0,2,2026-01-13T10:10:05Z,36.347223,19.386997
EVT0003,EVT0003-FC02,12.0,2,2026-01-13T10:10:05Z,36.177542,19.088743
EVT0003,EVT0003-FC02,12.0,2,2026-01-13T10:10:05Z,36.314592,19.094856
EVT0003,EVT0003-FC02,12.0,2,2026-01-13T10:10:05Z,36.225826,19.230074
EVT0003,EVT0003-FC02,12.0,2,2026-01-13T10:10:05Z,36.926682,18.859767
EVT0003,EVT0003-FC02,12.0,2,2026-01-13T10:10:05Z,36.431965,19.341308
EVT0003,EVT0003-FC02,24.0,2,2026-01-13T22:10:05Z,36.531847,19.24497
EVT0003,EVT0003-FC02,24.0,2,2026-01-13T22:10:05Z,36.330001,19.800045
EVT0003,EVT0003-FC02,24.0,2,2026-01-13T22:10:05Z,36.362962,19.148403
EVT0003,EVT0003-FC02,24.0,2,2026-01-13T22:10:05Z,36.446259,19.084024
EVT0003,EVT0003-FC02,24.0,2,2026-01-13T22:10:05Z,36.373321,19.388974
EVT0003,EVT0003-FC02,24.0,2,2026-01-13T22:10:05Z,36.806321,19.362911
EVT0003,EVT0003-FC02,24.0,2,2026-01-13T22:10:05Z,36.140833,19.233105
EVT0003,EVT0003-FC02,24.0,2,2026-01-13T22:10:05Z,36.329963,19.328141
EVT0003,EVT0003-FC02,24.0,2,2026-01-13T22:10:05Z,36.637673,19.098623
EVT0003,EVT0003-FC02,24.0,2,2026-01-13T22:10:05Z,35.997767,18.329316
EVT0003,EVT0003-FC02,24.0,2,2026-01-13T22:10:05Z,36.707649,19.535821
EVT0003,EVT0003-FC02,24.0,2,2026-01-13T22:10:05Z,36.423804,19.28408
EVT0003,EVT0003-FC02,24.0,2,2026-01-13T22:10:05Z,36.393428,19.059538
EVT0003,EVT0003-FC02,24.0,2,2026-01-13T22:10:05Z,36.508507,19.066893
EVT0003,EVT0003-FC02,24.0,2,2026-01-13T22:10:05Z,36.237496,19.301032
EVT0003,EVT0003-FC02,24.0,2,2026-01-13T22:10:05Z,36.68983,19.758742
EVT0003,EVT0003-FC02,24.0,2,2026-01-13T22:10:05Z,36.617375,19.247502
EVT0003,EVT0003-FC02,24.0,2,2026-01-13T22:10:05Z,36.769714,19.283577
EVT0003,EVT0003-FC02,24.0,2,2026-01-13T22:10:05Z,36.427172,19.425508
EVT0003,EVT0003-FC02,24.0,2,2026-01-13T22:10:05Z,36.10483,19.172815
EVT0003,EVT0003-FC02,24.0,2,2026-01-13T22:10:05Z,36.706728,19.883366
EVT0003,EVT0003-FC02,24.0,2,2026-01-13T22:10:05Z,36.777548,19.518064
EVT0003,EVT0003-FC02,24.0,2,2026-01-13T22:10:05Z,36.850096,19.640997
EVT0003,EVT0003-FC02,24.0,2,2026-01-13T22:10:05Z,36.533158,19.435849
EVT0003,EVT0003-FC02,24.0,2,2026-01-13T22:10:05Z,36.067453,19.227929
EVT0003,EVT0003-FC02,24.0,2,2026-01-13T22:10:05Z,36.392513,19.325006
EVT0003,EVT0003-FC02,24.0,2,2026-01-13T22:10:05Z,36.399665,19.3039
EVT0003,EVT0003-FC02,24.0,2,2026-01-13T22:10:05Z,35.941036,18.941442
EVT0003,EVT0003-FC02,24.0,2,2026-01-13T22:10:05Z,36.422548,19.166759
EVT0003,EVT0003-FC02,24.0,2,2026-01-13T22:10:05Z,36.524042,19.279041
EVT0003,EVT0003-FC02,24.0,2,2026-01-13T22:10:05Z,36.393835,19.207066
EVT0003,EVT0003-FC02,24.0,2,2026-01-13T22:10:05Z,36.341319,19.208151
EVT0003,EVT0003-FC02,24.0,2,2026-01-13T22:10:05Z,36.632839,19.039662
EVT0003,EVT0003-FC02,24.0,2,2026-01-13T22:10:05Z,36.389536,19.084025
EVT0003,EVT0003-FC02,24.0,2,2026-01-13T22:10:05Z,36.475337,19.535821
EVT0003,EVT0003-FC02,24.0,2,2026-01-13T22:10:05Z,36.477026,19.783289
EVT0003,EVT0003-FC02,24.0,2,2026-01-13T22:10:05Z,36.745017,19.460656
EVT0003,EVT0003-FC02,24.0,2,2026-01-13T22:10:05Z,36.384143,19.379786
EVT0003,EVT0003-FC02,24.0,2,2026-01-13T22:10:05Z,36.386411,19.286609
EVT0003,EVT0003-FC02,24.0,2,2026-01-13T22:10:05Z,36.489257,19.730728
EVT0003,EVT0003-FC02,48.0,2,2026-01-14T22:10:05Z,37.059776,18.590028
EVT0003,EVT0003-FC02,48.0,2,2026-01-14T22:10:05Z,36.709354,19.360392
EVT0003,EVT0003-FC02,48.0,2,2026-01-14T22:10:05Z,36.354025,19.999896
EVT0003,EVT0003-FC02,48.0,2,2026-01-14T22:10:05Z,37.112911,19.003995
EVT0003,EVT0003-FC02,48.0,2,2026-01-14T22:10:05Z,36.722728,19.631384
EVT0003,EVT0003-FC02,48.0,2,2026-01-14T22:10:05Z,36.453642,19.62678
EVT0003,EVT0003-FC02,48.0,2,2026-01-14T22:10:05Z,36.616139,19.362622
EVT0003,EVT0003-FC02,48.0,2,2026-01-14T22:10:05Z,36.614283,19.027673
EVT0003,EVT0003-FC02,48.0,2,2026-01-14T22:10:05Z,36.583661,19.133288
EVT0003,EVT0003-FC02,48.0,2,2026-01-14T22:10:05Z,36.580905,19.494512
EVT0003,EVT0003-FC02,48.0,2,2026-01-14T22:10:05Z,37.130779,19.259466
EVT0003,EVT0003-FC02,48.0,2,2026-01-14T22:10:05Z,36.622778,18.776262
EVT0003,EVT0003-FC02,48.0,2,2026-01-14T22:10:05Z,36.517665,18.97965
EVT0003,EVT0003-FC02,48.0,2,2026-01-14T22:10:05Z,36.079169,18.969122
EVT0003,EVT0003-FC02,48.0,2,2026-01-14T22:10:05Z,36.318346,19.793529
EVT0003,EVT0003-FC02,48.0,2,2026-01-14T22:10:05Z,36.865002,19.836746
EVT0003,EVT0003-FC02,48.0,2,2026-01-14T22:10:05Z,36.343436,19.357448
EVT0003,EVT0003-FC02,48.0,2,2026-01-14T22:10:05Z,36.423442,19.132392
EVT0003,EVT0003-FC02,48.0,2,2026-01-14T22:10:05Z,36.973338,19.291345
EVT0003,EVT0003-FC02,48.0,2,2026-01-14T22:10:05Z,36.454994,19.962143
EVT0003,EVT0003-FC02,48.0,2,2026-01-14T22:10:05Z,36.190085,19.872626
EVT0003,EVT0003-FC02,48.0,2,2026-01-14T22:10:05Z,36.77871,19.491112
EVT0003,EVT0003-FC02,48.0,2,2026-01-14T22:10:05Z,37.254199,19.24093
EVT0003,EVT0003-FC02,48.0,2,2026-01-14T22:10:05Z,36.445545,19.185234
EVT0003,EVT0003-FC02,48.0,2,2026-01-14T22:10:05Z,36.54958,19.139518
EVT0003,EVT0003-FC02,48.0,2,2026-01-14T22:10:05Z,36.833171,19.542954
EVT0003,EVT0003-FC02,48.0,2,2026-01-14T22:10:05Z,36.816134,19.290324
EVT0003,EVT0003-FC02,48.0,2,2026-01-14T22:10:05Z,36.904952,19.881607
EVT0003,EVT0003-FC02,48.0,2,2026-01-14T22:10:05Z,37.347384,19.11961
EVT0003,EVT0003-FC02,48.0,2,2026-01-14T22:10:05Z,36.819928,20.011341
EVT0003,EVT0003-FC02,48.0,2,2026-01-14T22:10:05Z,37.061659,18.573046
EVT0003,EVT0003-FC02,48.0,2,2026-01-14T22:10:05Z,36.772034,19.093094
EVT0003,EVT0003-FC02,48.0,2,2026-01-14T22:10:05Z,36.849369,18.986834
EVT0003,EVT0003-FC02,48.0,2,2026-01-14T22:10:05Z,36.808376,18.617523
EVT0003,EVT0003-FC02,48.0,2,2026-01-14T22:10:05Z,36.224005,19.98317
EVT0003,EVT0003-FC02,48.0,2,2026-01-14T22:10:05Z,37.199236,19.097376
EVT0003,EVT0003-FC02,48.0,2,2026-01-14T22:10:05Z,37.334584,18.88019
EVT0003,EVT0003-FC02,48.0,2,2026-01-14T22:10:05Z,36.976494,19.920782
EVT0003,EVT0003-FC02,48.0,2,2026-01-14T22:10:05Z,36.731789,18.864502
EVT0003,EVT0003-FC02,48.0,2,2026-01-14T22:10:05Z,37.162034,18.520526
EVT0003,EVT0003-FC02,72.0,2,2026-01-15T22:10:05Z,37.237884,18.870809
EVT0003,EVT0003-FC02,72.0,2,2026-01-15T22:10:05Z,36.337856,20.013409
EVT0003,EVT0003-FC02,72.0,2,2026-01-15T22:10:05Z,37.26293,18.756378
EVT0003,EVT0003-FC02,72.0,2,2026-01-15T22:10:05Z,37.037987,18.914052
EVT0003,EVT0003-FC02,72.0,2,2026-01-15T22:10:05Z,36.889528,19.739689
EVT0003,EVT0003-FC02,72.0,2,2026-01-15T22:10:05Z,36.692272,19.681129
EVT0003,EVT0003-FC02,72.0,2,2026-01-15T22:10:05Z,36.858365,19.553184
EVT0003,EVT0003-FC02,72.0,2,2026-01-15T22:10:05Z,37.48339,19.56597
EVT0003,EVT0003-FC02,72.0,2,2026-01-15T22:10:05Z,36.311264,19.558028
EVT0003,EVT0003-FC02,72.0,2,2026-01-15T22:10:05Z,37.052498,19.03044
EVT0003,EVT0003-FC02,72.0,2,2026-01-15T22:10:05Z,36.769222,18.080672
EVT0003,EVT0003-FC02,72.0,2,2026-01-15T22:10:05Z,36.606864,20.377372
EVT0003,EVT0003-FC02,72.0,2,2026-01-15T22:10:05Z,36.606404,18.960689
EVT0003,EVT0003-FC02,72.0,2,2026-01-15T22:10:05Z,36.9619,18.968527
EVT0003,EVT0003-FC02,72.0,2,2026-01-15T22:10:05Z,36.218159,18.311695
EVT0003,EVT0003-FC02,72.0,2,2026-01-15T22:10:05Z,36.936094,20.089824
EVT0003,EVT0003-FC02,72.0,2,2026-01-15T22:10:05Z,37.112149,19.766684
EVT0003,EVT0003-FC02,72.0,2,2026-01-15T22:10:05Z,37.257446,18.98318
EVT0003,EVT0003-FC02,72.0,2,2026-01-15T22:10:05Z,36.773925,19.059345
EVT0003,EVT0003-FC02,72.0,2,2026-01-15T22:10:05Z,37.339494,19.161022
EVT0003,EVT0003-FC02,72.0,2,2026-01-15T22:10:05Z,37.704956,18.450592
EVT0003,EVT0003-FC02,72.0,2,2026-01-15T22:10:05Z,37.981153,19.09951
EVT0003,EVT0003-FC02,72.0,2,2026-01-15T22:10:05Z,37.297797,19.046114
EVT0003,EVT0003-FC02,72.0,2,2026-01-15T22:10:05Z,37.281963,18.819916
EVT0003,EVT0003-FC02,72.0,2,2026-01-15T22:10:05Z,37.666377,18.413808
EVT0003,EVT0003-FC02,72.0,2,2026-01-15T22:10:05Z,36.99521,18.659565
EVT0003,EVT0003-FC02,72.0,2,2026-01-15T22:10:05Z,37.118433,20.027117
EVT0003,EVT0003-FC02,72.0,2,2026-01-15T22:10:05Z,36.419057,18.72525
EVT0003,EVT0003-FC02,72.0,2,2026-01-15T22:10:05Z,36.980211,18.968502
EVT0003,EVT0003-FC02,72.0,2,2026-01-15T22:10:05Z,37.496346,19.50545
EVT0003,EVT0003-FC02,72.0,2,2026-01-15T22:10:05Z,36.567222,19.439684
EVT0003,EVT0003-FC02,72.0,2,2026-01-15T22:10:05Z,36.865166,19.051068
EVT0003,EVT0003-FC02,72.0,2,2026-01-15T22:10:05Z,36.307937,20.414874
EVT0003,EVT0003-FC02,72.0,2,2026-01-15T22:10:05Z,36.660967,18.765825
EVT0003,EVT0003-FC02,72.0,2,2026-01-15T22:10:05Z,38.476702,19.302133
EVT0003,EVT0003-FC02,72.0,2,2026-01-15T22:10:05Z,36.752806,19.245997
EVT0003,EVT0003-FC02,72.0,2,2026-01-15T22:10:05Z,37.468797,19.985707
EVT0003,EVT0003-FC02,72.0,2,2026-01-15T22:10:05Z,37.778397,18.347658
EVT0003,EVT0003-FC02,72.0,2,2026-01-15T22:10:05Z,36.860432,19.940614
EVT0003,EVT0003-FC02,72.0,2,2026-01-15T22:10:05Z,37.475524,17.839349
EVT0003,EVT0003-FC02,12.0,3,2026-01-13T10:10:05Z,36.41895,19.084169
EVT0003,EVT0003-FC02,12.0,3,2026-01-13T10:10:05Z,36.347486,19.341234
EVT0003,EVT0003-FC02,12.0,3,2026-01-13T10:10:05Z,36.136827,19.119534
EVT0003,EVT0003-FC02,12.0,3,2026-01-13T10:10:05Z,36.31392,19.096384
EVT0003,EVT0003-FC02,12.0,3,2026-01-13T10:10:05Z,36.358317,19.478121
EVT0003,EVT0003-FC02,12.0,3,2026-01-13T10:10:05Z,36.2152,19.025571
EVT0003,EVT0003-FC02,12.0,3,2026-01-13T10:10:05Z,36.308668,19.299173
EVT0003,EVT0003-FC02,12.0,3,2026-01-13T10:10:05Z,36.321545,19.156544
EVT0003,EVT0003-FC02,12.0,3,2026-01-13T10:10:05Z,36.174927,19.241214
EVT0003,EVT0003-FC02,12.0,3,2026-01-13T10:10:05Z,36.175628,19.117884
EVT0003,EVT0003-FC02,12.0,3,2026-01-13T10:10:05Z,36.44002,19.446952
EVT0003,EVT0003-FC02,12.0,3,2026-01-13T10:10:05Z,36.344214,19.089145
EVT0003,EVT0003-FC02,12.0,3,2026-01-13T10:10:05Z,36.369604,18.988446
EVT0003,EVT0003-FC02,12.0,3,2026-01-13T10:10:05Z,36.286406,19.207934
EVT0003,EVT0003-FC02,12.0,3,2026-01-13T10:10:05Z,36.268935,19.240881
EVT0003,EVT0003-FC02,12.0,3,2026-01-13T10:10:05Z,36.405123,19.321525
EVT0003,EVT0003-FC02,12.0,3,2026-01-13T10:10:05Z,36.443658,19.40964
EVT0003,EVT0003-FC02,12.0,3,2026-01-13T10:10:05Z,36.465054,19.333532
EVT0003,EVT0003-FC02,12.0,3,2026-01-13T10:10:05Z,36.439128,19.152501
EVT0003,EVT0003-FC02,12.0,3,2026-01-13T10:10:05Z,36.355416,19.108196
EVT0003,EVT0003-FC02,12.0,3,2026-01-13T10:10:05Z,36.369031,19.555344
EVT0003,EVT0003-FC02,12.0,3,2026-01-13T10:10:05Z,36.40586,19.317087
EVT0003,EVT0003-FC02,12.0,3,2026-01-13T10:10:05Z,36.329482,19.271258
EVT0003,EVT0003-FC02,12.0,3,2026-01-13T10:10:05Z,36.327356,19.27081
EVT0003,EVT0003-FC02,12.0,3,2026-01-13T10:10:05Z,36.226197,19.048707
EVT0003,EVT0003-FC02,12.0,3,2026-01-13T10:10:05Z,36.195278,19.312945
EVT0003,EVT0003-FC02,12.0,3,2026-01-13T10:10:05Z,36.361591,19.412034
EVT0003,EVT0003-FC02,12.0,3,2026-01-13T10:10:05Z,36.308261,18.996615
EVT0003,EVT0003-FC02,12.0,3,2026-01-13T10:10:05Z,36.09339,19.583935
EVT0003,EVT0003-FC02,12.0,3,2026-01-13T10:10:05Z,36.113064,19.268925
EVT0003,EVT0003-FC02,12.0,3,2026-01-13T10:10:05Z,36.01119,19.452654
EVT0003,EVT0003-FC02,12.0,3,2026-01-13T10:10:05Z,36.250159,19.177931
EVT0003,EVT0003-FC02,12.0,3,2026-01-13T10:10:05Z,36.172597,19.211092
EVT0003,EVT0003-FC02,12.0,3,2026-01-13T10:10:05Z,35.908727,19.306767
EVT0003,EVT0003-FC02,12.0,3,2026-01-13T10:10:05Z,36.12202,18.937959
EVT0003,EVT0003-FC02,12.0,3,2026-01-13T10:10:05Z,36.424031,19.1352
EVT0003,EVT0003-FC02,12.0,3,2026-01-13T10:10:05Z,36.3462,19.289523
EVT0003,EVT0003-FC02,12.0,3,2026-01-13T10:10:05Z,36.521319,19.224209
EVT0003,EVT0003-FC02,12.0,3,2026-01-13T10:10:05Z,36.115774,19.239993
EVT0003,EVT0003-FC02,12.0,3,2026-01-13T10:10:05Z,36.138692,19.074242
EVT0003,EVT0003-FC02,24.0,3,2026-01-13T22:10:05Z,36.208313,19.194951
EVT0003,EVT0003-FC02,24.0,3,2026-01-13T22:10:05Z,35.984449,18.992391
EVT0003,EVT0003-FC02,24.0,3,2026-01-13T22:10:05Z,36.693323,19.762028
EVT0003,EVT0003-FC02,24.0,3,2026-01-13T22:10:05Z,36.526638,19.433174
EVT0003,EVT0003-FC02,24.0,3,2026-01-13T22:10:05Z,36.724344,19.521339
EVT0003,EVT0003-FC02,24.0,3,2026-01-13T22:10:05Z,36.376329,19.410368
EVT0003,EVT0003-FC02,24.0,3,2026-01-13T22:10:05Z,36.625074,19.452371
EVT0003,EVT0003-FC02,24.0,3,2026-01-13T22:10:05Z,36.423583,19.357013
EVT0003,EVT0003-FC02,24.0,3,2026-01-13T22:10:05Z,36.444765,19.741686
EVT0003,EVT0003-FC02,24.0,3,2026-01-13T22:10:05Z,36.388205,19.10854
EVT0003,EVT0003-FC02,24.0,3,2026-01-13T22:10:05Z,36.57216,19.38432
EVT0003,EVT0003-FC02,24.0,3,2026-01-13T22:10:05Z,36.233687,18.251216
EVT0003,EVT0003-FC02,24.0,3,2026-01-13T22:10:05Z,36.403234,19.677636
EVT0003,EVT0003-FC02,24.0,3,2026-01-13T22:10:05Z,36.350529,19.073351
EVT0003,EVT0003-FC02,24.0,3,2026-01-13T22:10:05Z,36.360802,19.204247
EVT0003,EVT0003-FC02,24.0,3,2026-01-13T22:10:05Z,36.516056,19.428625
EVT0003,EVT0003-FC02,24.0,3,2026-01-13T22:10:05Z,36.551595,19.608694
EVT0003,EVT0003-FC02,24.0,3,2026-01-13T22:10:05Z,36.438267,19.265201
EVT0003,EVT0003-FC02,24.0,3,2026-01-13T22:10:05Z,36.584074,19.210284
EVT0003,EVT0003-FC02,24.0,3,2026-01-13T22:10:05Z,36.842139,19.67081
EVT0003,EVT0003-FC02,24.0,3,2026-01-13T22:10:05Z,36.496445,19.230764
EVT0003,EVT0003-FC02,24.0,3,2026-01-13T22:10:05Z,36.217285,19.067006
EVT0003,EVT0003-FC02,24.0,3,2026-01-13T22:10:05Z,36.410408,19.181691
EVT0003,EVT0003-FC02,24.0,3,2026-01-13T22:10:05Z,36.452562,19.304649
EVT0003,EVT0003-FC02,24.0,3,2026-01-13T22:10:05Z,36.310136,19.194483
EVT0003,EVT0003-FC02,24.0,3,2026-01-13T22:10:05Z,36.40392,19.417234
EVT0003,EVT0003-FC02,24.0,3,2026-01-13T22:10:05Z,36.550763,19.739636
EVT0003,EVT0003-FC02,24.0,3,2026-01-13T22:10:05Z,36.334379,19.278432
EVT0003,EVT0003-FC02,24.0,3,2026-01-13T22:10:05Z,36.4334,19.295475
EVT0003,EVT0003-FC02,24.0,3,2026-01-13T22:10:05Z,36.518133,19.302402
EVT0003,EVT0003-FC02,24.0,3,2026-01-13T22:10:05Z,36.637485,19.358953
EVT0003,EVT0003-FC02,24.0,3,2026-01-13T22:10:05Z,36.428085,18.916413
EVT0003,EVT0003-FC02,24.0,3,2026-01-13T22:10:05Z,36.415567,18.994296
EVT0003,EVT0003-FC02,24.0,3,2026-01-13T22:10:05Z,36.676163,19.345314
EVT0003,EVT0003-FC02,24.0,3,2026-01-13T22:10:05Z,36.23853,19.422301
EVT0003,EVT0003-FC02,24.0,3,2026-01-13T22:10:05Z,36.509455,19.275769
EVT0003,EVT0003-FC02,24.0,3,2026-01-13T22:10:05Z,36.079474,18.410632
EVT0003,EVT0003-FC02,24.0,3,2026-01-13T22:10:05Z,36.681743,19.874988
EVT0003,EVT0003-FC02,24.0,3,2026-01-13T22:10:05Z,36.6165,19.489254
EVT0003,EVT0003-FC02,24.0,3,2026-01-13T22:10:05Z,36.482659,19.273171
EVT0003,EVT0003-FC02,48.0,3,2026-01-14T22:10:05Z,36.034496,19.278332
EVT0003,EVT0003-FC02,48.0,3,2026-01-14T22:10:05Z,36.652225,18.783527
EVT0003,EVT0003-FC02,48.0,3,2026-01-14T22:10:05Z,37.06715,18.437296
EVT0003,EVT0003-FC02,48.0,3,2026-01-14T22:10:05Z,36.308336,20.434541
EVT0003,EVT0003-FC02,48.0,3,2026-01-14T22:10:05Z,37.15407,20.198708
EVT0003,EVT0003-FC02,48.0,3,2026-01-14T22:10:05Z,36.937272,19.734261
EVT0003,EVT0003-FC02,48.0,3,2026-01-14T22:10:05Z,36.948275,19.963678
EVT0003,EVT0003-FC02,48.0,3,2026-01-14T22:10:05Z,36.734493,19.630048
EVT0003,EVT0003-FC02,48.0,3,2026-01-14T22:10:05Z,36.199597,19.161231
EVT0003,EVT0003-FC02,48.0,3,2026-01-14T22:10:05Z,36.877464,19.748443
EVT0003,EVT0003-FC02,48.0,3,2026-01-14T22:10:05Z,36.373356,19.125612
EVT0003,EVT0003-FC02,48.0,3,2026-01-14T22:10:05Z,36.57676,19.077749
EVT0003,EVT0003-FC02,48.0,3,2026-01-14T22:10:05Z,36.581448,18.684474
EVT0003,EVT0003-FC02,48.0,3,2026-01-14T22:10:05Z,36.954852,19.665399
EVT0003,EVT0003-FC02,48.0,3,2026-01-14T22:10:05Z,36.812677,19.584693
EVT0003,EVT0003-FC02,48.0,3,2026-01-14T22:10:05Z,36.669284,19.449402
EVT0003,EVT0003-FC02,48.0,3,2026-01-14T22:10:05Z,37.279798,18.726931
EVT0003,EVT0003-FC02,48.0,3,2026-01-14T22:10:05Z,36.473754,19.147479
EVT0003,EVT0003-FC02,48.0,3,2026-01-14T22:10:05Z,36.978841,19.936917
EVT0003,EVT0003-FC02,48.0,3,2026-01-14T22:10:05Z,36.930757,19.813287
EVT0003,EVT0003-FC02,48.0,3,2026-01-14T22:10:05Z,37.117186,20.170708
EVT0003,EVT0003-FC02,48.0,3,2026-01-14T22:10:05Z,36.86026,19.799898
EVT0003,EVT0003-FC02,48.0,3,2026-01-14T22:10:05Z,37.121143,19.720288
EVT0003,EVT0003-FC02,48.0,3,2026-01-14T22:10:05Z,36.334694,19.10526
EVT0003,EVT0003-FC02,48.0,3,2026-01-14T22:10:05Z,36.935123,20.11022
EVT0003,EVT0003-FC02,48.0,3,2026-01-14T22:10:05Z,36.713593,19.072459
EVT0003,EVT0003-FC02,48.0,3,2026-01-14T22:10:05Z,36.620488,19.475193
EVT0003,EVT0003-FC02,48.0,3,2026-01-14T22:10:05Z,36.655416,19.572819
EVT0003,EVT0003-FC02,48.0,3,2026-01-14T22:10:05Z,36.78762,19.717544
EVT0003,EVT0003-FC02,48.0,3,2026-01-14T22:10:05Z,36.757078,19.346676
EVT0003,EVT0003-FC02,48.0,3,2026-01-14T22:10:05Z,36.659266,19.167154
EVT0003,EVT0003-FC02,48.0,3,2026-01-14T22:10:05Z,36.617601,19.463016
EVT0003,EVT0003-FC02,48.0,3,2026-01-14T22:10:05Z,36.835522,19.622821
EVT0003,EVT0003-FC02,48.0,3,2026-01-14T22:10:05Z,36.652434,19.31097
EVT0003,EVT0003-FC02,48.0,3,2026-01-14T22:10:05Z,37.191531,18.633074
EVT0003,EVT0003-FC02,48.0,3,2026-01-14T22:10:05Z,36.865513,19.652026
EVT0003,EVT0003-FC02,48.0,3,2026-01-14T22:10:05Z,36.526077,19.362634
EVT0003,EVT0003-FC02,48.0,3,2026-01-14T22:10:05Z,36.710901,20.094232
EVT0003,EVT0003-FC02,48.0,3,2026-01-14T22:10:05Z,36.608939,19.446014
EVT0003,EVT0003-FC02,48.0,3,2026-01-14T22:10:05Z,36.243273,19.883298
EVT0003,EVT0003-FC02,72.0,3,2026-01-15T22:10:05Z,37.357038,19.394722
EVT0003,EVT0003-FC02,72.0,3,2026-01-15T22:10:05Z,36.474714,19.666466
EVT0003,EVT0003-FC02,72.0,3,2026-01-15T22:10:05Z,37.16848,19.634813
EVT0003,EVT0003-FC02,72.0,3,2026-01-15T22:10:05Z,37.06093,18.751681
EVT0003,EVT0003-FC02,72.0,3,2026-01-15T22:10:05Z,37.068176,20.006022
EVT0003,EVT0003-FC02,72.0,3,2026-01-15T22:10:05Z,36.984133,19.966802
EVT0003,EVT0003-FC02,72.0,3,2026-01-15T22:10:05Z,36.981742,18.645867
EVT0003,EVT0003-FC02,72.0,3,2026-01-15T22:10:05Z,37.346869,19.149893
EVT0003,EVT0003-FC02,72.0,3,2026-01-15T22:10:05Z,36.32197,19.572068
EVT0003,EVT0003-FC02,72.0,3,2026-01-15T22:10:05Z,36.741265,19.224563
EVT0003,EVT0003-FC02,72.0,3,2026-01-15T22:10:05Z,37.151533,18.92058
EVT0003,EVT0003-FC02,72.0,3,2026-01-15T22:10:05Z,36.454817,19.305722
EVT0003,EVT0003-FC02,72.0,3,2026-01-15T22:10:05Z,36.813061,19.801135
EVT0003,EVT0003-FC02,72.0,3,2026-01-15T22:10:05Z,37.314381,19.164371
EVT0003,EVT0003-FC02,72.0,3,2026-01-15T22:10:05Z,37.069954,19.112341
EVT0003,EVT0003-FC02,72.0,3,2026-01-15T22:10:05Z,37.389015,19.232184
EVT0003,EVT0003-FC02,72.0,3,2026-01-15T22:10:05Z,36.723625,19.203878
EVT0003,EVT0003-FC02,72.0,3,2026-01-15T22:10:05Z,36.904164,18.889433
EVT0003,EVT0003-FC02,72.0,3,2026-01-15T22:10:05Z,37.503458,18.338968
EVT0003,EVT0003-FC02,72.0,3,2026-01-15T22:10:05Z,36.824137,19.465835
EVT0003,EVT0003-FC02,72.0,3,2026-01-15T22:10:05Z,36.592398,18.596506
EVT0003,EVT0003-FC02,72.0,3,2026-01-15T22:10:05Z,37.496482,19.547536
EVT0003,EVT0003-FC02,72.0,3,2026-01-15T22:10:05Z,36.821762,18.902686
EVT0003,EVT0003-FC02,72.0,3,2026-01-15T22:10:05Z,37.022245,18.713269
EVT0003,EVT0003-FC02,72.0,3,2026-01-15T22:10:05Z,37.237693,18.258382
EVT0003,EVT0003-FC02,72.0,3,2026-01-15T22:10:05Z,36.743988,18.787939
EVT0003,EVT0003-FC02,72.0,3,2026-01-15T22:10:05Z,37.120795,18.095678
EVT0003,EVT0003-FC02,72.0,3,2026-01-15T22:10:05Z,36.946569,19.046719
EVT0003,EVT0003-FC02,72.0,3,2026-01-15T22:10:05Z,36.994535,18.714527
EVT0003,EVT0003-FC02,72.0,3,2026-01-15T22:10:05Z,37.303205,17.377065
EVT0003,EVT0003-FC02,72.0,3,2026-01-15T22:10:05Z,37.55829,19.418244
EVT0003,EVT0003-FC02,72.0,3,2026-01-15T22:10:05Z,36.889789,19.231416
EVT0003,EVT0003-FC02,72.0,3,2026-01-15T22:10:05Z,36.407959,19.487352
EVT0003,EVT0003-FC02,72.0,3,2026-01-15T22:10:05Z,37.181823,20.088071
EVT0003,EVT0003-FC02,72.0,3,2026-01-15T22:10:05Z,36.874935,18.978213
EVT0003,EVT0003-FC02,72.0,3,2026-01-15T22:10:05Z,37.451945,18.414594
EVT0003,EVT0003-FC02,72.0,3,2026-01-15T22:10:05Z,37.321032,18.939038
EVT0003,EVT0003-FC02,72.0,3,2026-01-15T22:10:05Z,37.006993,19.490629
EVT0003,EVT0003-FC02,72.0,3,2026-01-15T22:10:05Z,36.753186,18.044739
EVT0003,EVT0003-FC02,72.0,3,2026-01-15T22:10:05Z,36.789602,19.162848
EVT0003,EVT0003-FC02,12.0,4,2026-01-13T10:10:05Z,36.29501,19.063527
EVT0003,EVT0003-FC02,12.0,4,2026-01-13T10:10:05Z,36.336492,19.247693
EVT0003,EVT0003-FC02,12.0,4,2026-01-13T10:10:05Z,36.306749,19.064944
EVT0003,EVT0003-FC02,12.0,4,2026-01-13T10:10:05Z,36.470424,19.44902
EVT0003,EVT0003-FC02,12.0,4,2026-01-13T10:10:05Z,36.314394,18.953778
EVT0003,EVT0003-FC02,12.0,4,2026-01-13T10:10:05Z,36.24168,19.000065
EVT0003,EVT0003-FC02,12.0,4,2026-01-13T10:10:05Z,36.318386,19.290605
EVT0003,EVT0003-FC02,12.0,4,2026-01-13T10:10:05Z,36.429075,19.365362
EVT0003,EVT0003-FC02,12.0,4,2026-01-13T10:10:05Z,36.259255,18.964664
EVT0003,EVT0003-FC02,12.0,4,2026-01-13T10:10:05Z,36.333887,18.945717
EVT0003,EVT0003-FC02,12.0,4,2026-01-13T10:10:05Z,36.426141,19.608926
EVT0003,EVT0003-FC02,12.0,4,2026-01-13T10:10:05Z,36.287371,19.385521
EVT0003,EVT0003-FC02,12.0,4,2026-01-13T10:10:05Z,36.522705,19.201028
EVT0003,EVT0003-FC02,12.0,4,2026-01-13T10:10:05Z,36.324977,19.037933
EVT0003,EVT0003-FC02,12.0,4,2026-01-13T10:10:05Z,36.376879,19.146164
EVT0003,EVT0003-FC02,12.0,4,2026-01-13T10:10:05Z,36.129313,19.2004
EVT0003,EVT0003-FC02,12.0,4,2026-01-13T10:10:05Z,36.371909,19.002897
EVT0003,EVT0003-FC02,12.0,4,2026-01-13T10:10:05Z,36.3603,19.328042
EVT0003,EVT0003-FC02,12.0,4,2026-01-13T10:10:05Z,36.326309,19.239156
EVT0003,EVT0003-FC02,12.0,4,2026-01-13T10:10:05Z,36.380958,19.324353
EVT0003,EVT0003-FC02,12.0,4,2026-01-13T10:10:05Z,36.353616,19.060655
EVT0003,EVT0003-FC02,12.0,4,2026-01-13T10:10:05Z,36.083715,19.257845
EVT0003,EVT0003-FC02,12.0,4,2026-01-13T10:10:05Z,36.264359,19.000667
EVT0003,EVT0003-FC02,12.0,4,2026-01-13T10:10:05Z,36.312538,19.289773
EVT0003,EVT0003-FC02,12.0,4,2026-01-13T10:10:05Z,36.276307,19.327922
EVT0003,EVT0003-FC02,12.0,4,2026-01-13T10:10:05Z,36.478533,18.924167
EVT0003,EVT0003-FC02,12.0,4,2026-01-13T10:10:05Z,36.228073,19.189864
EVT0003,EVT0003-FC02,12.0,4,2026-01-13T10:10:05Z,36.461374,19.40967
EVT0003,EVT0003-FC02,12.0,4,2026-01-13T10:10:05Z,36.371555,19.297106
EVT0003,EVT0003-FC02,12.0,4,2026-01-13T10:10:05Z,36.243718,19.249394
EVT0003,EVT0003-FC02,12.0,4,2026-01-13T10:10:05Z,36.415685,19.106676
EVT0003,EVT0003-FC02,12.0,4,2026-01-13T10:10:05Z,36.415948,19.209355
EVT0003,EVT0003-FC02,12.0,4,2026-01-13T10:10:05Z,36.387943,19.457167
EVT0003,EVT0003-FC02,12.0,4,2026-01-13T10:10:05Z,36.248918,19.006526
EVT0003,EVT0003-FC02,12.0,4,2026-01-13T10:10:05Z,36.34468,18.9291
EVT0003,EVT0003-FC02,12.0,4,2026-01-13T10:10:05Z,36.002422,19.105135
EVT0003,EVT0003-FC02,12.0,4,2026-01-13T10:10:05Z,36.215376,19.045655
EVT0003,EVT0003-FC02,12.0,4,2026-01-13T10:10:05Z,36.269214,19.014991
EVT0003,EVT0003-FC02,12.0,4,2026-01-13T10:10:05Z,36.061635,19.149768
EVT0003,EVT0003-FC02,12.0,4,2026-01-13T10:10:05Z,36.172241,18.866666
EVT0003,EVT0003-FC02,24.0,4,2026-01-13T22:10:05Z,36.359977,18.864304
EVT0003,EVT0003-FC02,24.0,4,2026-01-13T22:10:05Z,36.678277,19.66773
EVT0003,EVT0003-FC02,24.0,4,2026-01-13T22:10:05Z,36.667031,19.403121
EVT0003,EVT0003-FC02,24.0,4,2026-01-13T22:10:05Z,36.79045,19.428578
EVT0003,EVT0003-FC02,24.0,4,2026-01-13T22:10:05Z,36.540262,19.440608
EVT0003,EVT0003-FC02,24.0,4,2026-01-13T22:10:05Z,36.005442,18.953172
EVT0003,EVT0003-FC02,24.0,4,2026-01-13T22:10:05Z,36.49892,19.470798
EVT0003,EVT0003-FC02,24.0,4,2026-01-13T22:10:05Z,36.743678,19.586152
EVT0003,EVT0003-FC02,24.0,4,2026-01-13T22:10:05Z,36.366038,19.203854
EVT0003,EVT0003-FC02,24.0,4,2026-01-13T22:10:05Z,36.547534,20.148027
EVT0003,EVT0003-FC02,24.0,4,2026-01-13T22:10:05Z,36.527147,19.459706
EVT0003,EVT0003-FC02,24.0,4,2026-01-13T22:10:05Z,36.41005,19.15912
EVT0003,EVT0003-FC02,24.0,4,2026-01-13T22:10:05Z,36.442556,19.31357
EVT0003,EVT0003-FC02,24.0,4,2026-01-13T22:10:05Z,36.48315,19.532972
EVT0003,EVT0003-FC02,24.0,4,2026-01-13T22:10:05Z,36.656907,19.445044
EVT0003,EVT0003-FC02,24.0,4,2026-01-13T22:10:05Z,36.280442,19.257153
EVT0003,EVT0003-FC02,24.0,4,2026-01-13T22:10:05Z,36.398824,19.113894
EVT0003,EVT0003-FC02,24.0,4,2026-01-13T22:10:05Z,36.161542,19.578422
EVT0003,EVT0003-FC02,24.0,4,2026-01-13T22:10:05Z,36.3349,19.409241
EVT0003,EVT0003-FC02,24.0,4,2026-01-13T22:10:05Z,36.588187,19.398577
EVT0003,EVT0003-FC02,24.0,4,2026-01-13T22:10:05Z,36.454154,19.543
EVT0003,EVT0003-FC02,24.0,4,2026-01-13T22:10:05Z,36.639113,19.240821
EVT0003,EVT0003-FC02,24.0,4,2026-01-13T22:10:05Z,36.352399,19.134082
EVT0003,EVT0003-FC02,24.0,4,2026-01-13T22:10:05Z,36.691532,19.763673
EVT0003,EVT0003-FC02,24.0,4,2026-01-13T22:10:05Z,36.559106,19.453009
EVT0003,EVT0003-FC02,24.0,4,2026-01-13T22:10:05Z,36.721794,19.455407
EVT0003,EVT0003-FC02,24.0,4,2026-01-13T22:10:05Z,36.499464,19.693996
EVT0003,EVT0003-FC02,24.0,4,2026-01-13T22:10:05Z,36.501166,19.609567
EVT0003,EVT0003-FC02,24.0,4,2026-01-13T22:10:05Z,36.413285,19.308987
EVT0003,EVT0003-FC02,24.0,4,2026-01-13T22:10:05Z,36.26239,18.966851
EVT0003,EVT0003-FC02,24.0,4,2026-01-13T22:10:05Z,36.568421,19.40312
EVT0003,EVT0003-FC02,24.0,4,2026-01-13T22:10:05Z,36.452154,19.306593
EVT0003,EVT0003-FC02,24.0,4,2026-01-13T22:10:05Z,36.507739,19.489889
EVT0003,EVT0003-FC02,24.0,4,2026-01-13T22:10:05Z,36.278563,18.975061
EVT0003,EVT0003-FC02,24.0,4,2026-01-13T22:10:05Z,36.679787,19.541006
EVT0003,EVT0003-FC02,24.0,4,2026-01-13T22:10:05Z,36.64997,19.550163
EVT0003,EVT0003-FC02,24.0,4,2026-01-13T22:10:05Z,36.745775,19.422534
EVT0003,EVT0003-FC02,24.0,4,2026-01-13T22:10:05Z,36.620015,19.316828
EVT0003,EVT0003-FC02,24.0,4,2026-01-13T22:10:05Z,36.650427,19.377858
EVT0003,EVT0003-FC02,24.0,4,2026-01-13T22:10:05Z,36.542081,19.555764
EVT0003,EVT0003-FC02,48.0,4,2026-01-14T22:10:05Z,35.959371,19.271039
EVT0003,EVT0003-FC02,48.0,4,2026-01-14T22:10:05Z,36.860475,19.445223
EVT0003,EVT0003-FC02,48.0,4,2026-01-14T22:10:05Z,36.743453,19.31633
EVT0003,EVT0003-FC02,48.0,4,2026-01-14T22:10:05Z,36.679695,19.511723
EVT0003,EVT0003-FC02,48.0,4,2026-01-14T22:10:05Z,36.594472,19.59244
EVT0003,EVT0003-FC02,48.0,4,2026-01-14T22:10:05Z,37.112916,18.769466
EVT0003,EVT0003-FC02,48.0,4,2026-01-14T22:10:05Z,37.255499,18.820036
EVT0003,EVT0003-FC02,48.0,4,2026-01-14T22:10:05Z,36.593415,19.36201
EVT0003,EVT0003-FC02,48.0,4,2026-01-14T22:10:05Z,36.766031,19.978307
EVT0003,EVT0003-FC02,48.0,4,2026-01-14T22:10:05Z,36.50229,19.078879
EVT0003,EVT0003-FC02,48.0,4,2026-01-14T22:10:05Z,37.198252,19.722662
EVT0003,EVT0003-FC02,48.0,4,2026-01-14T22:10:05Z,36.548423,19.154647
EVT0003,EVT0003-FC02,48.0,4,2026-01-14T22:10:05Z,37.137587,20.093644
EVT0003,EVT0003-FC02,48.0,4,2026-01-14T22:10:05Z,36.576515,19.483146
EVT0003,EVT0003-FC02,48.0,4,2026-01-14T22:10:05Z,37.100902,19.882375
EVT0003,EVT0003-FC02,48.0,4,2026-01-14T22:10:05Z,37.027334,19.832211
EVT0003,EVT0003-FC02,48.0,4,2026-01-14T22:10:05Z,36.580705,18.980034
EVT0003,EVT0003-FC02,48.0,4,2026-01-14T22:10:05Z,36.670032,19.41451
EVT0003,EVT0003-FC02,48.0,4,2026-01-14T22:10:05Z,36.734467,19.311316
EVT0003,EVT0003-FC02,48.0,4,2026-01-14T22:10:05Z,36.704751,19.616976
EVT0003,EVT0003-FC02,48.0,4,2026-01-14T22:10:05Z,36.876608,19.798975
EVT0003,EVT0003-FC02,48.0,4,2026-01-14T22:10:05Z,36.670205,19.529792
EVT0003,EVT0003-FC02,48.0,4,2026-01-14T22:10:05Z,36.819797,19.546594
EVT0003,EVT0003-FC02,48.0,4,2026-01-14T22:10:05Z,36.329805,19.261165
EVT0003,EVT0003-FC02,48.0,4,2026-01-14T22:10:05Z,36.743616,18.532284
EVT0003,EVT0003-FC02,48.0,4,2026-01-14T22:10:05Z,36.309397,19.970741
EVT0003,EVT0003-FC02,48.0,4,2026-01-14T22:10:05Z,37.035024,19.856349
EVT0003,EVT0003-FC02,48.0,4,2026-01-14T22:10:05Z,36.691062,18.977116
EVT0003,EVT0003-FC02,48.0,4,2026-01-14T22:10:05Z,36.622707,19.494781
EVT0003,EVT0003-FC02,48.0,4,2026-01-14T22:10:05Z,36.572087,18.782694
EVT0003,EVT0003-FC02,48.0,4,2026-01-14T22:10:05Z,37.049265,19.994015
EVT0003,EVT0003-FC02,48.0,4,2026-01-14T22:10:05Z,37.115661,19.240882
EVT0003,EVT0003-FC02,48.0,4,2026-01-14T22:10:05Z,36.576519,19.257819
EVT0003,EVT0003-FC02,48.0,4,2026-01-14T22:10:05Z,36.412259,18.589678
EVT0003,EVT0003-FC02,48.0,4,2026-01-14T22:10:05Z,36.744504,19.764099
EVT0003,EVT0003-FC02,48.0,4,2026-01-14T22:10:05Z,36.879112,19.119748
EVT0003,EVT0003-FC02,48.0,4,2026-01-14T22:10:05Z,37.024507,20.165371
EVT0003,EVT0003-FC02,48.0,4,2026-01-14T22:10:05Z,37.04656,20.027722
EVT0003,EVT0003-FC02,48.0,4,2026-01-14T22:10:05Z,36.997272,19.903215
EVT0003,EVT0003-FC02,48.0,4,2026-01-14T22:10:05Z,36.759803,19.712523
EVT0003,EVT0003-FC02,72.0,4,2026-01-15T22:10:05Z,36.88306,18.880947
EVT0003,EVT0003-FC02,72.0,4,2026-01-15T22:10:05Z,37.121203,20.39185
EVT0003,EVT0003-FC02,72.0,4,2026-01-15T22:10:05Z,36.749134,18.809089
EVT0003,EVT0003-FC02,72.0,4,2026-01-15T22:10:05Z,36.894768,19.202056
EVT0003,EVT0003-FC02,72.0,4,2026-01-15T22:10:05Z,37.039749,19.798332
EVT0003,EVT0003-FC02,72.0,4,2026-01-15T22:10:05Z,36.81888,19.282496
EVT0003,EVT0003-FC02,72.0,4,2026-01-15T22:10:05Z,36.803504,19.459443
EVT0003,EVT0003-FC02,72.0,4,2026-01-15T22:10:05Z,36.544326,18.687519
EVT0003,EVT0003-FC02,72.0,4,2026-01-15T22:10:05Z,36.787356,18.610081
EVT0003,EVT0003-FC02,72.0,4,2026-01-15T22:10:05Z,36.913164,18.332013
EVT0003,EVT0003-FC02,72.0,4,2026-01-15T22:10:05Z,36.869783,19.365382
EVT0003,EVT0003-FC02,72.0,4,2026-01-15T22:10:05Z,36.701151,19.275795
EVT0003,EVT0003-FC02,72.0,4,2026-01-15T22:10:05Z,36.942162,18.803009
EVT0003,EVT0003-FC02,72.0,4,2026-01-15T22:10:05Z,37.569779,19.479798
EVT0003,EVT0003-FC02,72.0,4,2026-01-15T22:10:05Z,37.102517,19.522107
EVT0003,EVT0003-FC02,72.0,4,2026-01-15T22:10:05Z,37.425023,18.398919
EVT0003,EVT0003-FC02,72.0,4,2026-01-15T22:10:05Z,36.805156,19.089216
EVT0003,EVT0003-FC02,72.0,4,2026-01-15T22:10:05Z,37.581521,19.395797
EVT0003,EVT0003-FC02,72.0,4,2026-01-15T22:10:05Z,37.228225,20.382054
EVT0003,EVT0003-FC02,72.0,4,2026-01-15T22:10:05Z,36.810331,19.027478
EVT0003,EVT0003-FC02,72.0,4,2026-01-15T22:10:05Z,37.492132,19.43868
EVT0003,EVT0003-FC02,72.0,4,2026-01-15T22:10:05Z,36.409049,18.816365
EVT0003,EVT0003-FC02,72.0,4,2026-01-15T22:10:05Z,37.841362,18.639855
EVT0003,EVT0003-FC02,72.0,4,2026-01-15T22:10:05Z,36.85217,18.346365
EVT0003,EVT0003-FC02,72.0,4,2026-01-15T22:10:05Z,36.962039,18.843995
EVT0003,EVT0003-FC02,72.0,4,2026-01-15T22:10:05Z,36.561872,18.965428
EVT0003,EVT0003-FC02,72.0,4,2026-01-15T22:10:05Z,36.784531,19.10331
EVT0003,EVT0003-FC02,72.0,4,2026-01-15T22:10:05Z,37.1678,20.198151
EVT0003,EVT0003-FC02,72.0,4,2026-01-15T22:10:05Z,37.047624,19.24174
EVT0003,EVT0003-FC02,72.0,4,2026-01-15T22:10:05Z,36.987339,18.340458
EVT0003,EVT0003-FC02,72.0,4,2026-01-15T22:10:05Z,36.968572,18.978774
EVT0003,EVT0003-FC02,72.0,4,2026-01-15T22:10:05Z,37.39928,20.56459
EVT0003,EVT0003-FC02,72.0,4,2026-01-15T22:10:05Z,36.769838,19.0604
EVT0003,EVT0003-FC02,72.0,4,2026-01-15T22:10:05Z,36.647071,19.901385
EVT0003,EVT0003-FC02,72.0,4,2026-01-15T22:10:05Z,37.312848,20.374892
EVT0003,EVT0003-FC02,72.0,4,2026-01-15T22:10:05Z,37.064387,18.859039
EVT0003,EVT0003-FC02,72.0,4,2026-01-15T22:10:05Z,37.275292,19.496014
EVT0003,EVT0003-FC02,72.0,4,2026-01-15T22:10:05Z,36.998891,19.623771
EVT0003,EVT0003-FC02,72.0,4,2026-01-15T22:10:05Z,37.013843,18.998408
EVT0003,EVT0003-FC02,72.0,4,2026-01-15T22:10:05Z,36.679761,19.074242
EVT0003,EVT0003-FC02,12.0,5,2026-01-13T10:10:05Z,36.16844,19.078532
EVT0003,EVT0003-FC02,12.0,5,2026-01-13T10:10:05Z,36.425119,19.625783
EVT0003,EVT0003-FC02,12.0,5,2026-01-13T10:10:05Z,36.299676,19.178357
EVT0003,EVT0003-FC02,12.0,5,2026-01-13T10:10:05Z,36.237999,19.190882
EVT0003,EVT0003-FC02,12.0,5,2026-01-13T10:10:05Z,36.069811,19.172296
EVT0003,EVT0003-FC02,12.0,5,2026-01-13T10:10:05Z,36.455642,19.375835
EVT0003,EVT0003-FC02,12.0,5,2026-01-13T10:10:05Z,36.42524,19.016895
EVT0003,EVT0003-FC02,12.0,5,2026-01-13T10:10:05Z,36.459081,19.06948
EVT0003,EVT0003-FC02,12.0,5,2026-01-13T10:10:05Z,36.04008,18.919628
EVT0003,EVT0003-FC02,12.0,5,2026-01-13T10:10:05Z,36.197976,19.17963
EVT0003,EVT0003-FC02,12.0,5,2026-01-13T10:10:05Z,36.257341,18.946851
EVT0003,EVT0003-FC02,12.0,5,2026-01-13T10:10:05Z,36.330973,19.574041
EVT0003,EVT0003-FC02,12.0,5,2026-01-13T10:10:05Z,36.285847,18.805807
EVT0003,EVT0003-FC02,12.0,5,2026-01-13T10:10:05Z,36.192752,19.400543
EVT0003,EVT0003-FC02,12.0,5,2026-01-13T10:10:05Z,36.326139,19.007619
EVT0003,EVT0003-FC02,12.0,5,2026-01-13T10:10:05Z,36.376606,18.981271
EVT0003,EVT0003-FC02,12.0,5,2026-01-13T10:10:05Z,36.25563,19.198202
EVT0003,EVT0003-FC02,12.0,5,2026-01-13T10:10:05Z,36.393742,19.051973
EVT0003,EVT0003-FC02,12.0,5,2026-01-13T10:10:05Z,36.059408,19.271206
EVT0003,EVT0003-FC02,12.0,5,2026-01-13T10:10:05Z,36.293896,19.124576
EVT0003,EVT0003-FC02,12.0,5,2026-01-13T10:10:05Z,36.366915,19.304935
EVT0003,EVT0003-FC02,12.0,5,2026-01-13T10:10:05Z,36.410276,19.209055
EVT0003,EVT0003-FC02,12.0,5,2026-01-13T10:10:05Z,36.197881,19.248952
EVT0003,EVT0003-FC02,12.0,5,2026-01-13T10:10:05Z,36.287002,19.290246
EVT0003,EVT0003-FC02,12.0,5,2026-01-13T10:10:05Z,36.289863,19.287319
EVT0003,EVT0003-FC02,12.0,5,2026-01-13T10:10:05Z,36.291372,19.001716
EVT0003,EVT0003-FC02,12.0,5,2026-01-13T10:10:05Z,36.268002,19.182704
EVT0003,EVT0003-FC02,12.0,5,2026-01-13T10:10:05Z,36.515779,19.319638
EVT0003,EVT0003-FC02,12.0,5,2026-01-13T10:10:05Z,36.497579,19.483702
EVT0003,EVT0003-FC02,12.0,5,2026-01-13T10:10:05Z,36.372188,19.10944
EVT0003,EVT0003-FC02,12.0,5,2026-01-13T10:10:05Z,36.136253,18.908113
EVT0003,EVT0003-FC02,12.0,5,2026-01-13T10:10:05Z,36.290381,19.054358
EVT0003,EVT0003-FC02,12.0,5,2026-01-13T10:10:05Z,36.401629,19.220747
EVT0003,EVT0003-FC02,12.0,5,2026-01-13T10:10:05Z,36.312895,19.22321
EVT0003,EVT0003-FC02,12.0,5,2026-01-13T10:10:05Z,36.199774,19.212725
EVT0003,EVT0003-FC02,12.0,5,2026-01-13T10:10:05Z,36.265951,19.049497
EVT0003,EVT0003-FC02,12.0,5,2026-01-13T10:10:05Z,36.170398,19.074683
EVT0003,EVT0003-FC02,12.0,5,2026-01-13T10:10:05Z,36.392019,19.479776
EVT0003,EVT0003-FC02,12.0,5,2026-01-13T10:10:05Z,36.281305,19.322257
EVT0003,EVT0003-FC02,12.0,5,2026-01-13T10:10:05Z,36.289862,19.194069
EVT0003,EVT0003-FC02,24.0,5,2026-01-13T22:10:05Z,36.43973,20.050524
EVT0003,EVT0003-FC02,24.0,5,2026-01-13T22:10:05Z,36.59159,19.051459
EVT0003,EVT0003-FC02,24.0,5,2026-01-13T22:10:05Z,36.432569,19.694447
EVT0003,EVT0003-FC02,24.0,5,2026-01-13T22:10:05Z,36.381405,19.301399
EVT0003,EVT0003-FC02,24.0,5,2026-01-13T22:10:05Z,36.292421,19.188635
EVT0003,EVT0003-FC02,24.0,5,2026-01-13T22:10:05Z,36.548247,19.089163
EVT0003,EVT0003-FC02,24.0,5,2026-01-13T22:10:05Z,36.377683,19.362767
EVT0003,EVT0003-FC02,24.0,5,2026-01-13T22:10:05Z,36.264837,19.195853
EVT0003,EVT0003-FC02,24.0,5,2026-01-13T22:10:05Z,36.30914,19.138804
EVT0003,EVT0003-FC02,24.0,5,2026-01-13T22:10:05Z,36.242704,19.577116
EVT0003,EVT0003-FC02,24.0,5,2026-01-13T22:10:05Z,36.065042,19.133322
EVT0003,EVT0003-FC02,24.0,5,2026-01-13T22:10:05Z,35.951815,19.193765
EVT0003,EVT0003-FC02,24.0,5,2026-01-13T22:10:05Z,36.398346,19.158417
EVT0003,EVT0003-FC02,24.0,5,2026-01-13T22:10:05Z,36.461674,19.620427
EVT0003,EVT0003-FC02,24.0,5,2026-01-13T22:10:05Z,36.364052,19.281621
EVT0003,EVT0003-FC02,24.0,5,2026-01-13T22:10:05Z,36.602381,19.147166
EVT0003,EVT0003-FC02,24.0,5,2026-01-13T22:10:05Z,36.512098,19.322762
EVT0003,EVT0003-FC02,24.0,5,2026-01-13T22:10:05Z,36.589868,19.782196
EVT0003,EVT0003-FC02,24.0,5,2026-01-13T22:10:05Z,36.442212,19.489183
EVT0003,EVT0003-FC02,24.0,5,2026-01-13T22:10:05Z,36.545006,19.392204
EVT0003,EVT0003-FC02,24.0,5,2026-01-13T22:10:05Z,36.517745,19.327962
EVT0003,EVT0003-FC02,24.0,5,2026-01-13T22:10:05Z,36.457527,19.473342
EVT0003,EVT0003-FC02,24.0,5,2026-01-13T22:10:05Z,36.36793,19.38999
EVT0003,EVT0003-FC02,24.0,5,2026-01-13T22:10:05Z,36.418173,19.56167
EVT0003,EVT0003-FC02,24.0,5,2026-01-13T22:10:05Z,36.339709,19.061132
EVT0003,EVT0003-FC02,24.0,5,2026-01-13T22:10:05Z,36.42288,19.267265
EVT0003,EVT0003-FC02,24.0,5,2026-01-13T22:10:05Z,36.335141,19.450882
EVT0003,EVT0003-FC02,24.0,5,2026-01-13T22:10:05Z,35.684957,19.403408
EVT0003,EVT0003-FC02,24.0,5,2026-01-13T22:10:05Z,36.365702,18.91029
EVT0003,EVT0003-FC02,24.0,5,2026-01-13T22:10:05Z,36.398174,19.294769
EVT0003,EVT0003-FC02,24.0,5,2026-01-13T22:10:05Z,36.562779,19.624924
EVT0003,EVT0003-FC02,24.0,5,2026-01-13T22:10:05Z,36.630108,19.434275
EVT0003,EVT0003-FC02,24.0,5,2026-01-13T22:10:05Z,36.217734,19.225872
EVT0003,EVT0003-FC02,24.0,5,2026-01-13T22:10:05Z,36.18739,19.168165
EVT0003,EVT0003-FC02,24.0,5,2026-01-13T22:10:05Z,36.783409,20.069057
EVT0003,EVT0003-FC02,24.0,5,2026-01-13T22:10:05Z,36.741169,19.816742
EVT0003,EVT0003-FC02,24.0,5,2026-01-13T22:10:05Z,36.401165,19.041323
EVT0003,EVT0003-FC02,24.0,5,2026-01-13T22:10:05Z,36.427844,19.270238
EVT0003,EVT0003-FC02,24.0,5,2026-01-13T22:10:05Z,36.470621,19.062625
EVT0003,EVT0003-FC02,24.0,5,2026-01-13T22:10:05Z,36.46478,19.189481
EVT0003,EVT0003-FC02,48.0,5,2026-01-14T22:10:05Z,36.04226,19.314648
EVT0003,EVT0003-FC02,48.0,5,2026-01-14T22:10:05Z,36.500308,19.137599
EVT0003,EVT0003-FC02,48.0,5,2026-01-14T22:10:05Z,36.819025,19.880656
EVT0003,EVT0003-FC02,48.0,5,2026-01-14T22:10:05Z,36.702149,19.349168
EVT0003,EVT0003-FC02,48.0,5,2026-01-14T22:10:05Z,36.747775,19.528307
EVT0003,EVT0003-FC02,48.0,5,2026-01-14T22:10:05Z,36.850422,19.825065
EVT0003,EVT0003-FC02,48.0,5,2026-01-14T22:10:05Z,36.449094,19.110516
EVT0003,EVT0003-FC02,48.0,5,2026-01-14T22:10:05Z,37.060302,19.788289
EVT0003,EVT0003-FC02,48.0,5,2026-01-14T22:10:05Z,36.847446,19.379328
EVT0003,EVT0003-FC02,48.0,5,2026-01-14T22:10:05Z,37.340284,19.093355
EVT0003,EVT0003-FC02,48.0,5,2026-01-14T22:10:05Z,36.484993,18.942973
EVT0003,EVT0003-FC02,48.0,5,2026-01-14T22:10:05Z,36.358612,19.749668
EVT0003,EVT0003-FC02,48.0,5,2026-01-14T22:10:05Z,36.764689,19.449124
EVT0003,EVT0003-FC02,48.0,5,2026-01-14T22:10:05Z,36.188565,19.802565
EVT0003,EVT0003-FC02,48.0,5,2026-01-14T22:10:05Z,36.77546,19.296319
EVT0003,EVT0003-FC02,48.0,5,2026-01-14T22:10:05Z,37.192648,18.930863
EVT0003,EVT0003-FC02,48.0,5,2026-01-14T22:10:05Z,36.613029,19.537166
EVT0003,EVT0003-FC02,48.0,5,2026-01-14T22:10:05Z,36.203678,19.613249
EVT0003,EVT0003-FC02,48.0,5,2026-01-14T22:10:05Z,37.044067,19.910703
EVT0003,EVT0003-FC02,48.0,5,2026-01-14T22:10:05Z,36.801237,19.496378
EVT0003,EVT0003-FC02,48.0,5,2026-01-14T22:10:05Z,36.422441,19.058707
EVT0003,EVT0003-FC02,48.0,5,2026-01-14T22:10:05Z,36.805602,19.700577
EVT0003,EVT0003-FC02,48.0,5,2026-01-14T22:10:05Z,36.596883,19.492624
EVT0003,EVT0003-FC02,48.0,5,2026-01-14T22:10:05Z,37.302932,18.756712
EVT0003,EVT0003-FC02,48.0,5,2026-01-14T22:10:05Z,36.55972,18.979361
EVT0003,EVT0003-FC02,48.0,5,2026-01-14T22:10:05Z,36.175078,19.177287
EVT0003,EVT0003-FC02,48.0,5,2026-01-14T22:10:05Z,36.56519,19.448701
EVT0003,EVT0003-FC02,48.0,5,2026-01-14T22:10:05Z,36.631619,19.259723
EVT0003,EVT0003-FC02,48.0,5,2026-01-14T22:10:05Z,36.57999,19.701859
EVT0003,EVT0003-FC02,48.0,5,2026-01-14T22:10:05Z,36.642619,19.116585
EVT0003,EVT0003-FC02,48.0,5,2026-01-14T22:10:05Z,36.182544,18.971846
EVT0003,EVT0003-FC02,48.0,5,2026-01-14T22:10:05Z,36.59052,18.483358
EVT0003,EVT0003-FC02,48.0,5,2026-01-14T22:10:05Z,36.946165,19.752795
EVT0003,EVT0003-FC02,48.0,5,2026-01-14T22:10:05Z,36.287768,19.854822
EVT0003,EVT0003-FC02,48.0,5,2026-01-14T22:10:05Z,36.71353,19.402726
EVT0003,EVT0003-FC02,48.0,5,2026-01-14T22:10:05Z,36.858658,18.684286
EVT0003,EVT0003-FC02,48.0,5,2026-01-14T22:10:05Z,36.717739,19.336808
EVT0003,EVT0003-FC02,48.0,5,2026-01-14T22:10:05Z,36.175753,19.601698
EVT0003,EVT0003-FC02,48.0,5,2026-01-14T22:10:05Z,36.985916,18.794721
EVT0003,EVT0003-FC02,48.0,5,2026-01-14T22:10:05Z,36.535654,20.248714
EVT0003,EVT0003-FC02,72.0,5,2026-01-15T22:10:05Z,36.163127,19.45309
EVT0003,EVT0003-FC02,72.0,5,2026-01-15T22:10:05Z,36.88533,19.381882
EVT0003,EVT0003-FC02,72.0,5,2026-01-15T22:10:05Z,37.593603,19.192367
EVT0003,EVT0003-FC02,72.0,5,2026-01-15T22:10:05Z,36.836892,20.824881
EVT0003,EVT0003-FC02,72.0,5,2026-01-15T22:10:05Z,36.798671,19.777251
EVT0003,EVT0003-FC02,72.0,5,2026-01-15T22:10:05Z,37.164678,19.47274
EVT0003,EVT0003-FC02,72.0,5,2026-01-15T22:10:05Z,36.708425,19.613953
EVT0003,EVT0003-FC02,72.0,5,2026-01-15T22:10:05Z,37.431908,18.977015
EVT0003,EVT0003-FC02,72.0,5,2026-01-15T22:10:05Z,36.641458,19.370181
EVT0003,EVT0003-FC02,72.0,5,2026-01-15T22:10:05Z,36.425883,19.822956
EVT0003,EVT0003-FC02,72.0,5,2026-01-15T22:10:05Z,37.304434,19.305105
EVT0003,EVT0003-FC02,72.0,5,2026-01-15T22:10:05Z,36.774344,18.792074
EVT0003,EVT0003-FC02,72.0,5,2026-01-15T22:10:05Z,36.31153,19.310172
EVT0003,EVT0003-FC02,72.0,5,2026-01-15T22:10:05Z,36.489928,18.059587
EVT0003,EVT0003-FC02,72.0,5,2026-01-15T22:10:05Z,36.578588,19.077675
EVT0003,EVT0003-FC02,72.0,5,2026-01-15T22:10:05Z,36.840679,19.848179
EVT0003,EVT0003-FC02,72.0,5,2026-01-15T22:10:05Z,36.861205,19.214222
EVT0003,EVT0003-FC02,72.0,5,2026-01-15T22:10:05Z,36.763257,18.555662
EVT0003,EVT0003-FC02,72.0,5,2026-01-15T22:10:05Z,36.690996,19.138577
EVT0003,EVT0003-FC02,72.0,5,2026-01-15T22:10:05Z,36.67905,20.004006
EVT0003,EVT0003-FC02,72.0,5,2026-01-15T22:10:05Z,36.5886,18.903239
EVT0003,EVT0003-FC02,72.0,5,2026-01-15T22:10:05Z,37.327585,19.071115
EVT0003,EVT0003-FC02,72.0,5,2026-01-15T22:10:05Z,36.848125,19.035372
EVT0003,EVT0003-FC02,72.0,5,2026-01-15T22:10:05Z,37.127444,18.89078
EVT0003,EVT0003-FC02,72.0,5,2026-01-15T22:10:05Z,36.804771,19.386147
EVT0003,EVT0003-FC02,72.0,5,2026-01-15T22:10:05Z,36.51308,18.958379
EVT0003,EVT0003-FC02,72.0,5,2026-01-15T22:10:05Z,36.160917,18.108515
EVT0003,EVT0003-FC02,72.0,5,2026-01-15T22:10:05Z,36.769226,19.743593
EVT0003,EVT0003-FC02,72.0,5,2026-01-15T22:10:05Z,37.416061,19.160048
EVT0003,EVT0003-FC02,72.0,5,2026-01-15T22:10:05Z,36.952718,19.038686
EVT0003,EVT0003-FC02,72.0,5,2026-01-15T22:10:05Z,36.773692,19.090633
EVT0003,EVT0003-FC02,72.0,5,2026-01-15T22:10:05Z,37.085643,19.662287
EVT0003,EVT0003-FC02,72.0,5,2026-01-15T22:10:05Z,37.62382,19.291091
EVT0003,EVT0003-FC02,72.0,5,2026-01-15T22:10:05Z,36.952558,19.121456
EVT0003,EVT0003-FC02,72.0,5,2026-01-15T22:10:05Z,36.971831,19.467854
EVT0003,EVT0003-FC02,72.0,5,2026-01-15T22:10:05Z,36.450518,19.09992
EVT0003,EVT0003-FC02,72.0,5,2026-01-15T22:10:05Z,37.008692,19.664773
EVT0003,EVT0003-FC02,72.0,5,2026-01-15T22:10:05Z,36.503138,18.74705
EVT0003,EVT0003-FC02,72.0,5,2026-01-15T22:10:05Z,37.865066,19.085658
EVT0003,EVT0003-FC02,72.0,5,2026-01-15T22:10:05Z,37.706797,18.476446
EVT0003,EVT0003-FC02,12.0,6,2026-01-13T10:10:05Z,36.346178,19.288341
EVT0003,EVT0003-FC02,12.0,6,2026-01-13T10:10:05Z,36.373892,19.423295
EVT0003,EVT0003-FC02,12.0,6,2026-01-13T10:10:05Z,36.44716,19.428456
EVT0003,EVT0003-FC02,12.0,6,2026-01-13T10:10:05Z,36.089576,19.13034
EVT0003,EVT0003-FC02,12.0,6,2026-01-13T10:10:05Z,36.269829,19.160858
EVT0003,EVT0003-FC02,12.0,6,2026-01-13T10:10:05Z,36.234557,19.419956
EVT0003,EVT0003-FC02,12.0,6,2026-01-13T10:10:05Z,36.150855,19.090428
EVT0003,EVT0003-FC02,12.0,6,2026-01-13T10:10:05Z,36.374834,19.169756
EVT0003,EVT0003-FC02,12.0,6,2026-01-13T10:10:05Z,36.148477,19.35133
EVT0003,EVT0003-FC02,12.0,6,2026-01-13T10:10:05Z,36.15565,19.037172
EVT0003,EVT0003-FC02,12.0,6,2026-01-13T10:10:05Z,36.41976,19.159017
EVT0003,EVT0003-FC02,12.0,6,2026-01-13T10:10:05Z,36.351177,19.088366
EVT0003,EVT0003-FC02,12.0,6,2026-01-13T10:10:05Z,36.352094,18.93343
EVT0003,EVT0003-FC02,12.0,6,2026-01-13T10:10:05Z,36.251867,19.200238
EVT0003,EVT0003-FC02,12.0,6,2026-01-13T10:10:05Z,36.258164,19.082355
EVT0003,EVT0003-FC02,12.0,6,2026-01-13T10:10:05Z,36.300859,19.416497
EVT0003,EVT0003-FC02,12.0,6,2026-01-13T10:10:05Z,36.32584,18.983381
EVT0003,EVT0003-FC02,12.0,6,2026-01-13T10:10:05Z,36.277038,18.760365
EVT0003,EVT0003-FC02,12.0,6,2026-01-13T10:10:05Z,36.273329,19.163395
EVT0003,EVT0003-FC02,12.0,6,2026-01-13T10:10:05Z,36.412834,19.039709
EVT0003,EVT0003-FC02,12.0,6,2026-01-13T10:10:05Z,36.148158,19.134278
EVT0003,EVT0003-FC02,12.0,6,2026-01-13T10:10:05Z,36.484736,19.123857
EVT0003,EVT0003-FC02,12.0,6,2026-01-13T10:10:05Z,36.359507,19.087987
EVT0003,EVT0003-FC02,12.0,6,2026-01-13T10:10:05Z,36.01357,19.159055
EVT0003,EVT0003-FC02,12.0,6,2026-01-13T10:10:05Z,36.313551,19.205997
EVT0003,EVT0003-FC02,12.0,6,2026-01-13T10:10:05Z,36.425889,19.186019
EVT0003,EVT0003-FC02,12.0,6,2026-01-13T10:10:05Z,36.128481,19.298747
EVT0003,EVT0003-FC02,12.0,6,2026-01-13T10:10:05Z,36.360258,19.354956
EVT0003,EVT0003-FC02,12.0,6,2026-01-13T10:10:05Z,36.377059,19.086441
EVT0003,EVT0003-FC02,12.0,6,2026-01-13T10:10:05Z,36.359902,18.750501
EVT0003,EVT0003-FC02,12.0,6,2026-01-13T10:10:05Z,36.136214,19.294823
EVT0003,EVT0003-FC02,12.0,6,2026-01-13T10:10:05Z,36.412459,18.936281
EVT0003,EVT0003-FC02,12.0,6,2026-01-13T10:10:05Z,36.334543,19.216723
EVT0003,EVT0003-FC02,12.0,6,2026-01-13T10:10:05Z,36.334522,19.339787
EVT0003,EVT0003-FC02,12.0,6,2026-01-13T10:10:05Z,36.274699,19.165084
EVT0003,EVT0003-FC02,12.0,6,2026-01-13T10:10:05Z,36.240206,19.314927
EVT0003,EVT0003-FC02,12.0,6,2026-01-13T10:10:05Z,36.423055,18.913772
EVT0003,EVT0003-FC02,12.0,6,2026-01-13T10:10:05Z,36.501448,19.282971
EVT0003,EVT0003-FC02,12.0,6,2026-01-13T10:10:05Z,36.490091,19.5683
EVT0003,EVT0003-FC02,12.0,6,2026-01-13T10:10:05Z,36.401904,18.897824
EVT0003,EVT0003-FC02,24.0,6,2026-01-13T22:10:05Z,36.514792,19.677909
EVT0003,EVT0003-FC02,24.0,6,2026-01-13T22:10:05Z,36.621402,19.511978
EVT0003,EVT0003-FC02,24.0,6,2026-01-13T22:10:05Z,36.301522,19.799593
EVT0003,EVT0003-FC02,24.0,6,2026-01-13T22:10:05Z,36.56142,19.551564
EVT0003,EVT0003-FC02,24.0,6,2026-01-13T22:10:05Z,36.466543,19.18008
EVT0003,EVT0003-FC02,24.0,6,2026-01-13T22:10:05Z,36.537585,19.496564
EVT0003,EVT0003-FC02,24.0,6,2026-01-13T22:10:05Z,36.719626,19.889695
EVT0003,EVT0003-FC02,24.0,6,2026-01-13T22:10:05Z,36.536307,19.499519
EVT0003,EVT0003-FC02,24.0,6,2026-01-13T22:10:05Z,36.725153,19.711715
EVT0003,EVT0003-FC02,24.0,6,2026-01-13T22:10:05Z,36.610803,19.379805
EVT0003,EVT0003-FC02,24.0,6,2026-01-13T22:10:05Z,36.572822,19.564752
EVT0003,EVT0003-FC02,24.0,6,2026-01-13T22:10:05Z,36.509757,19.407357
EVT0003,EVT0003-FC02,24.0,6,2026-01-13T22:10:05Z,36.269107,19.093971
EVT0003,EVT0003-FC02,24.0,6,2026-01-13T22:10:05Z,36.215433,18.977931
EVT0003,EVT0003-FC02,24.0,6,2026-01-13T22:10:05Z,36.518914,19.58223
EVT0003,EVT0003-FC02,24.0,6,2026-01-13T22:10:05Z,36.649784,19.830031
EVT0003,EVT0003-FC02,24.0,6,2026-01-13T22:10:05Z,36.029798,19.767903
EVT0003,EVT0003-FC02,24.0,6,2026-01-13T22:10:05Z,36.317271,19.430136
EVT0003,EVT0003-FC02,24.0,6,2026-01-13T22:10:05Z,36.557923,19.497749
EVT0003,EVT0003-FC02,24.0,6,2026-01-13T22:10:05Z,36.668631,19.631424
EVT0003,EVT0003-FC02,24.0,6,2026-01-13T22:10:05Z,35.941452,19.251425
EVT0003,EVT0003-FC02,24.0,6,2026-01-13T22:10:05Z,36.644855,19.50602
EVT0003,EVT0003-FC02,24.0,6,2026-01-13T22:10:05Z,36.539656,19.421952
EVT0003,EVT0003-FC02,24.0,6,2026-01-13T22:10:05Z,36.468882,19.400198
EVT0003,EVT0003-FC02,24.0,6,2026-01-13T22:10:05Z,36.566841,19.620615
EVT0003,EVT0003-FC02,24.0,6,2026-01-13T22:10:05Z,36.16421,19.286666
EVT0003,EVT0003-FC02,24.0,6,2026-01-13T22:10:05Z,36.547866,19.76301
EVT0003,EVT0003-FC02,24.0,6,2026-01-13T22:10:05Z,36.643405,19.448462
EVT0003,EVT0003-FC02,24.0,6,2026-01-13T22:10:05Z,36.46831,19.207156
EVT0003,EVT0003-FC02,24.0,6,2026-01-13T22:10:05Z,36.291496,19.212348
EVT0003,EVT0003-FC02,24.0,6,2026-01-13T22:10:05Z,36.193825,19.482714
EVT0003,EVT0003-FC02,24.0,6,2026-01-13T22:10:05Z,36.252988,19.674964
EVT0003,EVT0003-FC02,24.0,6,2026-01-13T22:10:05Z,36.496407,19.276095
EVT0003,EVT0003-FC02,24.0,6,2026-01-13T22:10:05Z,36.226741,19.303607
EVT0003,EVT0003-FC02,24.0,6,2026-01-13T22:10:05Z,36.737852,19.659205
EVT0003,EVT0003-FC02,24.0,6,2026-01-13T22:10:05Z,36.365015,19.082588
EVT0003,EVT0003-FC02,24.0,6,2026-01-13T22:10:05Z,36.294365,19.299475
EVT0003,EVT0003-FC02,24.0,6,2026-01-13T22:10:05Z,36.340809,19.759521
EVT0003,EVT0003-FC02,24.0,6,2026-01-13T22:10:05Z,36.520544,19.158427
EVT0003,EVT0003-FC02,24.0,6,2026-01-13T22:10:05Z,35.927042,19.282911
EVT0003,EVT0003-FC02,48.0,6,2026-01-14T22:10:05Z,36.559444,19.148628
EVT0003,EVT0003-FC02,48.0,6,2026-01-14T22:10:05Z,36.484394,19.090682
EVT0003,EVT0003-FC02,48.0,6,2026-01-14T22:10:05Z,36.892037,19.763565
EVT0003,EVT0003-FC02,48.0,6,2026-01-14T22:10:05Z,36.957731,18.6766
EVT0003,EVT0003-FC02,48.0,6,2026-01-14T22:10:05Z,36.131064,19.238316
EVT0003,EVT0003-FC02,48.0,6,2026-01-14T22:10:05Z,36.801427,19.382087
EVT0003,EVT0003-FC02,48.0,6,2026-01-14T22:10:05Z,37.269124,18.770595
EVT0003,EVT0003-FC02,48.0,6,2026-01-14T22:10:05Z,37.2534,18.70514
EVT0003,EVT0003-FC02,48.0,6,2026-01-14T22:10:05Z,36.480167,19.352216
EVT0003,EVT0003-FC02,48.0,6,2026-01-14T22:10:05Z,36.517411,18.678429
EVT0003,EVT0003-FC02,48.0,6,2026-01-14T22:10:05Z,36.926505,19.502905
EVT0003,EVT0003-FC02,48.0,6,2026-01-14T22:10:05Z,36.956872,18.606932
EVT0003,EVT0003-FC02,48.0,6,2026-01-14T22:10:05Z,36.848158,19.539347
EVT0003,EVT0003-FC02,48.0,6,2026-01-14T22:10:05Z,36.133891,20.581024
EVT0003,EVT0003-FC02,48.0,6,2026-01-14T22:10:05Z,36.348436,18.942264
EVT0003,EVT0003-FC02,48.0,6,2026-01-14T22:10:05Z,36.533876,18.936733
EVT0003,EVT0003-FC02,48.0,6,2026-01-14T22:10:05Z,36.791621,19.785058
EVT0003,EVT0003-FC02,48.0,6,2026-01-14T22:10:05Z,36.24224,19.631281
EVT0003,EVT0003-FC02,48.0,6,2026-01-14T22:10:05Z,36.891824,18.834607
EVT0003,EVT0003-FC02,48.0,6,2026-01-14T22:10:05Z,36.564946,19.558002
EVT0003,EVT0003-FC02,48.0,6,2026-01-14T22:10:05Z,37.047501,19.709669
EVT0003,EVT0003-FC02,48.0,6,2026-01-14T22:10:05Z,36.849931,18.751173
EVT0003,EVT0003-FC02,48.0,6,2026-01-14T22:10:05Z,35.544466,18.277913
EVT0003,EVT0003-FC02,48.0,6,2026-01-14T22:10:05Z,36.112561,19.743654
EVT0003,EVT0003-FC02,48.0,6,2026-01-14T22:10:05Z,37.227615,19.642425
EVT0003,EVT0003-FC02,48.0,6,2026-01-14T22:10:05Z,36.722524,19.483214
EVT0003,EVT0003-FC02,48.0,6,2026-01-14T22:10:05Z,36.626127,19.08125
EVT0003,EVT0003-FC02,48.0,6,2026-01-14T22:10:05Z,36.767026,19.516892
EVT0003,EVT0003-FC02,48.0,6,2026-01-14T22:10:05Z,37.120854,18.808729
EVT0003,EVT0003-FC02,48.0,6,2026-01-14T22:10:05Z,36.882535,19.683436
EVT0003,EVT0003-FC02,48.0,6,2026-01-14T22:10:05Z,36.654821,19.340079
EVT0003,EVT0003-FC02,48.0,6,2026-01-14T22:10:05Z,36.106144,19.848863
EVT0003,EVT0003-FC02,48.0,6,2026-01-14T22:10:05Z,36.753906,18.815951
EVT0003,EVT0003-FC02,48.0,6,2026-01-14T22:10:05Z,36.087606,19.06422
EVT0003,EVT0003-FC02,48.0,6,2026-01-14T22:10:05Z,37.276831,20.337123
EVT0003,EVT0003-FC02,48.0,6,2026-01-14T22:10:05Z,37.019419,19.950389
EVT0003,EVT0003-FC02,48.0,6,2026-01-14T22:10:05Z,36.708526,19.347015
EVT0003,EVT0003-FC02,48.0,6,2026-01-14T22:10:05Z,35.918496,19.650999
EVT0003,EVT0003-FC02,48.0,6,2026-01-14T22:10:05Z,36.404836,19.196645
EVT0003,EVT0003-FC02,48.0,6,2026-01-14T22:10:05Z,36.936347,20.015013
EVT0003,EVT0003-FC02,72.0,6,2026-01-15T22:10:05Z,36.249999,19.55792
EVT0003,EVT0003-FC02,72.0,6,2026-01-15T22:10:05Z,36.596978,19.89821
EVT0003,EVT0003-FC02,72.0,6,2026-01-15T22:10:05Z,36.895814,18.394259
EVT0003,EVT0003-FC02,72.0,6,2026-01-15T22:10:05Z,36.784854,18.992016
EVT0003,EVT0003-FC02,72.0,6,2026-01-15T22:10:05Z,37.067444,19.726857
EVT0003,EVT0003-FC02,72.0,6,2026-01-15T22:10:05Z,37.3761,19.473039
EVT0003,EVT0003-FC02,72.0,6,2026-01-15T22:10:05Z,37.82497,18.422586
EVT0003,EVT0003-FC02,72.0,6,2026-01-15T22:10:05Z,36.915526,18.890898
EVT0003,EVT0003-FC02,72.0,6,2026-01-15T22:10:05Z,36.619565,19.477826
EVT0003,EVT0003-FC02,72.0,6,2026-01-15T22:10:05Z,36.578862,18.779145
EVT0003,EVT0003-FC02,72.0,6,2026-01-15T22:10:05Z,36.586893,18.755778
EVT0003,EVT0003-FC02,72.0,6,2026-01-15T22:10:05Z,37.277726,18.956594
EVT0003,EVT0003-FC02,72.0,6,2026-01-15T22:10:05Z,37.83901,18.583387
EVT0003,EVT0003-FC02,72.0,6,2026-01-15T22:10:05Z,36.797078,18.935285
EVT0003,EVT0003-FC02,72.0,6,2026-01-15T22:10:05Z,37.208683,19.559962
EVT0003,EVT0003-FC02,72.0,6,2026-01-15T22:10:05Z,37.576851,18.628245
EVT0003,EVT0003-FC02,72.0,6,2026-01-15T22:10:05Z,36.864249,18.156392
EVT0003,EVT0003-FC02,72.0,6,2026-01-15T22:10:05Z,37.443215,19.47161
EVT0003,EVT0003-FC02,72.0,6,2026-01-15T22:10:05Z,36.490714,19.229552
EVT0003,EVT0003-FC02,72.0,6,2026-01-15T22:10:05Z,37.025081,18.758525
EVT0003,EVT0003-FC02,72.0,6,2026-01-15T22:10:05Z,36.695392,18.581862
EVT0003,EVT0003-FC02,72.0,6,2026-01-15T22:10:05Z,36.708584,19.0418
EVT0003,EVT0003-FC02,72.0,6,2026-01-15T22:10:05Z,36.677279,19.747566
EVT0003,EVT0003-FC02,72.0,6,2026-01-15T22:10:05Z,36.918557,20.669996
EVT0003,EVT0003-FC02,72.0,6,2026-01-15T22:10:05Z,37.054812,19.773128
EVT0003,EVT0003-FC02,72.0,6,2026-01-15T22:10:05Z,36.6669,19.353313
EVT0003,EVT0003-FC02,72.0,6,2026-01-15T22:10:05Z,36.774171,18.033747
EVT0003,EVT0003-FC02,72.0,6,2026-01-15T22:10:05Z,36.966834,18.279429
EVT0003,EVT0003-FC02,72.0,6,2026-01-15T22:10:05Z,37.522102,19.309918
EVT0003,EVT0003-FC02,72.0,6,2026-01-15T22:10:05Z,36.564221,18.898659
EVT0003,EVT0003-FC02,72.0,6,2026-01-15T22:10:05Z,37.497616,18.252253
EVT0003,EVT0003-FC02,72.0,6,2026-01-15T22:10:05Z,37.048294,19.500583
EVT0003,EVT0003-FC02,72.0,6,2026-01-15T22:10:05Z,36.892573,18.92881
EVT0003,EVT0003-FC02,72.0,6,2026-01-15T22:10:05Z,37.03618,19.071711
EVT0003,EVT0003-FC02,72.0,6,2026-01-15T22:10:05Z,36.994578,18.500245
EVT0003,EVT0003-FC02,72.0,6,2026-01-15T22:10:05Z,36.677178,18.63037
EVT0003,EVT0003-FC02,72.0,6,2026-01-15T22:10:05Z,37.211838,18.930088
EVT0003,EVT0003-FC02,72.0,6,2026-01-15T22:10:05Z,35.53075,18.317745
EVT0003,EVT0003-FC02,72.0,6,2026-01-15T22:10:05Z,37.233358,18.462493
EVT0003,EVT0003-FC02,72.0,6,2026-01-15T22:10:05Z,37.645186,19.092961
EVT0003,EVT0003-FC02,12.0,7,2026-01-13T10:10:05Z,36.088815,18.865884
EVT0003,EVT0003-FC02,12.0,7,2026-01-13T10:10:05Z,36.433604,19.525059
EVT0003,EVT0003-FC02,12.0,7,2026-01-13T10:10:05Z,36.474917,19.072908
EVT0003,EVT0003-FC02,12.0,7,2026-01-13T10:10:05Z,36.363286,18.917597
EVT0003,EVT0003-FC02,12.0,7,2026-01-13T10:10:05Z,36.362354,18.916536
EVT0003,EVT0003-FC02,12.0,7,2026-01-13T10:10:05Z,36.316746,19.274263
EVT0003,EVT0003-FC02,12.0,7,2026-01-13T10:10:05Z,36.414688,19.540465
EVT0003,EVT0003-FC02,12.0,7,2026-01-13T10:10:05Z,36.301953,19.181176
EVT0003,EVT0003-FC02,12.0,7,2026-01-13T10:10:05Z,36.204355,19.09152
EVT0003,EVT0003-FC02,12.0,7,2026-01-13T10:10:05Z,36.294845,19.01698
EVT0003,EVT0003-FC02,12.0,7,2026-01-13T10:10:05Z,36.28961,19.480213
EVT0003,EVT0003-FC02,12.0,7,2026-01-13T10:10:05Z,36.417303,19.47564
EVT0003,EVT0003-FC02,12.0,7,2026-01-13T10:10:05Z,36.173247,19.215357
EVT0003,EVT0003-FC02,12.0,7,2026-01-13T10:10:05Z,36.252021,19.29305
EVT0003,EVT0003-FC02,12.0,7,2026-01-13T10:10:05Z,36.341713,18.881611
EVT0003,EVT0003-FC02,12.0,7,2026-01-13T10:10:05Z,36.191615,19.090429
EVT0003,EVT0003-FC02,12.0,7,2026-01-13T10:10:05Z,36.401995,19.056356
EVT0003,EVT0003-FC02,12.0,7,2026-01-13T10:10:05Z,36.296303,19.130415
EVT0003,EVT0003-FC02,12.0,7,2026-01-13T10:10:05Z,36.190766,19.237916
EVT0003,EVT0003-FC02,12.0,7,2026-01-13T10:10:05Z,36.25051,19.235629
EVT0003,EVT0003-FC02,12.0,7,2026-01-13T10:10:05Z,36.20518,18.987124
EVT0003,EVT0003-FC02,12.0,7,2026-01-13T10:10:05Z,36.376747,19.123344
EVT0003,EVT0003-FC02,12.0,7,2026-01-13T10:10:05Z,36.463352,19.74011
EVT0003,EVT0003-FC02,12.0,7,2026-01-13T10:10:05Z,36.319392,19.272286
EVT0003,EVT0003-FC02,12.0,7,2026-01-13T10:10:05Z,36.318665,19.210226
EVT0003,EVT0003-FC02,12.0,7,2026-01-13T10:10:05Z,36.305341,19.4809
EVT0003,EVT0003-FC02,12.0,7,2026-01-13T10:10:05Z,36.277788,19.090961
EVT0003,EVT0003-FC02,12.0,7,2026-01-13T10:10:05Z,36.325197,19.032776
EVT0003,EVT0003-FC02,12.0,7,2026-01-13T10:10:05Z,36.595616,19.543291
EVT0003,EVT0003-FC02,12.0,7,2026-01-13T10:10:05Z,36.266253,19.488811
EVT0003,EVT0003-FC02,12.0,7,2026-01-13T10:10:05Z,36.233578,19.326006
EVT0003,EVT0003-FC02,12.0,7,2026-01-13T10:10:05Z,36.397993,19.343999
EVT0003,EVT0003-FC02,12.0,7,2026-01-13T10:10:05Z,36.343961,19.378335
EVT0003,EVT0003-FC02,12.0,7,2026-01-13T10:10:05Z,36.384181,19.137262
EVT0003,EVT0003-FC02,12.0,7,2026-01-13T10:10:05Z,36.338974,19.245887
EVT0003,EVT0003-FC02,12.0,7,2026-01-13T10:10:05Z,36.393015,18.730026
EVT0003,EVT0003-FC02,12.0,7,2026-01-13T10:10:05Z,36.485828,19.503565
EVT0003,EVT0003-FC02,12.0,7,2026-01-13T10:10:05Z,36.232934,19.143069
EVT0003,EVT0003-FC02,12.0,7,2026-01-13T10:10:05Z,36.352161,18.845637
EVT0003,EVT0003-FC02,12.0,7,2026-01-13T10:10:05Z,36.327743,19.361823
EVT0003,EVT0003-FC02,24.0,7,2026-01-13T22:10:05Z,36.399622,19.474293
EVT0003,EVT0003-FC02,24.0,7,2026-01-13T22:10:05Z,36.464868,19.621258
EVT0003,EVT0003-FC02,24.0,7,2026-01-13T22:10:05Z,36.317516,19.392954
EVT0003,EVT0003-FC02,24.0,7,2026-01-13T22:10:05Z,36.359966,19.457033
EVT0003,EVT0003-FC02,24.0,7,2026-01-13T22:10:05Z,36.380023,19.169132
EVT0003,EVT0003-FC02,24.0,7,2026-01-13T22:10:05Z,36.651668,19.233164
EVT0003,EVT0003-FC02,24.0,7,2026-01-13T22:10:05Z,36.419312,19.371953
EVT0003,EVT0003-FC02,24.0,7,2026-01-13T22:10:05Z,36.722903,19.802235
EVT0003,EVT0003-FC02,24.0,7,2026-01-13T22:10:05Z,36.915579,19.890143
EVT0003,EVT0003-FC02,24.0,7,2026-01-13T22:10:05Z,36.367192,19.294766
EVT0003,EVT0003-FC02,24.0,7,2026-01-13T22:10:05Z,36.459334,19.099855
EVT0003,EVT0003-FC02,24.0,7,2026-01-13T22:10:05Z,36.389773,19.075676
EVT0003,EVT0003-FC02,24.0,7,2026-01-13T22:10:05Z,35.979359,19.57408
EVT0003,EVT0003-FC02,24.0,7,2026-01-13T22:10:05Z,36.252835,19.490093
EVT0003,EVT0003-FC02,24.0,7,2026-01-13T22:10:05Z,36.813027,19.222136
EVT0003,EVT0003-FC02,24.0,7,2026-01-13T22:10:05Z,36.478288,19.148524
EVT0003,EVT0003-FC02,24.0,7,2026-01-13T22:10:05Z,36.347065,19.770897
EVT0003,EVT0003-FC02,24.0,7,2026-01-13T22:10:05Z,36.63424,19.435667
EVT0003,EVT0003-FC02,24.0,7,2026-01-13T22:10:05Z,36.67191,19.534148
EVT0003,EVT0003-FC02,24.0,7,2026-01-13T22:10:05Z,36.299819,19.220846
EVT0003,EVT0003-FC02,24.0,7,2026-01-13T22:10:05Z,36.624092,19.263505
EVT0003,EVT0003-FC02,24.0,7,2026-01-13T22:10:05Z,36.6205,19.467692
EVT0003,EVT0003-FC02,24.0,7,2026-01-13T22:10:05Z,36.590749,19.449407
EVT0003,EVT0003-FC02,24.0,7,2026-01-13T22:10:05Z,36.21874,19.960705
EVT0003,EVT0003-FC02,24.0,7,2026-01-13T22:10:05Z,36.378838,19.426108
EVT0003,EVT0003-FC02,24.0,7,2026-01-13T22:10:05Z,36.834855,19.590162
EVT0003,EVT0003-FC02,24.0,7,2026-01-13T22:10:05Z,36.141177,19.405158
EVT0003,EVT0003-FC02,24.0,7,2026-01-13T22:10:05Z,36.724076,19.600775
EVT0003,EVT0003-FC02,24.0,7,2026-01-13T22:10:05Z,36.64477,19.0379
EVT0003,EVT0003-FC02,24.0,7,2026-01-13T22:10:05Z,36.615474,19.570543
EVT0003,EVT0003-FC02,24.0,7,2026-01-13T22:10:05Z,36.064572,19.423593
EVT0003,EVT0003-FC02,24.0,7,2026-01-13T22:10:05Z,36.226961,19.023163
EVT0003,EVT0003-FC02,24.0,7,2026-01-13T22:10:05Z,36.519824,19.246658
EVT0003,EVT0003-FC02,24.0,7,2026-01-13T22:10:05Z,36.45297,19.185034
EVT0003,EVT0003-FC02,24.0,7,2026-01-13T22:10:05Z,36.59409,19.570217
EVT0003,EVT0003-FC02,24.0,7,2026-01-13T22:10:05Z,36.485556,19.386865
EVT0003,EVT0003-FC02,24.0,7,2026-01-13T22:10:05Z,36.282127,19.146466
EVT0003,EVT0003-FC02,24.0,7,2026-01-13T22:10:05Z,36.676468,19.28699
EVT0003,EVT0003-FC02,24.0,7,2026-01-13T22:10:05Z,36.417149,19.118234
EVT0003,EVT0003-FC02,24.0,7,2026-01-13T22:10:05Z,36.536492,19.626477
EVT0003,EVT0003-FC02,48.0,7,2026-01-14T22:10:05Z,36.835704,19.907735
EVT0003,EVT0003-FC02,48.0,7,2026-01-14T22:10:05Z,36.558549,19.486044
EVT0003,EVT0003-FC02,48.0,7,2026-01-14T22:10:05Z,36.517492,19.165598
EVT0003,EVT0003-FC02,48.0,7,2026-01-14T22:10:05Z,36.787626,19.638087
EVT0003,EVT0003-FC02,48.0,7,2026-01-14T22:10:05Z,36.660225,19.195801
EVT0003,EVT0003-FC02,48.0,7,2026-01-14T22:10:05Z,37.198985,18.788771
EVT0003,EVT0003-FC02,48.0,7,2026-01-14T22:10:05Z,37.156685,18.750032
EVT0003,EVT0003-FC02,48.0,7,2026-01-14T22:10:05Z,36.522982,19.247295
EVT0003,EVT0003-FC02,48.0,7,2026-01-14T22:10:05Z,37.134025,20.138345
EVT0003,EVT0003-FC02,48.0,7,2026-01-14T22:10:05Z,36.689232,19.309324
EVT0003,EVT0003-FC02,48.0,7,2026-01-14T22:10:05Z,36.768407,19.84748
EVT0003,EVT0003-FC02,48.0,7,2026-01-14T22:10:05Z,37.120835,18.894595
EVT0003,EVT0003-FC02,48.0,7,2026-01-14T22:10:05Z,36.571804,19.110364
EVT0003,EVT0003-FC02,48.0,7,2026-01-14T22:10:05Z,37.164164,18.811532
EVT0003,EVT0003-FC02,48.0,7,2026-01-14T22:10:05Z,36.300032,19.727434
EVT0003,EVT0003-FC02,48.0,7,2026-01-14T22:10:05Z,36.689078,19.259724
EVT0003,EVT0003-FC02,48.0,7,2026-01-14T22:10:05Z,36.491192,18.643322
EVT0003,EVT0003-FC02,48.0,7,2026-01-14T22:10:05Z,36.994625,19.790645
EVT0003,EVT0003-FC02,48.0,7,2026-01-14T22:10:05Z,37.056245,19.055499
EVT0003,EVT0003-FC02,48.0,7,2026-01-14T22:10:05Z,36.5546,18.79875
EVT0003,EVT0003-FC02,48.0,7,2026-01-14T22:10:05Z,37.423487,18.747903
EVT0003,EVT0003-FC02,48.0,7,2026-01-14T22:10:05Z,36.986081,19.913832
EVT0003,EVT0003-FC02,48.0,7,2026-01-14T22:10:05Z,36.778743,19.757137
EVT0003,EVT0003-FC02,48.0,7,2026-01-14T22:10:05Z,37.008048,18.868602
EVT0003,EVT0003-FC02,48.0,7,2026-01-14T22:10:05Z,36.580205,19.453974
EVT0003,EVT0003-FC02,48.0,7,2026-01-14T22:10:05Z,36.524029,18.695152
EVT0003,EVT0003-FC02,48.0,7,2026-01-14T22:10:05Z,37.139252,18.77577
EVT0003,EVT0003-FC02,48.0,7,2026-01-14T22:10:05Z,36.483541,18.9822
EVT0003,EVT0003-FC02,48.0,7,2026-01-14T22:10:05Z,36.510389,18.85546
EVT0003,EVT0003-FC02,48.0,7,2026-01-14T22:10:05Z,36.599581,19.348717
EVT0003,EVT0003-FC02,48.0,7,2026-01-14T22:10:05Z,36.455369,20.370379
EVT0003,EVT0003-FC02,48.0,7,2026-01-14T22:10:05Z,36.927677,19.591601
EVT0003,EVT0003-FC02,48.0,7,2026-01-14T22:10:05Z,36.677904,18.928229
EVT0003,EVT0003-FC02,48.0,7,2026-01-14T22:10:05Z,36.392227,19.454613
EVT0003,EVT0003-FC02,48.0,7,2026-01-14T22:10:05Z,36.097858,19.744053
EVT0003,EVT0003-FC02,48.0,7,2026-01-14T22:10:05Z,36.276821,19.904915
EVT0003,EVT0003-FC02,48.0,7,2026-01-14T22:10:05Z,36.606489,19.121731
EVT0003,EVT0003-FC02,48.0,7,2026-01-14T22:10:05Z,36.543241,19.253807
EVT0003,EVT0003-FC02,48.0,7,2026-01-14T22:10:05Z,36.704517,19.494186
EVT0003,EVT0003-FC02,48.0,7,2026-01-14T22:10:05Z,36.546909,19.315814
EVT0003,EVT0003-FC02,72.0,7,2026-01-15T22:10:05Z,36.64063,18.447254
EVT0003,EVT0003-FC02,72.0,7,2026-01-15T22:10:05Z,36.771821,18.480552
EVT0003,EVT0003-FC02,72.0,7,2026-01-15T22:10:05Z,37.038334,19.575811
EVT0003,EVT0003-FC02,72.0,7,2026-01-15T22:10:05Z,36.94911,19.998426
EVT0003,EVT0003-FC02,72.0,7,2026-01-15T22:10:05Z,37.566892,19.549376
EVT0003,EVT0003-FC02,72.0,7,2026-01-15T22:10:05Z,36.822723,18.772978
EVT0003,EVT0003-FC02,72.0,7,2026-01-15T22:10:05Z,37.118307,18.648191
EVT0003,EVT0003-FC02,72.0,7,2026-01-15T22:10:05Z,36.90012,19.65855
EVT0003,EVT0003-FC02,72.0,7,2026-01-15T22:10:05Z,37.085679,19.608689
EVT0003,EVT0003-FC02,72.0,7,2026-01-15T22:10:05Z,37.859622,19.061784
EVT0003,EVT0003-FC02,72.0,7,2026-01-15T22:10:05Z,37.401181,20.255703
EVT0003,EVT0003-FC02,72.0,7,2026-01-15T22:10:05Z,37.053008,19.866854
EVT0003,EVT0003-FC02,72.0,7,2026-01-15T22:10:05Z,36.604501,19.103388
EVT0003,EVT0003-FC02,72.0,7,2026-01-15T22:10:05Z,37.196418,18.743847
EVT0003,EVT0003-FC02,72.0,7,2026-01-15T22:10:05Z,37.194977,19.200218
EVT0003,EVT0003-FC02,72.0,7,2026-01-15T22:10:05Z,37.139909,19.947759
EVT0003,EVT0003-FC02,72.0,7,2026-01-15T22:10:05Z,37.02929,19.821141
EVT0003,EVT0003-FC02,72.0,7,2026-01-15T22:10:05Z,37.49674,20.716108
EVT0003,EVT0003-FC02,72.0,7,2026-01-15T22:10:05Z,37.333516,20.034484
EVT0003,EVT0003-FC02,72.0,7,2026-01-15T22:10:05Z,37.332949,19.170541
EVT0003,EVT0003-FC02,72.0,7,2026-01-15T22:10:05Z,36.580029,18.976593
EVT0003,EVT0003-FC02,72.0,7,2026-01-15T22:10:05Z,36.386292,20.15818
EVT0003,EVT0003-FC02,72.0,7,2026-01-15T22:10:05Z,37.241936,18.814573
EVT0003,EVT0003-FC02,72.0,7,2026-01-15T22:10:05Z,36.853395,19.219846
EVT0003,EVT0003-FC02,72.0,7,2026-01-15T22:10:05Z,36.477579,20.358002
EVT0003,EVT0003-FC02,72.0,7,2026-01-15T22:10:05Z,38.21094,19.154713
EVT0003,EVT0003-FC02,72.0,7,2026-01-15T22:10:05Z,37.004014,19.84598
EVT0003,EVT0003-FC02,72.0,7,2026-01-15T22:10:05Z,36.722594,18.685979
EVT0003,EVT0003-FC02,72.0,7,2026-01-15T22:10:05Z,36.717594,19.021596
EVT0003,EVT0003-FC02,72.0,7,2026-01-15T22:10:05Z,37.502692,17.99929
EVT0003,EVT0003-FC02,72.0,7,2026-01-15T22:10:05Z,37.016388,18.512998
EVT0003,EVT0003-FC02,72.0,7,2026-01-15T22:10:05Z,37.252999,18.865342
EVT0003,EVT0003-FC02,72.0,7,2026-01-15T22:10:05Z,37.147993,19.599684
EVT0003,EVT0003-FC02,72.0,7,2026-01-15T22:10:05Z,37.302948,19.793852
EVT0003,EVT0003-FC02,72.0,7,2026-01-15T22:10:05Z,37.702094,19.501397
EVT0003,EVT0003-FC02,72.0,7,2026-01-15T22:10:05Z,36.862826,20.296691
EVT0003,EVT0003-FC02,72.0,7,2026-01-15T22:10:05Z,37.467839,18.043679
EVT0003,EVT0003-FC02,72.0,7,2026-01-15T22:10:05Z,37.123673,18.733934
EVT0003,EVT0003-FC02,72.0,7,2026-01-15T22:10:05Z,37.008037,18.318149
EVT0003,EVT0003-FC02,72.0,7,2026-01-15T22:10:05Z,37.119301,18.954751
EVT0004,EVT0004-FC02,12.0,0,2026-01-08T18:44:48Z,37.701188,22.292581
EVT0004,EVT0004-FC02,12.0,0,2026-01-08T18:44:48Z,38.072578,22.432682
EVT0004,EVT0004-FC02,12.0,0,2026-01-08T18:44:48Z,37.691472,22.218508
EVT0004,EVT0004-FC02,12.0,0,2026-01-08T18:44:48Z,37.812394,22.184668
EVT0004,EVT0004-FC02,12.0,0,2026-01-08T18:44:48Z,37.992965,22.170562
EVT0004,EVT0004-FC02,12.0,0,2026-01-08T18:44:48Z,37.650464,22.250175
EVT0004,EVT0004-FC02,12.0,0,2026-01-08T18:44:48Z,37.722785,22.423914
EVT0004,EVT0004-FC02,12.0,0,2026-01-08T18:44:48Z,37.542375,22.644661
EVT0004,EVT0004-FC02,12.0,0,2026-01-08T18:44:48Z,38.023597,22.289047
EVT0004,EVT0004-FC02,12.0,0,2026-01-08T18:44:48Z,37.928323,22.4809
EVT0004,EVT0004-FC02,12.0,0,2026-01-08T18:44:48Z,37.687999,22.315483
EVT0004,EVT0004-FC02,12.0,0,2026-01-08T18:44:48Z,37.932796,22.428874
EVT0004,EVT0004-FC02,12.0,0,2026-01-08T18:44:48Z,37.510344,22.106551
EVT0004,EVT0004-FC02,12.0,0,2026-01-08T18:44:48Z,37.827302,22.369149
EVT0004,EVT0004-FC02,12.0,0,2026-01-08T18:44:48Z,37.85404,22.224433
EVT0004,EVT0004-FC02,12.0,0,2026-01-08T18:44:48Z,37.815151,22.400758
EVT0004,EVT0004-FC02,12.0,0,2026-01-08T18:44:48Z,38.003569,22.415263
EVT0004,EVT0004-FC02,12.0,0,2026-01-08T18:44:48Z,37.575785,22.10388
EVT0004,EVT0004-FC02,12.0,0,2026-01-08T18:44:48Z,37.762217,22.228879
EVT0004,EVT0004-FC02,12.0,0,2026-01-08T18:44:48Z,37.767148,22.341381
EVT0004,EVT0004-FC02,12.0,0,2026-01-08T18:44:48Z,37.957583,22.31565
EVT0004,EVT0004-FC02,12.0,0,2026-01-08T18:44:48Z,37.892652,22.384499
EVT0004,EVT0004-FC02,12.0,0,2026-01-08T18:44:48Z,37.747977,21.830184
EVT0004,EVT0004-FC02,12.0,0,2026-01-08T18:44:48Z,37.837697,22.28035
EVT0004,EVT0004-FC02,12.0,0,2026-01-08T18:44:48Z,37.629342,22.013544
EVT0004,EVT0004-FC02,12.0,0,2026-01-08T18:44:48Z,37.502256,22.27464
EVT0004,EVT0004-FC02,12.0,0,2026-01-08T18:44:48Z,37.558233,21.923686
EVT0004,EVT0004-FC02,12.0,0,2026-01-08T18:44:48Z,38.074648,21.911566
EVT0004,EVT0004-FC02,12.0,0,2026-01-08T18:44:48Z,37.485545,22.292873
EVT0004,EVT0004-FC02,12.0,0,2026-01-08T18:44:48Z,37.74224,22.179746
EVT0004,EVT0004-FC02,12.0,0,2026-01-08T18:44:48Z,37.700497,22.030772
EVT0004,EVT0004-FC02,12.0,0,2026-01-08T18:44:48Z,37.623131,22.283491
EVT0004,EVT0004-FC02,12.0,0,2026-01-08T18:44:48Z,37.819277,22.323393
EVT0004,EVT0004-FC02,12.0,0,2026-01-08T18:44:48Z,37.837962,22.325773
EVT0004,EVT0004-FC02,12.0,0,2026-01-08T18:44:48Z,37.893899,22.422012
EVT0004,EVT0004-FC02,12.0,0,2026-01-08T18:44:48Z,37.691091,21.979517
EVT0004,EVT0004-FC02,12.0,0,2026-01-08T18:44:48Z,37.878457,22.101982
EVT0004,EVT0004-FC02,12.0,0,2026-01-08T18:44:48Z,37.840973,22.481616
EVT0004,EVT0004-FC02,12.0,0,2026-01-08T18:44:48Z,37.803186,22.223908
EVT0004,EVT0004-FC02,12.0,0,2026-01-08T18:44:48Z,37.368403,21.946231
EVT0004,EVT0004-FC02,24.0,0,2026-01-09T06:44:48Z,37.999128,22.383609
EVT0004,EVT0004-FC02,24.0,0,2026-01-09T06:44:48Z,38.084599,22.044931
EVT0004,EVT0004-FC02,24.0,0,2026-01-09T06:44:48Z,37.931134,22.111186
EVT0004,EVT0004-FC02,24.0,0,2026-01-09T06:44:48Z,37.846491,21.949337
EVT0004,EVT0004-FC02,24.0,0,2026-01-09T06:44:48Z,38.18244,22.169939
EVT0004,EVT0004-FC02,24.0,0,2026-01-09T06:44:48Z,37.87923,21.837959
EVT0004,EVT0004-FC02,24.0,0,2026-01-09T06:44:48Z,38.322584,22.637924
EVT0004,EVT0004-FC02,24.0,0,2026-01-09T06:44:48Z,37.791392,22.034035
EVT0004,EVT0004-FC02,24.0,0,2026-01-09T06:44:48Z,38.181278,22.487804
EVT0004,EVT0004-FC02,24.0,0,2026-01-09T06:44:48Z,37.958541,22.449613
EVT0004,EVT0004-FC02,24.0,0,2026-01-09T06:44:48Z,38.124247,22.316443
EVT0004,EVT0004-FC02,24.0,0,2026-01-09T06:44:48Z,38.011188,22.111558
EVT0004,EVT0004-FC02,24.0,0,2026-01-09T06:44:48Z,38.011559,22.417795
EVT0004,EVT0004-FC02,24.0,0,2026-01-09T06:44:48Z,37.542473,22.724219
EVT0004,EVT0004-FC02,24.0,0,2026-01-09T06:44:48Z,37.77648,22.135065
EVT0004,EVT0004-FC02,24.0,0,2026-01-09T06:44:48Z,37.621039,22.609159
EVT0004,EVT0004-FC02,24.0,0,2026-01-09T06:44:48Z,38.163297,22.308262
EVT0004,EVT0004-FC02,24.0,0,2026-01-09T06:44:48Z,37.421355,22.563102
EVT0004,EVT0004-FC02,24.0,0,2026-01-09T06:44:48Z,38.103263,22.520306
EVT0004,EVT0004-FC02,24.0,0,2026-01-09T06:44:48Z,37.841009,22.349526
EVT0004,EVT0004-FC02,24.0,0,2026-01-09T06:44:48Z,37.615723,21.914427
EVT0004,EVT0004-FC02,24.0,0,2026-01-09T06:44:48Z,38.109631,22.381678
EVT0004,EVT0004-FC02,24.0,0,2026-01-09T06:44:48Z,37.59972,23.005972
EVT0004,EVT0004-FC02,24.0,0,2026-01-09T06:44:48Z,38.137268,22.593
EVT0004,EVT0004-FC02,24.0,0,2026-01-09T06:44:48Z,37.723753,22.03099
EVT0004,EVT0004-FC02,24.0,0,2026-01-09T06:44:48Z,37.908747,22.284873
EVT0004,EVT0004-FC02,24.0,0,2026-01-09T06:44:48Z,38.124817,22.042008
EVT0004,EVT0004-FC02,24.0,0,2026-01-09T06:44:48Z,38.170466,22.487568
EVT0004,EVT0004-FC02,24.0,0,2026-01-09T06:44:48Z,37.539833,22.486758
EVT0004,EVT0004-FC02,24.0,0,2026-01-09T06:44:48Z,37.650729,21.978972
EVT0004,EVT0004-FC02,24.0,0,2026-01-09T06:44:48Z,37.721867,22.160069
EVT0004,EVT0004-FC02,24.0,0,2026-01-09T06:44:48Z,38.270976,22.53147
EVT0004,EVT0004-FC02,24.0,0,2026-01-09T06:44:48Z,38.00616,22.301223
EVT0004,EVT0004-FC02,24.0,0,2026-01-09T06:44:48Z,37.916025,22.142208
EVT0004,EVT0004-FC02,24.0,0,2026-01-09T06:44:48Z,38.095647,22.462671
EVT0004,EVT0004-FC02,24.0,0,2026-01-09T06:44:48Z,37.722097,22.275548
EVT0004,EVT0004-FC02,24.0,0,2026-01-09T06:44:48Z,38.002564,22.510357
EVT0004,EVT0004-FC02,24.0,0,2026-01-09T06:44:48Z,37.585141,22.971701
EVT0004,EVT0004-FC02,24.0,0,2026-01-09T06:44:48Z,38.155977,22.44487
EVT0004,EVT0004-FC02,24.0,0,2026-01-09T06:44:48Z,38.054489,22.201293
EVT0004,EVT0004-FC02,48.0,0,2026-01-10T06:44:48Z,38.789822,21.927002
EVT0004,EVT0004-FC02,48.0,0,2026-01-10T06:44:48Z,38.593264,21.889071
EVT0004,EVT0004-FC02,48.0,0,2026-01-10T06:44:48Z,37.283159,22.139195
EVT0004,EVT0004-FC02,48.0,0,2026-01-10T06:44:48Z,38.373765,22.879298
EVT0004,EVT0004-FC02,48.0,0,2026-01-10T06:44:48Z,38.699826,23.223073
EVT0004,EVT0004-FC02,48.0,0,2026-01-10T06:44:48Z,38.132092,22.127273
EVT0004,EVT0004-FC02,48.0,0,2026-01-10T06:44:48Z,38.409822,22.36089
EVT0004,EVT0004-FC02,48.0,0,2026-01-10T06:44:48Z,37.882951,22.35602
EVT0004,EVT0004-FC02,48.0,0,2026-01-10T06:44:48Z,38.547552,21.808772
EVT0004,EVT0004-FC02,48.0,0,2026-01-10T06:44:48Z,38.766921,22.497394
EVT0004,EVT0004-FC02,48.0,0,2026-01-10T06:44:48Z,38.218698,22.682118
EVT0004,EVT0004-FC02,48.0,0,2026-01-10T06:44:48Z,37.862809,22.828805
EVT0004,EVT0004-FC02,48.0,0,2026-01-10T06:44:48Z,38.726513,22.123782
EVT0004,EVT0004-FC02,48.0,0,2026-01-10T06:44:48Z,37.94669,21.869379
EVT0004,EVT0004-FC02,48.0,0,2026-01-10T06:44:48Z,38.654344,23.151382
EVT0004,EVT0004-FC02,48.0,0,2026-01-10T06:44:48Z,37.771934,22.150594
EVT0004,EVT0004-FC02,48.0,0,2026-01-10T06:44:48Z,37.605848,22.383856
EVT0004,EVT0004-FC02,48.0,0,2026-01-10T06:44:48Z,38.60577,23.101813
EVT0004,EVT0004-FC02,48.0,0,2026-01-10T06:44:48Z,38.296274,21.823684
EVT0004,EVT0004-FC02,48.0,0,2026-01-10T06:44:48Z,38.311387,22.982302
EVT0004,EVT0004-FC02,48.0,0,2026-01-10T06:44:48Z,38.334144,22.88531
EVT0004,EVT0004-FC02,48.0,0,2026-01-10T06:44:48Z,38.054952,21.968524
EVT0004,EVT0004-FC02,48.0,0,2026-01-10T06:44:48Z,38.768114,21.800799
EVT0004,EVT0004-FC02,48.0,0,2026-01-10T06:44:48Z,37.634447,21.438699
EVT0004,EVT0004-FC02,48.0,0,2026-01-10T06:44:48Z,38.254119,21.420339
EVT0004,EVT0004-FC02,48.0,0,2026-01-10T06:44:48Z,38.347224,22.555648
EVT0004,EVT0004-FC02,48.0,0,2026-01-10T06:44:48Z,38.375069,22.23959
EVT0004,EVT0004-FC02,48.0,0,2026-01-10T06:44:48Z,39.131884,22.783793
EVT0004,EVT0004-FC02,48.0,0,2026-01-10T06:44:48Z,38.89602,22.345406
EVT0004,EVT0004-FC02,48.0,0,2026-01-10T06:44:48Z,38.614546,22.281047
EVT0004,EVT0004-FC02,48.0,0,2026-01-10T06:44:48Z,37.819683,21.848803
EVT0004,EVT0004-FC02,48.0,0,2026-01-10T06:44:48Z,38.717475,23.309727
EVT0004,EVT0004-FC02,48.0,0,2026-01-10T06:44:48Z,37.69833,22.277351
EVT0004,EVT0004-FC02,48.0,0,2026-01-10T06:44:48Z,38.524101,22.955293
EVT0004,EVT0004-FC02,48.0,0,2026-01-10T06:44:48Z,38.486239,23.153203
EVT0004,EVT0004-FC02,48.0,0,2026-01-10T06:44:48Z,38.47575,21.674459
EVT0004,EVT0004-FC02,48.0,0,2026-01-10T06:44:48Z,38.641455,21.166268
EVT0004,EVT0004-FC02,48.0,0,2026-01-10T06:44:48Z,39.112152,22.95438
EVT0004,EVT0004-FC02,48.0,0,2026-01-10T06:44:48Z,38.391259,22.40282
EVT0004,EVT0004-FC02,48.0,0,2026-01-10T06:44:48Z,37.556531,22.377776
EVT0004,EVT0004-FC02,72.0,0,2026-01-11T06:44:48Z,38.580318,23.057181
EVT0004,EVT0004-FC02,72.0,0,2026-01-11T06:44:48Z,38.376307,22.148277
EVT0004,EVT0004-FC02,72.0,0,2026-01-11T06:44:48Z,38.20311,22.02658
EVT0004,EVT0004-FC02,72.0,0,2026-01-11T06:44:48Z,38.449302,22.400321
EVT0004,EVT0004-FC02,72.0,0,2026-01-11T06:44:48Z,38.492597,21.761434
EVT0004,EVT0004-FC02,72.0,0,2026-01-11T06:44:48Z,38.367154,23.854933
EVT0004,EVT0004-FC02,72.0,0,2026-01-11T06:44:48Z,39.192407,22.609422
EVT0004,EVT0004-FC02,72.0,0,2026-01-11T06:44:48Z,38.664658,22.662192
EVT0004,EVT0004-FC02,72.0,0,2026-01-11T06:44:48Z,38.711377,22.350623
EVT0004,EVT0004-FC02,72.0,0,2026-01-11T06:44:48Z,38.221468,21.935551
EVT0004,EVT0004-FC02,72.0,0,2026-01-11T06:44:48Z,39.624012,22.483624
EVT0004,EVT0004-FC02,72.0,0,2026-01-11T06:44:48Z,38.164055,22.302516
EVT0004,EVT0004-FC02,72.0,0,2026-01-11T06:44:48Z,37.92052,22.995161
EVT0004,EVT0004-FC02,72.0,0,2026-01-11T06:44:48Z,38.885326,23.105303
EVT0004,EVT0004-FC02,72.0,0,2026-01-11T06:44:48Z,39.034775,22.153071
EVT0004,EVT0004-FC02,72.0,0,2026-01-11T06:44:48Z,38.297989,21.971357
EVT0004,EVT0004-FC02,72.0,0,2026-01-11T06:44:48Z,38.997553,21.785398
EVT0004,EVT0004-FC02,72.0,0,2026-01-11T06:44:48Z,38.541837,22.745187
EVT0004,EVT0004-FC02,72.0,0,2026-01-11T06:44:48Z,38.639426,21.475544
EVT0004,EVT0004-FC02,72.0,0,2026-01-11T06:44:48Z,38.206872,22.071819
EVT0004,EVT0004-FC02,72.0,0,2026-01-11T06:44:48Z,38.679127,22.751407
EVT0004,EVT0004-FC02,72.0,0,2026-01-11T06:44:48Z,38.129069,21.433406
EVT0004,EVT0004-FC02,72.0,0,2026-01-11T06:44:48Z,38.337308,22.130422
EVT0004,EVT0004-FC02,72.0,0,2026-01-11T06:44:48Z,38.844048,22.006874
EVT0004,EVT0004-FC02,72.0,0,2026-01-11T06:44:48Z,38.3083,22.628465
EVT0004,EVT0004-FC02,72.0,0,2026-01-11T06:44:48Z,38.323661,22.385752
EVT0004,EVT0004-FC02,72.0,0,2026-01-11T06:44:48Z,37.91027,21.527555
EVT0004,EVT0004-FC02,72.0,0,2026-01-11T06:44:48Z,37.44431,23.530703
EVT0004,EVT0004-FC02,72.0,0,2026-01-11T06:44:48Z,38.590495,21.746465
EVT0004,EVT0004-FC02,72.0,0,2026-01-11T06:44:48Z,38.80333,21.368441
EVT0004,EVT0004-FC02,72.0,0,2026-01-11T06:44:48Z,38.732376,23.032679
EVT0004,EVT0004-FC02,72.0,0,2026-01-11T06:44:48Z,38.507033,21.594092
EVT0004,EVT0004-FC02,72.0,0,2026-01-11T06:44:48Z,38.440863,22.51672
EVT0004,EVT0004-FC02,72.0,0,2026-01-11T06:44:48Z,38.833641,23.614742
EVT0004,EVT0004-FC02,72.0,0,2026-01-11T06:44:48Z,38.643262,22.223908
EVT0004,EVT0004-FC02,72.0,0,2026-01-11T06:44:48Z,39.452178,23.17888
EVT0004,EVT0004-FC02,72.0,0,2026-01-11T06:44:48Z,38.447981,21.583008
EVT0004,EVT0004-FC02,72.0,0,2026-01-11T06:44:48Z,38.519026,21.553291
EVT0004,EVT0004-FC02,72.0,0,2026-01-11T06:44:48Z,38.561477,21.613381
EVT0004,EVT0004-FC02,72.0,0,2026-01-11T06:44:48Z,39.489705,23.09239
EVT0004,EVT0004-FC02,12.0,1,2026-01-08T18:44:48Z,38.030595,22.553994
EVT0004,EVT0004-FC02,12.0,1,2026-01-08T18:44:48Z,37.878066,22.362824
EVT0004,EVT0004-FC02,12.0,1,2026-01-08T18:44:48Z,38.051665,22.272518
EVT0004,EVT0004-FC02,12.0,1,2026-01-08T18:44:48Z,37.807834,22.178418
EVT0004,EVT0004-FC02,12.0,1,2026-01-08T18:44:48Z,37.704354,22.436034
EVT0004,EVT0004-FC02,12.0,1,2026-01-08T18:44:48Z,37.89598,22.273449
EVT0004,EVT0004-FC02,12.0,1,2026-01-08T18:44:48Z,37.975992,22.11128
EVT0004,EVT0004-FC02,12.0,1,2026-01-08T18:44:48Z,37.469473,22.153958
EVT0004,EVT0004-FC02,12.0,1,2026-01-08T18:44:48Z,37.308285,22.431099
EVT0004,EVT0004-FC02,12.0,1,2026-01-08T18:44:48Z,37.20292,22.31221
EVT0004,EVT0004-FC02,12.0,1,2026-01-08T18:44:48Z,37.808024,22.309659
EVT0004,EVT0004-FC02,12.0,1,2026-01-08T18:44:48Z,37.977438,22.236649
EVT0004,EVT0004-FC02,12.0,1,2026-01-08T18:44:48Z,37.916555,22.285247
EVT0004,EVT0004-FC02,12.0,1,2026-01-08T18:44:48Z,37.625736,22.154758
EVT0004,EVT0004-FC02,12.0,1,2026-01-08T18:44:48Z,37.776345,22.331861
EVT0004,EVT0004-FC02,12.0,1,2026-01-08T18:44:48Z,37.591518,22.237778
EVT0004,EVT0004-FC02,12.0,1,2026-01-08T18:44:48Z,37.488096,22.531785
EVT0004,EVT0004-FC02,12.0,1,2026-01-08T18:44:48Z,37.787262,22.234396
EVT0004,EVT0004-FC02,12.0,1,2026-01-08T18:44:48Z,37.908635,22.420881
EVT0004,EVT0004-FC02,12.0,1,2026-01-08T18:44:48Z,37.721683,22.007006
EVT0004,EVT0004-FC02,12.0,1,2026-01-08T18:44:48Z,37.480145,22.462106
EVT0004,EVT0004-FC02,12.0,1,2026-01-08T18:44:48Z,37.909072,22.435228
EVT0004,EVT0004-FC02,12.0,1,2026-01-08T18:44:48Z,38.014805,22.590241
EVT0004,EVT0004-FC02,12.0,1,2026-01-08T18:44:48Z,37.741474,22.029827
EVT0004,EVT0004-FC02,12.0,1,2026-01-08T18:44:48Z,37.654957,21.927485
EVT0004,EVT0004-FC02,12.0,1,2026-01-08T18:44:48Z,37.920155,22.443326
EVT0004,EVT0004-FC02,12.0,1,2026-01-08T18:44:48Z,37.678281,22.346639
EVT0004,EVT0004-FC02,12.0,1,2026-01-08T18:44:48Z,37.751496,22.506302
EVT0004,EVT0004-FC02,12.0,1,2026-01-08T18:44:48Z,37.717176,22.270021
EVT0004,EVT0004-FC02,12.0,1,2026-01-08T18:44:48Z,37.925987,22.220289
EVT0004,EVT0004-FC02,12.0,1,2026-01-08T18:44:48Z,37.647117,22.399072
EVT0004,EVT0004-FC02,12.0,1,2026-01-08T18:44:48Z,37.79673,22.356509
EVT0004,EVT0004-FC02,12.0,1,2026-01-08T18:44:48Z,37.360514,22.138082
EVT0004,EVT0004-FC02,12.0,1,2026-01-08T18:44:48Z,37.7709,22.503311
EVT0004,EVT0004-FC02,12.0,1,2026-01-08T18:44:48Z,38.025106,22.468474
EVT0004,EVT0004-FC02,12.0,1,2026-01-08T18:44:48Z,37.685326,22.336994
EVT0004,EVT0004-FC02,12.0,1,2026-01-08T18:44:48Z,37.460668,22.148691
EVT0004,EVT0004-FC02,12.0,1,2026-01-08T18:44:48Z,37.872549,22.270681
EVT0004,EVT0004-FC02,12.0,1,2026-01-08T18:44:48Z,37.918117,22.317909
EVT0004,EVT0004-FC02,12.0,1,2026-01-08T18:44:48Z,37.837147,22.316858
EVT0004,EVT0004-FC02,24.0,1,2026-01-09T06:44:48Z,38.25006,22.715237
EVT0004,EVT0004-FC02,24.0,1,2026-01-09T06:44:48Z,38.358456,22.698513
EVT0004,EVT0004-FC02,24.0,1,2026-01-09T06:44:48Z,37.875039,21.921331
EVT0004,EVT0004-FC02,24.0,1,2026-01-09T06:44:48Z,37.628711,22.337735
EVT0004,EVT0004-FC02,24.0,1,2026-01-09T06:44:48Z,38.031756,22.477045
EVT0004,EVT0004-FC02,24.0,1,2026-01-09T06:44:48Z,37.880279,22.382509
EVT0004,EVT0004-FC02,24.0,1,2026-01-09T06:44:48Z,37.901139,22.187883
EVT0004,EVT0004-FC02,24.0,1,2026-01-09T06:44:48Z,38.318744,22.678894
EVT0004,EVT0004-FC02,24.0,1,2026-01-09T06:44:48Z,37.252235,21.801868
EVT0004,EVT0004-FC02,24.0,1,2026-01-09T06:44:48Z,37.662981,22.264093
EVT0004,EVT0004-FC02,24.0,1,2026-01-09T06:44:48Z,38.117348,22.426943
EVT0004,EVT0004-FC02,24.0,1,2026-01-09T06:44:48Z,38.011833,22.236233
EVT0004,EVT0004-FC02,24.0,1,2026-01-09T06:44:48Z,38.115785,22.278495
EVT0004,EVT0004-FC02,24.0,1,2026-01-09T06:44:48Z,38.024809,22.776106
EVT0004,EVT0004-FC02,24.0,1,2026-01-09T06:44:48Z,37.813677,22.389766
EVT0004,EVT0004-FC02,24.0,1,2026-01-09T06:44:48Z,38.128076,22.541541
EVT0004,EVT0004-FC02,24.0,1,2026-01-09T06:44:48Z,37.194056,22.10543
EVT0004,EVT0004-FC02,24.0,1,2026-01-09T06:44:48Z,38.016644,22.324799
EVT0004,EVT0004-FC02,24.0,1,2026-01-09T06:44:48Z,37.747262,22.53969
EVT0004,EVT0004-FC02,24.0,1,2026-01-09T06:44:48Z,38.06365,22.161263
EVT0004,EVT0004-FC02,24.0,1,2026-01-09T06:44:48Z,38.062459,22.262137
EVT0004,EVT0004-FC02,24.0,1,2026-01-09T06:44:48Z,38.093457,22.282116
EVT0004,EVT0004-FC02,24.0,1,2026-01-09T06:44:48Z,38.125345,22.55173
EVT0004,EVT0004-FC02,24.0,1,2026-01-09T06:44:48Z,37.716109,22.38305
EVT0004,EVT0004-FC02,24.0,1,2026-01-09T06:44:48Z,37.762946,23.016287
EVT0004,EVT0004-FC02,24.0,1,2026-01-09T06:44:48Z,37.951485,22.301062
EVT0004,EVT0004-FC02,24.0,1,2026-01-09T06:44:48Z,38.032044,22.22751
EVT0004,EVT0004-FC02,24.0,1,2026-01-09T06:44:48Z,38.0906,22.360121
EVT0004,EVT0004-FC02,24.0,1,2026-01-09T06:44:48Z,38.092442,22.510636
EVT0004,EVT0004-FC02,24.0,1,2026-01-09T06:44:48Z,38.42734,22.88146
EVT0004,EVT0004-FC02,24.0,1,2026-01-09T06:44:48Z,37.240468,22.419926
EVT0004,EVT0004-FC02,24.0,1,2026-01-09T06:44:48Z,38.215503,22.682415
EVT0004,EVT0004-FC02,24.0,1,2026-01-09T06:44:48Z,37.417707,22.503289
EVT0004,EVT0004-FC02,24.0,1,2026-01-09T06:44:48Z,38.257089,22.700254
EVT0004,EVT0004-FC02,24.0,1,2026-01-09T06:44:48Z,38.075824,22.351038
EVT0004,EVT0004-FC02,24.0,1,2026-01-09T06:44:48Z,38.255435,22.44101
EVT0004,EVT0004-FC02,24.0,1,2026-01-09T06:44:48Z,37.993003,22.227717
EVT0004,EVT0004-FC02,24.0,1,2026-01-09T06:44:48Z,37.329229,22.198334
EVT0004,EVT0004-FC02,24.0,1,2026-01-09T06:44:48Z,37.896979,22.212359
EVT0004,EVT0004-FC02,24.0,1,2026-01-09T06:44:48Z,37.541809,22.72362
EVT0004,EVT0004-FC02,48.0,1,2026-01-10T06:44:48Z,38.22951,22.073938
EVT0004,EVT0004-FC02,48.0,1,2026-01-10T06:44:48Z,38.616976,21.859963
EVT0004,EVT0004-FC02,48.0,1,2026-01-10T06:44:48Z,38.020077,22.173354
EVT0004,EVT0004-FC02,48.0,1,2026-01-10T06:44:48Z,38.372475,22.750776
EVT0004,EVT0004-FC02,48.0,1,2026-01-10T06:44:48Z,38.002609,22.676007
EVT0004,EVT0004-FC02,48.0,1,2026-01-10T06:44:48Z,38.439637,23.053471
EVT0004,EVT0004-FC02,48.0,1,2026-01-10T06:44:48Z,38.986331,22.356171
EVT0004,EVT0004-FC02,48.0,1,2026-01-10T06:44:48Z,37.775768,22.263235
EVT0004,EVT0004-FC02,48.0,1,2026-01-10T06:44:48Z,38.424772,22.536552
EVT0004,EVT0004-FC02,48.0,1,2026-01-10T06:44:48Z,38.212897,22.016613
EVT0004,EVT0004-FC02,48.0,1,2026-01-10T06:44:48Z,37.841387,22.036246
EVT0004,EVT0004-FC02,48.0,1,2026-01-10T06:44:48Z,38.462953,22.791521
EVT0004,EVT0004-FC02,48.0,1,2026-01-10T06:44:48Z,38.038323,22.331235
EVT0004,EVT0004-FC02,48.0,1,2026-01-10T06:44:48Z,38.711386,21.978409
EVT0004,EVT0004-FC02,48.0,1,2026-01-10T06:44:48Z,38.575407,22.563488
EVT0004,EVT0004-FC02,48.0,1,2026-01-10T06:44:48Z,38.375878,22.017365
EVT0004,EVT0004-FC02,48.0,1,2026-01-10T06:44:48Z,38.814433,22.839813
EVT0004,EVT0004-FC02,48.0,1,2026-01-10T06:44:48Z,37.902824,21.952999
EVT0004,EVT0004-FC02,48.0,1,2026-01-10T06:44:48Z,38.454543,22.91716
EVT0004,EVT0004-FC02,48.0,1,2026-01-10T06:44:48Z,37.551675,22.362627
EVT0004,EVT0004-FC02,48.0,1,2026-01-10T06:44:48Z,38.139871,21.73318
EVT0004,EVT0004-FC02,48.0,1,2026-01-10T06:44:48Z,38.205039,21.989026
EVT0004,EVT0004-FC02,48.0,1,2026-01-10T06:44:48Z,38.595362,21.87721
EVT0004,EVT0004-FC02,48.0,1,2026-01-10T06:44:48Z,38.06536,22.313441
EVT0004,EVT0004-FC02,48.0,1,2026-01-10T06:44:48Z,38.33556,22.818304
EVT0004,EVT0004-FC02,48.0,1,2026-01-10T06:44:48Z,38.676774,22.062538
EVT0004,EVT0004-FC02,48.0,1,2026-01-10T06:44:48Z,37.553334,22.315195
EVT0004,EVT0004-FC02,48.0,1,2026-01-10T06:44:48Z,38.241977,22.551758
EVT0004,EVT0004-FC02,48.0,1,2026-01-10T06:44:48Z,37.994237,22.116158
EVT0004,EVT0004-FC02,48.0,1,2026-01-10T06:44:48Z,38.199008,22.511387
EVT0004,EVT0004-FC02,48.0,1,2026-01-10T06:44:48Z,38.016775,22.196469
EVT0004,EVT0004-FC02,48.0,1,2026-01-10T06:44:48Z,38.478783,21.698473
EVT0004,EVT0004-FC02,48.0,1,2026-01-10T06:44:48Z,38.616521,21.605273
EVT0004,EVT0004-FC02,48.0,1,2026-01-10T06:44:48Z,38.588258,21.820152
EVT0004,EVT0004-FC02,48.0,1,2026-01-10T06:44:48Z,38.327816,22.389505
EVT0004,EVT0004-FC02,48.0,1,2026-01-10T06:44:48Z,37.844879,22.583245
EVT0004,EVT0004-FC02,48.0,1,2026-01-10T06:44:48Z,38.362701,22.664778
EVT0004,EVT0004-FC02,48.0,1,2026-01-10T06:44:48Z,38.110404,22.023336
EVT0004,EVT0004-FC02,48.0,1,2026-01-10T06:44:48Z,38.615643,23.107501
EVT0004,EVT0004-FC02,48.0,1,2026-01-10T06:44:48Z,38.25616,21.675147
EVT0004,EVT0004-FC02,72.0,1,2026-01-11T06:44:48Z,38.898596,22.375774
EVT0004,EVT0004-FC02,72.0,1,2026-01-11T06:44:48Z,38.083143,21.171551
EVT0004,EVT0004-FC02,72.0,1,2026-01-11T06:44:48Z,37.97928,22.124396
EVT0004,EVT0004-FC02,72.0,1,2026-01-11T06:44:48Z,38.116705,21.911625
EVT0004,EVT0004-FC02,72.0,1,2026-01-11T06:44:48Z,38.307354,22.325531
EVT0004,EVT0004-FC02,72.0,1,2026-01-11T06:44:48Z,38.93005,21.979789
EVT0004,EVT0004-FC02,72.0,1,2026-01-11T06:44:48Z,37.034042,23.034393
EVT0004,EVT0004-FC02,72.0,1,2026-01-11T06:44:48Z,39.151028,23.376391
EVT0004,EVT0004-FC02,72.0,1,2026-01-11T06:44:48Z,38.544231,21.810858
EVT0004,EVT0004-FC02,72.0,1,2026-01-11T06:44:48Z,38.478247,22.372225
EVT0004,EVT0004-FC02,72.0,1,2026-01-11T06:44:48Z,38.841437,23.359875
EVT0004,EVT0004-FC02,72.0,1,2026-01-11T06:44:48Z,38.248268,22.41385
EVT0004,EVT0004-FC02,72.0,1,2026-01-11T06:44:48Z,38.477288,22.627232
EVT0004,EVT0004-FC02,72.0,1,2026-01-11T06:44:48Z,39.119134,22.667724
EVT0004,EVT0004-FC02,72.0,1,2026-01-11T06:44:48Z,37.47937,21.914251
EVT0004,EVT0004-FC02,72.0,1,2026-01-11T06:44:48Z,38.205502,21.022289
EVT0004,EVT0004-FC02,72.0,1,2026-01-11T06:44:48Z,38.680444,22.807439
EVT0004,EVT0004-FC02,72.0,1,2026-01-11T06:44:48Z,37.875346,21.900186
EVT0004,EVT0004-FC02,72.0,1,2026-01-11T06:44:48Z,38.770972,23.140726
EVT0004,EVT0004-FC02,72.0,1,2026-01-11T06:44:48Z,38.526536,23.100137
EVT0004,EVT0004-FC02,72.0,1,2026-01-11T06:44:48Z,38.788659,22.810919
EVT0004,EVT0004-FC02,72.0,1,2026-01-11T06:44:48Z,38.792006,21.411326
EVT0004,EVT0004-FC02,72.0,1,2026-01-11T06:44:48Z,38.165393,22.178714
EVT0004,EVT0004-FC02,72.0,1,2026-01-11T06:44:48Z,38.253562,23.431159
EVT0004,EVT0004-FC02,72.0,1,2026-01-11T06:44:48Z,39.46591,21.724446
EVT0004,EVT0004-FC02,72.0,1,2026-01-11T06:44:48Z,37.865004,22.003147
EVT0004,EVT0004-FC02,72.0,1,2026-01-11T06:44:48Z,38.608908,22.384299
EVT0004,EVT0004-FC02,72.0,1,2026-01-11T06:44:48Z,38.057495,23.027739
EVT0004,EVT0004-FC02,72.0,1,2026-01-11T06:44:48Z,38.585791,21.461007
EVT0004,EVT0004-FC02,72.0,1,2026-01-11T06:44:48Z,38.708678,21.362815
EVT0004,EVT0004-FC02,72.0,1,2026-01-11T06:44:48Z,38.598688,22.882446
EVT0004,EVT0004-FC02,72.0,1,2026-01-11T06:44:48Z,39.043005,22.577801
EVT0004,EVT0004-FC02,72.0,1,2026-01-11T06:44:48Z,38.836123,22.167162
EVT0004,EVT0004-FC02,72.0,1,2026-01-11T06:44:48Z,37.787387,20.778603
EVT0004,EVT0004-FC02,72.0,1,2026-01-11T06:44:48Z,39.354008,21.927865
EVT0004,EVT0004-FC02,72.0,1,2026-01-11T06:44:48Z,38.083913,22.720989
EVT0004,EVT0004-FC02,72.0,1,2026-01-11T06:44:48Z,38.706971,22.860564
EVT0004,EVT0004-FC02,72.0,1,2026-01-11T06:44:48Z,38.322857,22.378841
EVT0004,EVT0004-FC02,72.0,1,2026-01-11T06:44:48Z,38.673032,23.365326
EVT0004,EVT0004-FC02,72.0,1,2026-01-11T06:44:48Z,38.624552,23.09494
EVT0004,EVT0004-FC02,12.0,2,2026-01-08T18:44:48Z,37.265288,22.309749
EVT0004,EVT0004-FC02,12.0,2,2026-01-08T18:44:48Z,37.822038,22.322127
EVT0004,EVT0004-FC02,12.0,2,2026-01-08T18:44:48Z,37.776355,22.488601
EVT0004,EVT0004-FC02,12.0,2,2026-01-08T18:44:48Z,37.538596,21.925675
EVT0004,EVT0004-FC02,12.0,2,2026-01-08T18:44:48Z,37.403599,22.01068
EVT0004,EVT0004-FC02,12.0,2,2026-01-08T18:44:48Z,37.979028,22.532997
EVT0004,EVT0004-FC02,12.0,2,2026-01-08T18:44:48Z,37.914422,22.126327
EVT0004,EVT0004-FC02,12.0,2,2026-01-08T18:44:48Z,37.836625,22.168049
EVT0004,EVT0004-FC02,12.0,2,2026-01-08T18:44:48Z,37.713092,22.266359
EVT0004,EVT0004-FC02,12.0,2,2026-01-08T18:44:48Z,37.876651,22.23155
EVT0004,EVT0004-FC02,12.0,2,2026-01-08T18:44:48Z,37.852972,22.230398
EVT0004,EVT0004-FC02,12.0,2,2026-01-08T18:44:48Z,37.699507,22.371485
EVT0004,EVT0004-FC02,12.0,2,2026-01-08T18:44:48Z,37.937767,22.411394
EVT0004,EVT0004-FC02,12.0,2,2026-01-08T18:44:48Z,37.837464,22.183761
EVT0004,EVT0004-FC02,12.0,2,2026-01-08T18:44:48Z,37.912537,22.246254
EVT0004,EVT0004-FC02,12.0,2,2026-01-08T18:44:48Z,37.889374,22.431874
EVT0004,EVT0004-FC02,12.0,2,2026-01-08T18:44:48Z,37.764031,22.251652
EVT0004,EVT0004-FC02,12.0,2,2026-01-08T18:44:48Z,37.771254,22.079974
EVT0004,EVT0004-FC02,12.0,2,2026-01-08T18:44:48Z,37.834375,22.566543
EVT0004,EVT0004-FC02,12.0,2,2026-01-08T18:44:48Z,37.857033,22.380014
EVT0004,EVT0004-FC02,12.0,2,2026-01-08T18:44:48Z,37.591047,22.49181
EVT0004,EVT0004-FC02,12.0,2,2026-01-08T18:44:48Z,37.650528,22.192255
EVT0004,EVT0004-FC02,12.0,2,2026-01-08T18:44:48Z,37.609655,22.224677
EVT0004,EVT0004-FC02,12.0,2,2026-01-08T18:44:48Z,38.105136,22.691648
EVT0004,EVT0004-FC02,12.0,2,2026-01-08T18:44:48Z,37.850423,22.187918
EVT0004,EVT0004-FC02,12.0,2,2026-01-08T18:44:48Z,37.590251,22.675353
EVT0004,EVT0004-FC02,12.0,2,2026-01-08T18:44:48Z,38.07954,22.389496
EVT0004,EVT0004-FC02,12.0,2,2026-01-08T18:44:48Z,37.941491,22.67182
EVT0004,EVT0004-FC02,12.0,2,2026-01-08T18:44:48Z,37.96371,22.332143
EVT0004,EVT0004-FC02,12.0,2,2026-01-08T18:44:48Z,37.447471,22.266289
EVT0004,EVT0004-FC02,12.0,2,2026-01-08T18:44:48Z,37.727599,22.331372
EVT0004,EVT0004-FC02,12.0,2,2026-01-08T18:44:48Z,37.900435,22.502829
EVT0004,EVT0004-FC02,12.0,2,2026-01-08T18:44:48Z,38.045053,22.352979
EVT0004,EVT0004-FC02,12.0,2,2026-01-08T18:44:48Z,37.799778,22.241047
EVT0004,EVT0004-FC02,12.0,2,2026-01-08T18:44:48Z,37.690027,22.151228
EVT0004,EVT0004-FC02,12.0,2,2026-01-08T18:44:48Z,37.558469,21.861938
EVT0004,EVT0004-FC02,12.0,2,2026-01-08T18:44:48Z,37.907764,22.303336
EVT0004,EVT0004-FC02,12.0,2,2026-01-08T18:44:48Z,37.915638,22.3861
EVT0004,EVT0004-FC02,12.0,2,2026-01-08T18:44:48Z,37.523837,22.022796
EVT0004,EVT0004-FC02,12.0,2,2026-01-08T18:44:48Z,37.965852,22.156529
EVT0004,EVT0004-FC02,24.0,2,2026-01-09T06:44:48Z,37.672196,21.903716
EVT0004,EVT0004-FC02,24.0,2,2026-01-09T06:44:48Z,38.248467,22.410789
EVT0004,EVT0004-FC02,24.0,2,2026-01-09T06:44:48Z,38.09525,22.258592
EVT0004,EVT0004-FC02,24.0,2,2026-01-09T06:44:48Z,37.442147,22.161723
EVT0004,EVT0004-FC02,24.0,2,2026-01-09T06:44:48Z,37.925685,22.397767
EVT0004,EVT0004-FC02,24.0,2,2026-01-09T06:44:48Z,38.060255,22.225422
EVT0004,EVT0004-FC02,24.0,2,2026-01-09T06:44:48Z,38.132162,22.243851
EVT0004,EVT0004-FC02,24.0,2,2026-01-09T06:44:48Z,38.009753,22.348942
EVT0004,EVT0004-FC02,24.0,2,2026-01-09T06:44:48Z,38.355389,22.494386
EVT0004,EVT0004-FC02,24.0,2,2026-01-09T06:44:48Z,38.085844,22.268893
EVT0004,EVT0004-FC02,24.0,2,2026-01-09T06:44:48Z,37.985844,22.219901
EVT0004,EVT0004-FC02,24.0,2,2026-01-09T06:44:48Z,38.277363,22.787141
EVT0004,EVT0004-FC02,24.0,2,2026-01-09T06:44:48Z,38.026553,22.416206
EVT0004,EVT0004-FC02,24.0,2,2026-01-09T06:44:48Z,38.089829,22.356332
EVT0004,EVT0004-FC02,24.0,2,2026-01-09T06:44:48Z,37.721421,22.140897
EVT0004,EVT0004-FC02,24.0,2,2026-01-09T06:44:48Z,38.064818,22.255668
EVT0004,EVT0004-FC02,24.0,2,2026-01-09T06:44:48Z,37.955675,22.073414
EVT0004,EVT0004-FC02,24.0,2,2026-01-09T06:44:48Z,37.273188,22.347236
EVT0004,EVT0004-FC02,24.0,2,2026-01-09T06:44:48Z,37.628583,22.614498
EVT0004,EVT0004-FC02,24.0,2,2026-01-09T06:44:48Z,38.017384,22.712516
EVT0004,EVT0004-FC02,24.0,2,2026-01-09T06:44:48Z,38.149909,22.296102
EVT0004,EVT0004-FC02,24.0,2,2026-01-09T06:44:48Z,38.237662,22.598168
EVT0004,EVT0004-FC02,24.0,2,2026-01-09T06:44:48Z,37.988017,22.276422
EVT0004,EVT0004-FC02,24.0,2,2026-01-09T06:44:48Z,37.855515,22.025781
EVT0004,EVT0004-FC02,24.0,2,2026-01-09T06:44:48Z,37.602332,21.676493
EVT0004,EVT0004-FC02,24.0,2,2026-01-09T06:44:48Z,37.250131,21.912497
EVT0004,EVT0004-FC02,24.0,2,2026-01-09T06:44:48Z,37.397507,22.132159
EVT0004,EVT0004-FC02,24.0,2,2026-01-09T06:44:48Z,37.719909,22.042961
EVT0004,EVT0004-FC02,24.0,2,2026-01-09T06:44:48Z,37.438548,22.15675
EVT0004,EVT0004-FC02,24.0,2,2026-01-09T06:44:48Z,37.911052,22.04757
EVT0004,EVT0004-FC02,24.0,2,2026-01-09T06:44:48Z,38.16812,22.678246
EVT0004,EVT0004-FC02,24.0,2,2026-01-09T06:44:48Z,37.565957,22.738808
EVT0004,EVT0004-FC02,24.0,2,2026-01-09T06:44:48Z,38.064675,22.348969
EVT0004,EVT0004-FC02,24.0,2,2026-01-09T06:44:48Z,38.048673,22.129428
EVT0004,EVT0004-FC02,24.0,2,2026-01-09T06:44:48Z,37.964847,22.266175
EVT0004,EVT0004-FC02,24.0,2,2026-01-09T06:44:48Z,37.522148,22.664437
EVT0004,EVT0004-FC02,24.0,2,2026-01-09T06:44:48Z,37.807315,22.599599
EVT0004,EVT0004-FC02,24.0,2,2026-01-09T06:44:48Z,38.1329,22.289914
EVT0004,EVT0004-FC02,24.0,2,2026-01-09T06:44:48Z,37.37314,22.465974
EVT0004,EVT0004-FC02,24.0,2,2026-01-09T06:44:48Z,38.264298,22.869825
EVT0004,EVT0004-FC02,48.0,2,2026-01-10T06:44:48Z,38.074063,23.367244
EVT0004,EVT0004-FC02,48.0,2,2026-01-10T06:44:48Z,38.613815,23.045594
EVT0004,EVT0004-FC02,48.0,2,2026-01-10T06:44:48Z,37.502925,22.36994
EVT0004,EVT0004-FC02,48.0,2,2026-01-10T06:44:48Z,38.531062,21.910364
EVT0004,EVT0004-FC02,48.0,2,2026-01-10T06:44:48Z,38.053587,22.380798
EVT0004,EVT0004-FC02,48.0,2,2026-01-10T06:44:48Z,37.953799,22.24599
EVT0004,EVT0004-FC02,48.0,2,2026-01-10T06:44:48Z,38.365193,22.922751
EVT0004,EVT0004-FC02,48.0,2,2026-01-10T06:44:48Z,37.752936,22.515298
EVT0004,EVT0004-FC02,48.0,2,2026-01-10T06:44:48Z,38.250349,23.032729
EVT0004,EVT0004-FC02,48.0,2,2026-01-10T06:44:48Z,38.142275,21.124781
EVT0004,EVT0004-FC02,48.0,2,2026-01-10T06:44:48Z,38.099276,22.384208
EVT0004,EVT0004-FC02,48.0,2,2026-01-10T06:44:48Z,38.161404,22.039771
EVT0004,EVT0004-FC02,48.0,2,2026-01-10T06:44:48Z,38.026861,23.356725
EVT0004,EVT0004-FC02,48.0,2,2026-01-10T06:44:48Z,38.067217,21.692261
EVT0004,EVT0004-FC02,48.0,2,2026-01-10T06:44:48Z,37.992813,21.847705
EVT0004,EVT0004-FC02,48.0,2,2026-01-10T06:44:48Z,38.375019,22.608591
EVT0004,EVT0004-FC02,48.0,2,2026-01-10T06:44:48Z,37.858805,21.81854
EVT0004,EVT0004-FC02,48.0,2,2026-01-10T06:44:48Z,38.191445,21.924779
EVT0004,EVT0004-FC02,48.0,2,2026-01-10T06:44:48Z,38.232023,21.847492
EVT0004,EVT0004-FC02,48.0,2,2026-01-10T06:44:48Z,38.360491,22.83226
EVT0004,EVT0004-FC02,48.0,2,2026-01-10T06:44:48Z,38.564756,22.120918
EVT0004,EVT0004-FC02,48.0,2,2026-01-10T06:44:48Z,38.61514,22.486298
EVT0004,EVT0004-FC02,48.0,2,2026-01-10T06:44:48Z,38.551146,21.617693
EVT0004,EVT0004-FC02,48.0,2,2026-01-10T06:44:48Z,38.107333,22.610106
EVT0004,EVT0004-FC02,48.0,2,2026-01-10T06:44:48Z,38.061648,22.09992
EVT0004,EVT0004-FC02,48.0,2,2026-01-10T06:44:48Z,38.518138,22.462079
EVT0004,EVT0004-FC02,48.0,2,2026-01-10T06:44:48Z,38.596834,22.199934
EVT0004,EVT0004-FC02,48.0,2,2026-01-10T06:44:48Z,38.19823,21.363981
EVT0004,EVT0004-FC02,48.0,2,2026-01-10T06:44:48Z,38.15821,22.61131
EVT0004,EVT0004-FC02,48.0,2,2026-01-10T06:44:48Z,38.428854,21.517972
EVT0004,EVT0004-FC02,48.0,2,2026-01-10T06:44:48Z,38.250048,22.130368
EVT0004,EVT0004-FC02,48.0,2,2026-01-10T06:44:48Z,38.185618,21.882551
EVT0004,EVT0004-FC02,48.0,2,2026-01-10T06:44:48Z,38.27299,22.312046
EVT0004,EVT0004-FC02,48.0,2,2026-01-10T06:44:48Z,38.348836,22.464686
EVT0004,EVT0004-FC02,48.0,2,2026-01-10T06:44:48Z,38.479612,22.764007
EVT0004,EVT0004-FC02,48.0,2,2026-01-10T06:44:48Z,38.077212,22.577475
EVT0004,EVT0004-FC02,48.0,2,2026-01-10T06:44:48Z,38.425399,21.847299
EVT0004,EVT0004-FC02,48.0,2,2026-01-10T06:44:48Z,37.726913,23.103056
EVT0004,EVT0004-FC02,48.0,2,2026-01-10T06:44:48Z,37.836363,22.364826
EVT0004,EVT0004-FC02,48.0,2,2026-01-10T06:44:48Z,38.019832,22.300051
EVT0004,EVT0004-FC02,72.0,2,2026-01-11T06:44:48Z,38.701108,22.894279
EVT0004,EVT0004-FC02,72.0,2,2026-01-11T06:44:48Z,37.412112,21.754503
EVT0004,EVT0004-FC02,72.0,2,2026-01-11T06:44:48Z,38.323501,21.940339
EVT0004,EVT0004-FC02,72.0,2,2026-01-11T06:44:48Z,38.577025,22.985035
EVT0004,EVT0004-FC02,72.0,2,2026-01-11T06:44:48Z,39.015656,23.487323
EVT0004,EVT0004-FC02,72.0,2,2026-01-11T06:44:48Z,37.756749,22.349178
EVT0004,EVT0004-FC02,72.0,2,2026-01-11T06:44:48Z,38.767903,21.851696
EVT0004,EVT0004-FC02,72.0,2,2026-01-11T06:44:48Z,38.610253,22.000448
EVT0004,EVT0004-FC02,72.0,2,2026-01-11T06:44:48Z,38.107553,22.892102
EVT0004,EVT0004-FC02,72.0,2,2026-01-11T06:44:48Z,38.551514,22.811986
EVT0004,EVT0004-FC02,72.0,2,2026-01-11T06:44:48Z,38.412454,22.642344
EVT0004,EVT0004-FC02,72.0,2,2026-01-11T06:44:48Z,38.816414,22.784729
EVT0004,EVT0004-FC02,72.0,2,2026-01-11T06:44:48Z,38.13951,22.325245
EVT0004,EVT0004-FC02,72.0,2,2026-01-11T06:44:48Z,38.296787,22.443472
EVT0004,EVT0004-FC02,72.0,2,2026-01-11T06:44:48Z,38.595823,22.945911
EVT0004,EVT0004-FC02,72.0,2,2026-01-11T06:44:48Z,38.983179,22.60271
EVT0004,EVT0004-FC02,72.0,2,2026-01-11T06:44:48Z,38.708478,22.10421
EVT0004,EVT0004-FC02,72.0,2,2026-01-11T06:44:48Z,38.766643,21.857933
EVT0004,EVT0004-FC02,72.0,2,2026-01-11T06:44:48Z,37.264568,21.712685
EVT0004,EVT0004-FC02,72.0,2,2026-01-11T06:44:48Z,38.640691,21.42219
EVT0004,EVT0004-FC02,72.0,2,2026-01-11T06:44:48Z,38.982883,21.927393
EVT0004,EVT0004-FC02,72.0,2,2026-01-11T06:44:48Z,39.060914,22.545861
EVT0004,EVT0004-FC02,72.0,2,2026-01-11T06:44:48Z,38.743742,21.391005
EVT0004,EVT0004-FC02,72.0,2,2026-01-11T06:44:48Z,38.264804,21.995361
EVT0004,EVT0004-FC02,72.0,2,2026-01-11T06:44:48Z,38.824836,22.708249
EVT0004,EVT0004-FC02,72.0,2,2026-01-11T06:44:48Z,38.739078,21.601921
EVT0004,EVT0004-FC02,72.0,2,2026-01-11T06:44:48Z,37.973392,21.78252
EVT0004,EVT0004-FC02,72.0,2,2026-01-11T06:44:48Z,39.157479,24.103967
EVT0004,EVT0004-FC02,72.0,2,2026-01-11T06:44:48Z,38.795164,21.480773
EVT0004,EVT0004-FC02,72.0,2,2026-01-11T06:44:48Z,38.543935,22.617663
EVT0004,EVT0004-FC02,72.0,2,2026-01-11T06:44:48Z,38.166088,21.581355
EVT0004,EVT0004-FC02,72.0,2,2026-01-11T06:44:48Z,38.516832,22.251457
EVT0004,EVT0004-FC02,72.0,2,2026-01-11T06:44:48Z,38.038178,22.857299
EVT0004,EVT0004-FC02,72.0,2,2026-01-11T06:44:48Z,37.7204,22.241352
EVT0004,EVT0004-FC02,72.0,2,2026-01-11T06:44:48Z,38.670978,23.486094
EVT0004,EVT0004-FC02,72.0,2,2026-01-11T06:44:48Z,37.734437,22.325791
EVT0004,EVT0004-FC02,72.0,2,2026-01-11T06:44:48Z,38.080883,20.874542
EVT0004,EVT0004-FC02,72.0,2,2026-01-11T06:44:48Z,38.084218,21.951707
EVT0004,EVT0004-FC02,72.0,2,2026-01-11T06:44:48Z,38.412729,22.265124
EVT0004,EVT0004-FC02,72.0,2,2026-01-11T06:44:48Z,38.257557,23.341086
EVT0004,EVT0004-FC02,12.0,3,2026-01-08T18:44:48Z,37.786655,22.370139
EVT0004,EVT0004-FC02,12.0,3,2026-01-08T18:44:48Z,37.820341,21.908401
EVT0004,EVT0004-FC02,12.0,3,2026-01-08T18:44:48Z,37.842693,22.384887
EVT0004,EVT0004-FC02,12.0,3,2026-01-08T18:44:48Z,37.705894,22.285017
EVT0004,EVT0004-FC02,12.0,3,2026-01-08T18:44:48Z,37.78955,22.298254
EVT0004,EVT0004-FC02,12.0,3,2026-01-08T18:44:48Z,37.661679,22.587885
EVT0004,EVT0004-FC02,12.0,3,2026-01-08T18:44:48Z,37.769248,22.217838
EVT0004,EVT0004-FC02,12.0,3,2026-01-08T18:44:48Z,37.426928,22.160396
EVT0004,EVT0004-FC02,12.0,3,2026-01-08T18:44:48Z,37.264137,22.577412
EVT0004,EVT0004-FC02,12.0,3,2026-01-08T18:44:48Z,37.423576,22.238083
EVT0004,EVT0004-FC02,12.0,3,2026-01-08T18:44:48Z,37.73625,22.174627
EVT0004,EVT0004-FC02,12.0,3,2026-01-08T18:44:48Z,38.001089,22.263924
EVT0004,EVT0004-FC02,12.0,3,2026-01-08T18:44:48Z,37.91113,22.232807
EVT0004,EVT0004-FC02,12.0,3,2026-01-08T18:44:48Z,37.888947,22.392389
EVT0004,EVT0004-FC02,12.0,3,2026-01-08T18:44:48Z,37.835618,22.500442
EVT0004,EVT0004-FC02,12.0,3,2026-01-08T18:44:48Z,37.364437,21.988053
EVT0004,EVT0004-FC02,12.0,3,2026-01-08T18:44:48Z,37.544143,22.036203
EVT0004,EVT0004-FC02,12.0,3,2026-01-08T18:44:48Z,37.911525,22.222692
EVT0004,EVT0004-FC02,12.0,3,2026-01-08T18:44:48Z,37.804337,22.223035
EVT0004,EVT0004-FC02,12.0,3,2026-01-08T18:44:48Z,37.703172,22.115217
EVT0004,EVT0004-FC02,12.0,3,2026-01-08T18:44:48Z,37.848789,22.247259
EVT0004,EVT0004-FC02,12.0,3,2026-01-08T18:44:48Z,37.322969,22.269645
EVT0004,EVT0004-FC02,12.0,3,2026-01-08T18:44:48Z,37.44174,22.386982
EVT0004,EVT0004-FC02,12.0,3,2026-01-08T18:44:48Z,37.870147,22.402667
EVT0004,EVT0004-FC02,12.0,3,2026-01-08T18:44:48Z,37.915892,22.45018
EVT0004,EVT0004-FC02,12.0,3,2026-01-08T18:44:48Z,37.731947,22.40641
EVT0004,EVT0004-FC02,12.0,3,2026-01-08T18:44:48Z,38.072933,22.522031
EVT0004,EVT0004-FC02,12.0,3,2026-01-08T18:44:48Z,37.980165,22.192872
EVT0004,EVT0004-FC02,12.0,3,2026-01-08T18:44:48Z,37.988953,22.474274
EVT0004,EVT0004-FC02,12.0,3,2026-01-08T18:44:48Z,37.674339,22.270551
EVT0004,EVT0004-FC02,12.0,3,2026-01-08T18:44:48Z,37.472571,22.198356
EVT0004,EVT0004-FC02,12.0,3,2026-01-08T18:44:48Z,37.447201,22.223365
EVT0004,EVT0004-FC02,12.0,3,2026-01-08T18:44:48Z,37.886558,22.602582
EVT0004,EVT0004-FC02,12.0,3,2026-01-08T18:44:48Z,37.755353,22.212753
EVT0004,EVT0004-FC02,12.0,3,2026-01-08T18:44:48Z,37.971644,22.480105
EVT0004,EVT0004-FC02,12.0,3,2026-01-08T18:44:48Z,37.912511,22.08497
EVT0004,EVT0004-FC02,12.0,3,2026-01-08T18:44:48Z,37.519902,22.151967
EVT0004,EVT0004-FC02,12.0,3,2026-01-08T18:44:48Z,37.770442,22.231936
EVT0004,EVT0004-FC02,12.0,3,2026-01-08T18:44:48Z,37.932286,22.323983
EVT0004,EVT0004-FC02,12.0,3,2026-01-08T18:44:48Z,38.133462,22.699978
EVT0004,EVT0004-FC02,24.0,3,2026-01-09T06:44:48Z,38.281087,22.585037
EVT0004,EVT0004-FC02,24.0,3,2026-01-09T06:44:48Z,37.784639,22.361978
EVT0004,EVT0004-FC02,24.0,3,2026-01-09T06:44:48Z,37.32707,22.428735
EVT0004,EVT0004-FC02,24.0,3,2026-01-09T06:44:48Z,37.820676,22.359246
EVT0004,EVT0004-FC02,24.0,3,2026-01-09T06:44:48Z,37.520784,22.152406
EVT0004,EVT0004-FC02,24.0,3,2026-01-09T06:44:48Z,37.932921,22.536976
EVT0004,EVT0004-FC02,24.0,3,2026-01-09T06:44:48Z,37.904605,22.327559
EVT0004,EVT0004-FC02,24.0,3,2026-01-09T06:44:48Z,37.978347,22.351953
EVT0004,EVT0004-FC02,24.0,3,2026-01-09T06:44:48Z,38.055721,22.330934
EVT0004,EVT0004-FC02,24.0,3,2026-01-09T06:44:48Z,38.406555,22.760714
EVT0004,EVT0004-FC02,24.0,3,2026-01-09T06:44:48Z,37.860092,22.26152
EVT0004,EVT0004-FC02,24.0,3,2026-01-09T06:44:48Z,38.259053,22.804033
EVT0004,EVT0004-FC02,24.0,3,2026-01-09T06:44:48Z,38.260891,22.094922
EVT0004,EVT0004-FC02,24.0,3,2026-01-09T06:44:48Z,37.802314,22.166531
EVT0004,EVT0004-FC02,24.0,3,2026-01-09T06:44:48Z,37.895272,22.198775
EVT0004,EVT0004-FC02,24.0,3,2026-01-09T06:44:48Z,38.118033,22.608794
EVT0004,EVT0004-FC02,24.0,3,2026-01-09T06:44:48Z,37.597851,21.969219
EVT0004,EVT0004-FC02,24.0,3,2026-01-09T06:44:48Z,37.500311,22.760197
EVT0004,EVT0004-FC02,24.0,3,2026-01-09T06:44:48Z,37.843369,22.07936
EVT0004,EVT0004-FC02,24.0,3,2026-01-09T06:44:48Z,37.612984,22.503903
EVT0004,EVT0004-FC02,24.0,3,2026-01-09T06:44:48Z,37.469143,22.848271
EVT0004,EVT0004-FC02,24.0,3,2026-01-09T06:44:48Z,38.081818,22.441258
EVT0004,EVT0004-FC02,24.0,3,2026-01-09T06:44:48Z,37.580498,22.343431
EVT0004,EVT0004-FC02,24.0,3,2026-01-09T06:44:48Z,37.42364,22.354982
EVT0004,EVT0004-FC02,24.0,3,2026-01-09T06:44:48Z,38.150023,22.545349
EVT0004,EVT0004-FC02,24.0,3,2026-01-09T06:44:48Z,37.889007,22.098817
EVT0004,EVT0004-FC02,24.0,3,2026-01-09T06:44:48Z,38.118229,22.481174
EVT0004,EVT0004-FC02,24.0,3,2026-01-09T06:44:48Z,37.908671,22.518936
EVT0004,EVT0004-FC02,24.0,3,2026-01-09T06:44:48Z,38.167352,22.643243
EVT0004,EVT0004-FC02,24.0,3,2026-01-09T06:44:48Z,38.152834,22.490601
EVT0004,EVT0004-FC02,24.0,3,2026-01-09T06:44:48Z,38.050082,22.701287
EVT0004,EVT0004-FC02,24.0,3,2026-01-09T06:44:48Z,38.15317,22.497546
EVT0004,EVT0004-FC02,24.0,3,2026-01-09T06:44:48Z,37.813787,21.998574
EVT0004,EVT0004-FC02,24.0,3,2026-01-09T06:44:48Z,37.746124,22.436947
EVT0004,EVT0004-FC02,24.0,3,2026-01-09T06:44:48Z,38.075706,22.341608
EVT0004,EVT0004-FC02,24.0,3,2026-01-09T06:44:48Z,38.108463,22.177081
EVT0004,EVT0004-FC02,24.0,3,2026-01-09T06:44:48Z,38.02424,22.790071
EVT0004,EVT0004-FC02,24.0,3,2026-01-09T06:44:48Z,38.096745,22.60581
EVT0004,EVT0004-FC02,24.0,3,2026-01-09T06:44:48Z,37.751729,22.291308
EVT0004,EVT0004-FC02,24.0,3,2026-01-09T06:44:48Z,37.537863,22.973178
EVT0004,EVT0004-FC02,48.0,3,2026-01-10T06:44:48Z,38.494798,22.469693
EVT0004,EVT0004-FC02,48.0,3,2026-01-10T06:44:48Z,38.66731,22.054444
EVT0004,EVT0004-FC02,48.0,3,2026-01-10T06:44:48Z,38.374321,22.854905
EVT0004,EVT0004-FC02,48.0,3,2026-01-10T06:44:48Z,38.474052,21.942282
EVT0004,EVT0004-FC02,48.0,3,2026-01-10T06:44:48Z,38.458639,23.016209
EVT0004,EVT0004-FC02,48.0,3,2026-01-10T06:44:48Z,38.352813,22.621551
EVT0004,EVT0004-FC02,48.0,3,2026-01-10T06:44:48Z,37.588375,22.625872
EVT0004,EVT0004-FC02,48.0,3,2026-01-10T06:44:48Z,38.33136,22.352268
EVT0004,EVT0004-FC02,48.0,3,2026-01-10T06:44:48Z,37.70002,23.175151
EVT0004,EVT0004-FC02,48.0,3,2026-01-10T06:44:48Z,37.778982,23.109205
EVT0004,EVT0004-FC02,48.0,3,2026-01-10T06:44:48Z,37.96062,22.088421
EVT0004,EVT0004-FC02,48.0,3,2026-01-10T06:44:48Z,38.446795,22.882577
EVT0004,EVT0004-FC02,48.0,3,2026-01-10T06:44:48Z,38.59449,23.365379
EVT0004,EVT0004-FC02,48.0,3,2026-01-10T06:44:48Z,38.492476,22.576945
EVT0004,EVT0004-FC02,48.0,3,2026-01-10T06:44:48Z,38.545937,22.983177
EVT0004,EVT0004-FC02,48.0,3,2026-01-10T06:44:48Z,38.817133,22.337477
EVT0004,EVT0004-FC02,48.0,3,2026-01-10T06:44:48Z,38.184978,22.785073
EVT0004,EVT0004-FC02,48.0,3,2026-01-10T06:44:48Z,38.145063,21.718478
EVT0004,EVT0004-FC02,48.0,3,2026-01-10T06:44:48Z,38.582276,22.486918
EVT0004,EVT0004-FC02,48.0,3,2026-01-10T06:44:48Z,38.021671,22.165369
EVT0004,EVT0004-FC02,48.0,3,2026-01-10T06:44:48Z,38.283586,22.828928
EVT0004,EVT0004-FC02,48.0,3,2026-01-10T06:44:48Z,37.886678,23.410722
EVT0004,EVT0004-FC02,48.0,3,2026-01-10T06:44:48Z,38.013753,22.228572
EVT0004,EVT0004-FC02,48.0,3,2026-01-10T06:44:48Z,38.319628,22.343951
EVT0004,EVT0004-FC02,48.0,3,2026-01-10T06:44:48Z,37.55422,22.432011
EVT0004,EVT0004-FC02,48.0,3,2026-01-10T06:44:48Z,38.030442,22.063055
EVT0004,EVT0004-FC02,48.0,3,2026-01-10T06:44:48Z,37.915362,22.039877
EVT0004,EVT0004-FC02,48.0,3,2026-01-10T06:44:48Z,38.366768,22.77861
EVT0004,EVT0004-FC02,48.0,3,2026-01-10T06:44:48Z,37.757974,22.294172
EVT0004,EVT0004-FC02,48.0,3,2026-01-10T06:44:48Z,38.576776,21.902785
EVT0004,EVT0004-FC02,48.0,3,2026-01-10T06:44:48Z,38.198823,22.326461
EVT0004,EVT0004-FC02,48.0,3,2026-01-10T06:44:48Z,38.511181,22.376558
EVT0004,EVT0004-FC02,48.0,3,2026-01-10T06:44:48Z,37.764161,23.124897
EVT0004,EVT0004-FC02,48.0,3,2026-01-10T06:44:48Z,38.335298,22.827702
EVT0004,EVT0004-FC02,48.0,3,2026-01-10T06:44:48Z,37.873506,22.103482
EVT0004,EVT0004-FC02,48.0,3,2026-01-10T06:44:48Z,38.895312,22.286692
EVT0004,EVT0004-FC02,48.0,3,2026-01-10T06:44:48Z,38.350152,22.12075
EVT0004,EVT0004-FC02,48.0,3,2026-01-10T06:44:48Z,38.020279,22.304579
EVT0004,EVT0004-FC02,48.0,3,2026-01-10T06:44:48Z,37.75792,21.32814
EVT0004,EVT0004-FC02,48.0,3,2026-01-10T06:44:48Z,38.413038,22.818368
EVT0004,EVT0004-FC02,72.0,3,2026-01-11T06:44:48Z,38.784656,21.89671
EVT0004,EVT0004-FC02,72.0,3,2026-01-11T06:44:48Z,39.384869,22.890953
EVT0004,EVT0004-FC02,72.0,3,2026-01-11T06:44:48Z,39.116276,22.494696
EVT0004,EVT0004-FC02,72.0,3,2026-01-11T06:44:48Z,38.334019,22.202186
EVT0004,EVT0004-FC02,72.0,3,2026-01-11T06:44:48Z,38.563648,22.222678
EVT0004,EVT0004-FC02,72.0,3,2026-01-11T06:44:48Z,37.509031,22.097401
EVT0004,EVT0004-FC02,72.0,3,2026-01-11T06:44:48Z,38.248836,21.74675
EVT0004,EVT0004-FC02,72.0,3,2026-01-11T06:44:48Z,38.291117,22.208844
EVT0004,EVT0004-FC02,72.0,3,2026-01-11T06:44:48Z,37.317803,23.277272
EVT0004,EVT0004-FC02,72.0,3,2026-01-11T06:44:48Z,38.89232,22.355721
EVT0004,EVT0004-FC02,72.0,3,2026-01-11T06:44:48Z,38.504669,21.604156
EVT0004,EVT0004-FC02,72.0,3,2026-01-11T06:44:48Z,38.816058,23.080923
EVT0004,EVT0004-FC02,72.0,3,2026-01-11T06:44:48Z,37.782312,22.486724
EVT0004,EVT0004-FC02,72.0,3,2026-01-11T06:44:48Z,38.7005,23.100751
EVT0004,EVT0004-FC02,72.0,3,2026-01-11T06:44:48Z,38.837892,23.592123
EVT0004,EVT0004-FC02,72.0,3,2026-01-11T06:44:48Z,38.631456,22.952193
EVT0004,EVT0004-FC02,72.0,3,2026-01-11T06:44:48Z,38.182777,22.663758
EVT0004,EVT0004-FC02,72.0,3,2026-01-11T06:44:48Z,38.511108,22.88654
EVT0004,EVT0004-FC02,72.0,3,2026-01-11T06:44:48Z,39.318942,22.678356
EVT0004,EVT0004-FC02,72.0,3,2026-01-11T06:44:48Z,38.549575,22.746849
EVT0004,EVT0004-FC02,72.0,3,2026-01-11T06:44:48Z,38.270412,21.927613
EVT0004,EVT0004-FC02,72.0,3,2026-01-11T06:44:48Z,38.856662,22.522928
EVT0004,EVT0004-FC02,72.0,3,2026-01-11T06:44:48Z,38.827527,22.359097
EVT0004,EVT0004-FC02,72.0,3,2026-01-11T06:44:48Z,38.390872,22.927109
EVT0004,EVT0004-FC02,72.0,3,2026-01-11T06:44:48Z,38.441736,22.506482
EVT0004,EVT0004-FC02,72.0,3,2026-01-11T06:44:48Z,37.937613,21.384364
EVT0004,EVT0004-FC02,72.0,3,2026-01-11T06:44:48Z,38.481506,22.461448
EVT0004,EVT0004-FC02,72.0,3,2026-01-11T06:44:48Z,38.661202,21.447792
EVT0004,EVT0004-FC02,72.0,3,2026-01-11T06:44:48Z,38.026907,22.711822
EVT0004,EVT0004-FC02,72.0,3,2026-01-11T06:44:48Z,39.406309,21.725487
EVT0004,EVT0004-FC02,72.0,3,2026-01-11T06:44:48Z,38.296971,20.828014
EVT0004,EVT0004-FC02,72.0,3,2026-01-11T06:44:48Z,38.861559,23.425868
EVT0004,EVT0004-FC02,72.0,3,2026-01-11T06:44:48Z,38.026379,22.795182
EVT0004,EVT0004-FC02,72.0,3,2026-01-11T06:44:48Z,38.614464,21.305585
EVT0004,EVT0004-FC02,72.0,3,2026-01-11T06:44:48Z,39.048568,22.807069
EVT0004,EVT0004-FC02,72.0,3,2026-01-11T06:44:48Z,38.254625,21.712752
EVT0004,EVT0004-FC02,72.0,3,2026-01-11T06:44:48Z,38.312327,22.187359
EVT0004,EVT0004-FC02,72.0,3,2026-01-11T06:44:48Z,38.069893,22.225459
EVT0004,EVT0004-FC02,72.0,3,2026-01-11T06:44:48Z,38.599323,22.291406
EVT0004,EVT0004-FC02,72.0,3,2026-01-11T06:44:48Z,38.669175,21.67077
EVT0004,EVT0004-FC02,12.0,4,2026-01-08T18:44:48Z,37.822773,22.469507
EVT0004,EVT0004-FC02,12.0,4,2026-01-08T18:44:48Z,37.583814,22.483271
EVT0004,EVT0004-FC02,12.0,4,2026-01-08T18:44:48Z,37.903347,22.198844
EVT0004,EVT0004-FC02,12.0,4,2026-01-08T18:44:48Z,37.774955,22.032616
EVT0004,EVT0004-FC02,12.0,4,2026-01-08T18:44:48Z,37.609112,22.413567
EVT0004,EVT0004-FC02,12.0,4,2026-01-08T18:44:48Z,37.873896,22.184044
EVT0004,EVT0004-FC02,12.0,4,2026-01-08T18:44:48Z,37.709807,22.363202
EVT0004,EVT0004-FC02,12.0,4,2026-01-08T18:44:48Z,37.711907,22.396463
EVT0004,EVT0004-FC02,12.0,4,2026-01-08T18:44:48Z,37.780635,22.211521
EVT0004,EVT0004-FC02,12.0,4,2026-01-08T18:44:48Z,38.000946,22.125428
EVT0004,EVT0004-FC02,12.0,4,2026-01-08T18:44:48Z,37.609319,22.253168
EVT0004,EVT0004-FC02,12.0,4,2026-01-08T18:44:48Z,37.500247,22.559694
EVT0004,EVT0004-FC02,12.0,4,2026-01-08T18:44:48Z,38.143283,22.565088
EVT0004,EVT0004-FC02,12.0,4,2026-01-08T18:44:48Z,37.576425,22.198666
EVT0004,EVT0004-FC02,12.0,4,2026-01-08T18:44:48Z,37.849371,22.327586
EVT0004,EVT0004-FC02,12.0,4,2026-01-08T18:44:48Z,37.885635,22.370583
EVT0004,EVT0004-FC02,12.0,4,2026-01-08T18:44:48Z,37.696768,22.543017
EVT0004,EVT0004-FC02,12.0,4,2026-01-08T18:44:48Z,37.794492,22.342101
EVT0004,EVT0004-FC02,12.0,4,2026-01-08T18:44:48Z,37.947347,22.400784
EVT0004,EVT0004-FC02,12.0,4,2026-01-08T18:44:48Z,37.496216,22.088293
EVT0004,EVT0004-FC02,12.0,4,2026-01-08T18:44:48Z,37.742778,22.392214
EVT0004,EVT0004-FC02,12.0,4,2026-01-08T18:44:48Z,38.062212,22.387408
EVT0004,EVT0004-FC02,12.0,4,2026-01-08T18:44:48Z,38.15335,22.668175
EVT0004,EVT0004-FC02,12.0,4,2026-01-08T18:44:48Z,37.812046,21.956329
EVT0004,EVT0004-FC02,12.0,4,2026-01-08T18:44:48Z,37.703457,22.064443
EVT0004,EVT0004-FC02,12.0,4,2026-01-08T18:44:48Z,37.909024,22.435656
EVT0004,EVT0004-FC02,12.0,4,2026-01-08T18:44:48Z,37.936006,22.480152
EVT0004,EVT0004-FC02,12.0,4,2026-01-08T18:44:48Z,37.95019,22.328259
EVT0004,EVT0004-FC02,12.0,4,2026-01-08T18:44:48Z,37.678303,22.348042
EVT0004,EVT0004-FC02,12.0,4,2026-01-08T18:44:48Z,37.745604,22.127742
EVT0004,EVT0004-FC02,12.0,4,2026-01-08T18:44:48Z,37.685116,21.968319
EVT0004,EVT0004-FC02,12.0,4,2026-01-08T18:44:48Z,38.013761,22.241394
EVT0004,EVT0004-FC02,12.0,4,2026-01-08T18:44:48Z,37.988835,22.4051
EVT0004,EVT0004-FC02,12.0,4,2026-01-08T18:44:48Z,38.05435,22.505242
EVT0004,EVT0004-FC02,12.0,4,2026-01-08T18:44:48Z,37.93625,22.425149
EVT0004,EVT0004-FC02,12.0,4,2026-01-08T18:44:48Z,37.438861,22.325369
EVT0004,EVT0004-FC02,12.0,4,2026-01-08T18:44:48Z,37.913509,22.178192
EVT0004,EVT0004-FC02,12.0,4,2026-01-08T18:44:48Z,37.497018,22.219891
EVT0004,EVT0004-FC02,12.0,4,2026-01-08T18:44:48Z,37.810294,22.15696
EVT0004,EVT0004-FC02,12.0,4,2026-01-08T18:44:48Z,37.914127,22.318835
EVT0004,EVT0004-FC02,24.0,4,2026-01-09T06:44:48Z,37.893691,22.107108
EVT0004,EVT0004-FC02,24.0,4,2026-01-09T06:44:48Z,38.312032,22.495063
EVT0004,EVT0004-FC02,24.0,4,2026-01-09T06:44:48Z,37.897376,21.937091
EVT0004,EVT0004-FC02,24.0,4,2026-01-09T06:44:48Z,37.802637,21.99185
EVT0004,EVT0004-FC02,24.0,4,2026-01-09T06:44:48Z,37.914307,22.442743
EVT0004,EVT0004-FC02,24.0,4,2026-01-09T06:44:48Z,38.030772,22.101478
EVT0004,EVT0004-FC02,24.0,4,2026-01-09T06:44:48Z,37.388701,22.383508
EVT0004,EVT0004-FC02,24.0,4,2026-01-09T06:44:48Z,37.999902,22.25754
EVT0004,EVT0004-FC02,24.0,4,2026-01-09T06:44:48Z,38.075858,22.21782
EVT0004,EVT0004-FC02,24.0,4,2026-01-09T06:44:48Z,38.154245,22.633038
EVT0004,EVT0004-FC02,24.0,4,2026-01-09T06:44:48Z,37.848363,22.45462
EVT0004,EVT0004-FC02,24.0,4,2026-01-09T06:44:48Z,38.076395,22.193997
EVT0004,EVT0004-FC02,24.0,4,2026-01-09T06:44:48Z,37.524791,22.522758
EVT0004,EVT0004-FC02,24.0,4,2026-01-09T06:44:48Z,38.103204,22.479034
EVT0004,EVT0004-FC02,24.0,4,2026-01-09T06:44:48Z,37.790095,22.042349
EVT0004,EVT0004-FC02,24.0,4,2026-01-09T06:44:48Z,38.116433,22.242312
EVT0004,EVT0004-FC02,24.0,4,2026-01-09T06:44:48Z,37.67704,22.376545
EVT0004,EVT0004-FC02,24.0,4,2026-01-09T06:44:48Z,38.184972,21.973522
EVT0004,EVT0004-FC02,24.0,4,2026-01-09T06:44:48Z,38.063081,22.116005
EVT0004,EVT0004-FC02,24.0,4,2026-01-09T06:44:48Z,38.109805,22.117555
EVT0004,EVT0004-FC02,24.0,4,2026-01-09T06:44:48Z,38.166726,22.482922
EVT0004,EVT0004-FC02,24.0,4,2026-01-09T06:44:48Z,37.891395,22.301927
EVT0004,EVT0004-FC02,24.0,4,2026-01-09T06:44:48Z,37.993866,22.202347
EVT0004,EVT0004-FC02,24.0,4,2026-01-09T06:44:48Z,38.164234,22.617897
EVT0004,EVT0004-FC02,24.0,4,2026-01-09T06:44:48Z,37.324592,22.576749
EVT0004,EVT0004-FC02,24.0,4,2026-01-09T06:44:48Z,38.098936,22.073181
EVT0004,EVT0004-FC02,24.0,4,2026-01-09T06:44:48Z,38.135978,22.366709
EVT0004,EVT0004-FC02,24.0,4,2026-01-09T06:44:48Z,38.352636,22.522802
EVT0004,EVT0004-FC02,24.0,4,2026-01-09T06:44:48Z,38.167623,22.26451
EVT0004,EVT0004-FC02,24.0,4,2026-01-09T06:44:48Z,37.65213,23.082958
EVT0004,EVT0004-FC02,24.0,4,2026-01-09T06:44:48Z,38.198956,21.979145
EVT0004,EVT0004-FC02,24.0,4,2026-01-09T06:44:48Z,38.076968,22.481786
EVT0004,EVT0004-FC02,24.0,4,2026-01-09T06:44:48Z,38.061179,22.368972
EVT0004,EVT0004-FC02,24.0,4,2026-01-09T06:44:48Z,37.977525,22.092562
EVT0004,EVT0004-FC02,24.0,4,2026-01-09T06:44:48Z,37.948552,22.185659
EVT0004,EVT0004-FC02,24.0,4,2026-01-09T06:44:48Z,37.95183,22.540621
EVT0004,EVT0004-FC02,24.0,4,2026-01-09T06:44:48Z,38.035286,22.376276
EVT0004,EVT0004-FC02,24.0,4,2026-01-09T06:44:48Z,38.11544,22.558068
EVT0004,EVT0004-FC02,24.0,4,2026-01-09T06:44:48Z,37.958585,22.664407
EVT0004,EVT0004-FC02,24.0,4,2026-01-09T06:44:48Z,38.114997,22.295912
EVT0004,EVT0004-FC02,48.0,4,2026-01-10T06:44:48Z,38.11144,22.226306
EVT0004,EVT0004-FC02,48.0,4,2026-01-10T06:44:48Z,37.990811,22.16994
EVT0004,EVT0004-FC02,48.0,4,2026-01-10T06:44:48Z,38.301579,22.793293
EVT0004,EVT0004-FC02,48.0,4,2026-01-10T06:44:48Z,38.230841,22.630682
EVT0004,EVT0004-FC02,48.0,4,2026-01-10T06:44:48Z,37.609538,22.892442
EVT0004,EVT0004-FC02,48.0,4,2026-01-10T06:44:48Z,38.032341,22.069854
EVT0004,EVT0004-FC02,48.0,4,2026-01-10T06:44:48Z,38.029316,22.100156
EVT0004,EVT0004-FC02,48.0,4,2026-01-10T06:44:48Z,38.421015,22.73174
EVT0004,EVT0004-FC02,48.0,4,2026-01-10T06:44:48Z,38.401062,22.647992
EVT0004,EVT0004-FC02,48.0,4,2026-01-10T06:44:48Z,37.84059,22.278386
EVT0004,EVT0004-FC02,48.0,4,2026-01-10T06:44:48Z,37.530292,22.049371
EVT0004,EVT0004-FC02,48.0,4,2026-01-10T06:44:48Z,37.814637,22.164841
EVT0004,EVT0004-FC02,48.0,4,2026-01-10T06:44:48Z,38.387656,22.653115
EVT0004,EVT0004-FC02,48.0,4,2026-01-10T06:44:48Z,38.072386,21.941942
EVT0004,EVT0004-FC02,48.0,4,2026-01-10T06:44:48Z,38.719502,22.201113
EVT0004,EVT0004-FC02,48.0,4,2026-01-10T06:44:48Z,38.208265,22.082139
EVT0004,EVT0004-FC02,48.0,4,2026-01-10T06:44:48Z,38.059885,21.261379
EVT0004,EVT0004-FC02,48.0,4,2026-01-10T06:44:48Z,38.163624,22.248079
EVT0004,EVT0004-FC02,48.0,4,2026-01-10T06:44:48Z,37.665964,21.607966
EVT0004,EVT0004-FC02,48.0,4,2026-01-10T06:44:48Z,38.30757,22.285799
EVT0004,EVT0004-FC02,48.0,4,2026-01-10T06:44:48Z,37.838096,22.928434
EVT0004,EVT0004-FC02,48.0,4,2026-01-10T06:44:48Z,37.428944,21.914367
EVT0004,EVT0004-FC02,48.0,4,2026-01-10T06:44:48Z,37.852371,21.448429
EVT0004,EVT0004-FC02,48.0,4,2026-01-10T06:44:48Z,38.324321,21.890142
EVT0004,EVT0004-FC02,48.0,4,2026-01-10T06:44:48Z,38.336698,22.830632
EVT0004,EVT0004-FC02,48.0,4,2026-01-10T06:44:48Z,38.300585,21.871207
EVT0004,EVT0004-FC02,48.0,4,2026-01-10T06:44:48Z,38.553791,22.820639
EVT0004,EVT0004-FC02,48.0,4,2026-01-10T06:44:48Z,38.597201,21.868934
EVT0004,EVT0004-FC02,48.0,4,2026-01-10T06:44:48Z,38.286716,22.529646
EVT0004,EVT0004-FC02,48.0,4,2026-01-10T06:44:48Z,38.488012,22.764118
EVT0004,EVT0004-FC02,48.0,4,2026-01-10T06:44:48Z,38.108377,22.520011
EVT0004,EVT0004-FC02,48.0,4,2026-01-10T06:44:48Z,38.174711,21.753687
EVT0004,EVT0004-FC02,48.0,4,2026-01-10T06:44:48Z,38.017787,21.779618
EVT0004,EVT0004-FC02,48.0,4,2026-01-10T06:44:48Z,38.061574,21.841942
EVT0004,EVT0004-FC02,48.0,4,2026-01-10T06:44:48Z,38.695794,23.157601
EVT0004,EVT0004-FC02,48.0,4,2026-01-10T06:44:48Z,38.556375,21.755956
EVT0004,EVT0004-FC02,48.0,4,2026-01-10T06:44:48Z,38.20447,22.308751
EVT0004,EVT0004-FC02,48.0,4,2026-01-10T06:44:48Z,38.019394,22.327282
EVT0004,EVT0004-FC02,48.0,4,2026-01-10T06:44:48Z,38.621417,22.878181
EVT0004,EVT0004-FC02,48.0,4,2026-01-10T06:44:48Z,38.004965,21.85929
EVT0004,EVT0004-FC02,72.0,4,2026-01-11T06:44:48Z,38.123858,22.007691
EVT0004,EVT0004-FC02,72.0,4,2026-01-11T06:44:48Z,38.678679,20.996978
EVT0004,EVT0004-FC02,72.0,4,2026-01-11T06:44:48Z,38.482379,22.529743
EVT0004,EVT0004-FC02,72.0,4,2026-01-11T06:44:48Z,38.728552,21.741546
EVT0004,EVT0004-FC02,72.0,4,2026-01-11T06:44:48Z,37.759552,22.467891
EVT0004,EVT0004-FC02,72.0,4,2026-01-11T06:44:48Z,38.846804,21.403306
EVT0004,EVT0004-FC02,72.0,4,2026-01-11T06:44:48Z,38.786599,22.90226
EVT0004,EVT0004-FC02,72.0,4,2026-01-11T06:44:48Z,38.637744,22.78562
EVT0004,EVT0004-FC02,72.0,4,2026-01-11T06:44:48Z,38.119431,21.525075
EVT0004,EVT0004-FC02,72.0,4,2026-01-11T06:44:48Z,38.818929,21.619838
EVT0004,EVT0004-FC02,72.0,4,2026-01-11T06:44:48Z,38.95906,22.812314
EVT0004,EVT0004-FC02,72.0,4,2026-01-11T06:44:48Z,38.474552,23.159661
EVT0004,EVT0004-FC02,72.0,4,2026-01-11T06:44:48Z,38.361476,21.821879
EVT0004,EVT0004-FC02,72.0,4,2026-01-11T06:44:48Z,38.341449,22.824728
EVT0004,EVT0004-FC02,72.0,4,2026-01-11T06:44:48Z,38.280793,22.779888
EVT0004,EVT0004-FC02,72.0,4,2026-01-11T06:44:48Z,38.316423,22.277809
EVT0004,EVT0004-FC02,72.0,4,2026-01-11T06:44:48Z,38.355962,22.491814
EVT0004,EVT0004-FC02,72.0,4,2026-01-11T06:44:48Z,38.109536,22.854819
EVT0004,EVT0004-FC02,72.0,4,2026-01-11T06:44:48Z,37.973443,21.586531
EVT0004,EVT0004-FC02,72.0,4,2026-01-11T06:44:48Z,38.344409,21.397776
EVT0004,EVT0004-FC02,72.0,4,2026-01-11T06:44:48Z,38.408775,20.916154
EVT0004,EVT0004-FC02,72.0,4,2026-01-11T06:44:48Z,38.498524,22.834504
EVT0004,EVT0004-FC02,72.0,4,2026-01-11T06:44:48Z,38.134669,21.672339
EVT0004,EVT0004-FC02,72.0,4,2026-01-11T06:44:48Z,38.606642,23.170225
EVT0004,EVT0004-FC02,72.0,4,2026-01-11T06:44:48Z,38.593519,22.151167
EVT0004,EVT0004-FC02,72.0,4,2026-01-11T06:44:48Z,38.049769,22.031236
EVT0004,EVT0004-FC02,72.0,4,2026-01-11T06:44:48Z,37.941764,22.89337
EVT0004,EVT0004-FC02,72.0,4,2026-01-11T06:44:48Z,38.356797,23.462893
EVT0004,EVT0004-FC02,72.0,4,2026-01-11T06:44:48Z,38.280635,21.841983
EVT0004,EVT0004-FC02,72.0,4,2026-01-11T06:44:48Z,38.912164,23.34013
EVT0004,EVT0004-FC02,72.0,4,2026-01-11T06:44:48Z,38.285317,21.678823
EVT0004,EVT0004-FC02,72.0,4,2026-01-11T06:44:48Z,38.194325,22.343849
EVT0004,EVT0004-FC02,72.0,4,2026-01-11T06:44:48Z,37.95622,20.681146
EVT0004,EVT0004-FC02,72.0,4,2026-01-11T06:44:48Z,38.953099,21.939821
EVT0004,EVT0004-FC02,72.0,4,2026-01-11T06:44:48Z,38.953566,22.70974
EVT0004,EVT0004-FC02,72.0,4,2026-01-11T06:44:48Z,38.194472,22.508296
EVT0004,EVT0004-FC02,72.0,4,2026-01-11T06:44:48Z,38.215423,21.942402
EVT0004,EVT0004-FC02,72.0,4,2026-01-11T06:44:48Z,39.115677,21.563199
EVT0004,EVT0004-FC02,72.0,4,2026-01-11T06:44:48Z,38.186551,22.287162
EVT0004,EVT0004-FC02,72.0,4,2026-01-11T06:44:48Z,38.340865,22.57547
EVT0004,EVT0004-FC02,12.0,5,2026-01-08T18:44:48Z,37.848883,22.469369
EVT0004,EVT0004-FC02,12.0,5,2026-01-08T18:44:48Z,37.857802,22.4372
EVT0004,EVT0004-FC02,12.0,5,2026-01-08T18:44:48Z,37.992043,22.369908
EVT0004,EVT0004-FC02,12.0,5,2026-01-08T18:44:48Z,37.772033,22.561858
EVT0004,EVT0004-FC02,12.0,5,2026-01-08T18:44:48Z,37.876291,22.434977
EVT0004,EVT0004-FC02,12.0,5,2026-01-08T18:44:48Z,37.451803,22.14015
EVT0004,EVT0004-FC02,12.0,5,2026-01-08T18:44:48Z,37.724869,22.223815
EVT0004,EVT0004-FC02,12.0,5,2026-01-08T18:44:48Z,37.887755,22.451702
EVT0004,EVT0004-FC02,12.0,5,2026-01-08T18:44:48Z,37.351086,22.373001
EVT0004,EVT0004-FC02,12.0,5,2026-01-08T18:44:48Z,37.720993,22.405398
EVT0004,EVT0004-FC02,12.0,5,2026-01-08T18:44:48Z,37.46985,22.228981
EVT0004,EVT0004-FC02,12.0,5,2026-01-08T18:44:48Z,37.973198,22.268735
EVT0004,EVT0004-FC02,12.0,5,2026-01-08T18:44:48Z,38.08029,22.453691
EVT0004,EVT0004-FC02,12.0,5,2026-01-08T18:44:48Z,37.998047,22.5329
EVT0004,EVT0004-FC02,12.0,5,2026-01-08T18:44:48Z,37.651914,22.196938
EVT0004,EVT0004-FC02,12.0,5,2026-01-08T18:44:48Z,38.089072,22.745316
EVT0004,EVT0004-FC02,12.0,5,2026-01-08T18:44:48Z,38.004944,22.35349
EVT0004,EVT0004-FC02,12.0,5,2026-01-08T18:44:48Z,37.617663,22.245203
EVT0004,EVT0004-FC02,12.0,5,2026-01-08T18:44:48Z,37.987784,22.165572
EVT0004,EVT0004-FC02,12.0,5,2026-01-08T18:44:48Z,37.51639,21.970639
EVT0004,EVT0004-FC02,12.0,5,2026-01-08T18:44:48Z,37.926062,22.287074
EVT0004,EVT0004-FC02,12.0,5,2026-01-08T18:44:48Z,37.730266,22.416739
EVT0004,EVT0004-FC02,12.0,5,2026-01-08T18:44:48Z,37.876942,22.268578
EVT0004,EVT0004-FC02,12.0,5,2026-01-08T18:44:48Z,37.827478,21.895701
EVT0004,EVT0004-FC02,12.0,5,2026-01-08T18:44:48Z,37.538299,22.339907
EVT0004,EVT0004-FC02,12.0,5,2026-01-08T18:44:48Z,37.803052,22.453703
EVT0004,EVT0004-FC02,12.0,5,2026-01-08T18:44:48Z,37.883557,22.445918
EVT0004,EVT0004-FC02,12.0,5,2026-01-08T18:44:48Z,37.800098,22.32514
EVT0004,EVT0004-FC02,12.0,5,2026-01-08T18:44:48Z,37.92285,22.336886
EVT0004,EVT0004-FC02,12.0,5,2026-01-08T18:44:48Z,37.70911,21.96496
EVT0004,EVT0004-FC02,12.0,5,2026-01-08T18:44:48Z,37.80338,21.917595
EVT0004,EVT0004-FC02,12.0,5,2026-01-08T18:44:48Z,37.630238,22.213203
EVT0004,EVT0004-FC02,12.0,5,2026-01-08T18:44:48Z,37.80661,22.182027
EVT0004,EVT0004-FC02,12.0,5,2026-01-08T18:44:48Z,37.625797,22.523897
EVT0004,EVT0004-FC02,12.0,5,2026-01-08T18:44:48Z,37.851789,22.554804
EVT0004,EVT0004-FC02,12.0,5,2026-01-08T18:44:48Z,37.69331,22.327699
EVT0004,EVT0004-FC02,12.0,5,2026-01-08T18:44:48Z,37.68654,22.472319
EVT0004,EVT0004-FC02,12.0,5,2026-01-08T18:44:48Z,37.658123,22.182187
EVT0004,EVT0004-FC02,12.0,5,2026-01-08T18:44:48Z,37.63913,22.43268
EVT0004,EVT0004-FC02,12.0,5,2026-01-08T18:44:48Z,37.578939,22.271617
EVT0004,EVT0004-FC02,24.0,5,2026-01-09T06:44:48Z,38.13616,22.86754
EVT0004,EVT0004-FC02,24.0,5,2026-01-09T06:44:48Z,38.147477,22.626411
EVT0004,EVT0004-FC02,24.0,5,2026-01-09T06:44:48Z,37.558192,22.011753
EVT0004,EVT0004-FC02,24.0,5,2026-01-09T06:44:48Z,38.067035,22.077805
EVT0004,EVT0004-FC02,24.0,5,2026-01-09T06:44:48Z,37.967707,21.990134
EVT0004,EVT0004-FC02,24.0,5,2026-01-09T06:44:48Z,37.742605,22.270241
EVT0004,EVT0004-FC02,24.0,5,2026-01-09T06:44:48Z,38.188273,22.756252
EVT0004,EVT0004-FC02,24.0,5,2026-01-09T06:44:48Z,38.078068,22.393931
EVT0004,EVT0004-FC02,24.0,5,2026-01-09T06:44:48Z,37.778197,22.51037
EVT0004,EVT0004-FC02,24.0,5,2026-01-09T06:44:48Z,37.986072,22.226722
EVT0004,EVT0004-FC02,24.0,5,2026-01-09T06:44:48Z,38.020692,22.384748
EVT0004,EVT0004-FC02,24.0,5,2026-01-09T06:44:48Z,38.368121,22.411814
EVT0004,EVT0004-FC02,24.0,5,2026-01-09T06:44:48Z,37.926855,22.122686
EVT0004,EVT0004-FC02,24.0,5,2026-01-09T06:44:48Z,37.629181,21.675874
EVT0004,EVT0004-FC02,24.0,5,2026-01-09T06:44:48Z,38.234552,22.79
EVT0004,EVT0004-FC02,24.0,5,2026-01-09T06:44:48Z,38.156771,22.498925
EVT0004,EVT0004-FC02,24.0,5,2026-01-09T06:44:48Z,38.322739,22.860222
EVT0004,EVT0004-FC02,24.0,5,2026-01-09T06:44:48Z,38.045043,22.511657
EVT0004,EVT0004-FC02,24.0,5,2026-01-09T06:44:48Z,38.128679,22.541552
EVT0004,EVT0004-FC02,24.0,5,2026-01-09T06:44:48Z,38.077476,22.14073
EVT0004,EVT0004-FC02,24.0,5,2026-01-09T06:44:48Z,38.094163,22.028897
EVT0004,EVT0004-FC02,24.0,5,2026-01-09T06:44:48Z,38.21158,21.896129
EVT0004,EVT0004-FC02,24.0,5,2026-01-09T06:44:48Z,38.10902,22.424114
EVT0004,EVT0004-FC02,24.0,5,2026-01-09T06:44:48Z,38.114741,22.124132
EVT0004,EVT0004-FC02,24.0,5,2026-01-09T06:44:48Z,37.970909,22.341159
EVT0004,EVT0004-FC02,24.0,5,2026-01-09T06:44:48Z,38.121874,22.320144
EVT0004,EVT0004-FC02,24.0,5,2026-01-09T06:44:48Z,37.983907,22.155539
EVT0004,EVT0004-FC02,24.0,5,2026-01-09T06:44:48Z,38.058698,22.25801
EVT0004,EVT0004-FC02,24.0,5,2026-01-09T06:44:48Z,38.112025,22.286614
EVT0004,EVT0004-FC02,24.0,5,2026-01-09T06:44:48Z,37.981435,22.191113
EVT0004,EVT0004-FC02,24.0,5,2026-01-09T06:44:48Z,38.119877,22.232403
EVT0004,EVT0004-FC02,24.0,5,2026-01-09T06:44:48Z,38.02578,22.522315
EVT0004,EVT0004-FC02,24.0,5,2026-01-09T06:44:48Z,37.475653,22.53702
EVT0004,EVT0004-FC02,24.0,5,2026-01-09T06:44:48Z,38.087515,22.226649
EVT0004,EVT0004-FC02,24.0,5,2026-01-09T06:44:48Z,38.240074,22.380204
EVT0004,EVT0004-FC02,24.0,5,2026-01-09T06:44:48Z,38.163997,22.946356
EVT0004,EVT0004-FC02,24.0,5,2026-01-09T06:44:48Z,38.070696,22.159177
EVT0004,EVT0004-FC02,24.0,5,2026-01-09T06:44:48Z,38.021368,22.040002
EVT0004,EVT0004-FC02,24.0,5,2026-01-09T06:44:48Z,37.265395,22.089822
EVT0004,EVT0004-FC02,24.0,5,2026-01-09T06:44:48Z,38.111063,22.609597
EVT0004,EVT0004-FC02,48.0,5,2026-01-10T06:44:48Z,38.575777,22.861126
EVT0004,EVT0004-FC02,48.0,5,2026-01-10T06:44:48Z,37.97255,22.113095
EVT0004,EVT0004-FC02,48.0,5,2026-01-10T06:44:48Z,37.747719,22.760808
EVT0004,EVT0004-FC02,48.0,5,2026-01-10T06:44:48Z,37.877188,22.158663
EVT0004,EVT0004-FC02,48.0,5,2026-01-10T06:44:48Z,38.445508,22.695423
EVT0004,EVT0004-FC02,48.0,5,2026-01-10T06:44:48Z,38.24276,22.728089
EVT0004,EVT0004-FC02,48.0,5,2026-01-10T06:44:48Z,38.094663,22.505837
EVT0004,EVT0004-FC02,48.0,5,2026-01-10T06:44:48Z,37.849529,23.153321
EVT0004,EVT0004-FC02,48.0,5,2026-01-10T06:44:48Z,38.261085,21.690949
EVT0004,EVT0004-FC02,48.0,5,2026-01-10T06:44:48Z,38.568409,21.877066
EVT0004,EVT0004-FC02,48.0,5,2026-01-10T06:44:48Z,38.442969,22.206297
EVT0004,EVT0004-FC02,48.0,5,2026-01-10T06:44:48Z,38.286012,21.727152
EVT0004,EVT0004-FC02,48.0,5,2026-01-10T06:44:48Z,38.524238,22.883328
EVT0004,EVT0004-FC02,48.0,5,2026-01-10T06:44:48Z,38.273877,22.860307
EVT0004,EVT0004-FC02,48.0,5,2026-01-10T06:44:48Z,38.69316,22.436722
EVT0004,EVT0004-FC02,48.0,5,2026-01-10T06:44:48Z,38.856832,22.27927
EVT0004,EVT0004-FC02,48.0,5,2026-01-10T06:44:48Z,38.408075,21.779358
EVT0004,EVT0004-FC02,48.0,5,2026-01-10T06:44:48Z,38.167519,22.222941
EVT0004,EVT0004-FC02,48.0,5,2026-01-10T06:44:48Z,37.894071,22.233874
EVT0004,EVT0004-FC02,48.0,5,2026-01-10T06:44:48Z,38.760633,23.845247
EVT0004,EVT0004-FC02,48.0,5,2026-01-10T06:44:48Z,38.214229,22.668164
EVT0004,EVT0004-FC02,48.0,5,2026-01-10T06:44:48Z,38.38004,22.212075
EVT0004,EVT0004-FC02,48.0,5,2026-01-10T06:44:48Z,38.072746,22.165519
EVT0004,EVT0004-FC02,48.0,5,2026-01-10T06:44:48Z,38.470133,21.941903
EVT0004,EVT0004-FC02,48.0,5,2026-01-10T06:44:48Z,38.469072,21.987931
EVT0004,EVT0004-FC02,48.0,5,2026-01-10T06:44:48Z,38.528138,22.751366
EVT0004,EVT0004-FC02,48.0,5,2026-01-10T06:44:48Z,38.098981,21.822438
EVT0004,EVT0004-FC02,48.0,5,2026-01-10T06:44:48Z,38.086075,21.800921
EVT0004,EVT0004-FC02,48.0,5,2026-01-10T06:44:48Z,38.127933,21.909707
EVT0004,EVT0004-FC02,48.0,5,2026-01-10T06:44:48Z,38.469688,22.819685
EVT0004,EVT0004-FC02,48.0,5,2026-01-10T06:44:48Z,38.006441,22.464219
EVT0004,EVT0004-FC02,48.0,5,2026-01-10T06:44:48Z,37.914797,22.285212
EVT0004,EVT0004-FC02,48.0,5,2026-01-10T06:44:48Z,38.972069,22.120033
EVT0004,EVT0004-FC02,48.0,5,2026-01-10T06:44:48Z,38.374749,22.655748
EVT0004,EVT0004-FC02,48.0,5,2026-01-10T06:44:48Z,38.063682,22.135399
EVT0004,EVT0004-FC02,48.0,5,2026-01-10T06:44:48Z,38.496615,21.722547
EVT0004,EVT0004-FC02,48.0,5,2026-01-10T06:44:48Z,38.253,22.751531
EVT0004,EVT0004-FC02,48.0,5,2026-01-10T06:44:48Z,38.235946,22.647082
EVT0004,EVT0004-FC02,48.0,5,2026-01-10T06:44:48Z,37.81131,22.287276
EVT0004,EVT0004-FC02,48.0,5,2026-01-10T06:44:48Z,38.462937,23.049675
EVT0004,EVT0004-FC02,72.0,5,2026-01-11T06:44:48Z,38.245434,22.083388
EVT0004,EVT0004-FC02,72.0,5,2026-01-11T06:44:48Z,38.224088,21.876321
EVT0004,EVT0004-FC02,72.0,5,2026-01-11T06:44:48Z,38.343097,21.763609
EVT0004,EVT0004-FC02,72.0,5,2026-01-11T06:44:48Z,37.735907,21.575037
EVT0004,EVT0004-FC02,72.0,5,2026-01-11T06:44:48Z,38.727131,22.893311
EVT0004,EVT0004-FC02,72.0,5,2026-01-11T06:44:48Z,38.271353,23.565266
EVT0004,EVT0004-FC02,72.0,5,2026-01-11T06:44:48Z,38.893812,21.503183
EVT0004,EVT0004-FC02,72.0,5,2026-01-11T06:44:48Z,37.648469,21.136263
EVT0004,EVT0004-FC02,72.0,5,2026-01-11T06:44:48Z,38.787382,21.794381
EVT0004,EVT0004-FC02,72.0,5,2026-01-11T06:44:48Z,38.812902,22.163442
EVT0004,EVT0004-FC02,72.0,5,2026-01-11T06:44:48Z,37.979921,23.050249
EVT0004,EVT0004-FC02,72.0,5,2026-01-11T06:44:48Z,38.695014,21.421094
EVT0004,EVT0004-FC02,72.0,5,2026-01-11T06:44:48Z,38.411556,22.393535
EVT0004,EVT0004-FC02,72.0,5,2026-01-11T06:44:48Z,37.620464,22.705245
EVT0004,EVT0004-FC02,72.0,5,2026-01-11T06:44:48Z,38.298542,23.44858
EVT0004,EVT0004-FC02,72.0,5,2026-01-11T06:44:48Z,38.417865,22.393895
EVT0004,EVT0004-FC02,72.0,5,2026-01-11T06:44:48Z,38.288236,21.871783
EVT0004,EVT0004-FC02,72.0,5,2026-01-11T06:44:48Z,38.704074,23.198847
EVT0004,EVT0004-FC02,72.0,5,2026-01-11T06:44:48Z,38.503982,21.531284
EVT0004,EVT0004-FC02,72.0,5,2026-01-11T06:44:48Z,38.355593,21.378473
EVT0004,EVT0004-FC02,72.0,5,2026-01-11T06:44:48Z,38.230164,21.946476
EVT0004,EVT0004-FC02,72.0,5,2026-01-11T06:44:48Z,37.663978,22.310375
EVT0004,EVT0004-FC02,72.0,5,2026-01-11T06:44:48Z,38.44066,21.172695
EVT0004,EVT0004-FC02,72.0,5,2026-01-11T06:44:48Z,38.538639,22.785975
EVT0004,EVT0004-FC02,72.0,5,2026-01-11T06:44:48Z,38.729915,22.338172
EVT0004,EVT0004-FC02,72.0,5,2026-01-11T06:44:48Z,38.677109,21.320341
EVT0004,EVT0004-FC02,72.0,5,2026-01-11T06:44:48Z,39.15618,21.565992
EVT0004,EVT0004-FC02,72.0,5,2026-01-11T06:44:48Z,38.741445,22.66604
EVT0004,EVT0004-FC02,72.0,5,2026-01-11T06:44:48Z,38.604941,22.682419
EVT0004,EVT0004-FC02,72.0,5,2026-01-11T06:44:48Z,38.062121,21.882714
EVT0004,EVT0004-FC02,72.0,5,2026-01-11T06:44:48Z,38.798367,21.620903
EVT0004,EVT0004-FC02,72.0,5,2026-01-11T06:44:48Z,39.168961,22.508211
EVT0004,EVT0004-FC02,72.0,5,2026-01-11T06:44:48Z,39.076582,21.067019
EVT0004,EVT0004-FC02,72.0,5,2026-01-11T06:44:48Z,38.564017,22.129703
EVT0004,EVT0004-FC02,72.0,5,2026-01-11T06:44:48Z,37.839586,22.528465
EVT0004,EVT0004-FC02,72.0,5,2026-01-11T06:44:48Z,38.061183,21.959157
EVT0004,EVT0004-FC02,72.0,5,2026-01-11T06:44:48Z,38.909493,22.078473
EVT0004,EVT0004-FC02,72.0,5,2026-01-11T06:44:48Z,39.150829,22.39425
EVT0004,EVT0004-FC02,72.0,5,2026-01-11T06:44:48Z,38.356398,22.193673
EVT0004,EVT0004-FC02,72.0,5,2026-01-11T06:44:48Z,38.211276,23.105003
EVT0004,EVT0004-FC02,12.0,6,2026-01-08T18:44:48Z,37.524472,22.26541
EVT0004,EVT0004-FC02,12.0,6,2026-01-08T18:44:48Z,37.587505,22.44478
EVT0004,EVT0004-FC02,12.0,6,2026-01-08T18:44:48Z,37.975326,22.38436
EVT0004,EVT0004-FC02,12.0,6,2026-01-08T18:44:48Z,37.673321,22.188732
EVT0004,EVT0004-FC02,12.0,6,2026-01-08T18:44:48Z,37.886236,22.522035
EVT0004,EVT0004-FC02,12.0,6,2026-01-08T18:44:48Z,37.840443,22.391832
EVT0004,EVT0004-FC02,12.0,6,2026-01-08T18:44:48Z,37.760506,22.172094
EVT0004,EVT0004-FC02,12.0,6,2026-01-08T18:44:48Z,37.496494,21.871225
EVT0004,EVT0004-FC02,12.0,6,2026-01-08T18:44:48Z,38.217725,22.330232
EVT0004,EVT0004-FC02,12.0,6,2026-01-08T18:44:48Z,37.583605,21.927958
EVT0004,EVT0004-FC02,12.0,6,2026-01-08T18:44:48Z,38.01609,22.213757
EVT0004,EVT0004-FC02,12.0,6,2026-01-08T18:44:48Z,37.748817,22.24506
EVT0004,EVT0004-FC02,12.0,6,2026-01-08T18:44:48Z,37.671057,22.43937
EVT0004,EVT0004-FC02,12.0,6,2026-01-08T18:44:48Z,37.824874,22.211179
EVT0004,EVT0004-FC02,12.0,6,2026-01-08T18:44:48Z,37.395741,22.408172
EVT0004,EVT0004-FC02,12.0,6,2026-01-08T18:44:48Z,37.474831,22.354395
EVT0004,EVT0004-FC02,12.0,6,2026-01-08T18:44:48Z,37.832258,22.322973
EVT0004,EVT0004-FC02,12.0,6,2026-01-08T18:44:48Z,37.912744,22.20783
EVT0004,EVT0004-FC02,12.0,6,2026-01-08T18:44:48Z,37.979424,22.165714
EVT0004,EVT0004-FC02,12.0,6,2026-01-08T18:44:48Z,37.618165,22.047457
EVT0004,EVT0004-FC02,12.0,6,2026-01-08T18:44:48Z,37.836388,22.283219
EVT0004,EVT0004-FC02,12.0,6,2026-01-08T18:44:48Z,37.879317,22.238676
EVT0004,EVT0004-FC02,12.0,6,2026-01-08T18:44:48Z,37.921425,22.405158
EVT0004,EVT0004-FC02,12.0,6,2026-01-08T18:44:48Z,37.80921,22.295033
EVT0004,EVT0004-FC02,12.0,6,2026-01-08T18:44:48Z,38.101975,22.6658
EVT0004,EVT0004-FC02,12.0,6,2026-01-08T18:44:48Z,37.34645,22.526489
EVT0004,EVT0004-FC02,12.0,6,2026-01-08T18:44:48Z,37.883502,22.40912
EVT0004,EVT0004-FC02,12.0,6,2026-01-08T18:44:48Z,37.30996,22.757551
EVT0004,EVT0004-FC02,12.0,6,2026-01-08T18:44:48Z,37.72853,22.272378
EVT0004,EVT0004-FC02,12.0,6,2026-01-08T18:44:48Z,37.328388,22.175703
EVT0004,EVT0004-FC02,12.0,6,2026-01-08T18:44:48Z,38.018858,22.16549
EVT0004,EVT0004-FC02,12.0,6,2026-01-08T18:44:48Z,37.87795,22.144141
EVT0004,EVT0004-FC02,12.0,6,2026-01-08T18:44:48Z,37.722243,22.118495
EVT0004,EVT0004-FC02,12.0,6,2026-01-08T18:44:48Z,37.732056,22.152757
EVT0004,EVT0004-FC02,12.0,6,2026-01-08T18:44:48Z,37.856391,22.301651
EVT0004,EVT0004-FC02,12.0,6,2026-01-08T18:44:48Z,37.910308,22.721075
EVT0004,EVT0004-FC02,12.0,6,2026-01-08T18:44:48Z,37.829133,22.313723
EVT0004,EVT0004-FC02,12.0,6,2026-01-08T18:44:48Z,37.894665,22.255329
EVT0004,EVT0004-FC02,12.0,6,2026-01-08T18:44:48Z,37.606197,22.235552
EVT0004,EVT0004-FC02,12.0,6,2026-01-08T18:44:48Z,37.719975,22.45093
EVT0004,EVT0004-FC02,24.0,6,2026-01-09T06:44:48Z,38.26968,22.519521
EVT0004,EVT0004-FC02,24.0,6,2026-01-09T06:44:48Z,37.729766,22.582577
EVT0004,EVT0004-FC02,24.0,6,2026-01-09T06:44:48Z,38.081083,22.371792
EVT0004,EVT0004-FC02,24.0,6,2026-01-09T06:44:48Z,37.870921,22.365268
EVT0004,EVT0004-FC02,24.0,6,2026-01-09T06:44:48Z,37.357123,22.619576
EVT0004,EVT0004-FC02,24.0,6,2026-01-09T06:44:48Z,37.500412,22.655517
EVT0004,EVT0004-FC02,24.0,6,2026-01-09T06:44:48Z,38.15622,22.62492
EVT0004,EVT0004-FC02,24.0,6,2026-01-09T06:44:48Z,38.029018,22.479935
EVT0004,EVT0004-FC02,24.0,6,2026-01-09T06:44:48Z,37.799245,22.031838
EVT0004,EVT0004-FC02,24.0,6,2026-01-09T06:44:48Z,37.881749,22.463257
EVT0004,EVT0004-FC02,24.0,6,2026-01-09T06:44:48Z,38.243219,22.419455
EVT0004,EVT0004-FC02,24.0,6,2026-01-09T06:44:48Z,37.370933,21.959379
EVT0004,EVT0004-FC02,24.0,6,2026-01-09T06:44:48Z,38.447942,21.794944
EVT0004,EVT0004-FC02,24.0,6,2026-01-09T06:44:48Z,37.985705,22.146349
EVT0004,EVT0004-FC02,24.0,6,2026-01-09T06:44:48Z,37.895231,22.506324
EVT0004,EVT0004-FC02,24.0,6,2026-01-09T06:44:48Z,38.421513,22.799187
EVT0004,EVT0004-FC02,24.0,6,2026-01-09T06:44:48Z,38.308672,22.530688
EVT0004,EVT0004-FC02,24.0,6,2026-01-09T06:44:48Z,38.099579,22.701043
EVT0004,EVT0004-FC02,24.0,6,2026-01-09T06:44:48Z,38.055015,22.161078
EVT0004,EVT0004-FC02,24.0,6,2026-01-09T06:44:48Z,37.656599,21.471027
EVT0004,EVT0004-FC02,24.0,6,2026-01-09T06:44:48Z,37.452226,22.596415
EVT0004,EVT0004-FC02,24.0,6,2026-01-09T06:44:48Z,37.651433,22.331688
EVT0004,EVT0004-FC02,24.0,6,2026-01-09T06:44:48Z,37.990645,22.60417
EVT0004,EVT0004-FC02,24.0,6,2026-01-09T06:44:48Z,37.627215,23.029814
EVT0004,EVT0004-FC02,24.0,6,2026-01-09T06:44:48Z,37.808047,22.198198
EVT0004,EVT0004-FC02,24.0,6,2026-01-09T06:44:48Z,37.336645,22.617463
EVT0004,EVT0004-FC02,24.0,6,2026-01-09T06:44:48Z,38.200199,22.183788
EVT0004,EVT0004-FC02,24.0,6,2026-01-09T06:44:48Z,38.099684,22.194554
EVT0004,EVT0004-FC02,24.0,6,2026-01-09T06:44:48Z,38.232711,22.597211
EVT0004,EVT0004-FC02,24.0,6,2026-01-09T06:44:48Z,38.078363,22.14194
EVT0004,EVT0004-FC02,24.0,6,2026-01-09T06:44:48Z,38.12256,22.576603
EVT0004,EVT0004-FC02,24.0,6,2026-01-09T06:44:48Z,38.131674,22.209842
EVT0004,EVT0004-FC02,24.0,6,2026-01-09T06:44:48Z,37.975517,22.217135
EVT0004,EVT0004-FC02,24.0,6,2026-01-09T06:44:48Z,37.974501,22.454692
EVT0004,EVT0004-FC02,24.0,6,2026-01-09T06:44:48Z,38.057917,22.399921
EVT0004,EVT0004-FC02,24.0,6,2026-01-09T06:44:48Z,38.054614,22.425425
EVT0004,EVT0004-FC02,24.0,6,2026-01-09T06:44:48Z,38.270665,22.631643
EVT0004,EVT0004-FC02,24.0,6,2026-01-09T06:44:48Z,38.351475,22.696938
EVT0004,EVT0004-FC02,24.0,6,2026-01-09T06:44:48Z,38.112242,22.104881
EVT0004,EVT0004-FC02,24.0,6,2026-01-09T06:44:48Z,37.895359,22.633634
EVT0004,EVT0004-FC02,48.0,6,2026-01-10T06:44:48Z,37.953477,21.716294
EVT0004,EVT0004-FC02,48.0,6,2026-01-10T06:44:48Z,38.117818,21.913544
EVT0004,EVT0004-FC02,48.0,6,2026-01-10T06:44:48Z,38.176888,22.687406
EVT0004,EVT0004-FC02,48.0,6,2026-01-10T06:44:48Z,38.285281,21.96645
EVT0004,EVT0004-FC02,48.0,6,2026-01-10T06:44:48Z,38.352634,22.936146
EVT0004,EVT0004-FC02,48.0,6,2026-01-10T06:44:48Z,37.992696,22.382597
EVT0004,EVT0004-FC02,48.0,6,2026-01-10T06:44:48Z,38.317093,22.327788
EVT0004,EVT0004-FC02,48.0,6,2026-01-10T06:44:48Z,38.580522,22.904131
EVT0004,EVT0004-FC02,48.0,6,2026-01-10T06:44:48Z,38.932913,22.647488
EVT0004,EVT0004-FC02,48.0,6,2026-01-10T06:44:48Z,38.031514,22.118517
EVT0004,EVT0004-FC02,48.0,6,2026-01-10T06:44:48Z,38.45588,22.989688
EVT0004,EVT0004-FC02,48.0,6,2026-01-10T06:44:48Z,38.231983,22.481201
EVT0004,EVT0004-FC02,48.0,6,2026-01-10T06:44:48Z,38.11712,23.181246
EVT0004,EVT0004-FC02,48.0,6,2026-01-10T06:44:48Z,38.232656,22.749021
EVT0004,EVT0004-FC02,48.0,6,2026-01-10T06:44:48Z,38.276764,21.566579
EVT0004,EVT0004-FC02,48.0,6,2026-01-10T06:44:48Z,38.224251,22.284986
EVT0004,EVT0004-FC02,48.0,6,2026-01-10T06:44:48Z,38.39013,21.75949
EVT0004,EVT0004-FC02,48.0,6,2026-01-10T06:44:48Z,38.219289,22.650179
EVT0004,EVT0004-FC02,48.0,6,2026-01-10T06:44:48Z,38.433662,22.867568
EVT0004,EVT0004-FC02,48.0,6,2026-01-10T06:44:48Z,37.639189,22.549306
EVT0004,EVT0004-FC02,48.0,6,2026-01-10T06:44:48Z,38.224461,22.39236
EVT0004,EVT0004-FC02,48.0,6,2026-01-10T06:44:48Z,38.05515,21.349637
EVT0004,EVT0004-FC02,48.0,6,2026-01-10T06:44:48Z,38.318493,21.638748
EVT0004,EVT0004-FC02,48.0,6,2026-01-10T06:44:48Z,37.927948,21.810846
EVT0004,EVT0004-FC02,48.0,6,2026-01-10T06:44:48Z,38.407012,22.107947
EVT0004,EVT0004-FC02,48.0,6,2026-01-10T06:44:48Z,38.090402,22.381447
EVT0004,EVT0004-FC02,48.0,6,2026-01-10T06:44:48Z,37.765191,21.857301
EVT0004,EVT0004-FC02,48.0,6,2026-01-10T06:44:48Z,38.509715,22.725963
EVT0004,EVT0004-FC02,48.0,6,2026-01-10T06:44:48Z,38.053181,22.394843
EVT0004,EVT0004-FC02,48.0,6,2026-01-10T06:44:48Z,37.574568,23.017995
EVT0004,EVT0004-FC02,48.0,6,2026-01-10T06:44:48Z,37.876198,22.342372
EVT0004,EVT0004-FC02,48.0,6,2026-01-10T06:44:48Z,38.248415,22.692753
EVT0004,EVT0004-FC02,48.0,6,2026-01-10T06:44:48Z,38.025114,21.112546
EVT0004,EVT0004-FC02,48.0,6,2026-01-10T06:44:48Z,38.311102,22.777888
EVT0004,EVT0004-FC02,48.0,6,2026-01-10T06:44:48Z,37.642213,22.786224
EVT0004,EVT0004-FC02,48.0,6,2026-01-10T06:44:48Z,38.430188,22.785769
EVT0004,EVT0004-FC02,48.0,6,2026-01-10T06:44:48Z,38.093687,21.905953
EVT0004,EVT0004-FC02,48.0,6,2026-01-10T06:44:48Z,38.237579,22.422245
EVT0004,EVT0004-FC02,48.0,6,2026-01-10T06:44:48Z,37.378581,22.511002
EVT0004,EVT0004-FC02,48.0,6,2026-01-10T06:44:48Z,38.107806,22.522267
EVT0004,EVT0004-FC02,72.0,6,2026-01-11T06:44:48Z,38.149176,22.807333
EVT0004,EVT0004-FC02,72.0,6,2026-01-11T06:44:48Z,38.954658,21.992031
EVT0004,EVT0004-FC02,72.0,6,2026-01-11T06:44:48Z,38.555938,22.208912
EVT0004,EVT0004-FC02,72.0,6,2026-01-11T06:44:48Z,38.621961,21.245115
EVT0004,EVT0004-FC02,72.0,6,2026-01-11T06:44:48Z,37.664918,22.488251
EVT0004,EVT0004-FC02,72.0,6,2026-01-11T06:44:48Z,38.083868,22.118141
EVT0004,EVT0004-FC02,72.0,6,2026-01-11T06:44:48Z,38.026603,22.344785
EVT0004,EVT0004-FC02,72.0,6,2026-01-11T06:44:48Z,38.071893,23.158403
EVT0004,EVT0004-FC02,72.0,6,2026-01-11T06:44:48Z,38.755467,23.126117
EVT0004,EVT0004-FC02,72.0,6,2026-01-11T06:44:48Z,38.497635,23.214855
EVT0004,EVT0004-FC02,72.0,6,2026-01-11T06:44:48Z,38.253583,21.654024
EVT0004,EVT0004-FC02,72.0,6,2026-01-11T06:44:48Z,38.21132,22.213332
EVT0004,EVT0004-FC02,72.0,6,2026-01-11T06:44:48Z,38.841241,22.078289
EVT0004,EVT0004-FC02,72.0,6,2026-01-11T06:44:48Z,38.297449,22.491305
EVT0004,EVT0004-FC02,72.0,6,2026-01-11T06:44:48Z,38.630704,21.304034
EVT0004,EVT0004-FC02,72.0,6,2026-01-11T06:44:48Z,38.488647,21.494154
EVT0004,EVT0004-FC02,72.0,6,2026-01-11T06:44:48Z,38.977987,21.437177
EVT0004,EVT0004-FC02,72.0,6,2026-01-11T06:44:48Z,38.457342,22.720326
EVT0004,EVT0004-FC02,72.0,6,2026-01-11T06:44:48Z,38.625553,22.521485
EVT0004,EVT0004-FC02,72.0,6,2026-01-11T06:44:48Z,38.347968,22.534728
EVT0004,EVT0004-FC02,72.0,6,2026-01-11T06:44:48Z,38.778647,22.044052
EVT0004,EVT0004-FC02,72.0,6,2026-01-11T06:44:48Z,37.639234,22.4081
EVT0004,EVT0004-FC02,72.0,6,2026-01-11T06:44:48Z,38.695808,20.937423
EVT0004,EVT0004-FC02,72.0,6,2026-01-11T06:44:48Z,38.92762,22.944458
EVT0004,EVT0004-FC02,72.0,6,2026-01-11T06:44:48Z,37.769106,22.580019
EVT0004,EVT0004-FC02,72.0,6,2026-01-11T06:44:48Z,38.459675,22.390408
EVT0004,EVT0004-FC02,72.0,6,2026-01-11T06:44:48Z,38.531378,22.082941
EVT0004,EVT0004-FC02,72.0,6,2026-01-11T06:44:48Z,38.550578,22.172285
EVT0004,EVT0004-FC02,72.0,6,2026-01-11T06:44:48Z,38.122034,21.895124
EVT0004,EVT0004-FC02,72.0,6,2026-01-11T06:44:48Z,38.427678,22.167295
EVT0004,EVT0004-FC02,72.0,6,2026-01-11T06:44:48Z,38.068318,23.354012
EVT0004,EVT0004-FC02,72.0,6,2026-01-11T06:44:48Z,38.479564,21.109328
EVT0004,EVT0004-FC02,72.0,6,2026-01-11T06:44:48Z,36.972079,21.246861
EVT0004,EVT0004-FC02,72.0,6,2026-01-11T06:44:48Z,38.282062,21.293451
EVT0004,EVT0004-FC02,72.0,6,2026-01-11T06:44:48Z,38.408983,22.541593
EVT0004,EVT0004-FC02,72.0,6,2026-01-11T06:44:48Z,38.458167,22.407042
EVT0004,EVT0004-FC02,72.0,6,2026-01-11T06:44:48Z,38.831194,22.194302
EVT0004,EVT0004-FC02,72.0,6,2026-01-11T06:44:48Z,39.047994,21.558418
EVT0004,EVT0004-FC02,72.0,6,2026-01-11T06:44:48Z,38.04215,22.760678
EVT0004,EVT0004-FC02,72.0,6,2026-01-11T06:44:48Z,37.777401,21.181825
EVT0004,EVT0004-FC02,12.0,7,2026-01-08T18:44:48Z,38.089809,21.993595
EVT0004,EVT0004-FC02,12.0,7,2026-01-08T18:44:48Z,37.661556,22.307196
EVT0004,EVT0004-FC02,12.0,7,2026-01-08T18:44:48Z,37.848406,22.346142
EVT0004,EVT0004-FC02,12.0,7,2026-01-08T18:44:48Z,37.88783,22.417773
EVT0004,EVT0004-FC02,12.0,7,2026-01-08T18:44:48Z,37.816498,22.344869
EVT0004,EVT0004-FC02,12.0,7,2026-01-08T18:44:48Z,37.727848,22.56153
EVT0004,EVT0004-FC02,12.0,7,2026-01-08T18:44:48Z,37.8056,22.294538
EVT0004,EVT0004-FC02,12.0,7,2026-01-08T18:44:48Z,37.972065,22.12239
EVT0004,EVT0004-FC02,12.0,7,2026-01-08T18:44:48Z,37.769544,22.295672
EVT0004,EVT0004-FC02,12.0,7,2026-01-08T18:44:48Z,37.677729,22.221772
EVT0004,EVT0004-FC02,12.0,7,2026-01-08T18:44:48Z,37.956315,22.360082
EVT0004,EVT0004-FC02,12.0,7,2026-01-08T18:44:48Z,37.887175,22.273318
EVT0004,EVT0004-FC02,12.0,7,2026-01-08T18:44:48Z,37.611991,22.209973
EVT0004,EVT0004-FC02,12.0,7,2026-01-08T18:44:48Z,37.828516,22.509685
EVT0004,EVT0004-FC02,12.0,7,2026-01-08T18:44:48Z,38.031539,22.193281
EVT0004,EVT0004-FC02,12.0,7,2026-01-08T18:44:48Z,37.445032,22.457095
EVT0004,EVT0004-FC02,12.0,7,2026-01-08T18:44:48Z,37.79181,22.130194
EVT0004,EVT0004-FC02,12.0,7,2026-01-08T18:44:48Z,37.916321,22.154024
EVT0004,EVT0004-FC02,12.0,7,2026-01-08T18:44:48Z,37.950474,22.13455
EVT0004,EVT0004-FC02,12.0,7,2026-01-08T18:44:48Z,37.488111,22.020347
EVT0004,EVT0004-FC02,12.0,7,2026-01-08T18:44:48Z,37.951028,22.288877
EVT0004,EVT0004-FC02,12.0,7,2026-01-08T18:44:48Z,37.884068,22.325547
EVT0004,EVT0004-FC02,12.0,7,2026-01-08T18:44:48Z,38.026221,22.235572
EVT0004,EVT0004-FC02,12.0,7,2026-01-08T18:44:48Z,37.262057,22.191801
EVT0004,EVT0004-FC02,12.0,7,2026-01-08T18:44:48Z,37.646407,22.346028
EVT0004,EVT0004-FC02,12.0,7,2026-01-08T18:44:48Z,37.82923,22.468627
EVT0004,EVT0004-FC02,12.0,7,2026-01-08T18:44:48Z,37.865282,22.178769
EVT0004,EVT0004-FC02,12.0,7,2026-01-08T18:44:48Z,37.834375,22.155739
EVT0004,EVT0004-FC02,12.0,7,2026-01-08T18:44:48Z,37.484752,21.955829
EVT0004,EVT0004-FC02,12.0,7,2026-01-08T18:44:48Z,37.882145,22.394176
EVT0004,EVT0004-FC02,12.0,7,2026-01-08T18:44:48Z,37.924001,22.516464
EVT0004,EVT0004-FC02,12.0,7,2026-01-08T18:44:48Z,37.699357,21.946272
EVT0004,EVT0004-FC02,12.0,7,2026-01-08T18:44:48Z,37.706762,22.451454
EVT0004,EVT0004-FC02,12.0,7,2026-01-08T18:44:48Z,37.722811,22.282049
EVT0004,EVT0004-FC02,12.0,7,2026-01-08T18:44:48Z,37.384741,22.386194
EVT0004,EVT0004-FC02,12.0,7,2026-01-08T18:44:48Z,37.887543,22.090167
EVT0004,EVT0004-FC02,12.0,7,2026-01-08T18:44:48Z,37.534837,22.039862
EVT0004,EVT0004-FC02,12.0,7,2026-01-08T18:44:48Z,37.670606,22.336661
EVT0004,EVT0004-FC02,12.0,7,2026-01-08T18:44:48Z,37.679571,22.189635
EVT0004,EVT0004-FC02,12.0,7,2026-01-08T18:44:48Z,37.819327,22.119566
EVT0004,EVT0004-FC02,24.0,7,2026-01-09T06:44:48Z,38.220222,22.73107
EVT0004,EVT0004-FC02,24.0,7,2026-01-09T06:44:48Z,38.017731,22.132299
EVT0004,EVT0004-FC02,24.0,7,2026-01-09T06:44:48Z,37.920597,22.222744
EVT0004,EVT0004-FC02,24.0,7,2026-01-09T06:44:48Z,37.818388,21.735409
EVT0004,EVT0004-FC02,24.0,7,2026-01-09T06:44:48Z,37.9602,22.146134
EVT0004,EVT0004-FC02,24.0,7,2026-01-09T06:44:48Z,37.905611,22.44777
EVT0004,EVT0004-FC02,24.0,7,2026-01-09T06:44:48Z,38.034255,22.224623
EVT0004,EVT0004-FC02,24.0,7,2026-01-09T06:44:48Z,37.944614,22.175844
EVT0004,EVT0004-FC02,24.0,7,2026-01-09T06:44:48Z,37.900288,22.22182
EVT0004,EVT0004-FC02,24.0,7,2026-01-09T06:44:48Z,38.236935,22.653499
EVT0004,EVT0004-FC02,24.0,7,2026-01-09T06:44:48Z,37.842713,22.096753
EVT0004,EVT0004-FC02,24.0,7,2026-01-09T06:44:48Z,37.497402,22.067351
EVT0004,EVT0004-FC02,24.0,7,2026-01-09T06:44:48Z,37.73952,22.258893
EVT0004,EVT0004-FC02,24.0,7,2026-01-09T06:44:48Z,37.464186,22.896967
EVT0004,EVT0004-FC02,24.0,7,2026-01-09T06:44:48Z,38.101966,22.147974
EVT0004,EVT0004-FC02,24.0,7,2026-01-09T06:44:48Z,37.868932,22.248336
EVT0004,EVT0004-FC02,24.0,7,2026-01-09T06:44:48Z,37.886505,22.200273
EVT0004,EVT0004-FC02,24.0,7,2026-01-09T06:44:48Z,37.995508,22.272262
EVT0004,EVT0004-FC02,24.0,7,2026-01-09T06:44:48Z,37.952855,22.322845
EVT0004,EVT0004-FC02,24.0,7,2026-01-09T06:44:48Z,37.591604,22.832127
EVT0004,EVT0004-FC02,24.0,7,2026-01-09T06:44:48Z,37.867753,22.503784
EVT0004,EVT0004-FC02,24.0,7,2026-01-09T06:44:48Z,37.844691,22.415783
EVT0004,EVT0004-FC02,24.0,7,2026-01-09T06:44:48Z,37.889838,22.255441
EVT0004,EVT0004-FC02,24.0,7,2026-01-09T06:44:48Z,38.009716,22.167463
EVT0004,EVT0004-FC02,24.0,7,2026-01-09T06:44:48Z,37.998411,22.102583
EVT0004,EVT0004-FC02,24.0,7,2026-01-09T06:44:48Z,37.702849,22.104707
EVT0004,EVT0004-FC02,24.0,7,2026-01-09T06:44:48Z,38.049792,22.086579
EVT0004,EVT0004-FC02,24.0,7,2026-01-09T06:44:48Z,37.985925,22.277866
EVT0004,EVT0004-FC02,24.0,7,2026-01-09T06:44:48Z,38.255348,22.129846
EVT0004,EVT0004-FC02,24.0,7,2026-01-09T06:44:48Z,37.991205,22.355018
EVT0004,EVT0004-FC02,24.0,7,2026-01-09T06:44:48Z,37.747984,21.886403
EVT0004,EVT0004-FC02,24.0,7,2026-01-09T06:44:48Z,37.207676,22.553543
EVT0004,EVT0004-FC02,24.0,7,2026-01-09T06:44:48Z,38.168276,22.556668
EVT0004,EVT0004-FC02,24.0,7,2026-01-09T06:44:48Z,38.126615,22.340385
EVT0004,EVT0004-FC02,24.0,7,2026-01-09T06:44:48Z,37.988139,22.481738
EVT0004,EVT0004-FC02,24.0,7,2026-01-09T06:44:48Z,38.254484,22.031455
EVT0004,EVT0004-FC02,24.0,7,2026-01-09T06:44:48Z,37.834189,22.277771
EVT0004,EVT0004-FC02,24.0,7,2026-01-09T06:44:48Z,38.513321,22.457368
EVT0004,EVT0004-FC02,24.0,7,2026-01-09T06:44:48Z,38.328143,22.666524
EVT0004,EVT0004-FC02,24.0,7,2026-01-09T06:44:48Z,37.312431,22.065744
EVT0004,EVT0004-FC02,48.0,7,2026-01-10T06:44:48Z,38.737804,22.161048
EVT0004,EVT0004-FC02,48.0,7,2026-01-10T06:44:48Z,37.956925,22.093216
EVT0004,EVT0004-FC02,48.0,7,2026-01-10T06:44:48Z,38.106126,22.194583
EVT0004,EVT0004-FC02,48.0,7,2026-01-10T06:44:48Z,38.773234,21.982572
EVT0004,EVT0004-FC02,48.0,7,2026-01-10T06:44:48Z,38.912782,21.546042
EVT0004,EVT0004-FC02,48.0,7,2026-01-10T06:44:48Z,38.70969,21.596968
EVT0004,EVT0004-FC02,48.0,7,2026-01-10T06:44:48Z,37.303994,21.851918
EVT0004,EVT0004-FC02,48.0,7,2026-01-10T06:44:48Z,37.870791,22.080624
EVT0004,EVT0004-FC02,48.0,7,2026-01-10T06:44:48Z,38.51713,21.470266
EVT0004,EVT0004-FC02,48.0,7,2026-01-10T06:44:48Z,38.353986,21.804797
EVT0004,EVT0004-FC02,48.0,7,2026-01-10T06:44:48Z,37.791786,22.245304
EVT0004,EVT0004-FC02,48.0,7,2026-01-10T06:44:48Z,38.29551,22.674345
EVT0004,EVT0004-FC02,48.0,7,2026-01-10T06:44:48Z,38.426843,22.945971
EVT0004,EVT0004-FC02,48.0,7,2026-01-10T06:44:48Z,38.189617,22.631955
EVT0004,EVT0004-FC02,48.0,7,2026-01-10T06:44:48Z,38.244196,22.471779
EVT0004,EVT0004-FC02,48.0,7,2026-01-10T06:44:48Z,38.292131,22.653293
EVT0004,EVT0004-FC02,48.0,7,2026-01-10T06:44:48Z,38.106066,21.478029
EVT0004,EVT0004-FC02,48.0,7,2026-01-10T06:44:48Z,37.730016,21.485969
EVT0004,EVT0004-FC02,48.0,7,2026-01-10T06:44:48Z,38.358058,22.006812
EVT0004,EVT0004-FC02,48.0,7,2026-01-10T06:44:48Z,37.730073,21.724791
EVT0004,EVT0004-FC02,48.0,7,2026-01-10T06:44:48Z,38.200711,22.420258
EVT0004,EVT0004-FC02,48.0,7,2026-01-10T06:44:48Z,38.024261,22.036243
EVT0004,EVT0004-FC02,48.0,7,2026-01-10T06:44:48Z,37.827135,22.317432
EVT0004,EVT0004-FC02,48.0,7,2026-01-10T06:44:48Z,38.118804,22.143771
EVT0004,EVT0004-FC02,48.0,7,2026-01-10T06:44:48Z,38.795312,22.078154
EVT0004,EVT0004-FC02,48.0,7,2026-01-10T06:44:48Z,37.208523,21.538411
EVT0004,EVT0004-FC02,48.0,7,2026-01-10T06:44:48Z,38.369394,21.88699
EVT0004,EVT0004-FC02,48.0,7,2026-01-10T06:44:48Z,38.538156,21.702185
EVT0004,EVT0004-FC02,48.0,7,2026-01-10T06:44:48Z,38.27596,22.563822
EVT0004,EVT0004-FC02,48.0,7,2026-01-10T06:44:48Z,37.652992,22.499361
EVT0004,EVT0004-FC02,48.0,7,2026-01-10T06:44:48Z,38.098004,21.971412
EVT0004,EVT0004-FC02,48.0,7,2026-01-10T06:44:48Z,38.160518,22.356112
EVT0004,EVT0004-FC02,48.0,7,2026-01-10T06:44:48Z,38.25161,22.324222
EVT0004,EVT0004-FC02,48.0,7,2026-01-10T06:44:48Z,38.545358,21.91529
EVT0004,EVT0004-FC02,48.0,7,2026-01-10T06:44:48Z,38.719484,22.13797
EVT0004,EVT0004-FC02,48.0,7,2026-01-10T06:44:48Z,37.704703,22.226403
EVT0004,EVT0004-FC02,48.0,7,2026-01-10T06:44:48Z,37.767394,22.984501
EVT0004,EVT0004-FC02,48.0,7,2026-01-10T06:44:48Z,38.439671,22.950667
EVT0004,EVT0004-FC02,48.0,7,2026-01-10T06:44:48Z,38.466784,22.982593
EVT0004,EVT0004-FC02,48.0,7,2026-01-10T06:44:48Z,38.141084,22.286454
EVT0004,EVT0004-FC02,72.0,7,2026-01-11T06:44:48Z,39.030603,21.618711
EVT0004,EVT0004-FC02,72.0,7,2026-01-11T06:44:48Z,38.02775,23.008098
EVT0004,EVT0004-FC02,72.0,7,2026-01-11T06:44:48Z,38.240151,21.950267
EVT0004,EVT0004-FC02,72.0,7,2026-01-11T06:44:48Z,38.731326,22.586665
EVT0004,EVT0004-FC02,72.0,7,2026-01-11T06:44:48Z,38.72399,21.323632
EVT0004,EVT0004-FC02,72.0,7,2026-01-11T06:44:48Z,38.547797,22.488217
EVT0004,EVT0004-FC02,72.0,7,2026-01-11T06:44:48Z,38.057897,21.483234
EVT0004,EVT0004-FC02,72.0,7,2026-01-11T06:44:48Z,38.161206,21.573546
EVT0004,EVT0004-FC02,72.0,7,2026-01-11T06:44:48Z,38.286269,22.373659
EVT0004,EVT0004-FC02,72.0,7,2026-01-11T06:44:48Z,38.734253,21.473956
EVT0004,EVT0004-FC02,72.0,7,2026-01-11T06:44:48Z,37.66596,22.377376
EVT0004,EVT0004-FC02,72.0,7,2026-01-11T06:44:48Z,38.321936,22.446096
EVT0004,EVT0004-FC02,72.0,7,2026-01-11T06:44:48Z,37.839387,21.625744
EVT0004,EVT0004-FC02,72.0,7,2026-01-11T06:44:48Z,38.290109,21.931737
EVT0004,EVT0004-FC02,72.0,7,2026-01-11T06:44:48Z,39.157561,22.575409
EVT0004,EVT0004-FC02,72.0,7,2026-01-11T06:44:48Z,38.304875,21.796313
EVT0004,EVT0004-FC02,72.0,7,2026-01-11T06:44:48Z,38.735801,21.393483
EVT0004,EVT0004-FC02,72.0,7,2026-01-11T06:44:48Z,38.278343,22.042123
EVT0004,EVT0004-FC02,72.0,7,2026-01-11T06:44:48Z,37.493788,22.242041
EVT0004,EVT0004-FC02,72.0,7,2026-01-11T06:44:48Z,37.766337,22.433496
EVT0004,EVT0004-FC02,72.0,7,2026-01-11T06:44:48Z,38.778931,23.019574
EVT0004,EVT0004-FC02,72.0,7,2026-01-11T06:44:48Z,38.49857,22.462551
EVT0004,EVT0004-FC02,72.0,7,2026-01-11T06:44:48Z,38.795255,21.459008
EVT0004,EVT0004-FC02,72.0,7,2026-01-11T06:44:48Z,39.142213,22.526114
EVT0004,EVT0004-FC02,72.0,7,2026-01-11T06:44:48Z,38.318542,22.222833
EVT0004,EVT0004-FC02,72.0,7,2026-01-11T06:44:48Z,38.2036,22.090563
EVT0004,EVT0004-FC02,72.0,7,2026-01-11T06:44:48Z,38.653518,23.186125
EVT0004,EVT0004-FC02,72.0,7,2026-01-11T06:44:48Z,37.291411,21.690946
EVT0004,EVT0004-FC02,72.0,7,2026-01-11T06:44:48Z,38.379087,21.886406
EVT0004,EVT0004-FC02,72.0,7,2026-01-11T06:44:48Z,38.566446,22.375962
EVT0004,EVT0004-FC02,72.0,7,2026-01-11T06:44:48Z,37.82003,22.712429
EVT0004,EVT0004-FC02,72.0,7,2026-01-11T06:44:48Z,38.113409,21.808041
EVT0004,EVT0004-FC02,72.0,7,2026-01-11T06:44:48Z,38.409603,22.390952
EVT0004,EVT0004-FC02,72.0,7,2026-01-11T06:44:48Z,38.447546,22.599141
EVT0004,EVT0004-FC02,72.0,7,2026-01-11T06:44:48Z,38.104501,21.992919
EVT0004,EVT0004-FC02,72.0,7,2026-01-11T06:44:48Z,37.914221,23.249877
EVT0004,EVT0004-FC02,72.0,7,2026-01-11T06:44:48Z,39.045913,22.374809
EVT0004,EVT0004-FC02,72.0,7,2026-01-11T06:44:48Z,38.447436,22.678688
EVT0004,EVT0004-FC02,72.0,7,2026-01-11T06:44:48Z,39.016399,23.46141
EVT0004,EVT0004-FC02,72.0,7,2026-01-11T06:44:48Z,38.088181,21.860065
EVT0005,EVT0005-FC02,12.0,0,2026-01-15T02:12:40Z,37.835949,19.561883
EVT0005,EVT0005-FC02,12.0,0,2026-01-15T02:12:40Z,37.688509,20.110264
EVT0005,EVT0005-FC02,12.0,0,2026-01-15T02:12:40Z,37.665881,19.997211
EVT0005,EVT0005-FC02,12.0,0,2026-01-15T02:12:40Z,37.632587,19.97288
EVT0005,EVT0005-FC02,12.0,0,2026-01-15T02:12:40Z,37.727651,19.264742
EVT0005,EVT0005-FC02,12.0,0,2026-01-15T02:12:40Z,37.816878,20.003902
EVT0005,EVT0005-FC02,12.0,0,2026-01-15T02:12:40Z,37.49027,19.59844
EVT0005,EVT0005-FC02,12.0,0,2026-01-15T02:12:40Z,37.286246,19.737624
EVT0005,EVT0005-FC02,12.0,0,2026-01-15T02:12:40Z,37.845136,19.902215
EVT0005,EVT0005-FC02,12.0,0,2026-01-15T02:12:40Z,37.725758,19.558013
EVT0005,EVT0005-FC02,12.0,0,2026-01-15T02:12:40Z,37.872279,20.124587
EVT0005,EVT0005-FC02,12.0,0,2026-01-15T02:12:40Z,37.900759,19.639141
EVT0005,EVT0005-FC02,12.0,0,2026-01-15T02:12:40Z,37.562259,19.900652
EVT0005,EVT0005-FC02,12.0,0,2026-01-15T02:12:40Z,37.782331,19.908618
EVT0005,EVT0005-FC02,12.0,0,2026-01-15T02:12:40Z,37.825731,20.11524
EVT0005,EVT0005-FC02,12.0,0,2026-01-15T02:12:40Z,37.765537,19.908811
EVT0005,EVT0005-FC02,12.0,0,2026-01-15T02:12:40Z,37.869315,19.733119
EVT0005,EVT0005-FC02,12.0,0,2026-01-15T02:12:40Z,37.902879,20.181027
EVT0005,EVT0005-FC02,12.0,0,2026-01-15T02:12:40Z,37.846907,19.905443
EVT0005,EVT0005-FC02,12.0,0,2026-01-15T02:12:40Z,37.591588,19.511461
EVT0005,EVT0005-FC02,12.0,0,2026-01-15T02:12:40Z,37.989627,19.722519
EVT0005,EVT0005-FC02,12.0,0,2026-01-15T02:12:40Z,37.654117,19.911625
EVT0005,EVT0005-FC02,12.0,0,2026-01-15T02:12:40Z,37.830321,19.984323
EVT0005,EVT0005-FC02,12.0,0,2026-01-15T02:12:40Z,37.812012,19.913455
EVT0005,EVT0005-FC02,12.0,0,2026-01-15T02:12:40Z,38.184143,19.606418
EVT0005,EVT0005-FC02,12.0,0,2026-01-15T02:12:40Z,37.929912,19.728326
EVT0005,EVT0005-FC02,12.0,0,2026-01-15T02:12:40Z,37.562958,19.272941
EVT0005,EVT0005-FC02,12.0,0,2026-01-15T02:12:40Z,37.760992,19.70583
EVT0005,EVT0005-FC02,12.0,0,2026-01-15T02:12:40Z,37.957764,19.698441
EVT0005,EVT0005-FC02,12.0,0,2026-01-15T02:12:40Z,37.82657,19.984471
EVT0005,EVT0005-FC02,12.0,0,2026-01-15T02:12:40Z,37.515993,20.000827
EVT0005,EVT0005-FC02,12.0,0,2026-01-15T02:12:40Z,37.931343,20.192402
EVT0005,EVT0005-FC02,12.0,0,2026-01-15T02:12:40Z,37.802516,19.752003
EVT0005,EVT0005-FC02,12.0,0,2026-01-15T02:12:40Z,37.414742,19.619808
EVT0005,EVT0005-FC02,12.0,0,2026-01-15T02:12:40Z,37.47037,20.13078
EVT0005,EVT0005-FC02,12.0,0,2026-01-15T02:12:40Z,37.578274,19.391204
EVT0005,EVT0005-FC02,12.0,0,2026-01-15T02:12:40Z,37.73245,19.825361
EVT0005,EVT0005-FC02,12.0,0,2026-01-15T02:12:40Z,37.796137,19.946156
EVT0005,EVT0005-FC02,12.0,0,2026-01-15T02:12:40Z,37.820768,19.845121
EVT0005,EVT0005-FC02,12.0,0,2026-01-15T02:12:40Z,37.681156,19.965015
EVT0005,EVT0005-FC02,24.0,0,2026-01-15T14:12:40Z,37.729347,20.061556
EVT0005,EVT0005-FC02,24.0,0,2026-01-15T14:12:40Z,37.909134,20.044522
EVT0005,EVT0005-FC02,24.0,0,2026-01-15T14:12:40Z,37.712893,20.011365
EVT0005,EVT0005-FC02,24.0,0,2026-01-15T14:12:40Z,38.001574,19.568701
EVT0005,EVT0005-FC02,24.0,0,2026-01-15T14:12:40Z,37.723212,20.329224
EVT0005,EVT0005-FC02,24.0,0,2026-01-15T14:12:40Z,38.216619,19.58091
EVT0005,EVT0005-FC02,24.0,0,2026-01-15T14:12:40Z,37.969243,19.17556
EVT0005,EVT0005-FC02,24.0,0,2026-01-15T14:12:40Z,37.756057,19.871928
EVT0005,EVT0005-FC02,24.0,0,2026-01-15T14:12:40Z,37.791801,19.816347
EVT0005,EVT0005-FC02,24.0,0,2026-01-15T14:12:40Z,37.887511,19.083971
EVT0005,EVT0005-FC02,24.0,0,2026-01-15T14:12:40Z,37.831019,20.143995
EVT0005,EVT0005-FC02,24.0,0,2026-01-15T14:12:40Z,37.704375,19.882623
EVT0005,EVT0005-FC02,24.0,0,2026-01-15T14:12:40Z,37.868687,19.941824
EVT0005,EVT0005-FC02,24.0,0,2026-01-15T14:12:40Z,38.193589,19.274295
EVT0005,EVT0005-FC02,24.0,0,2026-01-15T14:12:40Z,38.397391,19.894585
EVT0005,EVT0005-FC02,24.0,0,2026-01-15T14:12:40Z,37.776906,19.70013
EVT0005,EVT0005-FC02,24.0,0,2026-01-15T14:12:40Z,37.776758,20.304943
EVT0005,EVT0005-FC02,24.0,0,2026-01-15T14:12:40Z,38.067105,19.420212
EVT0005,EVT0005-FC02,24.0,0,2026-01-15T14:12:40Z,38.046497,20.339544
EVT0005,EVT0005-FC02,24.0,0,2026-01-15T14:12:40Z,37.786237,19.74069
EVT0005,EVT0005-FC02,24.0,0,2026-01-15T14:12:40Z,38.085943,19.628911
EVT0005,EVT0005-FC02,24.0,0,2026-01-15T14:12:40Z,37.977013,20.208151
EVT0005,EVT0005-FC02,24.0,0,2026-01-15T14:12:40Z,38.123059,20.306231
EVT0005,EVT0005-FC02,24.0,0,2026-01-15T14:12:40Z,37.518345,19.612302
EVT0005,EVT0005-FC02,24.0,0,2026-01-15T14:12:40Z,37.673795,19.640912
EVT0005,EVT0005-FC02,24.0,0,2026-01-15T14:12:40Z,37.843526,20.074444
EVT0005,EVT0005-FC02,24.0,0,2026-01-15T14:12:40Z,37.933992,20.355414
EVT0005,EVT0005-FC02,24.0,0,2026-01-15T14:12:40Z,38.195576,20.084917
EVT0005,EVT0005-FC02,24.0,0,2026-01-15T14:12:40Z,38.073197,20.101621
EVT0005,EVT0005-FC02,24.0,0,2026-01-15T14:12:40Z,37.61349,20.136632
EVT0005,EVT0005-FC02,24.0,0,2026-01-15T14:12:40Z,38.010997,20.419063
EVT0005,EVT0005-FC02,24.0,0,2026-01-15T14:12:40Z,38.34981,19.792651
EVT0005,EVT0005-FC02,24.0,0,2026-01-15T14:12:40Z,37.914774,20.0876
EVT0005,EVT0005-FC02,24.0,0,2026-01-15T14:12:40Z,37.899889,19.485048
EVT0005,EVT0005-FC02,24.0,0,2026-01-15T14:12:40Z,37.966866,19.941654
EVT0005,EVT0005-FC02,24.0,0,2026-01-15T14:12:40Z,37.901751,19.794717
EVT0005,EVT0005-FC02,24.0,0,2026-01-15T14:12:40Z,37.656874,20.003695
EVT0005,EVT0005-FC02,24.0,0,2026-01-15T14:12:40Z,38.239866,20.647393
EVT0005,EVT0005-FC02,24.0,0,2026-01-15T14:12:40Z,37.811659,19.973576
EVT0005,EVT0005-FC02,24.0,0,2026-01-15T14:12:40Z,37.727795,19.722215
EVT0005,EVT0005-FC02,48.0,0,2026-01-16T14:12:40Z,38.422657,20.03706
EVT0005,EVT0005-FC02,48.0,0,2026-01-16T14:12:40Z,38.433711,20.919878
EVT0005,EVT0005-FC02,48.0,0,2026-01-16T14:12:40Z,38.549001,20.033199
EVT0005,EVT0005-FC02,48.0,0,2026-01-16T14:12:40Z,38.129027,19.901043
EVT0005,EVT0005-FC02,48.0,0,2026-01-16T14:12:40Z,38.382757,19.074637
EVT0005,EVT0005-FC02,48.0,0,2026-01-16T14:12:40Z,37.813507,19.797159
EVT0005,EVT0005-FC02,48.0,0,2026-01-16T14:12:40Z,37.348541,18.90857
EVT0005,EVT0005-FC02,48.0,0,2026-01-16T14:12:40Z,37.994167,19.084637
EVT0005,EVT0005-FC02,48.0,0,2026-01-16T14:12:40Z,37.933815,19.555704
EVT0005,EVT0005-FC02,48.0,0,2026-01-16T14:12:40Z,38.30372,19.244389
EVT0005,EVT0005-FC02,48.0,0,2026-01-16T14:12:40Z,38.211487,20.359275
EVT0005,EVT0005-FC02,48.0,0,2026-01-16T14:12:40Z,37.803181,20.09633
EVT0005,EVT0005-FC02,48.0,0,2026-01-16T14:12:40Z,38.034738,20.007329
EVT0005,EVT0005-FC02,48.0,0,2026-01-16T14:12:40Z,37.684587,19.147363
EVT0005,EVT0005-FC02,48.0,0,2026-01-16T14:12:40Z,38.453367,20.068593
EVT0005,EVT0005-FC02,48.0,0,2026-01-16T14:12:40Z,37.947404,20.347307
EVT0005,EVT0005-FC02,48.0,0,2026-01-16T14:12:40Z,37.95261,20.058606
EVT0005,EVT0005-FC02,48.0,0,2026-01-16T14:12:40Z,38.248854,20.067154
EVT0005,EVT0005-FC02,48.0,0,2026-01-16T14:12:40Z,37.071565,19.342133
EVT0005,EVT0005-FC02,48.0,0,2026-01-16T14:12:40Z,37.913713,19.653668
EVT0005,EVT0005-FC02,48.0,0,2026-01-16T14:12:40Z,37.855904,19.810368
EVT0005,EVT0005-FC02,48.0,0,2026-01-16T14:12:40Z,37.45281,19.244396
EVT0005,EVT0005-FC02,48.0,0,2026-01-16T14:12:40Z,38.327309,20.131578
EVT0005,EVT0005-FC02,48.0,0,2026-01-16T14:12:40Z,37.892899,20.071869
EVT0005,EVT0005-FC02,48.0,0,2026-01-16T14:12:40Z,38.175374,19.797143
EVT0005,EVT0005-FC02,48.0,0,2026-01-16T14:12:40Z,38.108388,19.634415
EVT0005,EVT0005-FC02,48.0,0,2026-01-16T14:12:40Z,37.970059,19.857349
EVT0005,EVT0005-FC02,48.0,0,2026-01-16T14:12:40Z,37.796999,19.270212
EVT0005,EVT0005-FC02,48.0,0,2026-01-16T14:12:40Z,38.203865,20.019778
EVT0005,EVT0005-FC02,48.0,0,2026-01-16T14:12:40Z,38.379723,19.133564
EVT0005,EVT0005-FC02,48.0,0,2026-01-16T14:12:40Z,38.073603,19.48172
EVT0005,EVT0005-FC02,48.0,0,2026-01-16T14:12:40Z,37.997394,19.91551
EVT0005,EVT0005-FC02,48.0,0,2026-01-16T14:12:40Z,38.277068,20.117972
EVT0005,EVT0005-FC02,48.0,0,2026-01-16T14:12:40Z,38.093246,19.729881
EVT0005,EVT0005-FC02,48.0,0,2026-01-16T14:12:40Z,38.082631,20.243234
EVT0005,EVT0005-FC02,48.0,0,2026-01-16T14:12:40Z,38.380068,20.108932
EVT0005,EVT0005-FC02,48.0,0,2026-01-16T14:12:40Z,37.883737,19.714401
EVT0005,EVT0005-FC02,48.0,0,2026-01-16T14:12:40Z,37.98302,20.313622
EVT0005,EVT0005-FC02,48.0,0,2026-01-16T14:12:40Z,37.680242,19.31953
EVT0005,EVT0005-FC02,48.0,0,2026-01-16T14:12:40Z,38.395431,19.101975
EVT0005,EVT0005-FC02,72.0,0,2026-01-17T14:12:40Z,38.372041,20.187428
EVT0005,EVT0005-FC02,72.0,0,2026-01-17T14:12:40Z,37.981344,19.694819
EVT0005,EVT0005-FC02,72.0,0,2026-01-17T14:12:40Z,38.152,20.042304
EVT0005,EVT0005-FC02,72.0,0,2026-01-17T14:12:40Z,38.063837,19.95508
EVT0005,EVT0005-FC02,72.0,0,2026-01-17T14:12:40Z,38.227902,18.715814
EVT0005,EVT0005-FC02,72.0,0,2026-01-17T14:12:40Z,38.271741,20.166051
EVT0005,EVT0005-FC02,72.0,0,2026-01-17T14:12:40Z,38.415446,19.374493
EVT0005,EVT0005-FC02,72.0,0,2026-01-17T14:12:40Z,38.276723,19.25609
EVT0005,EVT0005-FC02,72.0,0,2026-01-17T14:12:40Z,37.853242,19.725458
EVT0005,EVT0005-FC02,72.0,0,2026-01-17T14:12:40Z,38.21616,20.096529
EVT0005,EVT0005-FC02,72.0,0,2026-01-17T14:12:40Z,38.409067,19.029003
EVT0005,EVT0005-FC02,72.0,0,2026-01-17T14:12:40Z,38.376899,19.451388
EVT0005,EVT0005-FC02,72.0,0,2026-01-17T14:12:40Z,37.909924,19.697313
EVT0005,EVT0005-FC02,72.0,0,2026-01-17T14:12:40Z,38.523696,19.190133
EVT0005,EVT0005-FC02,72.0,0,2026-01-17T14:12:40Z,38.488622,21.126046
EVT0005,EVT0005-FC02,72.0,0,2026-01-17T14:12:40Z,37.300942,19.544898
EVT0005,EVT0005-FC02,72.0,0,2026-01-17T14:12:40Z,38.107424,21.299922
EVT0005,EVT0005-FC02,72.0,0,2026-01-17T14:12:40Z,39.002886,19.454269
EVT0005,EVT0005-FC02,72.0,0,2026-01-17T14:12:40Z,38.393774,19.161428
EVT0005,EVT0005-FC02,72.0,0,2026-01-17T14:12:40Z,37.866593,19.171634
EVT0005,EVT0005-FC02,72.0,0,2026-01-17T14:12:40Z,37.899426,19.548152
EVT0005,EVT0005-FC02,72.0,0,2026-01-17T14:12:40Z,39.078103,20.768549
EVT0005,EVT0005-FC02,72.0,0,2026-01-17T14:12:40Z,38.363526,20.659745
EVT0005,EVT0005-FC02,72.0,0,2026-01-17T14:12:40Z,37.97646,20.191099
EVT0005,EVT0005-FC02,72.0,0,2026-01-17T14:12:40Z,38.394194,20.046632
EVT0005,EVT0005-FC02,72.0,0,2026-01-17T14:12:40Z,37.80578,20.776771
EVT0005,EVT0005-FC02,72.0,0,2026-01-17T14:12:40Z,37.615318,18.957438
EVT0005,EVT0005-FC02,72.0,0,2026-01-17T14:12:40Z,38.797187,19.696847
EVT0005,EVT0005-FC02,72.0,0,2026-01-17T14:12:40Z,39.182708,20.608646
EVT0005,EVT0005-FC02,72.0,0,2026-01-17T14:12:40Z,38.631512,19.611161
EVT0005,EVT0005-FC02,72.0,0,2026-01-17T14:12:40Z,38.553352,19.264523
EVT0005,EVT0005-FC02,72.0,0,2026-01-17T14:12:40Z,38.126003,20.116448
EVT0005,EVT0005-FC02,72.0,0,2026-01-17T14:12:40Z,38.691512,19.818977
EVT0005,EVT0005-FC02,72.0,0,2026-01-17T14:12:40Z,38.355861,20.087128
EVT0005,EVT0005-FC02,72.0,0,2026-01-17T14:12:40Z,38.457576,19.102484
EVT0005,EVT0005-FC02,72.0,0,2026-01-17T14:12:40Z,38.062334,19.756215
EVT0005,EVT0005-FC02,72.0,0,2026-01-17T14:12:40Z,38.092034,20.123608
EVT0005,EVT0005-FC02,72.0,0,2026-01-17T14:12:40Z,37.786984,19.252076
EVT0005,EVT0005-FC02,72.0,0,2026-01-17T14:12:40Z,38.269008,20.23181
EVT0005,EVT0005-FC02,72.0,0,2026-01-17T14:12:40Z,37.883827,19.471044
EVT0005,EVT0005-FC02,12.0,1,2026-01-15T02:12:40Z,37.547458,19.549869
EVT0005,EVT0005-FC02,12.0,1,2026-01-15T02:12:40Z,37.718067,20.282325
EVT0005,EVT0005-FC02,12.0,1,2026-01-15T02:12:40Z,37.809424,19.984396
EVT0005,EVT0005-FC02,12.0,1,2026-01-15T02:12:40Z,37.623185,20.411983
EVT0005,EVT0005-FC02,12.0,1,2026-01-15T02:12:40Z,37.825012,19.509042
EVT0005,EVT0005-FC02,12.0,1,2026-01-15T02:12:40Z,37.965225,19.976712
EVT0005,EVT0005-FC02,12.0,1,2026-01-15T02:12:40Z,37.771451,20.352113
EVT0005,EVT0005-FC02,12.0,1,2026-01-15T02:12:40Z,37.988093,19.954258
EVT0005,EVT0005-FC02,12.0,1,2026-01-15T02:12:40Z,37.947735,20.002211
EVT0005,EVT0005-FC02,12.0,1,2026-01-15T02:12:40Z,37.383722,19.683658
EVT0005,EVT0005-FC02,12.0,1,2026-01-15T02:12:40Z,37.61297,20.138995
EVT0005,EVT0005-FC02,12.0,1,2026-01-15T02:12:40Z,37.918026,19.99015
EVT0005,EVT0005-FC02,12.0,1,2026-01-15T02:12:40Z,37.529762,19.600487
EVT0005,EVT0005-FC02,12.0,1,2026-01-15T02:12:40Z,37.382704,19.657052
EVT0005,EVT0005-FC02,12.0,1,2026-01-15T02:12:40Z,37.771048,19.693721
EVT0005,EVT0005-FC02,12.0,1,2026-01-15T02:12:40Z,37.668908,19.89917
EVT0005,EVT0005-FC02,12.0,1,2026-01-15T02:12:40Z,37.74501,19.69139
EVT0005,EVT0005-FC02,12.0,1,2026-01-15T02:12:40Z,37.448177,19.953608
EVT0005,EVT0005-FC02,12.0,1,2026-01-15T02:12:40Z,37.613109,19.943093
EVT0005,EVT0005-FC02,12.0,1,2026-01-15T02:12:40Z,37.456422,19.427596
EVT0005,EVT0005-FC02,12.0,1,2026-01-15T02:12:40Z,37.232852,20.076797
EVT0005,EVT0005-FC02,12.0,1,2026-01-15T02:12:40Z,37.734423,19.894154
EVT0005,EVT0005-FC02,12.0,1,2026-01-15T02:12:40Z,37.737038,20.206423
EVT0005,EVT0005-FC02,12.0,1,2026-01-15T02:12:40Z,37.744076,19.445529
EVT0005,EVT0005-FC02,12.0,1,2026-01-15T02:12:40Z,37.637158,20.058096
EVT0005,EVT0005-FC02,12.0,1,2026-01-15T02:12:40Z,37.176954,20.004459
EVT0005,EVT0005-FC02,12.0,1,2026-01-15T02:12:40Z,37.604475,19.901618
EVT0005,EVT0005-FC02,12.0,1,2026-01-15T02:12:40Z,37.751913,19.896866
EVT0005,EVT0005-FC02,12.0,1,2026-01-15T02:12:40Z,37.746495,19.993369
EVT0005,EVT0005-FC02,12.0,1,2026-01-15T02:12:40Z,37.763186,19.534649
EVT0005,EVT0005-FC02,12.0,1,2026-01-15T02:12:40Z,38.1226,20.068248
EVT0005,EVT0005-FC02,12.0,1,2026-01-15T02:12:40Z,37.600608,19.734747
EVT0005,EVT0005-FC02,12.0,1,2026-01-15T02:12:40Z,37.47117,19.452693
EVT0005,EVT0005-FC02,12.0,1,2026-01-15T02:12:40Z,37.83197,20.179335
EVT0005,EVT0005-FC02,12.0,1,2026-01-15T02:12:40Z,37.552492,19.747811
EVT0005,EVT0005-FC02,12.0,1,2026-01-15T02:12:40Z,37.942052,19.922899
EVT0005,EVT0005-FC02,12.0,1,2026-01-15T02:12:40Z,37.69044,20.17408
EVT0005,EVT0005-FC02,12.0,1,2026-01-15T02:12:40Z,37.702315,19.669803
EVT0005,EVT0005-FC02,12.0,1,2026-01-15T02:12:40Z,37.921586,19.908422
EVT0005,EVT0005-FC02,12.0,1,2026-01-15T02:12:40Z,38.083652,20.261528
EVT0005,EVT0005-FC02,24.0,1,2026-01-15T14:12:40Z,38.013652,20.18758
EVT0005,EVT0005-FC02,24.0,1,2026-01-15T14:12:40Z,38.007647,20.262556
EVT0005,EVT0005-FC02,24.0,1,2026-01-15T14:12:40Z,37.95963,19.902376
EVT0005,EVT0005-FC02,24.0,1,2026-01-15T14:12:40Z,37.697669,20.167453
EVT0005,EVT0005-FC02,24.0,1,2026-01-15T14:12:40Z,37.856256,20.302183
EVT0005,EVT0005-FC02,24.0,1,2026-01-15T14:12:40Z,37.495545,19.669087
EVT0005,EVT0005-FC02,24.0,1,2026-01-15T14:12:40Z,37.525124,19.329235
EVT0005,EVT0005-FC02,24.0,1,2026-01-15T14:12:40Z,37.883829,19.521238
EVT0005,EVT0005-FC02,24.0,1,2026-01-15T14:12:40Z,37.508159,20.015967
EVT0005,EVT0005-FC02,24.0,1,2026-01-15T14:12:40Z,38.006986,20.191445
EVT0005,EVT0005-FC02,24.0,1,2026-01-15T14:12:40Z,37.91024,19.2089
EVT0005,EVT0005-FC02,24.0,1,2026-01-15T14:12:40Z,37.868295,20.334964
EVT0005,EVT0005-FC02,24.0,1,2026-01-15T14:12:40Z,37.803987,19.772934
EVT0005,EVT0005-FC02,24.0,1,2026-01-15T14:12:40Z,37.954236,20.037548
EVT0005,EVT0005-FC02,24.0,1,2026-01-15T14:12:40Z,37.765082,20.086262
EVT0005,EVT0005-FC02,24.0,1,2026-01-15T14:12:40Z,38.107237,19.537278
EVT0005,EVT0005-FC02,24.0,1,2026-01-15T14:12:40Z,37.383755,19.45224
EVT0005,EVT0005-FC02,24.0,1,2026-01-15T14:12:40Z,38.093446,20.022377
EVT0005,EVT0005-FC02,24.0,1,2026-01-15T14:12:40Z,37.666456,20.14794
EVT0005,EVT0005-FC02,24.0,1,2026-01-15T14:12:40Z,37.446703,19.019069
EVT0005,EVT0005-FC02,24.0,1,2026-01-15T14:12:40Z,38.306111,19.393449
EVT0005,EVT0005-FC02,24.0,1,2026-01-15T14:12:40Z,37.551203,19.697772
EVT0005,EVT0005-FC02,24.0,1,2026-01-15T14:12:40Z,37.847355,19.823297
EVT0005,EVT0005-FC02,24.0,1,2026-01-15T14:12:40Z,37.877883,20.158925
EVT0005,EVT0005-FC02,24.0,1,2026-01-15T14:12:40Z,37.555523,19.449674
EVT0005,EVT0005-FC02,24.0,1,2026-01-15T14:12:40Z,37.546474,19.662778
EVT0005,EVT0005-FC02,24.0,1,2026-01-15T14:12:40Z,37.974116,20.117218
EVT0005,EVT0005-FC02,24.0,1,2026-01-15T14:12:40Z,37.77696,20.369627
EVT0005,EVT0005-FC02,24.0,1,2026-01-15T14:12:40Z,38.2243,19.482083
EVT0005,EVT0005-FC02,24.0,1,2026-01-15T14:12:40Z,37.926849,19.017049
EVT0005,EVT0005-FC02,24.0,1,2026-01-15T14:12:40Z,37.736616,19.940879
EVT0005,EVT0005-FC02,24.0,1,2026-01-15T14:12:40Z,37.595827,19.576964
EVT0005,EVT0005-FC02,24.0,1,2026-01-15T14:12:40Z,37.879513,19.236712
EVT0005,EVT0005-FC02,24.0,1,2026-01-15T14:12:40Z,37.430884,19.409601
EVT0005,EVT0005-FC02,24.0,1,2026-01-15T14:12:40Z,37.693666,19.546068
EVT0005,EVT0005-FC02,24.0,1,2026-01-15T14:12:40Z,37.719707,19.908128
EVT0005,EVT0005-FC02,24.0,1,2026-01-15T14:12:40Z,37.438816,19.434003
EVT0005,EVT0005-FC02,24.0,1,2026-01-15T14:12:40Z,38.343231,19.710927
EVT0005,EVT0005-FC02,24.0,1,2026-01-15T14:12:40Z,38.241608,19.601998
EVT0005,EVT0005-FC02,24.0,1,2026-01-15T14:12:40Z,37.436086,19.853653
EVT0005,EVT0005-FC02,48.0,1,2026-01-16T14:12:40Z,37.678117,19.221381
EVT0005,EVT0005-FC02,48.0,1,2026-01-16T14:12:40Z,37.906691,19.556048
EVT0005,EVT0005-FC02,48.0,1,2026-01-16T14:12:40Z,37.978149,19.740563
EVT0005,EVT0005-FC02,48.0,1,2026-01-16T14:12:40Z,37.756598,19.635164
EVT0005,EVT0005-FC02,48.0,1,2026-01-16T14:12:40Z,38.2556,19.424457
EVT0005,EVT0005-FC02,48.0,1,2026-01-16T14:12:40Z,38.50279,20.787063
EVT0005,EVT0005-FC02,48.0,1,2026-01-16T14:12:40Z,38.334821,19.35881
EVT0005,EVT0005-FC02,48.0,1,2026-01-16T14:12:40Z,37.837145,19.600885
EVT0005,EVT0005-FC02,48.0,1,2026-01-16T14:12:40Z,38.144868,19.345223
EVT0005,EVT0005-FC02,48.0,1,2026-01-16T14:12:40Z,37.841682,19.957136
EVT0005,EVT0005-FC02,48.0,1,2026-01-16T14:12:40Z,38.137247,20.090475
EVT0005,EVT0005-FC02,48.0,1,2026-01-16T14:12:40Z,37.707231,19.29879
EVT0005,EVT0005-FC02,48.0,1,2026-01-16T14:12:40Z,38.040828,19.956102
EVT0005,EVT0005-FC02,48.0,1,2026-01-16T14:12:40Z,38.316094,19.895112
EVT0005,EVT0005-FC02,48.0,1,2026-01-16T14:12:40Z,38.29812,19.589635
EVT0005,EVT0005-FC02,48.0,1,2026-01-16T14:12:40Z,37.342299,19.174068
EVT0005,EVT0005-FC02,48.0,1,2026-01-16T14:12:40Z,37.840548,19.780776
EVT0005,EVT0005-FC02,48.0,1,2026-01-16T14:12:40Z,38.517949,20.495463
EVT0005,EVT0005-FC02,48.0,1,2026-01-16T14:12:40Z,37.821611,19.952119
EVT0005,EVT0005-FC02,48.0,1,2026-01-16T14:12:40Z,38.39093,20.09491
EVT0005,EVT0005-FC02,48.0,1,2026-01-16T14:12:40Z,38.611235,19.661436
EVT0005,EVT0005-FC02,48.0,1,2026-01-16T14:12:40Z,37.943311,19.618015
EVT0005,EVT0005-FC02,48.0,1,2026-01-16T14:12:40Z,37.974378,20.404102
EVT0005,EVT0005-FC02,48.0,1,2026-01-16T14:12:40Z,37.424201,20.031668
EVT0005,EVT0005-FC02,48.0,1,2026-01-16T14:12:40Z,37.822793,19.819364
EVT0005,EVT0005-FC02,48.0,1,2026-01-16T14:12:40Z,37.719442,20.131295
EVT0005,EVT0005-FC02,48.0,1,2026-01-16T14:12:40Z,38.573711,19.7341
EVT0005,EVT0005-FC02,48.0,1,2026-01-16T14:12:40Z,37.720779,19.941661
EVT0005,EVT0005-FC02,48.0,1,2026-01-16T14:12:40Z,37.875413,19.626293
EVT0005,EVT0005-FC02,48.0,1,2026-01-16T14:12:40Z,38.061185,19.691541
EVT0005,EVT0005-FC02,48.0,1,2026-01-16T14:12:40Z,38.279744,19.845619
EVT0005,EVT0005-FC02,48.0,1,2026-01-16T14:12:40Z,38.026399,19.32714
EVT0005,EVT0005-FC02,48.0,1,2026-01-16T14:12:40Z,37.934261,19.823102
EVT0005,EVT0005-FC02,48.0,1,2026-01-16T14:12:40Z,38.149078,19.61194
EVT0005,EVT0005-FC02,48.0,1,2026-01-16T14:12:40Z,38.348587,20.023157
EVT0005,EVT0005-FC02,48.0,1,2026-01-16T14:12:40Z,38.145772,20.075693
EVT0005,EVT0005-FC02,48.0,1,2026-01-16T14:12:40Z,38.135737,19.8552
EVT0005,EVT0005-FC02,48.0,1,2026-01-16T14:12:40Z,38.097582,19.950641
EVT0005,EVT0005-FC02,48.0,1,2026-01-16T14:12:40Z,38.468411,19.956824
EVT0005,EVT0005-FC02,48.0,1,2026-01-16T14:12:40Z,37.915347,19.666522
EVT0005,EVT0005-FC02,72.0,1,2026-01-17T14:12:40Z,37.285309,19.687601
EVT0005,EVT0005-FC02,72.0,1,2026-01-17T14:12:40Z,38.250317,20.08937
EVT0005,EVT0005-FC02,72.0,1,2026-01-17T14:12:40Z,38.254091,20.390975
EVT0005,EVT0005-FC02,72.0,1,2026-01-17T14:12:40Z,38.675223,19.665285
EVT0005,EVT0005-FC02,72.0,1,2026-01-17T14:12:40Z,38.273738,18.678507
EVT0005,EVT0005-FC02,72.0,1,2026-01-17T14:12:40Z,38.109277,19.887299
EVT0005,EVT0005-FC02,72.0,1,2026-01-17T14:12:40Z,37.98336,19.980282
EVT0005,EVT0005-FC02,72.0,1,2026-01-17T14:12:40Z,38.078179,20.218107
EVT0005,EVT0005-FC02,72.0,1,2026-01-17T14:12:40Z,38.770326,19.558666
EVT0005,EVT0005-FC02,72.0,1,2026-01-17T14:12:40Z,37.867506,19.667043
EVT0005,EVT0005-FC02,72.0,1,2026-01-17T14:12:40Z,38.296052,20.151637
EVT0005,EVT0005-FC02,72.0,1,2026-01-17T14:12:40Z,37.844031,19.734449
EVT0005,EVT0005-FC02,72.0,1,2026-01-17T14:12:40Z,38.743633,20.417745
EVT0005,EVT0005-FC02,72.0,1,2026-01-17T14:12:40Z,38.055837,18.731975
EVT0005,EVT0005-FC02,72.0,1,2026-01-17T14:12:40Z,38.414917,20.052834
EVT0005,EVT0005-FC02,72.0,1,2026-01-17T14:12:40Z,38.240694,20.05643
EVT0005,EVT0005-FC02,72.0,1,2026-01-17T14:12:40Z,38.749191,19.626476
EVT0005,EVT0005-FC02,72.0,1,2026-01-17T14:12:40Z,38.29885,19.007055
EVT0005,EVT0005-FC02,72.0,1,2026-01-17T14:12:40Z,38.012382,19.837256
EVT0005,EVT0005-FC02,72.0,1,2026-01-17T14:12:40Z,38.623128,19.301294
EVT0005,EVT0005-FC02,72.0,1,2026-01-17T14:12:40Z,38.356009,20.489975
EVT0005,EVT0005-FC02,72.0,1,2026-01-17T14:12:40Z,37.90555,19.44024
EVT0005,EVT0005-FC02,72.0,1,2026-01-17T14:12:40Z,38.503013,19.573744
EVT0005,EVT0005-FC02,72.0,1,2026-01-17T14:12:40Z,37.914945,19.32309
EVT0005,EVT0005-FC02,72.0,1,2026-01-17T14:12:40Z,38.022802,19.481988
EVT0005,EVT0005-FC02,72.0,1,2026-01-17T14:12:40Z,37.699295,19.167067
EVT0005,EVT0005-FC02,72.0,1,2026-01-17T14:12:40Z,37.994736,19.456874
EVT0005,EVT0005-FC02,72.0,1,2026-01-17T14:12:40Z,38.276564,19.237159
EVT0005,EVT0005-FC02,72.0,1,2026-01-17T14:12:40Z,37.82144,19.141335
EVT0005,EVT0005-FC02,72.0,1,2026-01-17T14:12:40Z,38.630507,19.424054
EVT0005,EVT0005-FC02,72.0,1,2026-01-17T14:12:40Z,37.972844,19.35157
EVT0005,EVT0005-FC02,72.0,1,2026-01-17T14:12:40Z,38.255259,18.616853
EVT0005,EVT0005-FC02,72.0,1,2026-01-17T14:12:40Z,38.564107,19.212453
EVT0005,EVT0005-FC02,72.0,1,2026-01-17T14:12:40Z,37.920309,19.777261
EVT0005,EVT0005-FC02,72.0,1,2026-01-17T14:12:40Z,37.937472,19.851957
EVT0005,EVT0005-FC02,72.0,1,2026-01-17T14:12:40Z,37.480511,20.122425
EVT0005,EVT0005-FC02,72.0,1,2026-01-17T14:12:40Z,38.303594,20.243837
EVT0005,EVT0005-FC02,72.0,1,2026-01-17T14:12:40Z,37.738581,19.285417
EVT0005,EVT0005-FC02,72.0,1,2026-01-17T14:12:40Z,38.15893,18.700507
EVT0005,EVT0005-FC02,72.0,1,2026-01-17T14:12:40Z,38.325647,19.69413
EVT0005,EVT0005-FC02,12.0,2,2026-01-15T02:12:40Z,37.357059,20.287804
EVT0005,EVT0005-FC02,12.0,2,2026-01-15T02:12:40Z,37.985299,19.963267
EVT0005,EVT0005-FC02,12.0,2,2026-01-15T02:12:40Z,37.606417,20.008703
EVT0005,EVT0005-FC02,12.0,2,2026-01-15T02:12:40Z,37.718021,19.944624
EVT0005,EVT0005-FC02,12.0,2,2026-01-15T02:12:40Z,38.188681,20.016955
EVT0005,EVT0005-FC02,12.0,2,2026-01-15T02:12:40Z,37.925058,19.999797
EVT0005,EVT0005-FC02,12.0,2,2026-01-15T02:12:40Z,37.731085,20.157778
EVT0005,EVT0005-FC02,12.0,2,2026-01-15T02:12:40Z,37.738604,19.751117
EVT0005,EVT0005-FC02,12.0,2,2026-01-15T02:12:40Z,37.42231,19.654004
EVT0005,EVT0005-FC02,12.0,2,2026-01-15T02:12:40Z,37.874226,20.001387
EVT0005,EVT0005-FC02,12.0,2,2026-01-15T02:12:40Z,37.753392,19.849786
EVT0005,EVT0005-FC02,12.0,2,2026-01-15T02:12:40Z,37.841344,19.823263
EVT0005,EVT0005-FC02,12.0,2,2026-01-15T02:12:40Z,37.890435,19.784737
EVT0005,EVT0005-FC02,12.0,2,2026-01-15T02:12:40Z,37.39881,19.964413
EVT0005,EVT0005-FC02,12.0,2,2026-01-15T02:12:40Z,37.795704,19.855942
EVT0005,EVT0005-FC02,12.0,2,2026-01-15T02:12:40Z,37.505294,19.50857
EVT0005,EVT0005-FC02,12.0,2,2026-01-15T02:12:40Z,38.030748,19.95461
EVT0005,EVT0005-FC02,12.0,2,2026-01-15T02:12:40Z,37.889032,19.253722
EVT0005,EVT0005-FC02,12.0,2,2026-01-15T02:12:40Z,38.143752,19.817676
EVT0005,EVT0005-FC02,12.0,2,2026-01-15T02:12:40Z,37.675193,20.021463
EVT0005,EVT0005-FC02,12.0,2,2026-01-15T02:12:40Z,37.915403,19.977744
EVT0005,EVT0005-FC02,12.0,2,2026-01-15T02:12:40Z,37.805791,19.8919
EVT0005,EVT0005-FC02,12.0,2,2026-01-15T02:12:40Z,37.251322,19.747814
EVT0005,EVT0005-FC02,12.0,2,2026-01-15T02:12:40Z,37.873218,20.287308
EVT0005,EVT0005-FC02,12.0,2,2026-01-15T02:12:40Z,37.756097,20.486208
EVT0005,EVT0005-FC02,12.0,2,2026-01-15T02:12:40Z,37.964441,19.864302
EVT0005,EVT0005-FC02,12.0,2,2026-01-15T02:12:40Z,37.980152,19.91694
EVT0005,EVT0005-FC02,12.0,2,2026-01-15T02:12:40Z,37.904839,20.150933
EVT0005,EVT0005-FC02,12.0,2,2026-01-15T02:12:40Z,37.832729,19.836906
EVT0005,EVT0005-FC02,12.0,2,2026-01-15T02:12:40Z,37.601357,20.081519
EVT0005,EVT0005-FC02,12.0,2,2026-01-15T02:12:40Z,37.737992,19.986164
EVT0005,EVT0005-FC02,12.0,2,2026-01-15T02:12:40Z,37.856846,20.050384
EVT0005,EVT0005-FC02,12.0,2,2026-01-15T02:12:40Z,37.80427,19.915732
EVT0005,EVT0005-FC02,12.0,2,2026-01-15T02:12:40Z,37.525288,19.538381
EVT0005,EVT0005-FC02,12.0,2,2026-01-15T02:12:40Z,37.643605,19.845289
EVT0005,EVT0005-FC02,12.0,2,2026-01-15T02:12:40Z,37.565059,20.190691
EVT0005,EVT0005-FC02,12.0,2,2026-01-15T02:12:40Z,37.510304,19.771368
EVT0005,EVT0005-FC02,12.0,2,2026-01-15T02:12:40Z,37.523011,19.464509
EVT0005,EVT0005-FC02,12.0,2,2026-01-15T02:12:40Z,37.795604,19.90517
EVT0005,EVT0005-FC02,12.0,2,2026-01-15T02:12:40Z,37.979662,19.884646
EVT0005,EVT0005-FC02,24.0,2,2026-01-15T14:12:40Z,38.022544,20.632342
EVT0005,EVT0005-FC02,24.0,2,2026-01-15T14:12:40Z,37.750275,19.984526
EVT0005,EVT0005-FC02,24.0,2,2026-01-15T14:12:40Z,37.902241,19.989813
EVT0005,EVT0005-FC02,24.0,2,2026-01-15T14:12:40Z,38.004223,20.189038
EVT0005,EVT0005-FC02,24.0,2,2026-01-15T14:12:40Z,37.774515,20.271827
EVT0005,EVT0005-FC02,24.0,2,2026-01-15T14:12:40Z,37.97447,20.086663
EVT0005,EVT0005-FC02,24.0,2,2026-01-15T14:12:40Z,37.593136,19.52621
EVT0005,EVT0005-FC02,24.0,2,2026-01-15T14:12:40Z,37.906108,20.438014
EVT0005,EVT0005-FC02,24.0,2,2026-01-15T14:12:40Z,37.567058,20.040366
EVT0005,EVT0005-FC02,24.0,2,2026-01-15T14:12:40Z,37.815144,19.355332
EVT0005,EVT0005-FC02,24.0,2,2026-01-15T14:12:40Z,37.902532,19.771944
EVT0005,EVT0005-FC02,24.0,2,2026-01-15T14:12:40Z,38.084873,19.981046
EVT0005,EVT0005-FC02,24.0,2,2026-01-15T14:12:40Z,37.74898,20.006441
EVT0005,EVT0005-FC02,24.0,2,2026-01-15T14:12:40Z,37.920442,19.276886
EVT0005,EVT0005-FC02,24.0,2,2026-01-15T14:12:40Z,37.828299,19.9422
EVT0005,EVT0005-FC02,24.0,2,2026-01-15T14:12:40Z,38.006216,20.283802
EVT0005,EVT0005-FC02,24.0,2,2026-01-15T14:12:40Z,37.572493,19.387829
EVT0005,EVT0005-FC02,24.0,2,2026-01-15T14:12:40Z,37.588828,19.058923
EVT0005,EVT0005-FC02,24.0,2,2026-01-15T14:12:40Z,37.884289,20.352157
EVT0005,EVT0005-FC02,24.0,2,2026-01-15T14:12:40Z,37.703631,19.770086
EVT0005,EVT0005-FC02,24.0,2,2026-01-15T14:12:40Z,37.538966,19.392784
EVT0005,EVT0005-FC02,24.0,2,2026-01-15T14:12:40Z,37.796307,19.785029
EVT0005,EVT0005-FC02,24.0,2,2026-01-15T14:12:40Z,38.149523,19.419932
EVT0005,EVT0005-FC02,24.0,2,2026-01-15T14:12:40Z,37.896698,20.165853
EVT0005,EVT0005-FC02,24.0,2,2026-01-15T14:12:40Z,37.684775,19.864914
EVT0005,EVT0005-FC02,24.0,2,2026-01-15T14:12:40Z,38.268432,19.790206
EVT0005,EVT0005-FC02,24.0,2,2026-01-15T14:12:40Z,37.869911,20.052017
EVT0005,EVT0005-FC02,24.0,2,2026-01-15T14:12:40Z,37.667016,19.624287
EVT0005,EVT0005-FC02,24.0,2,2026-01-15T14:12:40Z,37.327647,19.747505
EVT0005,EVT0005-FC02,24.0,2,2026-01-15T14:12:40Z,38.408183,20.025417
EVT0005,EVT0005-FC02,24.0,2,2026-01-15T14:12:40Z,37.666125,19.80696
EVT0005,EVT0005-FC02,24.0,2,2026-01-15T14:12:40Z,38.463914,20.116327
EVT0005,EVT0005-FC02,24.0,2,2026-01-15T14:12:40Z,37.78826,20.045518
EVT0005,EVT0005-FC02,24.0,2,2026-01-15T14:12:40Z,37.860524,19.970257
EVT0005,EVT0005-FC02,24.0,2,2026-01-15T14:12:40Z,37.317231,19.886159
EVT0005,EVT0005-FC02,24.0,2,2026-01-15T14:12:40Z,37.702333,19.865832
EVT0005,EVT0005-FC02,24.0,2,2026-01-15T14:12:40Z,37.844521,20.185328
EVT0005,EVT0005-FC02,24.0,2,2026-01-15T14:12:40Z,37.92873,20.32974
EVT0005,EVT0005-FC02,24.0,2,2026-01-15T14:12:40Z,37.797304,20.033254
EVT0005,EVT0005-FC02,24.0,2,2026-01-15T14:12:40Z,37.863931,19.662065
EVT0005,EVT0005-FC02,48.0,2,2026-01-16T14:12:40Z,37.995881,19.710751
EVT0005,EVT0005-FC02,48.0,2,2026-01-16T14:12:40Z,38.279976,20.132826
EVT0005,EVT0005-FC02,48.0,2,2026-01-16T14:12:40Z,38.632483,20.171328
EVT0005,EVT0005-FC02,48.0,2,2026-01-16T14:12:40Z,38.389091,19.460786
EVT0005,EVT0005-FC02,48.0,2,2026-01-16T14:12:40Z,37.987653,20.064043
EVT0005,EVT0005-FC02,48.0,2,2026-01-16T14:12:40Z,38.058631,19.446252
EVT0005,EVT0005-FC02,48.0,2,2026-01-16T14:12:40Z,38.152393,19.367044
EVT0005,EVT0005-FC02,48.0,2,2026-01-16T14:12:40Z,37.95308,19.946593
EVT0005,EVT0005-FC02,48.0,2,2026-01-16T14:12:40Z,38.275002,20.224957
EVT0005,EVT0005-FC02,48.0,2,2026-01-16T14:12:40Z,38.221425,19.137959
EVT0005,EVT0005-FC02,48.0,2,2026-01-16T14:12:40Z,38.002548,19.781246
EVT0005,EVT0005-FC02,48.0,2,2026-01-16T14:12:40Z,37.753482,19.164559
EVT0005,EVT0005-FC02,48.0,2,2026-01-16T14:12:40Z,38.556089,20.041011
EVT0005,EVT0005-FC02,48.0,2,2026-01-16T14:12:40Z,38.085703,19.92171
EVT0005,EVT0005-FC02,48.0,2,2026-01-16T14:12:40Z,38.041116,20.05655
EVT0005,EVT0005-FC02,48.0,2,2026-01-16T14:12:40Z,38.323394,19.849454
EVT0005,EVT0005-FC02,48.0,2,2026-01-16T14:12:40Z,38.21725,19.96739
EVT0005,EVT0005-FC02,48.0,2,2026-01-16T14:12:40Z,38.356874,20.156577
EVT0005,EVT0005-FC02,48.0,2,2026-01-16T14:12:40Z,37.765838,19.786577
EVT0005,EVT0005-FC02,48.0,2,2026-01-16T14:12:40Z,37.96733,19.983503
EVT0005,EVT0005-FC02,48.0,2,2026-01-16T14:12:40Z,38.366124,20.056719
EVT0005,EVT0005-FC02,48.0,2,2026-01-16T14:12:40Z,38.126958,19.660879
EVT0005,EVT0005-FC02,48.0,2,2026-01-16T14:12:40Z,38.295406,20.49937
EVT0005,EVT0005-FC02,48.0,2,2026-01-16T14:12:40Z,37.864833,19.63231
EVT0005,EVT0005-FC02,48.0,2,2026-01-16T14:12:40Z,38.034178,19.905891
EVT0005,EVT0005-FC02,48.0,2,2026-01-16T14:12:40Z,38.132286,18.657218
EVT0005,EVT0005-FC02,48.0,2,2026-01-16T14:12:40Z,38.222929,20.34084
EVT0005,EVT0005-FC02,48.0,2,2026-01-16T14:12:40Z,38.145434,19.908936
EVT0005,EVT0005-FC02,48.0,2,2026-01-16T14:12:40Z,38.200267,20.771291
EVT0005,EVT0005-FC02,48.0,2,2026-01-16T14:12:40Z,38.206815,20.009811
EVT0005,EVT0005-FC02,48.0,2,2026-01-16T14:12:40Z,38.527367,19.707279
EVT0005,EVT0005-FC02,48.0,2,2026-01-16T14:12:40Z,38.095006,19.718076
EVT0005,EVT0005-FC02,48.0,2,2026-01-16T14:12:40Z,38.098705,20.293735
EVT0005,EVT0005-FC02,48.0,2,2026-01-16T14:12:40Z,37.005091,18.491666
EVT0005,EVT0005-FC02,48.0,2,2026-01-16T14:12:40Z,38.313723,20.159447
EVT0005,EVT0005-FC02,48.0,2,2026-01-16T14:12:40Z,38.25572,20.087863
EVT0005,EVT0005-FC02,48.0,2,2026-01-16T14:12:40Z,37.891922,19.898184
EVT0005,EVT0005-FC02,48.0,2,2026-01-16T14:12:40Z,38.293059,20.040883
EVT0005,EVT0005-FC02,48.0,2,2026-01-16T14:12:40Z,37.705533,20.00001
EVT0005,EVT0005-FC02,48.0,2,2026-01-16T14:12:40Z,37.757827,19.761108
EVT0005,EVT0005-FC02,72.0,2,2026-01-17T14:12:40Z,38.753602,19.910449
EVT0005,EVT0005-FC02,72.0,2,2026-01-17T14:12:40Z,38.356687,19.178012
EVT0005,EVT0005-FC02,72.0,2,2026-01-17T14:12:40Z,38.65821,19.777984
EVT0005,EVT0005-FC02,72.0,2,2026-01-17T14:12:40Z,38.832826,19.484625
EVT0005,EVT0005-FC02,72.0,2,2026-01-17T14:12:40Z,38.307649,20.210537
EVT0005,EVT0005-FC02,72.0,2,2026-01-17T14:12:40Z,38.710792,19.140696
EVT0005,EVT0005-FC02,72.0,2,2026-01-17T14:12:40Z,38.255563,20.334329
EVT0005,EVT0005-FC02,72.0,2,2026-01-17T14:12:40Z,38.033075,19.983786
EVT0005,EVT0005-FC02,72.0,2,2026-01-17T14:12:40Z,37.945474,19.810743
EVT0005,EVT0005-FC02,72.0,2,2026-01-17T14:12:40Z,38.263279,20.531065
EVT0005,EVT0005-FC02,72.0,2,2026-01-17T14:12:40Z,37.869143,18.403227
EVT0005,EVT0005-FC02,72.0,2,2026-01-17T14:12:40Z,38.993671,20.52936
EVT0005,EVT0005-FC02,72.0,2,2026-01-17T14:12:40Z,38.19336,19.935069
EVT0005,EVT0005-FC02,72.0,2,2026-01-17T14:12:40Z,39.087839,19.78961
EVT0005,EVT0005-FC02,72.0,2,2026-01-17T14:12:40Z,38.840187,19.821571
EVT0005,EVT0005-FC02,72.0,2,2026-01-17T14:12:40Z,38.644213,19.770643
EVT0005,EVT0005-FC02,72.0,2,2026-01-17T14:12:40Z,38.485592,19.301721
EVT0005,EVT0005-FC02,72.0,2,2026-01-17T14:12:40Z,37.8786,19.725193
EVT0005,EVT0005-FC02,72.0,2,2026-01-17T14:12:40Z,37.913805,19.530458
EVT0005,EVT0005-FC02,72.0,2,2026-01-17T14:12:40Z,38.883708,19.637776
EVT0005,EVT0005-FC02,72.0,2,2026-01-17T14:12:40Z,38.044339,19.618757
EVT0005,EVT0005-FC02,72.0,2,2026-01-17T14:12:40Z,38.092543,19.933261
EVT0005,EVT0005-FC02,72.0,2,2026-01-17T14:12:40Z,38.910309,19.966324
EVT0005,EVT0005-FC02,72.0,2,2026-01-17T14:12:40Z,38.858153,19.225445
EVT0005,EVT0005-FC02,72.0,2,2026-01-17T14:12:40Z,38.783975,20.240666
EVT0005,EVT0005-FC02,72.0,2,2026-01-17T14:12:40Z,38.963557,19.50699
EVT0005,EVT0005-FC02,72.0,2,2026-01-17T14:12:40Z,38.585379,19.181174
EVT0005,EVT0005-FC02,72.0,2,2026-01-17T14:12:40Z,37.949642,20.084237
EVT0005,EVT0005-FC02,72.0,2,2026-01-17T14:12:40Z,37.268124,19.470764
EVT0005,EVT0005-FC02,72.0,2,2026-01-17T14:12:40Z,37.793918,19.383415
EVT0005,EVT0005-FC02,72.0,2,2026-01-17T14:12:40Z,38.84706,19.793294
EVT0005,EVT0005-FC02,72.0,2,2026-01-17T14:12:40Z,39.301091,20.324492
EVT0005,EVT0005-FC02,72.0,2,2026-01-17T14:12:40Z,38.45675,19.208979
EVT0005,EVT0005-FC02,72.0,2,2026-01-17T14:12:40Z,38.51506,19.231342
EVT0005,EVT0005-FC02,72.0,2,2026-01-17T14:12:40Z,38.003701,18.983933
EVT0005,EVT0005-FC02,72.0,2,2026-01-17T14:12:40Z,38.119255,20.341176
EVT0005,EVT0005-FC02,72.0,2,2026-01-17T14:12:40Z,37.867502,19.72318
EVT0005,EVT0005-FC02,72.0,2,2026-01-17T14:12:40Z,38.460572,19.547409
EVT0005,EVT0005-FC02,72.0,2,2026-01-17T14:12:40Z,38.092224,18.806328
EVT0005,EVT0005-FC02,72.0,2,2026-01-17T14:12:40Z,38.063904,19.883536
EVT0005,EVT0005-FC02,12.0,3,2026-01-15T02:12:40Z,37.845663,19.884972
EVT0005,EVT0005-FC02,12.0,3,2026-01-15T02:12:40Z,37.781717,20.325
EVT0005,EVT0005-FC02,12.0,3,2026-01-15T02:12:40Z,37.787599,20.098686
EVT0005,EVT0005-FC02,12.0,3,2026-01-15T02:12:40Z,37.664434,19.872722
EVT0005,EVT0005-FC02,12.0,3,2026-01-15T02:12:40Z,37.842706,20.156998
EVT0005,EVT0005-FC02,12.0,3,2026-01-15T02:12:40Z,38.026716,19.938712
EVT0005,EVT0005-FC02,12.0,3,2026-01-15T02:12:40Z,37.683622,19.620541
EVT0005,EVT0005-FC02,12.0,3,2026-01-15T02:12:40Z,37.874796,19.933522
EVT0005,EVT0005-FC02,12.0,3,2026-01-15T02:12:40Z,37.826521,19.924984
EVT0005,EVT0005-FC02,12.0,3,2026-01-15T02:12:40Z,37.874857,19.697176
EVT0005,EVT0005-FC02,12.0,3,2026-01-15T02:12:40Z,38.011898,19.754104
EVT0005,EVT0005-FC02,12.0,3,2026-01-15T02:12:40Z,38.125858,19.613293
EVT0005,EVT0005-FC02,12.0,3,2026-01-15T02:12:40Z,37.89554,20.060979
EVT0005,EVT0005-FC02,12.0,3,2026-01-15T02:12:40Z,37.762588,19.579951
EVT0005,EVT0005-FC02,12.0,3,2026-01-15T02:12:40Z,37.625919,19.84104
EVT0005,EVT0005-FC02,12.0,3,2026-01-15T02:12:40Z,37.964706,20.15417
EVT0005,EVT0005-FC02,12.0,3,2026-01-15T02:12:40Z,37.656886,20.118379
EVT0005,EVT0005-FC02,12.0,3,2026-01-15T02:12:40Z,37.878099,20.085352
EVT0005,EVT0005-FC02,12.0,3,2026-01-15T02:12:40Z,37.597426,19.713343
EVT0005,EVT0005-FC02,12.0,3,2026-01-15T02:12:40Z,37.974207,20.323087
EVT0005,EVT0005-FC02,12.0,3,2026-01-15T02:12:40Z,37.849981,19.639851
EVT0005,EVT0005-FC02,12.0,3,2026-01-15T02:12:40Z,37.701339,19.831538
EVT0005,EVT0005-FC02,12.0,3,2026-01-15T02:12:40Z,37.728085,19.654726
EVT0005,EVT0005-FC02,12.0,3,2026-01-15T02:12:40Z,38.100509,19.602744
EVT0005,EVT0005-FC02,12.0,3,2026-01-15T02:12:40Z,37.861624,20.148864
EVT0005,EVT0005-FC02,12.0,3,2026-01-15T02:12:40Z,37.660611,19.962692
EVT0005,EVT0005-FC02,12.0,3,2026-01-15T02:12:40Z,37.722221,19.960412
EVT0005,EVT0005-FC02,12.0,3,2026-01-15T02:12:40Z,37.944103,19.634738
EVT0005,EVT0005-FC02,12.0,3,2026-01-15T02:12:40Z,37.3345,19.89016
EVT0005,EVT0005-FC02,12.0,3,2026-01-15T02:12:40Z,37.701784,20.040858
EVT0005,EVT0005-FC02,12.0,3,2026-01-15T02:12:40Z,37.7241,19.958031
EVT0005,EVT0005-FC02,12.0,3,2026-01-15T02:12:40Z,37.846946,19.752641
EVT0005,EVT0005-FC02,12.0,3,2026-01-15T02:12:40Z,37.838946,19.805668
EVT0005,EVT0005-FC02,12.0,3,2026-01-15T02:12:40Z,37.915805,19.752029
EVT0005,EVT0005-FC02,12.0,3,2026-01-15T02:12:40Z,37.787379,19.963902
EVT0005,EVT0005-FC02,12.0,3,2026-01-15T02:12:40Z,37.747818,19.906735
EVT0005,EVT0005-FC02,12.0,3,2026-01-15T02:12:40Z,37.983229,19.786459
EVT0005,EVT0005-FC02,12.0,3,2026-01-15T02:12:40Z,37.748633,20.001121
EVT0005,EVT0005-FC02,12.0,3,2026-01-15T02:12:40Z,37.673347,19.784341
EVT0005,EVT0005-FC02,12.0,3,2026-01-15T02:12:40Z,37.817092,19.909208
EVT0005,EVT0005-FC02,24.0,3,2026-01-15T14:12:40Z,38.116627,19.379301
EVT0005,EVT0005-FC02,24.0,3,2026-01-15T14:12:40Z,37.726787,20.200041
EVT0005,EVT0005-FC02,24.0,3,2026-01-15T14:12:40Z,37.658518,19.525278
EVT0005,EVT0005-FC02,24.0,3,2026-01-15T14:12:40Z,37.78204,19.962831
EVT0005,EVT0005-FC02,24.0,3,2026-01-15T14:12:40Z,38.017903,20.362333
EVT0005,EVT0005-FC02,24.0,3,2026-01-15T14:12:40Z,38.53182,19.858392
EVT0005,EVT0005-FC02,24.0,3,2026-01-15T14:12:40Z,37.66714,19.93853
EVT0005,EVT0005-FC02,24.0,3,2026-01-15T14:12:40Z,38.029341,19.501089
EVT0005,EVT0005-FC02,24.0,3,2026-01-15T14:12:40Z,38.342565,19.548824
EVT0005,EVT0005-FC02,24.0,3,2026-01-15T14:12:40Z,37.999457,19.604228
EVT0005,EVT0005-FC02,24.0,3,2026-01-15T14:12:40Z,37.838245,20.068805
EVT0005,EVT0005-FC02,24.0,3,2026-01-15T14:12:40Z,37.866043,20.136353
EVT0005,EVT0005-FC02,24.0,3,2026-01-15T14:12:40Z,37.785976,19.917419
EVT0005,EVT0005-FC02,24.0,3,2026-01-15T14:12:40Z,37.832702,19.879634
EVT0005,EVT0005-FC02,24.0,3,2026-01-15T14:12:40Z,38.01333,20.335374
EVT0005,EVT0005-FC02,24.0,3,2026-01-15T14:12:40Z,37.794165,19.759888
EVT0005,EVT0005-FC02,24.0,3,2026-01-15T14:12:40Z,37.901931,19.548337
EVT0005,EVT0005-FC02,24.0,3,2026-01-15T14:12:40Z,37.734577,19.971464
EVT0005,EVT0005-FC02,24.0,3,2026-01-15T14:12:40Z,37.971346,20.106556
EVT0005,EVT0005-FC02,24.0,3,2026-01-15T14:12:40Z,37.742837,20.108422
EVT0005,EVT0005-FC02,24.0,3,2026-01-15T14:12:40Z,37.893365,19.463384
EVT0005,EVT0005-FC02,24.0,3,2026-01-15T14:12:40Z,38.061434,20.736025
EVT0005,EVT0005-FC02,24.0,3,2026-01-15T14:12:40Z,37.338121,20.144138
EVT0005,EVT0005-FC02,24.0,3,2026-01-15T14:12:40Z,37.846897,19.546949
EVT0005,EVT0005-FC02,24.0,3,2026-01-15T14:12:40Z,38.17609,19.562363
EVT0005,EVT0005-FC02,24.0,3,2026-01-15T14:12:40Z,37.646951,20.023712
EVT0005,EVT0005-FC02,24.0,3,2026-01-15T14:12:40Z,37.800563,19.622093
EVT0005,EVT0005-FC02,24.0,3,2026-01-15T14:12:40Z,38.008625,19.88196
EVT0005,EVT0005-FC02,24.0,3,2026-01-15T14:12:40Z,37.909042,20.428074
EVT0005,EVT0005-FC02,24.0,3,2026-01-15T14:12:40Z,37.629305,19.401803
EVT0005,EVT0005-FC02,24.0,3,2026-01-15T14:12:40Z,37.990667,19.466992
EVT0005,EVT0005-FC02,24.0,3,2026-01-15T14:12:40Z,37.745802,19.947711
EVT0005,EVT0005-FC02,24.0,3,2026-01-15T14:12:40Z,37.820288,20.314554
EVT0005,EVT0005-FC02,24.0,3,2026-01-15T14:12:40Z,37.651637,19.484954
EVT0005,EVT0005-FC02,24.0,3,2026-01-15T14:12:40Z,38.237155,19.46949
EVT0005,EVT0005-FC02,24.0,3,2026-01-15T14:12:40Z,37.617263,19.43622
EVT0005,EVT0005-FC02,24.0,3,2026-01-15T14:12:40Z,37.478386,20.118508
EVT0005,EVT0005-FC02,24.0,3,2026-01-15T14:12:40Z,37.596636,19.763981
EVT0005,EVT0005-FC02,24.0,3,2026-01-15T14:12:40Z,37.840014,19.892518
EVT0005,EVT0005-FC02,24.0,3,2026-01-15T14:12:40Z,37.915459,19.549295
EVT0005,EVT0005-FC02,48.0,3,2026-01-16T14:12:40Z,38.425463,19.137887
EVT0005,EVT0005-FC02,48.0,3,2026-01-16T14:12:40Z,38.049398,20.417421
EVT0005,EVT0005-FC02,48.0,3,2026-01-16T14:12:40Z,37.988666,19.729138
EVT0005,EVT0005-FC02,48.0,3,2026-01-16T14:12:40Z,38.482536,19.497683
EVT0005,EVT0005-FC02,48.0,3,2026-01-16T14:12:40Z,37.877018,19.678704
EVT0005,EVT0005-FC02,48.0,3,2026-01-16T14:12:40Z,38.363541,20.691393
EVT0005,EVT0005-FC02,48.0,3,2026-01-16T14:12:40Z,37.641659,19.565651
EVT0005,EVT0005-FC02,48.0,3,2026-01-16T14:12:40Z,37.992619,19.60593
EVT0005,EVT0005-FC02,48.0,3,2026-01-16T14:12:40Z,38.362781,19.892312
EVT0005,EVT0005-FC02,48.0,3,2026-01-16T14:12:40Z,38.193503,20.341808
EVT0005,EVT0005-FC02,48.0,3,2026-01-16T14:12:40Z,38.079084,19.580612
EVT0005,EVT0005-FC02,48.0,3,2026-01-16T14:12:40Z,37.557268,19.574571
EVT0005,EVT0005-FC02,48.0,3,2026-01-16T14:12:40Z,38.202983,19.459366
EVT0005,EVT0005-FC02,48.0,3,2026-01-16T14:12:40Z,38.397711,19.914021
EVT0005,EVT0005-FC02,48.0,3,2026-01-16T14:12:40Z,37.686884,19.246943
EVT0005,EVT0005-FC02,48.0,3,2026-01-16T14:12:40Z,38.042487,19.598214
EVT0005,EVT0005-FC02,48.0,3,2026-01-16T14:12:40Z,37.92583,19.977739
EVT0005,EVT0005-FC02,48.0,3,2026-01-16T14:12:40Z,38.082114,20.238988
EVT0005,EVT0005-FC02,48.0,3,2026-01-16T14:12:40Z,38.051572,19.332296
EVT0005,EVT0005-FC02,48.0,3,2026-01-16T14:12:40Z,37.857936,19.944043
EVT0005,EVT0005-FC02,48.0,3,2026-01-16T14:12:40Z,37.739723,19.814014
EVT0005,EVT0005-FC02,48.0,3,2026-01-16T14:12:40Z,37.968914,20.196085
EVT0005,EVT0005-FC02,48.0,3,2026-01-16T14:12:40Z,37.870098,20.144505
EVT0005,EVT0005-FC02,48.0,3,2026-01-16T14:12:40Z,37.973888,19.325209
EVT0005,EVT0005-FC02,48.0,3,2026-01-16T14:12:40Z,37.850032,19.386212
EVT0005,EVT0005-FC02,48.0,3,2026-01-16T14:12:40Z,37.863321,19.500887
EVT0005,EVT0005-FC02,48.0,3,2026-01-16T14:12:40Z,37.966644,19.721637
EVT0005,EVT0005-FC02,48.0,3,2026-01-16T14:12:40Z,37.765443,19.3846
EVT0005,EVT0005-FC02,48.0,3,2026-01-16T14:12:40Z,38.072709,20.35068
EVT0005,EVT0005-FC02,48.0,3,2026-01-16T14:12:40Z,38.745018,19.766424
EVT0005,EVT0005-FC02,48.0,3,2026-01-16T14:12:40Z,37.917873,19.699258
EVT0005,EVT0005-FC02,48.0,3,2026-01-16T14:12:40Z,38.145613,20.025522
EVT0005,EVT0005-FC02,48.0,3,2026-01-16T14:12:40Z,37.68952,19.444879
EVT0005,EVT0005-FC02,48.0,3,2026-01-16T14:12:40Z,38.001208,19.530487
EVT0005,EVT0005-FC02,48.0,3,2026-01-16T14:12:40Z,38.177267,20.088281
EVT0005,EVT0005-FC02,48.0,3,2026-01-16T14:12:40Z,38.810496,19.745429
EVT0005,EVT0005-FC02,48.0,3,2026-01-16T14:12:40Z,38.295956,19.301453
EVT0005,EVT0005-FC02,48.0,3,2026-01-16T14:12:40Z,37.303679,20.158235
EVT0005,EVT0005-FC02,48.0,3,2026-01-16T14:12:40Z,37.930923,19.633648
EVT0005,EVT0005-FC02,48.0,3,2026-01-16T14:12:40Z,38.200031,20.167011
EVT0005,EVT0005-FC02,72.0,3,2026-01-17T14:12:40Z,37.916103,19.668499
EVT0005,EVT0005-FC02,72.0,3,2026-01-17T14:12:40Z,38.222569,19.358672
EVT0005,EVT0005-FC02,72.0,3,2026-01-17T14:12:40Z,38.417598,20.006647
EVT0005,EVT0005-FC02,72.0,3,2026-01-17T14:12:40Z,38.429017,18.993276
EVT0005,EVT0005-FC02,72.0,3,2026-01-17T14:12:40Z,37.649323,19.782674
EVT0005,EVT0005-FC02,72.0,3,2026-01-17T14:12:40Z,38.592159,19.756808
EVT0005,EVT0005-FC02,72.0,3,2026-01-17T14:12:40Z,37.731938,19.94167
EVT0005,EVT0005-FC02,72.0,3,2026-01-17T14:12:40Z,39.012197,19.076557
EVT0005,EVT0005-FC02,72.0,3,2026-01-17T14:12:40Z,38.196765,20.185225
EVT0005,EVT0005-FC02,72.0,3,2026-01-17T14:12:40Z,38.033202,20.129242
EVT0005,EVT0005-FC02,72.0,3,2026-01-17T14:12:40Z,38.659639,19.816415
EVT0005,EVT0005-FC02,72.0,3,2026-01-17T14:12:40Z,38.482437,19.097284
EVT0005,EVT0005-FC02,72.0,3,2026-01-17T14:12:40Z,38.04112,19.893808
EVT0005,EVT0005-FC02,72.0,3,2026-01-17T14:12:40Z,38.164397,18.66238
EVT0005,EVT0005-FC02,72.0,3,2026-01-17T14:12:40Z,38.705776,19.636912
EVT0005,EVT0005-FC02,72.0,3,2026-01-17T14:12:40Z,36.982838,19.624198
EVT0005,EVT0005-FC02,72.0,3,2026-01-17T14:12:40Z,38.280857,19.589968
EVT0005,EVT0005-FC02,72.0,3,2026-01-17T14:12:40Z,38.683176,19.663725
EVT0005,EVT0005-FC02,72.0,3,2026-01-17T14:12:40Z,38.872597,20.232361
EVT0005,EVT0005-FC02,72.0,3,2026-01-17T14:12:40Z,38.22583,20.146158
EVT0005,EVT0005-FC02,72.0,3,2026-01-17T14:12:40Z,38.365792,19.236408
EVT0005,EVT0005-FC02,72.0,3,2026-01-17T14:12:40Z,38.85795,19.527231
EVT0005,EVT0005-FC02,72.0,3,2026-01-17T14:12:40Z,38.197495,20.148948
EVT0005,EVT0005-FC02,72.0,3,2026-01-17T14:12:40Z,38.532125,19.730498
EVT0005,EVT0005-FC02,72.0,3,2026-01-17T14:12:40Z,38.003772,19.936601
EVT0005,EVT0005-FC02,72.0,3,2026-01-17T14:12:40Z,38.134262,19.884861
EVT0005,EVT0005-FC02,72.0,3,2026-01-17T14:12:40Z,37.849091,19.997738
EVT0005,EVT0005-FC02,72.0,3,2026-01-17T14:12:40Z,38.410477,19.296191
EVT0005,EVT0005-FC02,72.0,3,2026-01-17T14:12:40Z,38.198117,20.393241
EVT0005,EVT0005-FC02,72.0,3,2026-01-17T14:12:40Z,38.809586,19.65975
EVT0005,EVT0005-FC02,72.0,3,2026-01-17T14:12:40Z,38.149962,19.206864
EVT0005,EVT0005-FC02,72.0,3,2026-01-17T14:12:40Z,38.068125,19.54117
EVT0005,EVT0005-FC02,72.0,3,2026-01-17T14:12:40Z,38.078874,19.965046
EVT0005,EVT0005-FC02,72.0,3,2026-01-17T14:12:40Z,38.121888,20.243439
EVT0005,EVT0005-FC02,72.0,3,2026-01-17T14:12:40Z,38.003184,19.940821
EVT0005,EVT0005-FC02,72.0,3,2026-01-17T14:12:40Z,37.260689,19.243457
EVT0005,EVT0005-FC02,72.0,3,2026-01-17T14:12:40Z,38.854853,19.756032
EVT0005,EVT0005-FC02,72.0,3,2026-01-17T14:12:40Z,38.77766,19.69781
EVT0005,EVT0005-FC02,72.0,3,2026-01-17T14:12:40Z,38.570696,19.156891
EVT0005,EVT0005-FC02,72.0,3,2026-01-17T14:12:40Z,38.815888,19.757409
EVT0005,EVT0005-FC02,12.0,4,2026-01-15T02:12:40Z,37.904512,20.00213
EVT0005,EVT0005-FC02,12.0,4,2026-01-15T02:12:40Z,37.789232,19.391308
EVT0005,EVT0005-FC02,12.0,4,2026-01-15T02:12:40Z,37.839051,20.356435
EVT0005,EVT0005-FC02,12.0,4,2026-01-15T02:12:40Z,37.533917,19.748502
EVT0005,EVT0005-FC02,12.0,4,2026-01-15T02:12:40Z,37.586143,19.561941
EVT0005,EVT0005-FC02,12.0,4,2026-01-15T02:12:40Z,37.77982,20.142885
EVT0005,EVT0005-FC02,12.0,4,2026-01-15T02:12:40Z,37.410548,20.206353
EVT0005,EVT0005-FC02,12.0,4,2026-01-15T02:12:40Z,37.794736,19.351206
EVT0005,EVT0005-FC02,12.0,4,2026-01-15T02:12:40Z,37.736172,20.171447
EVT0005,EVT0005-FC02,12.0,4,2026-01-15T02:12:40Z,37.405704,19.54176
EVT0005,EVT0005-FC02,12.0,4,2026-01-15T02:12:40Z,37.51845,20.028658
EVT0005,EVT0005-FC02,12.0,4,2026-01-15T02:12:40Z,37.723853,19.804789
EVT0005,EVT0005-FC02,12.0,4,2026-01-15T02:12:40Z,37.873703,19.989683
EVT0005,EVT0005-FC02,12.0,4,2026-01-15T02:12:40Z,37.683851,20.057138
EVT0005,EVT0005-FC02,12.0,4,2026-01-15T02:12:40Z,37.907715,19.888334
EVT0005,EVT0005-FC02,12.0,4,2026-01-15T02:12:40Z,37.960777,19.894997
EVT0005,EVT0005-FC02,12.0,4,2026-01-15T02:12:40Z,37.461212,19.521846
EVT0005,EVT0005-FC02,12.0,4,2026-01-15T02:12:40Z,37.289833,19.963348
EVT0005,EVT0005-FC02,12.0,4,2026-01-15T02:12:40Z,37.387291,19.621227
EVT0005,EVT0005-FC02,12.0,4,2026-01-15T02:12:40Z,37.920014,19.339764
EVT0005,EVT0005-FC02,12.0,4,2026-01-15T02:12:40Z,37.732006,20.194544
EVT0005,EVT0005-FC02,12.0,4,2026-01-15T02:12:40Z,37.589429,19.614771
EVT0005,EVT0005-FC02,12.0,4,2026-01-15T02:12:40Z,37.54554,19.549314
EVT0005,EVT0005-FC02,12.0,4,2026-01-15T02:12:40Z,37.825166,19.385222
EVT0005,EVT0005-FC02,12.0,4,2026-01-15T02:12:40Z,37.759483,19.95077
EVT0005,EVT0005-FC02,12.0,4,2026-01-15T02:12:40Z,37.890868,19.913705
EVT0005,EVT0005-FC02,12.0,4,2026-01-15T02:12:40Z,37.701172,19.826753
EVT0005,EVT0005-FC02,12.0,4,2026-01-15T02:12:40Z,37.581623,20.10961
EVT0005,EVT0005-FC02,12.0,4,2026-01-15T02:12:40Z,37.817221,20.00109
EVT0005,EVT0005-FC02,12.0,4,2026-01-15T02:12:40Z,37.810919,20.115483
EVT0005,EVT0005-FC02,12.0,4,2026-01-15T02:12:40Z,37.492807,19.790311
EVT0005,EVT0005-FC02,12.0,4,2026-01-15T02:12:40Z,38.022008,19.974047
EVT0005,EVT0005-FC02,12.0,4,2026-01-15T02:12:40Z,37.884931,19.904808
EVT0005,EVT0005-FC02,12.0,4,2026-01-15T02:12:40Z,37.7391,20.109315
EVT0005,EVT0005-FC02,12.0,4,2026-01-15T02:12:40Z,37.37346,19.755561
EVT0005,EVT0005-FC02,12.0,4,2026-01-15T02:12:40Z,37.599547,19.956041
EVT0005,EVT0005-FC02,12.0,4,2026-01-15T02:12:40Z,37.687096,19.94705
EVT0005,EVT0005-FC02,12.0,4,2026-01-15T02:12:40Z,37.890195,19.855277
EVT0005,EVT0005-FC02,12.0,4,2026-01-15T02:12:40Z,37.459972,19.919184
EVT0005,EVT0005-FC02,12.0,4,2026-01-15T02:12:40Z,37.773746,19.253795
EVT0005,EVT0005-FC02,24.0,4,2026-01-15T14:12:40Z,37.76737,20.095813
EVT0005,EVT0005-FC02,24.0,4,2026-01-15T14:12:40Z,37.163734,20.107606
EVT0005,EVT0005-FC02,24.0,4,2026-01-15T14:12:40Z,37.965399,19.267836
EVT0005,EVT0005-FC02,24.0,4,2026-01-15T14:12:40Z,37.785574,19.783209
EVT0005,EVT0005-FC02,24.0,4,2026-01-15T14:12:40Z,37.473913,19.560454
EVT0005,EVT0005-FC02,24.0,4,2026-01-15T14:12:40Z,37.688002,19.181515
EVT0005,EVT0005-FC02,24.0,4,2026-01-15T14:12:40Z,37.82839,18.936436
EVT0005,EVT0005-FC02,24.0,4,2026-01-15T14:12:40Z,37.542478,19.465226
EVT0005,EVT0005-FC02,24.0,4,2026-01-15T14:12:40Z,37.546099,19.722844
EVT0005,EVT0005-FC02,24.0,4,2026-01-15T14:12:40Z,37.618676,19.357781
EVT0005,EVT0005-FC02,24.0,4,2026-01-15T14:12:40Z,37.751905,19.693311
EVT0005,EVT0005-FC02,24.0,4,2026-01-15T14:12:40Z,37.658201,19.487951
EVT0005,EVT0005-FC02,24.0,4,2026-01-15T14:12:40Z,37.965947,19.984957
EVT0005,EVT0005-FC02,24.0,4,2026-01-15T14:12:40Z,38.10613,19.368585
EVT0005,EVT0005-FC02,24.0,4,2026-01-15T14:12:40Z,37.749192,20.330017
EVT0005,EVT0005-FC02,24.0,4,2026-01-15T14:12:40Z,37.575176,19.807045
EVT0005,EVT0005-FC02,24.0,4,2026-01-15T14:12:40Z,37.304434,19.47819
EVT0005,EVT0005-FC02,24.0,4,2026-01-15T14:12:40Z,37.883867,20.368738
EVT0005,EVT0005-FC02,24.0,4,2026-01-15T14:12:40Z,37.875257,20.053042
EVT0005,EVT0005-FC02,24.0,4,2026-01-15T14:12:40Z,37.442415,19.583371
EVT0005,EVT0005-FC02,24.0,4,2026-01-15T14:12:40Z,37.173235,19.200293
EVT0005,EVT0005-FC02,24.0,4,2026-01-15T14:12:40Z,37.774375,20.478059
EVT0005,EVT0005-FC02,24.0,4,2026-01-15T14:12:40Z,37.918642,20.438187
EVT0005,EVT0005-FC02,24.0,4,2026-01-15T14:12:40Z,38.198916,19.345669
EVT0005,EVT0005-FC02,24.0,4,2026-01-15T14:12:40Z,37.666828,19.904091
EVT0005,EVT0005-FC02,24.0,4,2026-01-15T14:12:40Z,37.430579,19.634429
EVT0005,EVT0005-FC02,24.0,4,2026-01-15T14:12:40Z,37.646005,19.972468
EVT0005,EVT0005-FC02,24.0,4,2026-01-15T14:12:40Z,37.895125,20.301119
EVT0005,EVT0005-FC02,24.0,4,2026-01-15T14:12:40Z,37.761938,19.893265
EVT0005,EVT0005-FC02,24.0,4,2026-01-15T14:12:40Z,38.098943,20.350405
EVT0005,EVT0005-FC02,24.0,4,2026-01-15T14:12:40Z,38.022482,20.258994
EVT0005,EVT0005-FC02,24.0,4,2026-01-15T14:12:40Z,37.814135,19.724108
EVT0005,EVT0005-FC02,24.0,4,2026-01-15T14:12:40Z,38.098126,20.253181
EVT0005,EVT0005-FC02,24.0,4,2026-01-15T14:12:40Z,37.648682,19.218954
EVT0005,EVT0005-FC02,24.0,4,2026-01-15T14:12:40Z,37.735622,20.274337
EVT0005,EVT0005-FC02,24.0,4,2026-01-15T14:12:40Z,37.951477,20.476819
EVT0005,EVT0005-FC02,24.0,4,2026-01-15T14:12:40Z,37.448321,19.315693
EVT0005,EVT0005-FC02,24.0,4,2026-01-15T14:12:40Z,37.886745,19.921831
EVT0005,EVT0005-FC02,24.0,4,2026-01-15T14:12:40Z,37.886587,20.207102
EVT0005,EVT0005-FC02,24.0,4,2026-01-15T14:12:40Z,38.080538,19.897834
EVT0005,EVT0005-FC02,48.0,4,2026-01-16T14:12:40Z,38.05356,20.14751
EVT0005,EVT0005-FC02,48.0,4,2026-01-16T14:12:40Z,38.416068,19.872427
EVT0005,EVT0005-FC02,48.0,4,2026-01-16T14:12:40Z,37.396226,20.146179
EVT0005,EVT0005-FC02,48.0,4,2026-01-16T14:12:40Z,37.64101,19.558289
EVT0005,EVT0005-FC02,48.0,4,2026-01-16T14:12:40Z,38.470026,19.046589
EVT0005,EVT0005-FC02,48.0,4,2026-01-16T14:12:40Z,37.979654,19.623991
EVT0005,EVT0005-FC02,48.0,4,2026-01-16T14:12:40Z,37.633453,19.612064
EVT0005,EVT0005-FC02,48.0,4,2026-01-16T14:12:40Z,37.890053,19.721506
EVT0005,EVT0005-FC02,48.0,4,2026-01-16T14:12:40Z,37.990492,19.903566
EVT0005,EVT0005-FC02,48.0,4,2026-01-16T14:12:40Z,37.73897,19.320092
EVT0005,EVT0005-FC02,48.0,4,2026-01-16T14:12:40Z,38.320632,19.124164
EVT0005,EVT0005-FC02,48.0,4,2026-01-16T14:12:40Z,37.515774,19.14408
EVT0005,EVT0005-FC02,48.0,4,2026-01-16T14:12:40Z,37.771191,19.654613
EVT0005,EVT0005-FC02,48.0,4,2026-01-16T14:12:40Z,38.271536,18.573659
EVT0005,EVT0005-FC02,48.0,4,2026-01-16T14:12:40Z,38.097263,20.204145
EVT0005,EVT0005-FC02,48.0,4,2026-01-16T14:12:40Z,37.503917,20.020456
EVT0005,EVT0005-FC02,48.0,4,2026-01-16T14:12:40Z,38.367181,19.911478
EVT0005,EVT0005-FC02,48.0,4,2026-01-16T14:12:40Z,37.370522,20.32016
EVT0005,EVT0005-FC02,48.0,4,2026-01-16T14:12:40Z,38.307966,19.995633
EVT0005,EVT0005-FC02,48.0,4,2026-01-16T14:12:40Z,37.711581,19.24235
EVT0005,EVT0005-FC02,48.0,4,2026-01-16T14:12:40Z,38.106101,20.508688
EVT0005,EVT0005-FC02,48.0,4,2026-01-16T14:12:40Z,38.251596,20.356805
EVT0005,EVT0005-FC02,48.0,4,2026-01-16T14:12:40Z,37.969298,19.55907
EVT0005,EVT0005-FC02,48.0,4,2026-01-16T14:12:40Z,38.286573,20.362493
EVT0005,EVT0005-FC02,48.0,4,2026-01-16T14:12:40Z,38.276789,20.154307
EVT0005,EVT0005-FC02,48.0,4,2026-01-16T14:12:40Z,37.986368,19.90768
EVT0005,EVT0005-FC02,48.0,4,2026-01-16T14:12:40Z,37.750519,19.926135
EVT0005,EVT0005-FC02,48.0,4,2026-01-16T14:12:40Z,37.652263,19.521623
EVT0005,EVT0005-FC02,48.0,4,2026-01-16T14:12:40Z,37.79897,19.723831
EVT0005,EVT0005-FC02,48.0,4,2026-01-16T14:12:40Z,37.865217,19.170322
EVT0005,EVT0005-FC02,48.0,4,2026-01-16T14:12:40Z,37.054929,19.740975
EVT0005,EVT0005-FC02,48.0,4,2026-01-16T14:12:40Z,37.734473,19.723061
EVT0005,EVT0005-FC02,48.0,4,2026-01-16T14:12:40Z,37.902917,18.640053
EVT0005,EVT0005-FC02,48.0,4,2026-01-16T14:12:40Z,37.993575,19.79239
EVT0005,EVT0005-FC02,48.0,4,2026-01-16T14:12:40Z,37.678144,18.970527
EVT0005,EVT0005-FC02,48.0,4,2026-01-16T14:12:40Z,37.991759,19.787857
EVT0005,EVT0005-FC02,48.0,4,2026-01-16T14:12:40Z,38.788461,19.948509
EVT0005,EVT0005-FC02,48.0,4,2026-01-16T14:12:40Z,38.477159,20.350564
EVT0005,EVT0005-FC02,48.0,4,2026-01-16T14:12:40Z,36.986567,19.204568
EVT0005,EVT0005-FC02,48.0,4,2026-01-16T14:12:40Z,37.612211,19.301122
EVT0005,EVT0005-FC02,72.0,4,2026-01-17T14:12:40Z,37.784865,19.14858
EVT0005,EVT0005-FC02,72.0,4,2026-01-17T14:12:40Z,38.930729,19.666129
EVT0005,EVT0005-FC02,72.0,4,2026-01-17T14:12:40Z,38.419512,19.891479
EVT0005,EVT0005-FC02,72.0,4,2026-01-17T14:12:40Z,38.361869,19.469199
EVT0005,EVT0005-FC02,72.0,4,2026-01-17T14:12:40Z,38.449506,19.450096
EVT0005,EVT0005-FC02,72.0,4,2026-01-17T14:12:40Z,38.064406,20.105131
EVT0005,EVT0005-FC02,72.0,4,2026-01-17T14:12:40Z,38.275812,19.275743
EVT0005,EVT0005-FC02,72.0,4,2026-01-17T14:12:40Z,38.777263,19.722624
EVT0005,EVT0005-FC02,72.0,4,2026-01-17T14:12:40Z,39.020598,19.843613
EVT0005,EVT0005-FC02,72.0,4,2026-01-17T14:12:40Z,37.634014,20.369055
EVT0005,EVT0005-FC02,72.0,4,2026-01-17T14:12:40Z,37.923325,20.040508
EVT0005,EVT0005-FC02,72.0,4,2026-01-17T14:12:40Z,37.691218,18.64974
EVT0005,EVT0005-FC02,72.0,4,2026-01-17T14:12:40Z,37.850642,19.705808
EVT0005,EVT0005-FC02,72.0,4,2026-01-17T14:12:40Z,37.645647,19.652495
EVT0005,EVT0005-FC02,72.0,4,2026-01-17T14:12:40Z,38.506277,20.598691
EVT0005,EVT0005-FC02,72.0,4,2026-01-17T14:12:40Z,38.363451,19.372306
EVT0005,EVT0005-FC02,72.0,4,2026-01-17T14:12:40Z,38.147795,19.910886
EVT0005,EVT0005-FC02,72.0,4,2026-01-17T14:12:40Z,38.087705,19.268018
EVT0005,EVT0005-FC02,72.0,4,2026-01-17T14:12:40Z,37.530438,19.195788
EVT0005,EVT0005-FC02,72.0,4,2026-01-17T14:12:40Z,38.779911,19.67281
EVT0005,EVT0005-FC02,72.0,4,2026-01-17T14:12:40Z,37.54574,19.361134
EVT0005,EVT0005-FC02,72.0,4,2026-01-17T14:12:40Z,38.186996,20.367902
EVT0005,EVT0005-FC02,72.0,4,2026-01-17T14:12:40Z,37.900332,19.670428
EVT0005,EVT0005-FC02,72.0,4,2026-01-17T14:12:40Z,38.168341,20.117911
EVT0005,EVT0005-FC02,72.0,4,2026-01-17T14:12:40Z,38.544033,19.08632
EVT0005,EVT0005-FC02,72.0,4,2026-01-17T14:12:40Z,37.679217,19.144964
EVT0005,EVT0005-FC02,72.0,4,2026-01-17T14:12:40Z,38.732375,19.657609
EVT0005,EVT0005-FC02,72.0,4,2026-01-17T14:12:40Z,38.779559,19.626129
EVT0005,EVT0005-FC02,72.0,4,2026-01-17T14:12:40Z,38.672449,19.58749
EVT0005,EVT0005-FC02,72.0,4,2026-01-17T14:12:40Z,38.130024,20.041585
EVT0005,EVT0005-FC02,72.0,4,2026-01-17T14:12:40Z,38.68365,19.578406
EVT0005,EVT0005-FC02,72.0,4,2026-01-17T14:12:40Z,38.133168,20.102969
EVT0005,EVT0005-FC02,72.0,4,2026-01-17T14:12:40Z,38.056677,19.837871
EVT0005,EVT0005-FC02,72.0,4,2026-01-17T14:12:40Z,37.901687,19.420958
EVT0005,EVT0005-FC02,72.0,4,2026-01-17T14:12:40Z,37.737955,19.786115
EVT0005,EVT0005-FC02,72.0,4,2026-01-17T14:12:40Z,38.455076,18.680229
EVT0005,EVT0005-FC02,72.0,4,2026-01-17T14:12:40Z,38.571364,20.814735
EVT0005,EVT0005-FC02,72.0,4,2026-01-17T14:12:40Z,37.844115,19.489325
EVT0005,EVT0005-FC02,72.0,4,2026-01-17T14:12:40Z,37.419227,19.966135
EVT0005,EVT0005-FC02,72.0,4,2026-01-17T14:12:40Z,37.849522,19.398763
EVT0005,EVT0005-FC02,12.0,5,2026-01-15T02:12:40Z,37.774391,19.868398
EVT0005,EVT0005-FC02,12.0,5,2026-01-15T02:12:40Z,37.693348,20.384464
EVT0005,EVT0005-FC02,12.0,5,2026-01-15T02:12:40Z,38.074622,19.809583
EVT0005,EVT0005-FC02,12.0,5,2026-01-15T02:12:40Z,37.626788,20.007109
EVT0005,EVT0005-FC02,12.0,5,2026-01-15T02:12:40Z,37.941286,19.677402
EVT0005,EVT0005-FC02,12.0,5,2026-01-15T02:12:40Z,37.806681,19.951407
EVT0005,EVT0005-FC02,12.0,5,2026-01-15T02:12:40Z,37.596853,19.873321
EVT0005,EVT0005-FC02,12.0,5,2026-01-15T02:12:40Z,37.823134,19.634697
EVT0005,EVT0005-FC02,12.0,5,2026-01-15T02:12:40Z,37.202439,19.863098
EVT0005,EVT0005-FC02,12.0,5,2026-01-15T02:12:40Z,37.637891,19.579596
EVT0005,EVT0005-FC02,12.0,5,2026-01-15T02:12:40Z,37.753447,19.98219
EVT0005,EVT0005-FC02,12.0,5,2026-01-15T02:12:40Z,37.836561,20.054564
EVT0005,EVT0005-FC02,12.0,5,2026-01-15T02:12:40Z,37.906998,20.021019
EVT0005,EVT0005-FC02,12.0,5,2026-01-15T02:12:40Z,38.072943,19.888815
EVT0005,EVT0005-FC02,12.0,5,2026-01-15T02:12:40Z,37.747587,19.852655
EVT0005,EVT0005-FC02,12.0,5,2026-01-15T02:12:40Z,37.577233,19.859603
EVT0005,EVT0005-FC02,12.0,5,2026-01-15T02:12:40Z,37.70123,20.044026
EVT0005,EVT0005-FC02,12.0,5,2026-01-15T02:12:40Z,37.695119,19.885353
EVT0005,EVT0005-FC02,12.0,5,2026-01-15T02:12:40Z,37.707457,20.00818
EVT0005,EVT0005-FC02,12.0,5,2026-01-15T02:12:40Z,37.635574,19.86142
EVT0005,EVT0005-FC02,12.0,5,2026-01-15T02:12:40Z,37.665741,20.056172
EVT0005,EVT0005-FC02,12.0,5,2026-01-15T02:12:40Z,37.654942,20.090776
EVT0005,EVT0005-FC02,12.0,5,2026-01-15T02:12:40Z,37.511931,19.697296
EVT0005,EVT0005-FC02,12.0,5,2026-01-15T02:12:40Z,37.953944,19.85553
EVT0005,EVT0005-FC02,12.0,5,2026-01-15T02:12:40Z,38.123124,19.520523
EVT0005,EVT0005-FC02,12.0,5,2026-01-15T02:12:40Z,37.625606,20.088507
EVT0005,EVT0005-FC02,12.0,5,2026-01-15T02:12:40Z,37.785242,19.970162
EVT0005,EVT0005-FC02,12.0,5,2026-01-15T02:12:40Z,37.96387,19.974493
EVT0005,EVT0005-FC02,12.0,5,2026-01-15T02:12:40Z,37.81824,19.753883
EVT0005,EVT0005-FC02,12.0,5,2026-01-15T02:12:40Z,37.856918,19.781268
EVT0005,EVT0005-FC02,12.0,5,2026-01-15T02:12:40Z,37.713425,19.948761
EVT0005,EVT0005-FC02,12.0,5,2026-01-15T02:12:40Z,37.684419,19.804438
EVT0005,EVT0005-FC02,12.0,5,2026-01-15T02:12:40Z,37.85587,19.883694
EVT0005,EVT0005-FC02,12.0,5,2026-01-15T02:12:40Z,37.961581,20.117459
EVT0005,EVT0005-FC02,12.0,5,2026-01-15T02:12:40Z,37.485638,19.520843
EVT0005,EVT0005-FC02,12.0,5,2026-01-15T02:12:40Z,37.958962,19.602227
EVT0005,EVT0005-FC02,12.0,5,2026-01-15T02:12:40Z,37.847293,20.072035
EVT0005,EVT0005-FC02,12.0,5,2026-01-15T02:12:40Z,37.756457,19.897421
EVT0005,EVT0005-FC02,12.0,5,2026-01-15T02:12:40Z,37.785212,19.917258
EVT0005,EVT0005-FC02,12.0,5,2026-01-15T02:12:40Z,37.791169,20.304582
EVT0005,EVT0005-FC02,24.0,5,2026-01-15T14:12:40Z,37.722865,20.115005
EVT0005,EVT0005-FC02,24.0,5,2026-01-15T14:12:40Z,37.838695,19.937558
EVT0005,EVT0005-FC02,24.0,5,2026-01-15T14:12:40Z,37.672537,20.206709
EVT0005,EVT0005-FC02,24.0,5,2026-01-15T14:12:40Z,38.128566,19.425407
EVT0005,EVT0005-FC02,24.0,5,2026-01-15T14:12:40Z,38.243413,19.58226
EVT0005,EVT0005-FC02,24.0,5,2026-01-15T14:12:40Z,37.606281,19.761572
EVT0005,EVT0005-FC02,24.0,5,2026-01-15T14:12:40Z,38.123204,20.243342
EVT0005,EVT0005-FC02,24.0,5,2026-01-15T14:12:40Z,37.590027,19.942273
EVT0005,EVT0005-FC02,24.0,5,2026-01-15T14:12:40Z,38.3575,19.696836
EVT0005,EVT0005-FC02,24.0,5,2026-01-15T14:12:40Z,37.870275,20.130566
EVT0005,EVT0005-FC02,24.0,5,2026-01-15T14:12:40Z,38.059425,19.410147
EVT0005,EVT0005-FC02,24.0,5,2026-01-15T14:12:40Z,37.641041,19.920102
EVT0005,EVT0005-FC02,24.0,5,2026-01-15T14:12:40Z,38.08488,19.492258
EVT0005,EVT0005-FC02,24.0,5,2026-01-15T14:12:40Z,38.321259,20.053108
EVT0005,EVT0005-FC02,24.0,5,2026-01-15T14:12:40Z,38.33637,19.399276
EVT0005,EVT0005-FC02,24.0,5,2026-01-15T14:12:40Z,37.786154,19.198559
EVT0005,EVT0005-FC02,24.0,5,2026-01-15T14:12:40Z,37.808806,20.105286
EVT0005,EVT0005-FC02,24.0,5,2026-01-15T14:12:40Z,37.787581,19.838002
EVT0005,EVT0005-FC02,24.0,5,2026-01-15T14:12:40Z,38.035852,19.59884
EVT0005,EVT0005-FC02,24.0,5,2026-01-15T14:12:40Z,37.692689,19.593559
EVT0005,EVT0005-FC02,24.0,5,2026-01-15T14:12:40Z,38.146897,19.751734
EVT0005,EVT0005-FC02,24.0,5,2026-01-15T14:12:40Z,37.607814,20.270577
EVT0005,EVT0005-FC02,24.0,5,2026-01-15T14:12:40Z,37.811971,19.857015
EVT0005,EVT0005-FC02,24.0,5,2026-01-15T14:12:40Z,37.685145,20.257797
EVT0005,EVT0005-FC02,24.0,5,2026-01-15T14:12:40Z,37.534953,20.967079
EVT0005,EVT0005-FC02,24.0,5,2026-01-15T14:12:40Z,37.624743,19.818991
EVT0005,EVT0005-FC02,24.0,5,2026-01-15T14:12:40Z,38.251918,19.839083
EVT0005,EVT0005-FC02,24.0,5,2026-01-15T14:12:40Z,37.66932,19.318185
EVT0005,EVT0005-FC02,24.0,5,2026-01-15T14:12:40Z,37.785379,20.139206
EVT0005,EVT0005-FC02,24.0,5,2026-01-15T14:12:40Z,38.061605,19.552358
EVT0005,EVT0005-FC02,24.0,5,2026-01-15T14:12:40Z,37.820481,20.063415
EVT0005,EVT0005-FC02,24.0,5,2026-01-15T14:12:40Z,37.859932,19.33939
EVT0005,EVT0005-FC02,24.0,5,2026-01-15T14:12:40Z,37.830741,20.179112
EVT0005,EVT0005-FC02,24.0,5,2026-01-15T14:12:40Z,37.71778,20.096651
EVT0005,EVT0005-FC02,24.0,5,2026-01-15T14:12:40Z,37.68022,19.757447
EVT0005,EVT0005-FC02,24.0,5,2026-01-15T14:12:40Z,37.366531,19.460437
EVT0005,EVT0005-FC02,24.0,5,2026-01-15T14:12:40Z,37.845843,19.881507
EVT0005,EVT0005-FC02,24.0,5,2026-01-15T14:12:40Z,37.739021,19.956523
EVT0005,EVT0005-FC02,24.0,5,2026-01-15T14:12:40Z,37.88977,20.065838
EVT0005,EVT0005-FC02,24.0,5,2026-01-15T14:12:40Z,37.925203,20.170813
EVT0005,EVT0005-FC02,48.0,5,2026-01-16T14:12:40Z,38.31922,19.794934
EVT0005,EVT0005-FC02,48.0,5,2026-01-16T14:12:40Z,38.270041,19.946619
EVT0005,EVT0005-FC02,48.0,5,2026-01-16T14:12:40Z,37.903024,19.64118
EVT0005,EVT0005-FC02,48.0,5,2026-01-16T14:12:40Z,38.026067,19.702515
EVT0005,EVT0005-FC02,48.0,5,2026-01-16T14:12:40Z,38.170993,19.990069
EVT0005,EVT0005-FC02,48.0,5,2026-01-16T14:12:40Z,38.411561,19.413292
EVT0005,EVT0005-FC02,48.0,5,2026-01-16T14:12:40Z,38.236807,19.377957
EVT0005,EVT0005-FC02,48.0,5,2026-01-16T14:12:40Z,38.294695,20.231252
EVT0005,EVT0005-FC02,48.0,5,2026-01-16T14:12:40Z,37.989077,19.846514
EVT0005,EVT0005-FC02,48.0,5,2026-01-16T14:12:40Z,37.906013,19.681049
EVT0005,EVT0005-FC02,48.0,5,2026-01-16T14:12:40Z,37.295589,19.399896
EVT0005,EVT0005-FC02,48.0,5,2026-01-16T14:12:40Z,37.564758,19.388239
EVT0005,EVT0005-FC02,48.0,5,2026-01-16T14:12:40Z,38.370072,20.654347
EVT0005,EVT0005-FC02,48.0,5,2026-01-16T14:12:40Z,37.954211,19.640067
EVT0005,EVT0005-FC02,48.0,5,2026-01-16T14:12:40Z,38.159537,20.035343
EVT0005,EVT0005-FC02,48.0,5,2026-01-16T14:12:40Z,38.120378,20.41728
EVT0005,EVT0005-FC02,48.0,5,2026-01-16T14:12:40Z,38.006789,19.23121
EVT0005,EVT0005-FC02,48.0,5,2026-01-16T14:12:40Z,38.18488,20.851371
EVT0005,EVT0005-FC02,48.0,5,2026-01-16T14:12:40Z,38.147386,20.134611
EVT0005,EVT0005-FC02,48.0,5,2026-01-16T14:12:40Z,37.957068,19.221455
EVT0005,EVT0005-FC02,48.0,5,2026-01-16T14:12:40Z,37.803819,20.975126
EVT0005,EVT0005-FC02,48.0,5,2026-01-16T14:12:40Z,37.712759,19.053617
EVT0005,EVT0005-FC02,48.0,5,2026-01-16T14:12:40Z,38.12719,20.620257
EVT0005,EVT0005-FC02,48.0,5,2026-01-16T14:12:40Z,38.38943,19.952242
EVT0005,EVT0005-FC02,48.0,5,2026-01-16T14:12:40Z,38.385248,19.51718
EVT0005,EVT0005-FC02,48.0,5,2026-01-16T14:12:40Z,37.820983,18.597362
EVT0005,EVT0005-FC02,48.0,5,2026-01-16T14:12:40Z,38.669985,19.85123
EVT0005,EVT0005-FC02,48.0,5,2026-01-16T14:12:40Z,37.854985,20.806502
EVT0005,EVT0005-FC02,48.0,5,2026-01-16T14:12:40Z,37.219601,19.050432
EVT0005,EVT0005-FC02,48.0,5,2026-01-16T14:12:40Z,38.032726,20.047038
EVT0005,EVT0005-FC02,48.0,5,2026-01-16T14:12:40Z,38.276689,19.913005
EVT0005,EVT0005-FC02,48.0,5,2026-01-16T14:12:40Z,37.816804,19.742817
EVT0005,EVT0005-FC02,48.0,5,2026-01-16T14:12:40Z,38.387865,19.29724
EVT0005,EVT0005-FC02,48.0,5,2026-01-16T14:12:40Z,38.099453,19.793266
EVT0005,EVT0005-FC02,48.0,5,2026-01-16T14:12:40Z,38.18123,20.220836
EVT0005,EVT0005-FC02,48.0,5,2026-01-16T14:12:40Z,38.59313,19.809899
EVT0005,EVT0005-FC02,48.0,5,2026-01-16T14:12:40Z,37.941267,19.811982
EVT0005,EVT0005-FC02,48.0,5,2026-01-16T14:12:40Z,37.999542,19.199449
EVT0005,EVT0005-FC02,48.0,5,2026-01-16T14:12:40Z,38.455071,19.125236
EVT0005,EVT0005-FC02,48.0,5,2026-01-16T14:12:40Z,38.144549,20.123703
EVT0005,EVT0005-FC02,72.0,5,2026-01-17T14:12:40Z,38.639921,19.726802
EVT0005,EVT0005-FC02,72.0,5,2026-01-17T14:12:40Z,38.073047,19.88278
EVT0005,EVT0005-FC02,72.0,5,2026-01-17T14:12:40Z,38.332224,19.071214
EVT0005,EVT0005-FC02,72.0,5,2026-01-17T14:12:40Z,37.921369,19.801749
EVT0005,EVT0005-FC02,72.0,5,2026-01-17T14:12:40Z,39.198042,20.711357
EVT0005,EVT0005-FC02,72.0,5,2026-01-17T14:12:40Z,38.349824,20.527089
EVT0005,EVT0005-FC02,72.0,5,2026-01-17T14:12:40Z,38.724154,19.155187
EVT0005,EVT0005-FC02,72.0,5,2026-01-17T14:12:40Z,38.022432,20.009899
EVT0005,EVT0005-FC02,72.0,5,2026-01-17T14:12:40Z,38.552535,20.452965
EVT0005,EVT0005-FC02,72.0,5,2026-01-17T14:12:40Z,38.629957,19.786142
EVT0005,EVT0005-FC02,72.0,5,2026-01-17T14:12:40Z,38.578168,20.394597
EVT0005,EVT0005-FC02,72.0,5,2026-01-17T14:12:40Z,37.68637,19.345824
EVT0005,EVT0005-FC02,72.0,5,2026-01-17T14:12:40Z,37.973752,20.186203
EVT0005,EVT0005-FC02,72.0,5,2026-01-17T14:12:40Z,38.028867,19.139003
EVT0005,EVT0005-FC02,72.0,5,2026-01-17T14:12:40Z,38.976953,20.180102
EVT0005,EVT0005-FC02,72.0,5,2026-01-17T14:12:40Z,38.394579,20.582466
EVT0005,EVT0005-FC02,72.0,5,2026-01-17T14:12:40Z,38.439961,18.964659
EVT0005,EVT0005-FC02,72.0,5,2026-01-17T14:12:40Z,38.537246,19.241732
EVT0005,EVT0005-FC02,72.0,5,2026-01-17T14:12:40Z,38.010182,20.000528
EVT0005,EVT0005-FC02,72.0,5,2026-01-17T14:12:40Z,37.315382,20.073939
EVT0005,EVT0005-FC02,72.0,5,2026-01-17T14:12:40Z,38.568898,19.365597
EVT0005,EVT0005-FC02,72.0,5,2026-01-17T14:12:40Z,38.419254,19.409097
EVT0005,EVT0005-FC02,72.0,5,2026-01-17T14:12:40Z,38.167832,20.27387
EVT0005,EVT0005-FC02,72.0,5,2026-01-17T14:12:40Z,38.189693,20.150875
EVT0005,EVT0005-FC02,72.0,5,2026-01-17T14:12:40Z,37.746136,19.471389
EVT0005,EVT0005-FC02,72.0,5,2026-01-17T14:12:40Z,38.626071,19.843387
EVT0005,EVT0005-FC02,72.0,5,2026-01-17T14:12:40Z,38.048002,19.735291
EVT0005,EVT0005-FC02,72.0,5,2026-01-17T14:12:40Z,38.671798,20.72838
EVT0005,EVT0005-FC02,72.0,5,2026-01-17T14:12:40Z,38.032969,20.29326
EVT0005,EVT0005-FC02,72.0,5,2026-01-17T14:12:40Z,37.731372,19.318871
EVT0005,EVT0005-FC02,72.0,5,2026-01-17T14:12:40Z,37.964395,19.647644
EVT0005,EVT0005-FC02,72.0,5,2026-01-17T14:12:40Z,37.547079,19.7212
EVT0005,EVT0005-FC02,72.0,5,2026-01-17T14:12:40Z,38.220867,20.120073
EVT0005,EVT0005-FC02,72.0,5,2026-01-17T14:12:40Z,38.669415,19.926088
EVT0005,EVT0005-FC02,72.0,5,2026-01-17T14:12:40Z,37.379847,19.159372
EVT0005,EVT0005-FC02,72.0,5,2026-01-17T14:12:40Z,37.983749,19.985123
EVT0005,EVT0005-FC02,72.0,5,2026-01-17T14:12:40Z,38.638301,19.096012
EVT0005,EVT0005-FC02,72.0,5,2026-01-17T14:12:40Z,38.238128,19.958223
EVT0005,EVT0005-FC02,72.0,5,2026-01-17T14:12:40Z,38.044824,19.954904
EVT0005,EVT0005-FC02,72.0,5,2026-01-17T14:12:40Z,38.197677,20.204278
EVT0005,EVT0005-FC02,12.0,6,2026-01-15T02:12:40Z,37.733032,19.446139
EVT0005,EVT0005-FC02,12.0,6,2026-01-15T02:12:40Z,37.867698,19.887584
EVT0005,EVT0005-FC02,12.0,6,2026-01-15T02:12:40Z,37.709437,19.864151
EVT0005,EVT0005-FC02,12.0,6,2026-01-15T02:12:40Z,37.939034,20.121119
EVT0005,EVT0005-FC02,12.0,6,2026-01-15T02:12:40Z,37.728881,20.01635
EVT0005,EVT0005-FC02,12.0,6,2026-01-15T02:12:40Z,37.668064,19.889016
EVT0005,EVT0005-FC02,12.0,6,2026-01-15T02:12:40Z,38.119981,20.227392
EVT0005,EVT0005-FC02,12.0,6,2026-01-15T02:12:40Z,37.75265,19.84789
EVT0005,EVT0005-FC02,12.0,6,2026-01-15T02:12:40Z,37.805055,19.849945
EVT0005,EVT0005-FC02,12.0,6,2026-01-15T02:12:40Z,37.624977,19.601127
EVT0005,EVT0005-FC02,12.0,6,2026-01-15T02:12:40Z,38.189172,20.105536
EVT0005,EVT0005-FC02,12.0,6,2026-01-15T02:12:40Z,37.280588,20.079368
EVT0005,EVT0005-FC02,12.0,6,2026-01-15T02:12:40Z,37.924963,20.027831
EVT0005,EVT0005-FC02,12.0,6,2026-01-15T02:12:40Z,37.335977,19.767886
EVT0005,EVT0005-FC02,12.0,6,2026-01-15T02:12:40Z,37.496276,19.802284
EVT0005,EVT0005-FC02,12.0,6,2026-01-15T02:12:40Z,37.846724,19.978946
EVT0005,EVT0005-FC02,12.0,6,2026-01-15T02:12:40Z,38.057061,19.759007
EVT0005,EVT0005-FC02,12.0,6,2026-01-15T02:12:40Z,37.885227,19.70305
EVT0005,EVT0005-FC02,12.0,6,2026-01-15T02:12:40Z,37.644118,19.761344
EVT0005,EVT0005-FC02,12.0,6,2026-01-15T02:12:40Z,37.746857,20.072327
EVT0005,EVT0005-FC02,12.0,6,2026-01-15T02:12:40Z,37.712539,20.058183
EVT0005,EVT0005-FC02,12.0,6,2026-01-15T02:12:40Z,37.649528,20.111548
EVT0005,EVT0005-FC02,12.0,6,2026-01-15T02:12:40Z,37.530338,19.806255
EVT0005,EVT0005-FC02,12.0,6,2026-01-15T02:12:40Z,37.765778,19.769514
EVT0005,EVT0005-FC02,12.0,6,2026-01-15T02:12:40Z,37.389678,19.9758
EVT0005,EVT0005-FC02,12.0,6,2026-01-15T02:12:40Z,37.997608,20.000771
EVT0005,EVT0005-FC02,12.0,6,2026-01-15T02:12:40Z,37.461017,19.975778
EVT0005,EVT0005-FC02,12.0,6,2026-01-15T02:12:40Z,37.64498,19.949708
EVT0005,EVT0005-FC02,12.0,6,2026-01-15T02:12:40Z,38.046421,19.409778
EVT0005,EVT0005-FC02,12.0,6,2026-01-15T02:12:40Z,37.701909,19.838151
EVT0005,EVT0005-FC02,12.0,6,2026-01-15T02:12:40Z,37.916768,20.494756
EVT0005,EVT0005-FC02,12.0,6,2026-01-15T02:12:40Z,37.640695,19.985112
EVT0005,EVT0005-FC02,12.0,6,2026-01-15T02:12:40Z,37.96863,20.320966
EVT0005,EVT0005-FC02,12.0,6,2026-01-15T02:12:40Z,37.581468,19.709212
EVT0005,EVT0005-FC02,12.0,6,2026-01-15T02:12:40Z,37.687869,19.773076
EVT0005,EVT0005-FC02,12.0,6,2026-01-15T02:12:40Z,37.733129,19.522112
EVT0005,EVT0005-FC02,12.0,6,2026-01-15T02:12:40Z,37.83669,20.055084
EVT0005,EVT0005-FC02,12.0,6,2026-01-15T02:12:40Z,37.377467,19.900579
EVT0005,EVT0005-FC02,12.0,6,2026-01-15T02:12:40Z,37.81802,20.363006
EVT0005,EVT0005-FC02,12.0,6,2026-01-15T02:12:40Z,37.992271,19.913977
EVT0005,EVT0005-FC02,24.0,6,2026-01-15T14:12:40Z,38.133851,19.387049
EVT0005,EVT0005-FC02,24.0,6,2026-01-15T14:12:40Z,37.794615,19.892522
EVT0005,EVT0005-FC02,24.0,6,2026-01-15T14:12:40Z,37.752203,19.952094
EVT0005,EVT0005-FC02,24.0,6,2026-01-15T14:12:40Z,37.599762,19.81714
EVT0005,EVT0005-FC02,24.0,6,2026-01-15T14:12:40Z,37.663479,20.140224
EVT0005,EVT0005-FC02,24.0,6,2026-01-15T14:12:40Z,38.203009,20.492343
EVT0005,EVT0005-FC02,24.0,6,2026-01-15T14:12:40Z,37.546075,19.986798
EVT0005,EVT0005-FC02,24.0,6,2026-01-15T14:12:40Z,37.978179,19.03918
EVT0005,EVT0005-FC02,24.0,6,2026-01-15T14:12:40Z,37.758467,20.086578
EVT0005,EVT0005-FC02,24.0,6,2026-01-15T14:12:40Z,37.670907,20.161667
EVT0005,EVT0005-FC02,24.0,6,2026-01-15T14:12:40Z,37.504711,19.582866
EVT0005,EVT0005-FC02,24.0,6,2026-01-15T14:12:40Z,37.632526,19.560023
EVT0005,EVT0005-FC02,24.0,6,2026-01-15T14:12:40Z,37.433871,20.011527
EVT0005,EVT0005-FC02,24.0,6,2026-01-15T14:12:40Z,37.974327,19.057152
EVT0005,EVT0005-FC02,24.0,6,2026-01-15T14:12:40Z,38.313848,19.518349
EVT0005,EVT0005-FC02,24.0,6,2026-01-15T14:12:40Z,37.994198,19.437877
EVT0005,EVT0005-FC02,24.0,6,2026-01-15T14:12:40Z,37.676148,20.287587
EVT0005,EVT0005-FC02,24.0,6,2026-01-15T14:12:40Z,38.058119,19.252408
EVT0005,EVT0005-FC02,24.0,6,2026-01-15T14:12:40Z,37.609927,19.834224
EVT0005,EVT0005-FC02,24.0,6,2026-01-15T14:12:40Z,37.606507,19.447924
EVT0005,EVT0005-FC02,24.0,6,2026-01-15T14:12:40Z,37.845281,19.344349
EVT0005,EVT0005-FC02,24.0,6,2026-01-15T14:12:40Z,37.941701,19.863993
EVT0005,EVT0005-FC02,24.0,6,2026-01-15T14:12:40Z,37.560526,19.494454
EVT0005,EVT0005-FC02,24.0,6,2026-01-15T14:12:40Z,37.649415,19.988252
EVT0005,EVT0005-FC02,24.0,6,2026-01-15T14:12:40Z,38.02588,19.813239
EVT0005,EVT0005-FC02,24.0,6,2026-01-15T14:12:40Z,37.731622,19.514715
EVT0005,EVT0005-FC02,24.0,6,2026-01-15T14:12:40Z,38.067272,19.321062
EVT0005,EVT0005-FC02,24.0,6,2026-01-15T14:12:40Z,37.713016,19.591792
EVT0005,EVT0005-FC02,24.0,6,2026-01-15T14:12:40Z,37.818201,20.130615
EVT0005,EVT0005-FC02,24.0,6,2026-01-15T14:12:40Z,38.243196,19.766062
EVT0005,EVT0005-FC02,24.0,6,2026-01-15T14:12:40Z,37.809961,20.017213
EVT0005,EVT0005-FC02,24.0,6,2026-01-15T14:12:40Z,38.048115,19.63982
EVT0005,EVT0005-FC02,24.0,6,2026-01-15T14:12:40Z,37.917812,20.435213
EVT0005,EVT0005-FC02,24.0,6,2026-01-15T14:12:40Z,37.860947,20.241133
EVT0005,EVT0005-FC02,24.0,6,2026-01-15T14:12:40Z,38.210915,19.530819
EVT0005,EVT0005-FC02,24.0,6,2026-01-15T14:12:40Z,37.514802,19.866942
EVT0005,EVT0005-FC02,24.0,6,2026-01-15T14:12:40Z,37.487316,20.254683
EVT0005,EVT0005-FC02,24.0,6,2026-01-15T14:12:40Z,37.62305,19.843749
EVT0005,EVT0005-FC02,24.0,6,2026-01-15T14:12:40Z,37.825949,19.987085
EVT0005,EVT0005-FC02,24.0,6,2026-01-15T14:12:40Z,37.795909,19.942215
EVT0005,EVT0005-FC02,48.0,6,2026-01-16T14:12:40Z,38.266701,20.877433
EVT0005,EVT0005-FC02,48.0,6,2026-01-16T14:12:40Z,37.749079,19.560758
EVT0005,EVT0005-FC02,48.0,6,2026-01-16T14:12:40Z,38.074486,20.055074
EVT0005,EVT0005-FC02,48.0,6,2026-01-16T14:12:40Z,38.169178,20.531485
EVT0005,EVT0005-FC02,48.0,6,2026-01-16T14:12:40Z,38.10331,20.03525
EVT0005,EVT0005-FC02,48.0,6,2026-01-16T14:12:40Z,37.841094,19.625236
EVT0005,EVT0005-FC02,48.0,6,2026-01-16T14:12:40Z,37.860903,19.77415
EVT0005,EVT0005-FC02,48.0,6,2026-01-16T14:12:40Z,37.42315,20.49048
EVT0005,EVT0005-FC02,48.0,6,2026-01-16T14:12:40Z,38.079186,20.149494
EVT0005,EVT0005-FC02,48.0,6,2026-01-16T14:12:40Z,38.014076,19.77551
EVT0005,EVT0005-FC02,48.0,6,2026-01-16T14:12:40Z,37.758,19.567319
EVT0005,EVT0005-FC02,48.0,6,2026-01-16T14:12:40Z,37.951144,19.902571
EVT0005,EVT0005-FC02,48.0,6,2026-01-16T14:12:40Z,38.274857,19.981751
EVT0005,EVT0005-FC02,48.0,6,2026-01-16T14:12:40Z,38.227691,19.225654
EVT0005,EVT0005-FC02,48.0,6,2026-01-16T14:12:40Z,38.318503,19.342988
EVT0005,EVT0005-FC02,48.0,6,2026-01-16T14:12:40Z,37.549317,20.117316
EVT0005,EVT0005-FC02,48.0,6,2026-01-16T14:12:40Z,38.840795,19.56934
EVT0005,EVT0005-FC02,48.0,6,2026-01-16T14:12:40Z,38.6907,20.015231
EVT0005,EVT0005-FC02,48.0,6,2026-01-16T14:12:40Z,37.973103,20.014299
EVT0005,EVT0005-FC02,48.0,6,2026-01-16T14:12:40Z,37.927933,20.057976
EVT0005,EVT0005-FC02,48.0,6,2026-01-16T14:12:40Z,37.981156,19.68395
EVT0005,EVT0005-FC02,48.0,6,2026-01-16T14:12:40Z,38.411381,19.873469
EVT0005,EVT0005-FC02,48.0,6,2026-01-16T14:12:40Z,37.808385,19.20508
EVT0005,EVT0005-FC02,48.0,6,2026-01-16T14:12:40Z,38.299019,20.156624
EVT0005,EVT0005-FC02,48.0,6,2026-01-16T14:12:40Z,37.231881,20.041671
EVT0005,EVT0005-FC02,48.0,6,2026-01-16T14:12:40Z,37.717551,18.520055
EVT0005,EVT0005-FC02,48.0,6,2026-01-16T14:12:40Z,38.542013,20.050817
EVT0005,EVT0005-FC02,48.0,6,2026-01-16T14:12:40Z,38.278413,20.241304
EVT0005,EVT0005-FC02,48.0,6,2026-01-16T14:12:40Z,38.176835,20.142882
EVT0005,EVT0005-FC02,48.0,6,2026-01-16T14:12:40Z,38.236488,19.28329
EVT0005,EVT0005-FC02,48.0,6,2026-01-16T14:12:40Z,38.151513,20.018635
EVT0005,EVT0005-FC02,48.0,6,2026-01-16T14:12:40Z,37.78982,19.092472
EVT0005,EVT0005-FC02,48.0,6,2026-01-16T14:12:40Z,37.942763,19.850381
EVT0005,EVT0005-FC02,48.0,6,2026-01-16T14:12:40Z,37.876031,20.286509
EVT0005,EVT0005-FC02,48.0,6,2026-01-16T14:12:40Z,38.293647,20.058136
EVT0005,EVT0005-FC02,48.0,6,2026-01-16T14:12:40Z,37.569698,19.605539
EVT0005,EVT0005-FC02,48.0,6,2026-01-16T14:12:40Z,37.58431,19.532308
EVT0005,EVT0005-FC02,48.0,6,2026-01-16T14:12:40Z,37.991492,18.564721
EVT0005,EVT0005-FC02,48.0,6,2026-01-16T14:12:40Z,38.277498,20.029304
EVT0005,EVT0005-FC02,48.0,6,2026-01-16T14:12:40Z,38.298963,19.995696
EVT0005,EVT0005-FC02,72.0,6,2026-01-17T14:12:40Z,38.014754,19.692965
EVT0005,EVT0005-FC02,72.0,6,2026-01-17T14:12:40Z,37.677241,19.160124
EVT0005,EVT0005-FC02,72.0,6,2026-01-17T14:12:40Z,37.974237,19.675366
EVT0005,EVT0005-FC02,72.0,6,2026-01-17T14:12:40Z,38.359313,20.117701
EVT0005,EVT0005-FC02,72.0,6,2026-01-17T14:12:40Z,38.216543,18.938463
EVT0005,EVT0005-FC02,72.0,6,2026-01-17T14:12:40Z,38.17521,19.257561
EVT0005,EVT0005-FC02,72.0,6,2026-01-17T14:12:40Z,37.980109,19.581164
EVT0005,EVT0005-FC02,72.0,6,2026-01-17T14:12:40Z,38.387748,19.404444
EVT0005,EVT0005-FC02,72.0,6,2026-01-17T14:12:40Z,37.773586,19.326333
EVT0005,EVT0005-FC02,72.0,6,2026-01-17T14:12:40Z,38.611339,19.622424
EVT0005,EVT0005-FC02,72.0,6,2026-01-17T14:12:40Z,38.187895,20.152811
EVT0005,EVT0005-FC02,72.0,6,2026-01-17T14:12:40Z,38.298848,19.557184
EVT0005,EVT0005-FC02,72.0,6,2026-01-17T14:12:40Z,37.139525,19.86171
EVT0005,EVT0005-FC02,72.0,6,2026-01-17T14:12:40Z,38.606941,19.621391
EVT0005,EVT0005-FC02,72.0,6,2026-01-17T14:12:40Z,37.311648,18.693892
EVT0005,EVT0005-FC02,72.0,6,2026-01-17T14:12:40Z,38.643644,19.976558
EVT0005,EVT0005-FC02,72.0,6,2026-01-17T14:12:40Z,37.947296,19.579574
EVT0005,EVT0005-FC02,72.0,6,2026-01-17T14:12:40Z,39.056194,19.792976
EVT0005,EVT0005-FC02,72.0,6,2026-01-17T14:12:40Z,38.321081,20.322759
EVT0005,EVT0005-FC02,72.0,6,2026-01-17T14:12:40Z,38.203472,20.208912
EVT0005,EVT0005-FC02,72.0,6,2026-01-17T14:12:40Z,37.752248,19.46403
EVT0005,EVT0005-FC02,72.0,6,2026-01-17T14:12:40Z,37.901782,19.775945
EVT0005,EVT0005-FC02,72.0,6,2026-01-17T14:12:40Z,38.075416,18.648979
EVT0005,EVT0005-FC02,72.0,6,2026-01-17T14:12:40Z,38.603073,19.361052
EVT0005,EVT0005-FC02,72.0,6,2026-01-17T14:12:40Z,38.003282,21.139849
EVT0005,EVT0005-FC02,72.0,6,2026-01-17T14:12:40Z,38.511705,19.193132
EVT0005,EVT0005-FC02,72.0,6,2026-01-17T14:12:40Z,37.951609,19.512882
EVT0005,EVT0005-FC02,72.0,6,2026-01-17T14:12:40Z,37.694341,19.573921
EVT0005,EVT0005-FC02,72.0,6,2026-01-17T14:12:40Z,37.775396,18.170961
EVT0005,EVT0005-FC02,72.0,6,2026-01-17T14:12:40Z,38.375327,19.237409
EVT0005,EVT0005-FC02,72.0,6,2026-01-17T14:12:40Z,38.387359,19.064963
EVT0005,EVT0005-FC02,72.0,6,2026-01-17T14:12:40Z,38.038053,19.956781
EVT0005,EVT0005-FC02,72.0,6,2026-01-17T14:12:40Z,37.709333,19.267903
EVT0005,EVT0005-FC02,72.0,6,2026-01-17T14:12:40Z,38.049383,19.34103
EVT0005,EVT0005-FC02,72.0,6,2026-01-17T14:12:40Z,37.865567,19.586148
EVT0005,EVT0005-FC02,72.0,6,2026-01-17T14:12:40Z,39.431544,20.743083
EVT0005,EVT0005-FC02,72.0,6,2026-01-17T14:12:40Z,38.001959,19.815777
EVT0005,EVT0005-FC02,72.0,6,2026-01-17T14:12:40Z,37.892125,19.539983
EVT0005,EVT0005-FC02,72.0,6,2026-01-17T14:12:40Z,38.458757,19.200173
EVT0005,EVT0005-FC02,72.0,6,2026-01-17T14:12:40Z,38.210681,20.243782
EVT0005,EVT0005-FC02,12.0,7,2026-01-15T02:12:40Z,37.850104,20.14229
EVT0005,EVT0005-FC02,12.0,7,2026-01-15T02:12:40Z,37.751601,20.042109
EVT0005,EVT0005-FC02,12.0,7,2026-01-15T02:12:40Z,37.592117,20.267491
EVT0005,EVT0005-FC02,12.0,7,2026-01-15T02:12:40Z,37.762104,19.797416
EVT0005,EVT0005-FC02,12.0,7,2026-01-15T02:12:40Z,37.829099,19.533464
EVT0005,EVT0005-FC02,12.0,7,2026-01-15T02:12:40Z,37.842477,20.113371
EVT0005,EVT0005-FC02,12.0,7,2026-01-15T02:12:40Z,37.782218,19.879331
EVT0005,EVT0005-FC02,12.0,7,2026-01-15T02:12:40Z,37.750812,20.220154
EVT0005,EVT0005-FC02,12.0,7,2026-01-15T02:12:40Z,37.814983,19.977953
EVT0005,EVT0005-FC02,12.0,7,2026-01-15T02:12:40Z,37.839548,20.258533
EVT0005,EVT0005-FC02,12.0,7,2026-01-15T02:12:40Z,37.959636,20.236103
EVT0005,EVT0005-FC02,12.0,7,2026-01-15T02:12:40Z,37.822073,20.013226
EVT0005,EVT0005-FC02,12.0,7,2026-01-15T02:12:40Z,37.554592,20.202948
EVT0005,EVT0005-FC02,12.0,7,2026-01-15T02:12:40Z,38.009369,19.749545
EVT0005,EVT0005-FC02,12.0,7,2026-01-15T02:12:40Z,37.760337,20.250536
EVT0005,EVT0005-FC02,12.0,7,2026-01-15T02:12:40Z,37.723382,19.935619
EVT0005,EVT0005-FC02,12.0,7,2026-01-15T02:12:40Z,37.942203,19.870489
EVT0005,EVT0005-FC02,12.0,7,2026-01-15T02:12:40Z,37.573804,19.967097
EVT0005,EVT0005-FC02,12.0,7,2026-01-15T02:12:40Z,37.855951,19.852892
EVT0005,EVT0005-FC02,12.0,7,2026-01-15T02:12:40Z,37.860358,19.916647
EVT0005,EVT0005-FC02,12.0,7,2026-01-15T02:12:40Z,37.733197,19.950994
EVT0005,EVT0005-FC02,12.0,7,2026-01-15T02:12:40Z,37.746359,20.060985
EVT0005,EVT0005-FC02,12.0,7,2026-01-15T02:12:40Z,37.959494,19.75886
EVT0005,EVT0005-FC02,12.0,7,2026-01-15T02:12:40Z,37.576496,19.731172
EVT0005,EVT0005-FC02,12.0,7,2026-01-15T02:12:40Z,37.871153,19.89225
EVT0005,EVT0005-FC02,12.0,7,2026-01-15T02:12:40Z,37.573747,19.757222
EVT0005,EVT0005-FC02,12.0,7,2026-01-15T02:12:40Z,37.671392,20.173985
EVT0005,EVT0005-FC02,12.0,7,2026-01-15T02:12:40Z,38.039353,20.010539
EVT0005,EVT0005-FC02,12.0,7,2026-01-15T02:12:40Z,37.624146,20.473822
EVT0005,EVT0005-FC02,12.0,7,2026-01-15T02:12:40Z,37.560708,19.585595
EVT0005,EVT0005-FC02,12.0,7,2026-01-15T02:12:40Z,37.622864,20.255112
EVT0005,EVT0005-FC02,12.0,7,2026-01-15T02:12:40Z,37.829737,20.227574
EVT0005,EVT0005-FC02,12.0,7,2026-01-15T02:12:40Z,37.870895,20.260875
EVT0005,EVT0005-FC02,12.0,7,2026-01-15T02:12:40Z,37.986884,19.673025
EVT0005,EVT0005-FC02,12.0,7,2026-01-15T02:12:40Z,37.703947,19.703804
EVT0005,EVT0005-FC02,12.0,7,2026-01-15T02:12:40Z,37.566686,19.867193
EVT0005,EVT0005-FC02,12.0,7,2026-01-15T02:12:40Z,37.737794,19.906507
EVT0005,EVT0005-FC02,12.0,7,2026-01-15T02:12:40Z,37.743178,20.022554
EVT0005,EVT0005-FC02,12.0,7,2026-01-15T02:12:40Z,37.750485,19.778185
EVT0005,EVT0005-FC02,12.0,7,2026-01-15T02:12:40Z,37.908199,19.762298
EVT0005,EVT0005-FC02,24.0,7,2026-01-15T14:12:40Z,37.765123,19.805727
EVT0005,EVT0005-FC02,24.0,7,2026-01-15T14:12:40Z,38.23531,19.835031
EVT0005,EVT0005-FC02,24.0,7,2026-01-15T14:12:40Z,37.630898,19.826093
EVT0005,EVT0005-FC02,24.0,7,2026-01-15T14:12:40Z,38.190915,19.537003
EVT0005,EVT0005-FC02,24.0,7,2026-01-15T14:12:40Z,37.933959,19.427256
EVT0005,EVT0005-FC02,24.0,7,2026-01-15T14:12:40Z,37.887335,20.493619
EVT0005,EVT0005-FC02,24.0,7,2026-01-15T14:12:40Z,37.319445,19.422889
EVT0005,EVT0005-FC02,24.0,7,2026-01-15T14:12:40Z,37.778894,19.080524
EVT0005,EVT0005-FC02,24.0,7,2026-01-15T14:12:40Z,37.956752,20.456746
EVT0005,EVT0005-FC02,24.0,7,2026-01-15T14:12:40Z,38.093411,19.069485
EVT0005,EVT0005-FC02,24.0,7,2026-01-15T14:12:40Z,37.496637,19.504815
EVT0005,EVT0005-FC02,24.0,7,2026-01-15T14:12:40Z,37.705096,20.057626
EVT0005,EVT0005-FC02,24.0,7,2026-01-15T14:12:40Z,38.010546,20.301185
EVT0005,EVT0005-FC02,24.0,7,2026-01-15T14:12:40Z,37.576496,19.599814
EVT0005,EVT0005-FC02,24.0,7,2026-01-15T14:12:40Z,37.850364,19.986838
EVT0005,EVT0005-FC02,24.0,7,2026-01-15T14:12:40Z,37.710361,19.484603
EVT0005,EVT0005-FC02,24.0,7,2026-01-15T14:12:40Z,37.929585,20.546819
EVT0005,EVT0005-FC02,24.0,7,2026-01-15T14:12:40Z,37.49894,20.110943
EVT0005,EVT0005-FC02,24.0,7,2026-01-15T14:12:40Z,37.785957,20.119916
EVT0005,EVT0005-FC02,24.0,7,2026-01-15T14:12:40Z,37.858677,19.668443
EVT0005,EVT0005-FC02,24.0,7,2026-01-15T14:12:40Z,37.756764,20.042996
EVT0005,EVT0005-FC02,24.0,7,2026-01-15T14:12:40Z,37.631769,20.010039
EVT0005,EVT0005-FC02,24.0,7,2026-01-15T14:12:40Z,38.165748,19.478372
EVT0005,EVT0005-FC02,24.0,7,2026-01-15T14:12:40Z,37.848511,19.743315
EVT0005,EVT0005-FC02,24.0,7,2026-01-15T14:12:40Z,37.777038,20.096765
EVT0005,EVT0005-FC02,24.0,7,2026-01-15T14:12:40Z,38.133361,19.634325
EVT0005,EVT0005-FC02,24.0,7,2026-01-15T14:12:40Z,38.091725,20.258655
EVT0005,EVT0005-FC02,24.0,7,2026-01-15T14:12:40Z,37.825607,19.960583
EVT0005,EVT0005-FC02,24.0,7,2026-01-15T14:12:40Z,37.8069,20.129511
EVT0005,EVT0005-FC02,24.0,7,2026-01-15T14:12:40Z,37.773345,19.775881
EVT0005,EVT0005-FC02,24.0,7,2026-01-15T14:12:40Z,37.872556,20.202513
EVT0005,EVT0005-FC02,24.0,7,2026-01-15T14:12:40Z,37.847023,20.154038
EVT0005,EVT0005-FC02,24.0,7,2026-01-15T14:12:40Z,38.018585,20.382059
EVT0005,EVT0005-FC02,24.0,7,2026-01-15T14:12:40Z,37.890147,19.916753
EVT0005,EVT0005-FC02,24.0,7,2026-01-15T14:12:40Z,38.132957,20.266251
EVT0005,EVT0005-FC02,24.0,7,2026-01-15T14:12:40Z,37.920272,19.606911
EVT0005,EVT0005-FC02,24.0,7,2026-01-15T14:12:40Z,37.95155,19.578399
EVT0005,EVT0005-FC02,24.0,7,2026-01-15T14:12:40Z,37.856967,20.21378
EVT0005,EVT0005-FC02,24.0,7,2026-01-15T14:12:40Z,37.921422,20.167937
EVT0005,EVT0005-FC02,24.0,7,2026-01-15T14:12:40Z,38.035666,19.573533
EVT0005,EVT0005-FC02,48.0,7,2026-01-16T14:12:40Z,38.545612,20.079369
EVT0005,EVT0005-FC02,48.0,7,2026-01-16T14:12:40Z,38.189644,19.188864
EVT0005,EVT0005-FC02,48.0,7,2026-01-16T14:12:40Z,38.340025,20.085726
EVT0005,EVT0005-FC02,48.0,7,2026-01-16T14:12:40Z,37.91295,19.834132
EVT0005,EVT0005-FC02,48.0,7,2026-01-16T14:12:40Z,38.047949,19.973826
EVT0005,EVT0005-FC02,48.0,7,2026-01-16T14:12:40Z,38.332329,20.031647
EVT0005,EVT0005-FC02,48.0,7,2026-01-16T14:12:40Z,37.791751,19.365701
EVT0005,EVT0005-FC02,48.0,7,2026-01-16T14:12:40Z,37.841521,19.601423
EVT0005,EVT0005-FC02,48.0,7,2026-01-16T14:12:40Z,38.365015,20.723844
EVT0005,EVT0005-FC02,48.0,7,2026-01-16T14:12:40Z,38.527746,20.586531
EVT0005,EVT0005-FC02,48.0,7,2026-01-16T14:12:40Z,37.864543,19.232063
EVT0005,EVT0005-FC02,48.0,7,2026-01-16T14:12:40Z,37.669005,19.249261
EVT0005,EVT0005-FC02,48.0,7,2026-01-16T14:12:40Z,37.42601,19.525641
EVT0005,EVT0005-FC02,48.0,7,2026-01-16T14:12:40Z,38.845793,19.482104
EVT0005,EVT0005-FC02,48.0,7,2026-01-16T14:12:40Z,38.191921,19.701458
EVT0005,EVT0005-FC02,48.0,7,2026-01-16T14:12:40Z,38.451406,20.27006
EVT0005,EVT0005-FC02,48.0,7,2026-01-16T14:12:40Z,37.593495,19.650207
EVT0005,EVT0005-FC02,48.0,7,2026-01-16T14:12:40Z,38.09971,20.112416
EVT0005,EVT0005-FC02,48.0,7,2026-01-16T14:12:40Z,38.768937,20.480441
EVT0005,EVT0005-FC02,48.0,7,2026-01-16T14:12:40Z,37.363174,19.981202
EVT0005,EVT0005-FC02,48.0,7,2026-01-16T14:12:40Z,38.321856,20.068914
EVT0005,EVT0005-FC02,48.0,7,2026-01-16T14:12:40Z,37.984021,18.882562
EVT0005,EVT0005-FC02,48.0,7,2026-01-16T14:12:40Z,38.062168,19.633078
EVT0005,EVT0005-FC02,48.0,7,2026-01-16T14:12:40Z,38.480328,19.817419
EVT0005,EVT0005-FC02,48.0,7,2026-01-16T14:12:40Z,38.192491,20.147005
EVT0005,EVT0005-FC02,48.0,7,2026-01-16T14:12:40Z,38.183522,19.84281
EVT0005,EVT0005-FC02,48.0,7,2026-01-16T14:12:40Z,37.984688,19.408249
EVT0005,EVT0005-FC02,48.0,7,2026-01-16T14:12:40Z,37.805384,20.031393
EVT0005,EVT0005-FC02,48.0,7,2026-01-16T14:12:40Z,37.806952,20.511661
EVT0005,EVT0005-FC02,48.0,7,2026-01-16T14:12:40Z,38.246927,20.312983
EVT0005,EVT0005-FC02,48.0,7,2026-01-16T14:12:40Z,37.740866,19.973705
EVT0005,EVT0005-FC02,48.0,7,2026-01-16T14:12:40Z,38.33465,20.07513
EVT0005,EVT0005-FC02,48.0,7,2026-01-16T14:12:40Z,38.290004,20.356661
EVT0005,EVT0005-FC02,48.0,7,2026-01-16T14:12:40Z,38.379629,19.205727
EVT0005,EVT0005-FC02,48.0,7,2026-01-16T14:12:40Z,38.620802,20.134543
EVT0005,EVT0005-FC02,48.0,7,2026-01-16T14:12:40Z,38.229633,20.013032
EVT0005,EVT0005-FC02,48.0,7,2026-01-16T14:12:40Z,37.783576,19.265998
EVT0005,EVT0005-FC02,48.0,7,2026-01-16T14:12:40Z,38.040511,19.862156
EVT0005,EVT0005-FC02,48.0,7,2026-01-16T14:12:40Z,37.693928,19.840268
EVT0005,EVT0005-FC02,48.0,7,2026-01-16T14:12:40Z,38.511405,20.084611
EVT0005,EVT0005-FC02,72.0,7,2026-01-17T14:12:40Z,38.717047,20.229806
EVT0005,EVT0005-FC02,72.0,7,2026-01-17T14:12:40Z,38.645861,19.521339
EVT0005,EVT0005-FC02,72.0,7,2026-01-17T14:12:40Z,38.1719,19.498568
EVT0005,EVT0005-FC02,72.0,7,2026-01-17T14:12:40Z,38.197131,20.268204
EVT0005,EVT0005-FC02,72.0,7,2026-01-17T14:12:40Z,38.808644,19.978744
EVT0005,EVT0005-FC02,72.0,7,2026-01-17T14:12:40Z,37.491485,19.302263
EVT0005,EVT0005-FC02,72.0,7,2026-01-17T14:12:40Z,38.178545,20.039306
EVT0005,EVT0005-FC02,72.0,7,2026-01-17T14:12:40Z,38.513701,19.335698
EVT0005,EVT0005-FC02,72.0,7,2026-01-17T14:12:40Z,38.1878,20.09163
EVT0005,EVT0005-FC02,72.0,7,2026-01-17T14:12:40Z,37.927835,19.489438
EVT0005,EVT0005-FC02,72.0,7,2026-01-17T14:12:40Z,38.707139,19.723564
EVT0005,EVT0005-FC02,72.0,7,2026-01-17T14:12:40Z,37.97344,20.035012
EVT0005,EVT0005-FC02,72.0,7,2026-01-17T14:12:40Z,38.640213,19.673696
EVT0005,EVT0005-FC02,72.0,7,2026-01-17T14:12:40Z,37.718725,19.316303
EVT0005,EVT0005-FC02,72.0,7,2026-01-17T14:12:40Z,38.358541,20.339847
EVT0005,EVT0005-FC02,72.0,7,2026-01-17T14:12:40Z,38.291545,20.641648
EVT0005,EVT0005-FC02,72.0,7,2026-01-17T14:12:40Z,38.345571,19.327438
EVT0005,EVT0005-FC02,72.0,7,2026-01-17T14:12:40Z,38.44859,19.468004
EVT0005,EVT0005-FC02,72.0,7,2026-01-17T14:12:40Z,38.76888,19.780514
EVT0005,EVT0005-FC02,72.0,7,2026-01-17T14:12:40Z,38.958199,19.718593
EVT0005,EVT0005-FC02,72.0,7,2026-01-17T14:12:40Z,37.660029,19.231481
EVT0005,EVT0005-FC02,72.0,7,2026-01-17T14:12:40Z,38.440127,19.094213
EVT0005,EVT0005-FC02,72.0,7,2026-01-17T14:12:40Z,36.925064,19.673628
EVT0005,EVT0005-FC02,72.0,7,2026-01-17T14:12:40Z,38.140745,19.765716
EVT0005,EVT0005-FC02,72.0,7,2026-01-17T14:12:40Z,37.839722,19.648498
EVT0005,EVT0005-FC02,72.0,7,2026-01-17T14:12:40Z,37.971317,19.907933
EVT0005,EVT0005-FC02,72.0,7,2026-01-17T14:12:40Z,38.273283,20.191222
EVT0005,EVT0005-FC02,72.0,7,2026-01-17T14:12:40Z,38.519011,20.715396
EVT0005,EVT0005-FC02,72.0,7,2026-01-17T14:12:40Z,37.870082,19.505277
EVT0005,EVT0005-FC02,72.0,7,2026-01-17T14:12:40Z,38.505473,19.300087
EVT0005,EVT0005-FC02,72.0,7,2026-01-17T14:12:40Z,38.888669,20.180339
EVT0005,EVT0005-FC02,72.0,7,2026-01-17T14:12:40Z,37.765234,20.859671
EVT0005,EVT0005-FC02,72.0,7,2026-01-17T14:12:40Z,38.550314,19.215879
EVT0005,EVT0005-FC02,72.0,7,2026-01-17T14:12:40Z,38.127694,19.939765
EVT0005,EVT0005-FC02,72.0,7,2026-01-17T14:12:40Z,38.535013,19.262448
EVT0005,EVT0005-FC02,72.0,7,2026-01-17T14:12:40Z,37.284329,18.88124
EVT0005,EVT0005-FC02,72.0,7,2026-01-17T14:12:40Z,37.562843,20.166422
EVT0005,EVT0005-FC02,72.0,7,2026-01-17T14:12:40Z,37.683513,19.464838
EVT0005,EVT0005-FC02,72.0,7,2026-01-17T14:12:40Z,38.0353,20.225888
EVT0005,EVT0005-FC02,72.0,7,2026-01-17T14:12:40Z,38.641825,19.497757
EVT0006,EVT0006-FC02,12.0,0,2026-01-08T16:39:11Z,36.31082,21.90916
EVT0006,EVT0006-FC02,12.0,0,2026-01-08T16:39:11Z,36.285428,22.168263
EVT0006,EVT0006-FC02,12.0,0,2026-01-08T16:39:11Z,36.502694,22.264315
EVT0006,EVT0006-FC02,12.0,0,2026-01-08T16:39:11Z,36.431224,22.190393
EVT0006,EVT0006-FC02,12.0,0,2026-01-08T16:39:11Z,35.937806,22.075379
EVT0006,EVT0006-FC02,12.0,0,2026-01-08T16:39:11Z,36.172021,22.240419
EVT0006,EVT0006-FC02,12.0,0,2026-01-08T16:39:11Z,36.092051,22.091347
EVT0006,EVT0006-FC02,12.0,0,2026-01-08T16:39:11Z,36.125778,21.886574
EVT0006,EVT0006-FC02,12.0,0,2026-01-08T16:39:11Z,36.187688,22.033948
EVT0006,EVT0006-FC02,12.0,0,2026-01-08T16:39:11Z,36.377703,22.115268
EVT0006,EVT0006-FC02,12.0,0,2026-01-08T16:39:11Z,36.443419,22.112669
EVT0006,EVT0006-FC02,12.0,0,2026-01-08T16:39:11Z,36.127267,22.138109
EVT0006,EVT0006-FC02,12.0,0,2026-01-08T16:39:11Z,36.630504,22.113533
EVT0006,EVT0006-FC02,12.0,0,2026-01-08T16:39:11Z,36.347701,22.005353
EVT0006,EVT0006-FC02,12.0,0,2026-01-08T16:39:11Z,36.362848,22.024335
EVT0006,EVT0006-FC02,12.0,0,2026-01-08T16:39:11Z,35.910016,22.288144
EVT0006,EVT0006-FC02,12.0,0,2026-01-08T16:39:11Z,36.432834,22.04358
EVT0006,EVT0006-FC02,12.0,0,2026-01-08T16:39:11Z,36.324535,22.068229
EVT0006,EVT0006-FC02,12.0,0,2026-01-08T16:39:11Z,36.319694,22.110751
EVT0006,EVT0006-FC02,12.0,0,2026-01-08T16:39:11Z,36.308667,21.935315
EVT0006,EVT0006-FC02,12.0,0,2026-01-08T16:39:11Z,36.381102,22.26685
EVT0006,EVT0006-FC02,12.0,0,2026-01-08T16:39:11Z,36.087076,22.268016
EVT0006,EVT0006-FC02,12.0,0,2026-01-08T16:39:11Z,36.438975,22.027119
EVT0006,EVT0006-FC02,12.0,0,2026-01-08T16:39:11Z,36.392235,22.357102
EVT0006,EVT0006-FC02,12.0,0,2026-01-08T16:39:11Z,36.247855,21.950835
EVT0006,EVT0006-FC02,12.0,0,2026-01-08T16:39:11Z,36.284616,21.876264
EVT0006,EVT0006-FC02,12.0,0,2026-01-08T16:39:11Z,36.26994,22.253331
EVT0006,EVT0006-FC02,12.0,0,2026-01-08T16:39:11Z,36.156603,21.78649
EVT0006,EVT0006-FC02,12.0,0,2026-01-08T16:39:11Z,36.391021,22.146125
EVT0006,EVT0006-FC02,12.0,0,2026-01-08T16:39:11Z,36.481218,22.184819
EVT0006,EVT0006-FC02,12.0,0,2026-01-08T16:39:11Z,36.53796,22.292262
EVT0006,EVT0006-FC02,12.0,0,2026-01-08T16:39:11Z,36.27941,22.104207
EVT0006,EVT0006-FC02,12.0,0,2026-01-08T16:39:11Z,36.150705,22.098921
EVT0006,EVT0006-FC02,12.0,0,2026-01-08T16:39:11Z,36.425875,22.33208
EVT0006,EVT0006-FC02,12.0,0,2026-01-08T16:39:11Z,36.437878,22.057617
EVT0006,EVT0006-FC02,12.0,0,2026-01-08T16:39:11Z,36.368923,22.433732
EVT0006,EVT0006-FC02,12.0,0,2026-01-08T16:39:11Z,36.440019,22.195812
EVT0006,EVT0006-FC02,12.0,0,2026-01-08T16:39:11Z,36.32128,22.103326
EVT0006,EVT0006-FC02,12.0,0,2026-01-08T16:39:11Z,35.712847,21.965061
EVT0006,EVT0006-FC02,12.0,0,2026-01-08T16:39:11Z,36.326203,21.955125
EVT0006,EVT0006-FC02,24.0,0,2026-01-09T04:39:11Z,36.413416,22.17636
EVT0006,EVT0006-FC02,24.0,0,2026-01-09T04:39:11Z,36.454369,21.931622
EVT0006,EVT0006-FC02,24.0,0,2026-01-09T04:39:11Z,36.567122,22.033195
EVT0006,EVT0006-FC02,24.0,0,2026-01-09T04:39:11Z,36.263277,21.691173
EVT0006,EVT0006-FC02,24.0,0,2026-01-09T04:39:11Z,35.972237,21.427907
EVT0006,EVT0006-FC02,24.0,0,2026-01-09T04:39:11Z,36.01215,21.642304
EVT0006,EVT0006-FC02,24.0,0,2026-01-09T04:39:11Z,36.529204,22.524231
EVT0006,EVT0006-FC02,24.0,0,2026-01-09T04:39:11Z,35.999808,22.103332
EVT0006,EVT0006-FC02,24.0,0,2026-01-09T04:39:11Z,35.911359,21.942212
EVT0006,EVT0006-FC02,24.0,0,2026-01-09T04:39:11Z,36.623532,21.904759
EVT0006,EVT0006-FC02,24.0,0,2026-01-09T04:39:11Z,35.918124,22.161521
EVT0006,EVT0006-FC02,24.0,0,2026-01-09T04:39:11Z,36.093044,22.570462
EVT0006,EVT0006-FC02,24.0,0,2026-01-09T04:39:11Z,36.444462,22.063325
EVT0006,EVT0006-FC02,24.0,0,2026-01-09T04:39:11Z,36.059445,22.551777
EVT0006,EVT0006-FC02,24.0,0,2026-01-09T04:39:11Z,36.743153,22.131958
EVT0006,EVT0006-FC02,24.0,0,2026-01-09T04:39:11Z,35.865322,22.161818
EVT0006,EVT0006-FC02,24.0,0,2026-01-09T04:39:11Z,36.568827,21.779391
EVT0006,EVT0006-FC02,24.0,0,2026-01-09T04:39:11Z,36.47504,21.890993
EVT0006,EVT0006-FC02,24.0,0,2026-01-09T04:39:11Z,36.411005,22.311073
EVT0006,EVT0006-FC02,24.0,0,2026-01-09T04:39:11Z,36.382425,22.318699
EVT0006,EVT0006-FC02,24.0,0,2026-01-09T04:39:11Z,35.862779,22.378216
EVT0006,EVT0006-FC02,24.0,0,2026-01-09T04:39:11Z,36.727144,22.423038
EVT0006,EVT0006-FC02,24.0,0,2026-01-09T04:39:11Z,36.364286,21.964826
EVT0006,EVT0006-FC02,24.0,0,2026-01-09T04:39:11Z,36.028437,21.921404
EVT0006,EVT0006-FC02,24.0,0,2026-01-09T04:39:11Z,36.371618,21.97417
EVT0006,EVT0006-FC02,24.0,0,2026-01-09T04:39:11Z,36.246328,22.093008
EVT0006,EVT0006-FC02,24.0,0,2026-01-09T04:39:11Z,36.484019,22.460327
EVT0006,EVT0006-FC02,24.0,0,2026-01-09T04:39:11Z,36.511633,21.941898
EVT0006,EVT0006-FC02,24.0,0,2026-01-09T04:39:11Z,36.270433,22.228493
EVT0006,EVT0006-FC02,24.0,0,2026-01-09T04:39:11Z,36.724194,22.625323
EVT0006,EVT0006-FC02,24.0,0,2026-01-09T04:39:11Z,36.235683,21.803459
EVT0006,EVT0006-FC02,24.0,0,2026-01-09T04:39:11Z,36.150167,22.003288
EVT0006,EVT0006-FC02,24.0,0,2026-01-09T04:39:11Z,36.16526,22.021098
EVT0006,EVT0006-FC02,24.0,0,2026-01-09T04:39:11Z,36.314329,22.004035
EVT0006,EVT0006-FC02,24.0,0,2026-01-09T04:39:11Z,36.207062,22.260368
EVT0006,EVT0006-FC02,24.0,0,2026-01-09T04:39:11Z,35.893472,22.105828
EVT0006,EVT0006-FC02,24.0,0,2026-01-09T04:39:11Z,36.563407,22.441982
EVT0006,EVT0006-FC02,24.0,0,2026-01-09T04:39:11Z,36.562402,21.976068
EVT0006,EVT0006-FC02,24.0,0,2026-01-09T04:39:11Z,36.554461,21.917373
EVT0006,EVT0006-FC02,24.0,0,2026-01-09T04:39:11Z,36.699563,21.983922
EVT0006,EVT0006-FC02,48.0,0,2026-01-10T04:39:11Z,36.665544,22.160735
EVT0006,EVT0006-FC02,48.0,0,2026-01-10T04:39:11Z,36.494435,22.215047
EVT0006,EVT0006-FC02,48.0,0,2026-01-10T04:39:11Z,36.852794,22.465546
EVT0006,EVT0006-FC02,48.0,0,2026-01-10T04:39:11Z,36.636086,22.34783
EVT0006,EVT0006-FC02,48.0,0,2026-01-10T04:39:11Z,36.99213,22.548381
EVT0006,EVT0006-FC02,48.0,0,2026-01-10T04:39:11Z,36.784272,21.172642
EVT0006,EVT0006-FC02,48.0,0,2026-01-10T04:39:11Z,36.75178,22.472467
EVT0006,EVT0006-FC02,48.0,0,2026-01-10T04:39:11Z,36.76919,22.52222
EVT0006,EVT0006-FC02,48.0,0,2026-01-10T04:39:11Z,36.285152,22.904255
EVT0006,EVT0006-FC02,48.0,0,2026-01-10T04:39:11Z,36.095376,22.352018
EVT0006,EVT0006-FC02,48.0,0,2026-01-10T04:39:11Z,36.188216,22.612598
EVT0006,EVT0006-FC02,48.0,0,2026-01-10T04:39:11Z,36.768182,22.414677
EVT0006,EVT0006-FC02,48.0,0,2026-01-10T04:39:11Z,36.817599,22.208519
EVT0006,EVT0006-FC02,48.0,0,2026-01-10T04:39:11Z,36.575859,22.228195
EVT0006,EVT0006-FC02,48.0,0,2026-01-10T04:39:11Z,36.382069,22.393973
EVT0006,EVT0006-FC02,48.0,0,2026-01-10T04:39:11Z,37.086156,22.311961
EVT0006,EVT0006-FC02,48.0,0,2026-01-10T04:39:11Z,36.830321,22.319413
EVT0006,EVT0006-FC02,48.0,0,2026-01-10T04:39:11Z,36.968875,22.294424
EVT0006,EVT0006-FC02,48.0,0,2026-01-10T04:39:11Z,36.521742,22.348696
EVT0006,EVT0006-FC02,48.0,0,2026-01-10T04:39:11Z,36.644861,22.196814
EVT0006,EVT0006-FC02,48.0,0,2026-01-10T04:39:11Z,36.587694,21.948711
EVT0006,EVT0006-FC02,48.0,0,2026-01-10T04:39:11Z,36.690154,21.782418
EVT0006,EVT0006-FC02,48.0,0,2026-01-10T04:39:11Z,36.097212,22.707017
EVT0006,EVT0006-FC02,48.0,0,2026-01-10T04:39:11Z,36.992094,22.488606
EVT0006,EVT0006-FC02,48.0,0,2026-01-10T04:39:11Z,36.877306,22.673107
EVT0006,EVT0006-FC02,48.0,0,2026-01-10T04:39:11Z,36.257552,22.886981
EVT0006,EVT0006-FC02,48.0,0,2026-01-10T04:39:11Z,36.718569,21.931773
EVT0006,EVT0006-FC02,48.0,0,2026-01-10T04:39:11Z,36.679189,22.13304
EVT0006,EVT0006-FC02,48.0,0,2026-01-10T04:39:11Z,36.960307,22.856341
EVT0006,EVT0006-FC02,48.0,0,2026-01-10T04:39:11Z,36.682732,22.601645
EVT0006,EVT0006-FC02,48.0,0,2026-01-10T04:39:11Z,37.053292,22.804327
EVT0006,EVT0006-FC02,48.0,0,2026-01-10T04:39:11Z,37.078833,21.411479
EVT0006,EVT0006-FC02,48.0,0,2026-01-10T04:39:11Z,36.394478,21.932165
EVT0006,EVT0006-FC02,48.0,0,2026-01-10T04:39:11Z,36.210428,22.809552
EVT0006,EVT0006-FC02,48.0,0,2026-01-10T04:39:11Z,36.868171,21.595059
EVT0006,EVT0006-FC02,48.0,0,2026-01-10T04:39:11Z,37.600179,21.862723
EVT0006,EVT0006-FC02,48.0,0,2026-01-10T04:39:11Z,36.661142,21.941281
EVT0006,EVT0006-FC02,48.0,0,2026-01-10T04:39:11Z,36.009889,22.382718
EVT0006,EVT0006-FC02,48.0,0,2026-01-10T04:39:11Z,37.005172,22.45664
EVT0006,EVT0006-FC02,48.0,0,2026-01-10T04:39:11Z,36.624165,22.169896
EVT0006,EVT0006-FC02,72.0,0,2026-01-11T04:39:11Z,36.687299,22.534556
EVT0006,EVT0006-FC02,72.0,0,2026-01-11T04:39:11Z,37.181048,21.51738
EVT0006,EVT0006-FC02,72.0,0,2026-01-11T04:39:11Z,36.781255,22.406855
EVT0006,EVT0006-FC02,72.0,0,2026-01-11T04:39:11Z,36.354433,22.545612
EVT0006,EVT0006-FC02,72.0,0,2026-01-11T04:39:11Z,36.97631,22.671306
EVT0006,EVT0006-FC02,72.0,0,2026-01-11T04:39:11Z,37.696902,22.473682
EVT0006,EVT0006-FC02,72.0,0,2026-01-11T04:39:11Z,36.578352,22.250788
EVT0006,EVT0006-FC02,72.0,0,2026-01-11T04:39:11Z,37.351712,22.907658
EVT0006,EVT0006-FC02,72.0,0,2026-01-11T04:39:11Z,36.944148,22.255217
EVT0006,EVT0006-FC02,72.0,0,2026-01-11T04:39:11Z,37.083482,20.881141
EVT0006,EVT0006-FC02,72.0,0,2026-01-11T04:39:11Z,36.857826,22.397771
EVT0006,EVT0006-FC02,72.0,0,2026-01-11T04:39:11Z,36.938087,22.042049
EVT0006,EVT0006-FC02,72.0,0,2026-01-11T04:39:11Z,36.766301,22.343619
EVT0006,EVT0006-FC02,72.0,0,2026-01-11T04:39:11Z,37.029816,21.437979
EVT0006,EVT0006-FC02,72.0,0,2026-01-11T04:39:11Z,37.043612,23.023303
EVT0006,EVT0006-FC02,72.0,0,2026-01-11T04:39:11Z,37.647554,22.48338
EVT0006,EVT0006-FC02,72.0,0,2026-01-11T04:39:11Z,37.09563,21.76833
EVT0006,EVT0006-FC02,72.0,0,2026-01-11T04:39:11Z,36.860149,23.88432
EVT0006,EVT0006-FC02,72.0,0,2026-01-11T04:39:11Z,36.173045,21.929676
EVT0006,EVT0006-FC02,72.0,0,2026-01-11T04:39:11Z,37.015218,21.639806
EVT0006,EVT0006-FC02,72.0,0,2026-01-11T04:39:11Z,37.371044,22.0117
EVT0006,EVT0006-FC02,72.0,0,2026-01-11T04:39:11Z,36.600136,22.958739
EVT0006,EVT0006-FC02,72.0,0,2026-01-11T04:39:11Z,37.07387,22.453636
EVT0006,EVT0006-FC02,72.0,0,2026-01-11T04:39:11Z,37.218378,22.413401
EVT0006,EVT0006-FC02,72.0,0,2026-01-11T04:39:11Z,37.239406,23.148671
EVT0006,EVT0006-FC02,72.0,0,2026-01-11T04:39:11Z,36.850846,20.119089
EVT0006,EVT0006-FC02,72.0,0,2026-01-11T04:39:11Z,36.274966,23.079661
EVT0006,EVT0006-FC02,72.0,0,2026-01-11T04:39:11Z,36.354372,22.008921
EVT0006,EVT0006-FC02,72.0,0,2026-01-11T04:39:11Z,36.660798,22.044609
EVT0006,EVT0006-FC02,72.0,0,2026-01-11T04:39:11Z,36.946308,23.202454
EVT0006,EVT0006-FC02,72.0,0,2026-01-11T04:39:11Z,37.060636,22.353188
EVT0006,EVT0006-FC02,72.0,0,2026-01-11T04:39:11Z,36.83752,22.91345
EVT0006,EVT0006-FC02,72.0,0,2026-01-11T04:39:11Z,36.696078,21.831881
EVT0006,EVT0006-FC02,72.0,0,2026-01-11T04:39:11Z,37.04358,22.704424
EVT0006,EVT0006-FC02,72.0,0,2026-01-11T04:39:11Z,37.161475,23.345414
EVT0006,EVT0006-FC02,72.0,0,2026-01-11T04:39:11Z,36.475296,21.768293
EVT0006,EVT0006-FC02,72.0,0,2026-01-11T04:39:11Z,36.779911,22.195644
EVT0006,EVT0006-FC02,72.0,0,2026-01-11T04:39:11Z,37.346088,22.631424
EVT0006,EVT0006-FC02,72.0,0,2026-01-11T04:39:11Z,36.462806,22.887374
EVT0006,EVT0006-FC02,72.0,0,2026-01-11T04:39:11Z,36.865941,21.770536
EVT0006,EVT0006-FC02,12.0,1,2026-01-08T16:39:11Z,36.331646,22.20698
EVT0006,EVT0006-FC02,12.0,1,2026-01-08T16:39:11Z,36.211307,22.244134
EVT0006,EVT0006-FC02,12.0,1,2026-01-08T16:39:11Z,36.444562,22.077729
EVT0006,EVT0006-FC02,12.0,1,2026-01-08T16:39:11Z,36.078382,22.412409
EVT0006,EVT0006-FC02,12.0,1,2026-01-08T16:39:11Z,36.209844,21.881946
EVT0006,EVT0006-FC02,12.0,1,2026-01-08T16:39:11Z,36.326021,22.305953
EVT0006,EVT0006-FC02,12.0,1,2026-01-08T16:39:11Z,36.362872,22.011899
EVT0006,EVT0006-FC02,12.0,1,2026-01-08T16:39:11Z,36.378063,22.095698
EVT0006,EVT0006-FC02,12.0,1,2026-01-08T16:39:11Z,36.347754,22.181171
EVT0006,EVT0006-FC02,12.0,1,2026-01-08T16:39:11Z,36.534296,22.630838
EVT0006,EVT0006-FC02,12.0,1,2026-01-08T16:39:11Z,36.063918,22.165728
EVT0006,EVT0006-FC02,12.0,1,2026-01-08T16:39:11Z,36.195367,22.214379
EVT0006,EVT0006-FC02,12.0,1,2026-01-08T16:39:11Z,36.495173,22.100474
EVT0006,EVT0006-FC02,12.0,1,2026-01-08T16:39:11Z,36.095769,22.053393
EVT0006,EVT0006-FC02,12.0,1,2026-01-08T16:39:11Z,36.45734,22.006441
EVT0006,EVT0006-FC02,12.0,1,2026-01-08T16:39:11Z,36.113102,21.938392
EVT0006,EVT0006-FC02,12.0,1,2026-01-08T16:39:11Z,36.246518,22.036618
EVT0006,EVT0006-FC02,12.0,1,2026-01-08T16:39:11Z,36.371106,21.915197
EVT0006,EVT0006-FC02,12.0,1,2026-01-08T16:39:11Z,36.129773,21.612175
EVT0006,EVT0006-FC02,12.0,1,2026-01-08T16:39:11Z,36.411737,22.190555
EVT0006,EVT0006-FC02,12.0,1,2026-01-08T16:39:11Z,36.384054,22.05529
EVT0006,EVT0006-FC02,12.0,1,2026-01-08T16:39:11Z,36.282471,22.165354
EVT0006,EVT0006-FC02,12.0,1,2026-01-08T16:39:11Z,36.222847,21.951357
EVT0006,EVT0006-FC02,12.0,1,2026-01-08T16:39:11Z,36.432193,22.278933
EVT0006,EVT0006-FC02,12.0,1,2026-01-08T16:39:11Z,36.576022,22.189361
EVT0006,EVT0006-FC02,12.0,1,2026-01-08T16:39:11Z,36.24208,22.081458
EVT0006,EVT0006-FC02,12.0,1,2026-01-08T16:39:11Z,36.428254,22.252462
EVT0006,EVT0006-FC02,12.0,1,2026-01-08T16:39:11Z,36.499154,22.160207
EVT0006,EVT0006-FC02,12.0,1,2026-01-08T16:39:11Z,36.33683,22.08867
EVT0006,EVT0006-FC02,12.0,1,2026-01-08T16:39:11Z,36.413598,22.036265
EVT0006,EVT0006-FC02,12.0,1,2026-01-08T16:39:11Z,36.241839,22.156824
EVT0006,EVT0006-FC02,12.0,1,2026-01-08T16:39:11Z,36.492835,22.355382
EVT0006,EVT0006-FC02,12.0,1,2026-01-08T16:39:11Z,36.158107,22.074823
EVT0006,EVT0006-FC02,12.0,1,2026-01-08T16:39:11Z,36.371219,22.097363
EVT0006,EVT0006-FC02,12.0,1,2026-01-08T16:39:11Z,36.358851,22.2872
EVT0006,EVT0006-FC02,12.0,1,2026-01-08T16:39:11Z,36.353038,22.205805
EVT0006,EVT0006-FC02,12.0,1,2026-01-08T16:39:11Z,36.27365,21.986432
EVT0006,EVT0006-FC02,12.0,1,2026-01-08T16:39:11Z,36.327546,22.025938
EVT0006,EVT0006-FC02,12.0,1,2026-01-08T16:39:11Z,36.254563,21.983617
EVT0006,EVT0006-FC02,12.0,1,2026-01-08T16:39:11Z,36.052294,22.057913
EVT0006,EVT0006-FC02,24.0,1,2026-01-09T04:39:11Z,35.81085,21.950301
EVT0006,EVT0006-FC02,24.0,1,2026-01-09T04:39:11Z,36.459338,22.575734
EVT0006,EVT0006-FC02,24.0,1,2026-01-09T04:39:11Z,36.081486,22.151684
EVT0006,EVT0006-FC02,24.0,1,2026-01-09T04:39:11Z,36.606478,22.180337
EVT0006,EVT0006-FC02,24.0,1,2026-01-09T04:39:11Z,36.352433,22.289956
EVT0006,EVT0006-FC02,24.0,1,2026-01-09T04:39:11Z,36.026304,22.306141
EVT0006,EVT0006-FC02,24.0,1,2026-01-09T04:39:11Z,36.245856,22.126951
EVT0006,EVT0006-FC02,24.0,1,2026-01-09T04:39:11Z,36.692719,21.714257
EVT0006,EVT0006-FC02,24.0,1,2026-01-09T04:39:11Z,36.179983,22.121467
EVT0006,EVT0006-FC02,24.0,1,2026-01-09T04:39:11Z,36.163761,22.292711
EVT0006,EVT0006-FC02,24.0,1,2026-01-09T04:39:11Z,36.737192,22.123025
EVT0006,EVT0006-FC02,24.0,1,2026-01-09T04:39:11Z,35.95823,22.620194
EVT0006,EVT0006-FC02,24.0,1,2026-01-09T04:39:11Z,36.340584,22.130283
EVT0006,EVT0006-FC02,24.0,1,2026-01-09T04:39:11Z,36.447123,22.060286
EVT0006,EVT0006-FC02,24.0,1,2026-01-09T04:39:11Z,36.307223,22.835081
EVT0006,EVT0006-FC02,24.0,1,2026-01-09T04:39:11Z,36.495698,22.218988
EVT0006,EVT0006-FC02,24.0,1,2026-01-09T04:39:11Z,35.858624,22.112572
EVT0006,EVT0006-FC02,24.0,1,2026-01-09T04:39:11Z,36.363138,22.347454
EVT0006,EVT0006-FC02,24.0,1,2026-01-09T04:39:11Z,36.186808,22.409024
EVT0006,EVT0006-FC02,24.0,1,2026-01-09T04:39:11Z,36.295504,22.153388
EVT0006,EVT0006-FC02,24.0,1,2026-01-09T04:39:11Z,36.640034,22.109357
EVT0006,EVT0006-FC02,24.0,1,2026-01-09T04:39:11Z,36.415288,21.774063
EVT0006,EVT0006-FC02,24.0,1,2026-01-09T04:39:11Z,36.702085,22.128728
EVT0006,EVT0006-FC02,24.0,1,2026-01-09T04:39:11Z,35.954406,22.486346
EVT0006,EVT0006-FC02,24.0,1,2026-01-09T04:39:11Z,36.26842,22.292019
EVT0006,EVT0006-FC02,24.0,1,2026-01-09T04:39:11Z,36.255493,21.994722
EVT0006,EVT0006-FC02,24.0,1,2026-01-09T04:39:11Z,36.126617,22.088425
EVT0006,EVT0006-FC02,24.0,1,2026-01-09T04:39:11Z,36.366749,22.15724
EVT0006,EVT0006-FC02,24.0,1,2026-01-09T04:39:11Z,36.425239,21.998769
EVT0006,EVT0006-FC02,24.0,1,2026-01-09T04:39:11Z,36.697998,22.485219
EVT0006,EVT0006-FC02,24.0,1,2026-01-09T04:39:11Z,36.305622,22.062409
EVT0006,EVT0006-FC02,24.0,1,2026-01-09T04:39:11Z,35.968409,23.009109
EVT0006,EVT0006-FC02,24.0,1,2026-01-09T04:39:11Z,36.576466,21.841597
EVT0006,EVT0006-FC02,24.0,1,2026-01-09T04:39:11Z,35.995359,22.173999
EVT0006,EVT0006-FC02,24.0,1,2026-01-09T04:39:11Z,36.201995,22.665486
EVT0006,EVT0006-FC02,24.0,1,2026-01-09T04:39:11Z,36.777141,21.943052
EVT0006,EVT0006-FC02,24.0,1,2026-01-09T04:39:11Z,36.550887,22.017215
EVT0006,EVT0006-FC02,24.0,1,2026-01-09T04:39:11Z,36.255877,22.289658
EVT0006,EVT0006-FC02,24.0,1,2026-01-09T04:39:11Z,36.437158,21.866451
EVT0006,EVT0006-FC02,24.0,1,2026-01-09T04:39:11Z,36.363656,22.256315
EVT0006,EVT0006-FC02,48.0,1,2026-01-10T04:39:11Z,35.76833,22.663709
EVT0006,EVT0006-FC02,48.0,1,2026-01-10T04:39:11Z,36.768755,22.425337
EVT0006,EVT0006-FC02,48.0,1,2026-01-10T04:39:11Z,37.077034,22.623581
EVT0006,EVT0006-FC02,48.0,1,2026-01-10T04:39:11Z,36.462934,21.863356
EVT0006,EVT0006-FC02,48.0,1,2026-01-10T04:39:11Z,37.367011,21.308297
EVT0006,EVT0006-FC02,48.0,1,2026-01-10T04:39:11Z,35.918118,22.089075
EVT0006,EVT0006-FC02,48.0,1,2026-01-10T04:39:11Z,36.025843,22.242978
EVT0006,EVT0006-FC02,48.0,1,2026-01-10T04:39:11Z,36.987684,22.474465
EVT0006,EVT0006-FC02,48.0,1,2026-01-10T04:39:11Z,36.694636,21.741864
EVT0006,EVT0006-FC02,48.0,1,2026-01-10T04:39:11Z,36.433824,22.886653
EVT0006,EVT0006-FC02,48.0,1,2026-01-10T04:39:11Z,35.939858,22.313991
EVT0006,EVT0006-FC02,48.0,1,2026-01-10T04:39:11Z,36.546822,22.534785
EVT0006,EVT0006-FC02,48.0,1,2026-01-10T04:39:11Z,36.559796,22.079778
EVT0006,EVT0006-FC02,48.0,1,2026-01-10T04:39:11Z,36.772997,22.304588
EVT0006,EVT0006-FC02,48.0,1,2026-01-10T04:39:11Z,36.855282,22.442231
EVT0006,EVT0006-FC02,48.0,1,2026-01-10T04:39:11Z,36.877059,22.46977
EVT0006,EVT0006-FC02,48.0,1,2026-01-10T04:39:11Z,36.978743,22.548172
EVT0006,EVT0006-FC02,48.0,1,2026-01-10T04:39:11Z,37.859897,22.074609
EVT0006,EVT0006-FC02,48.0,1,2026-01-10T04:39:11Z,36.716906,22.176432
EVT0006,EVT0006-FC02,48.0,1,2026-01-10T04:39:11Z,36.507422,23.140838
EVT0006,EVT0006-FC02,48.0,1,2026-01-10T04:39:11Z,36.520657,22.516189
EVT0006,EVT0006-FC02,48.0,1,2026-01-10T04:39:11Z,35.772594,22.218539
EVT0006,EVT0006-FC02,48.0,1,2026-01-10T04:39:11Z,36.596481,22.413014
EVT0006,EVT0006-FC02,48.0,1,2026-01-10T04:39:11Z,35.893224,22.511409
EVT0006,EVT0006-FC02,48.0,1,2026-01-10T04:39:11Z,36.425813,23.031132
EVT0006,EVT0006-FC02,48.0,1,2026-01-10T04:39:11Z,36.478654,21.809691
EVT0006,EVT0006-FC02,48.0,1,2026-01-10T04:39:11Z,37.336473,21.985802
EVT0006,EVT0006-FC02,48.0,1,2026-01-10T04:39:11Z,36.50556,22.175634
EVT0006,EVT0006-FC02,48.0,1,2026-01-10T04:39:11Z,36.602235,21.799356
EVT0006,EVT0006-FC02,48.0,1,2026-01-10T04:39:11Z,36.731767,22.559028
EVT0006,EVT0006-FC02,48.0,1,2026-01-10T04:39:11Z,36.467981,22.256173
EVT0006,EVT0006-FC02,48.0,1,2026-01-10T04:39:11Z,36.407682,22.016618
EVT0006,EVT0006-FC02,48.0,1,2026-01-10T04:39:11Z,36.583568,21.875186
EVT0006,EVT0006-FC02,48.0,1,2026-01-10T04:39:11Z,35.872291,22.505297
EVT0006,EVT0006-FC02,48.0,1,2026-01-10T04:39:11Z,37.083706,21.326301
EVT0006,EVT0006-FC02,48.0,1,2026-01-10T04:39:11Z,36.979594,22.613119
EVT0006,EVT0006-FC02,48.0,1,2026-01-10T04:39:11Z,36.942235,22.69082
EVT0006,EVT0006-FC02,48.0,1,2026-01-10T04:39:11Z,36.946248,22.461281
EVT0006,EVT0006-FC02,48.0,1,2026-01-10T04:39:11Z,36.531144,21.990269
EVT0006,EVT0006-FC02,48.0,1,2026-01-10T04:39:11Z,37.183976,21.359239
EVT0006,EVT0006-FC02,72.0,1,2026-01-11T04:39:11Z,36.714295,21.927897
EVT0006,EVT0006-FC02,72.0,1,2026-01-11T04:39:11Z,36.648456,22.140473
EVT0006,EVT0006-FC02,72.0,1,2026-01-11T04:39:11Z,36.50881,22.23591
EVT0006,EVT0006-FC02,72.0,1,2026-01-11T04:39:11Z,36.922709,22.534774
EVT0006,EVT0006-FC02,72.0,1,2026-01-11T04:39:11Z,36.948635,21.396178
EVT0006,EVT0006-FC02,72.0,1,2026-01-11T04:39:11Z,37.453455,21.920464
EVT0006,EVT0006-FC02,72.0,1,2026-01-11T04:39:11Z,36.688667,21.804267
EVT0006,EVT0006-FC02,72.0,1,2026-01-11T04:39:11Z,36.427283,22.88283
EVT0006,EVT0006-FC02,72.0,1,2026-01-11T04:39:11Z,36.300089,22.013319
EVT0006,EVT0006-FC02,72.0,1,2026-01-11T04:39:11Z,36.936922,21.70009
EVT0006,EVT0006-FC02,72.0,1,2026-01-11T04:39:11Z,36.92262,21.477275
EVT0006,EVT0006-FC02,72.0,1,2026-01-11T04:39:11Z,38.172288,22.843546
EVT0006,EVT0006-FC02,72.0,1,2026-01-11T04:39:11Z,36.014919,22.149694
EVT0006,EVT0006-FC02,72.0,1,2026-01-11T04:39:11Z,36.584396,22.409294
EVT0006,EVT0006-FC02,72.0,1,2026-01-11T04:39:11Z,37.294309,21.801511
EVT0006,EVT0006-FC02,72.0,1,2026-01-11T04:39:11Z,36.458986,22.653897
EVT0006,EVT0006-FC02,72.0,1,2026-01-11T04:39:11Z,37.697298,21.169994
EVT0006,EVT0006-FC02,72.0,1,2026-01-11T04:39:11Z,36.855998,22.342326
EVT0006,EVT0006-FC02,72.0,1,2026-01-11T04:39:11Z,37.292594,21.576384
EVT0006,EVT0006-FC02,72.0,1,2026-01-11T04:39:11Z,36.399191,22.270123
EVT0006,EVT0006-FC02,72.0,1,2026-01-11T04:39:11Z,37.140769,21.356543
EVT0006,EVT0006-FC02,72.0,1,2026-01-11T04:39:11Z,36.562154,22.198985
EVT0006,EVT0006-FC02,72.0,1,2026-01-11T04:39:11Z,36.772654,22.17816
EVT0006,EVT0006-FC02,72.0,1,2026-01-11T04:39:11Z,36.580263,21.639342
EVT0006,EVT0006-FC02,72.0,1,2026-01-11T04:39:11Z,36.978095,21.986303
EVT0006,EVT0006-FC02,72.0,1,2026-01-11T04:39:11Z,36.449291,21.496907
EVT0006,EVT0006-FC02,72.0,1,2026-01-11T04:39:11Z,36.996118,22.230393
EVT0006,EVT0006-FC02,72.0,1,2026-01-11T04:39:11Z,36.948703,21.429307
EVT0006,EVT0006-FC02,72.0,1,2026-01-11T04:39:11Z,36.617984,21.936314
EVT0006,EVT0006-FC02,72.0,1,2026-01-11T04:39:11Z,36.735251,21.607928
EVT0006,EVT0006-FC02,72.0,1,2026-01-11T04:39:11Z,37.047501,21.960055
EVT0006,EVT0006-FC02,72.0,1,2026-01-11T04:39:11Z,37.132758,21.491587
EVT0006,EVT0006-FC02,72.0,1,2026-01-11T04:39:11Z,36.892326,21.394743
EVT0006,EVT0006-FC02,72.0,1,2026-01-11T04:39:11Z,36.785632,21.432768
EVT0006,EVT0006-FC02,72.0,1,2026-01-11T04:39:11Z,36.419823,21.443217
EVT0006,EVT0006-FC02,72.0,1,2026-01-11T04:39:11Z,35.850174,21.667177
EVT0006,EVT0006-FC02,72.0,1,2026-01-11T04:39:11Z,37.250412,21.57581
EVT0006,EVT0006-FC02,72.0,1,2026-01-11T04:39:11Z,37.183703,21.724116
EVT0006,EVT0006-FC02,72.0,1,2026-01-11T04:39:11Z,36.678669,22.114964
EVT0006,EVT0006-FC02,72.0,1,2026-01-11T04:39:11Z,36.881821,22.138353
EVT0006,EVT0006-FC02,12.0,2,2026-01-08T16:39:11Z,36.437894,21.998033
EVT0006,EVT0006-FC02,12.0,2,2026-01-08T16:39:11Z,36.554029,22.163294
EVT0006,EVT0006-FC02,12.0,2,2026-01-08T16:39:11Z,36.236272,22.285747
EVT0006,EVT0006-FC02,12.0,2,2026-01-08T16:39:11Z,36.464245,22.091017
EVT0006,EVT0006-FC02,12.0,2,2026-01-08T16:39:11Z,36.47171,22.118568
EVT0006,EVT0006-FC02,12.0,2,2026-01-08T16:39:11Z,36.195063,22.327503
EVT0006,EVT0006-FC02,12.0,2,2026-01-08T16:39:11Z,36.504398,22.199431
EVT0006,EVT0006-FC02,12.0,2,2026-01-08T16:39:11Z,36.32465,22.035304
EVT0006,EVT0006-FC02,12.0,2,2026-01-08T16:39:11Z,35.711678,21.930021
EVT0006,EVT0006-FC02,12.0,2,2026-01-08T16:39:11Z,36.503248,21.982648
EVT0006,EVT0006-FC02,12.0,2,2026-01-08T16:39:11Z,36.273653,22.22082
EVT0006,EVT0006-FC02,12.0,2,2026-01-08T16:39:11Z,36.404662,22.153716
EVT0006,EVT0006-FC02,12.0,2,2026-01-08T16:39:11Z,36.60685,22.307461
EVT0006,EVT0006-FC02,12.0,2,2026-01-08T16:39:11Z,36.337795,22.034651
EVT0006,EVT0006-FC02,12.0,2,2026-01-08T16:39:11Z,36.285035,22.167626
EVT0006,EVT0006-FC02,12.0,2,2026-01-08T16:39:11Z,36.392611,22.317308
EVT0006,EVT0006-FC02,12.0,2,2026-01-08T16:39:11Z,36.371634,22.426446
EVT0006,EVT0006-FC02,12.0,2,2026-01-08T16:39:11Z,36.091409,22.11198
EVT0006,EVT0006-FC02,12.0,2,2026-01-08T16:39:11Z,36.53386,22.079645
EVT0006,EVT0006-FC02,12.0,2,2026-01-08T16:39:11Z,36.552913,22.172063
EVT0006,EVT0006-FC02,12.0,2,2026-01-08T16:39:11Z,36.110396,21.629998
EVT0006,EVT0006-FC02,12.0,2,2026-01-08T16:39:11Z,36.247381,21.876446
EVT0006,EVT0006-FC02,12.0,2,2026-01-08T16:39:11Z,36.117099,21.67278
EVT0006,EVT0006-FC02,12.0,2,2026-01-08T16:39:11Z,36.132006,22.078081
EVT0006,EVT0006-FC02,12.0,2,2026-01-08T16:39:11Z,36.214746,21.927223
EVT0006,EVT0006-FC02,12.0,2,2026-01-08T16:39:11Z,36.371758,22.034754
EVT0006,EVT0006-FC02,12.0,2,2026-01-08T16:39:11Z,36.357267,22.241051
EVT0006,EVT0006-FC02,12.0,2,2026-01-08T16:39:11Z,36.249575,21.913372
EVT0006,EVT0006-FC02,12.0,2,2026-01-08T16:39:11Z,36.504186,22.176546
EVT0006,EVT0006-FC02,12.0,2,2026-01-08T16:39:11Z,36.275695,22.149917
EVT0006,EVT0006-FC02,12.0,2,2026-01-08T16:39:11Z,36.411476,22.256926
EVT0006,EVT0006-FC02,12.0,2,2026-01-08T16:39:11Z,36.171835,22.01067
EVT0006,EVT0006-FC02,12.0,2,2026-01-08T16:39:11Z,36.160642,21.895559
EVT0006,EVT0006-FC02,12.0,2,2026-01-08T16:39:11Z,36.369229,22.281378
EVT0006,EVT0006-FC02,12.0,2,2026-01-08T16:39:11Z,36.412494,22.016002
EVT0006,EVT0006-FC02,12.0,2,2026-01-08T16:39:11Z,36.306059,22.161212
EVT0006,EVT0006-FC02,12.0,2,2026-01-08T16:39:11Z,36.301162,22.166051
EVT0006,EVT0006-FC02,12.0,2,2026-01-08T16:39:11Z,36.524104,22.55158
EVT0006,EVT0006-FC02,12.0,2,2026-01-08T16:39:11Z,36.291192,22.178233
EVT0006,EVT0006-FC02,12.0,2,2026-01-08T16:39:11Z,36.320697,22.047795
EVT0006,EVT0006-FC02,24.0,2,2026-01-09T04:39:11Z,36.513839,22.412806
EVT0006,EVT0006-FC02,24.0,2,2026-01-09T04:39:11Z,36.425389,22.229105
EVT0006,EVT0006-FC02,24.0,2,2026-01-09T04:39:11Z,36.854762,22.619327
EVT0006,EVT0006-FC02,24.0,2,2026-01-09T04:39:11Z,35.994173,21.890513
EVT0006,EVT0006-FC02,24.0,2,2026-01-09T04:39:11Z,36.271517,22.061012
EVT0006,EVT0006-FC02,24.0,2,2026-01-09T04:39:11Z,36.463948,21.908279
EVT0006,EVT0006-FC02,24.0,2,2026-01-09T04:39:11Z,35.903239,22.035525
EVT0006,EVT0006-FC02,24.0,2,2026-01-09T04:39:11Z,36.786524,22.656244
EVT0006,EVT0006-FC02,24.0,2,2026-01-09T04:39:11Z,36.522469,22.153242
EVT0006,EVT0006-FC02,24.0,2,2026-01-09T04:39:11Z,36.735939,22.617021
EVT0006,EVT0006-FC02,24.0,2,2026-01-09T04:39:11Z,36.686557,22.168436
EVT0006,EVT0006-FC02,24.0,2,2026-01-09T04:39:11Z,36.223216,22.275161
EVT0006,EVT0006-FC02,24.0,2,2026-01-09T04:39:11Z,36.386386,22.304968
EVT0006,EVT0006-FC02,24.0,2,2026-01-09T04:39:11Z,36.3347,22.007311
EVT0006,EVT0006-FC02,24.0,2,2026-01-09T04:39:11Z,36.33161,22.324319
EVT0006,EVT0006-FC02,24.0,2,2026-01-09T04:39:11Z,36.609983,22.69961
EVT0006,EVT0006-FC02,24.0,2,2026-01-09T04:39:11Z,36.768258,22.44544
EVT0006,EVT0006-FC02,24.0,2,2026-01-09T04:39:11Z,36.615382,22.476594
EVT0006,EVT0006-FC02,24.0,2,2026-01-09T04:39:11Z,36.659954,22.35139
EVT0006,EVT0006-FC02,24.0,2,2026-01-09T04:39:11Z,36.578407,21.969732
EVT0006,EVT0006-FC02,24.0,2,2026-01-09T04:39:11Z,36.948687,22.062669
EVT0006,EVT0006-FC02,24.0,2,2026-01-09T04:39:11Z,36.721228,22.551998
EVT0006,EVT0006-FC02,24.0,2,2026-01-09T04:39:11Z,36.435423,22.61839
EVT0006,EVT0006-FC02,24.0,2,2026-01-09T04:39:11Z,36.493683,21.946965
EVT0006,EVT0006-FC02,24.0,2,2026-01-09T04:39:11Z,36.008156,22.356896
EVT0006,EVT0006-FC02,24.0,2,2026-01-09T04:39:11Z,35.878758,21.986674
EVT0006,EVT0006-FC02,24.0,2,2026-01-09T04:39:11Z,36.200163,22.621534
EVT0006,EVT0006-FC02,24.0,2,2026-01-09T04:39:11Z,36.43505,22.357832
EVT0006,EVT0006-FC02,24.0,2,2026-01-09T04:39:11Z,36.304903,21.721972
EVT0006,EVT0006-FC02,24.0,2,2026-01-09T04:39:11Z,36.59837,21.664705
EVT0006,EVT0006-FC02,24.0,2,2026-01-09T04:39:11Z,36.329328,22.521914
EVT0006,EVT0006-FC02,24.0,2,2026-01-09T04:39:11Z,36.232374,21.82427
EVT0006,EVT0006-FC02,24.0,2,2026-01-09T04:39:11Z,36.602195,21.995818
EVT0006,EVT0006-FC02,24.0,2,2026-01-09T04:39:11Z,36.413293,21.955818
EVT0006,EVT0006-FC02,24.0,2,2026-01-09T04:39:11Z,36.012315,22.32482
EVT0006,EVT0006-FC02,24.0,2,2026-01-09T04:39:11Z,36.419773,21.935462
EVT0006,EVT0006-FC02,24.0,2,2026-01-09T04:39:11Z,36.442093,21.654221
EVT0006,EVT0006-FC02,24.0,2,2026-01-09T04:39:11Z,36.522243,21.743326
EVT0006,EVT0006-FC02,24.0,2,2026-01-09T04:39:11Z,36.482764,22.169169
EVT0006,EVT0006-FC02,24.0,2,2026-01-09T04:39:11Z,36.567767,21.983606
EVT0006,EVT0006-FC02,48.0,2,2026-01-10T04:39:11Z,36.400201,23.213326
EVT0006,EVT0006-FC02,48.0,2,2026-01-10T04:39:11Z,36.970072,22.658447
EVT0006,EVT0006-FC02,48.0,2,2026-01-10T04:39:11Z,36.199557,21.491091
EVT0006,EVT0006-FC02,48.0,2,2026-01-10T04:39:11Z,36.460699,22.638428
EVT0006,EVT0006-FC02,48.0,2,2026-01-10T04:39:11Z,36.907585,22.47269
EVT0006,EVT0006-FC02,48.0,2,2026-01-10T04:39:11Z,36.612709,22.486515
EVT0006,EVT0006-FC02,48.0,2,2026-01-10T04:39:11Z,36.289325,22.624679
EVT0006,EVT0006-FC02,48.0,2,2026-01-10T04:39:11Z,35.932914,22.14038
EVT0006,EVT0006-FC02,48.0,2,2026-01-10T04:39:11Z,36.506155,21.575046
EVT0006,EVT0006-FC02,48.0,2,2026-01-10T04:39:11Z,37.618247,22.477174
EVT0006,EVT0006-FC02,48.0,2,2026-01-10T04:39:11Z,36.600068,22.082663
EVT0006,EVT0006-FC02,48.0,2,2026-01-10T04:39:11Z,37.050716,21.322989
EVT0006,EVT0006-FC02,48.0,2,2026-01-10T04:39:11Z,37.102427,21.668591
EVT0006,EVT0006-FC02,48.0,2,2026-01-10T04:39:11Z,36.450732,23.100591
EVT0006,EVT0006-FC02,48.0,2,2026-01-10T04:39:11Z,36.474827,22.092131
EVT0006,EVT0006-FC02,48.0,2,2026-01-10T04:39:11Z,36.314825,22.249535
EVT0006,EVT0006-FC02,48.0,2,2026-01-10T04:39:11Z,36.616997,22.098323
EVT0006,EVT0006-FC02,48.0,2,2026-01-10T04:39:11Z,37.097795,22.682553
EVT0006,EVT0006-FC02,48.0,2,2026-01-10T04:39:11Z,36.894811,22.374598
EVT0006,EVT0006-FC02,48.0,2,2026-01-10T04:39:11Z,36.775444,22.357405
EVT0006,EVT0006-FC02,48.0,2,2026-01-10T04:39:11Z,36.822759,22.439741
EVT0006,EVT0006-FC02,48.0,2,2026-01-10T04:39:11Z,36.138951,21.982113
EVT0006,EVT0006-FC02,48.0,2,2026-01-10T04:39:11Z,36.507281,21.923617
EVT0006,EVT0006-FC02,48.0,2,2026-01-10T04:39:11Z,37.439004,21.579239
EVT0006,EVT0006-FC02,48.0,2,2026-01-10T04:39:11Z,37.060453,22.85425
EVT0006,EVT0006-FC02,48.0,2,2026-01-10T04:39:11Z,37.11903,22.670495
EVT0006,EVT0006-FC02,48.0,2,2026-01-10T04:39:11Z,36.484041,21.883958
EVT0006,EVT0006-FC02,48.0,2,2026-01-10T04:39:11Z,37.0487,22.661586
EVT0006,EVT0006-FC02,48.0,2,2026-01-10T04:39:11Z,36.62616,22.066608
EVT0006,EVT0006-FC02,48.0,2,2026-01-10T04:39:11Z,36.924951,22.711759
EVT0006,EVT0006-FC02,48.0,2,2026-01-10T04:39:11Z,36.7344,22.300572
EVT0006,EVT0006-FC02,48.0,2,2026-01-10T04:39:11Z,36.716114,22.287857
EVT0006,EVT0006-FC02,48.0,2,2026-01-10T04:39:11Z,35.91548,21.187233
EVT0006,EVT0006-FC02,48.0,2,2026-01-10T04:39:11Z,37.180593,22.883372
EVT0006,EVT0006-FC02,48.0,2,2026-01-10T04:39:11Z,36.43723,21.938503
EVT0006,EVT0006-FC02,48.0,2,2026-01-10T04:39:11Z,37.161723,23.186477
EVT0006,EVT0006-FC02,48.0,2,2026-01-10T04:39:11Z,36.750719,22.585593
EVT0006,EVT0006-FC02,48.0,2,2026-01-10T04:39:11Z,36.838866,22.716616
EVT0006,EVT0006-FC02,48.0,2,2026-01-10T04:39:11Z,36.706264,22.425112
EVT0006,EVT0006-FC02,48.0,2,2026-01-10T04:39:11Z,36.940809,22.099825
EVT0006,EVT0006-FC02,72.0,2,2026-01-11T04:39:11Z,36.722524,21.800577
EVT0006,EVT0006-FC02,72.0,2,2026-01-11T04:39:11Z,36.934748,22.819239
EVT0006,EVT0006-FC02,72.0,2,2026-01-11T04:39:11Z,36.517768,21.953069
EVT0006,EVT0006-FC02,72.0,2,2026-01-11T04:39:11Z,36.847048,22.56359
EVT0006,EVT0006-FC02,72.0,2,2026-01-11T04:39:11Z,37.027143,22.590417
EVT0006,EVT0006-FC02,72.0,2,2026-01-11T04:39:11Z,36.925436,22.554024
EVT0006,EVT0006-FC02,72.0,2,2026-01-11T04:39:11Z,36.342378,22.777734
EVT0006,EVT0006-FC02,72.0,2,2026-01-11T04:39:11Z,36.45063,23.110123
EVT0006,EVT0006-FC02,72.0,2,2026-01-11T04:39:11Z,37.743244,22.699425
EVT0006,EVT0006-FC02,72.0,2,2026-01-11T04:39:11Z,36.706372,22.176963
EVT0006,EVT0006-FC02,72.0,2,2026-01-11T04:39:11Z,38.149223,21.652408
EVT0006,EVT0006-FC02,72.0,2,2026-01-11T04:39:11Z,36.986142,21.573047
EVT0006,EVT0006-FC02,72.0,2,2026-01-11T04:39:11Z,37.558349,22.186876
EVT0006,EVT0006-FC02,72.0,2,2026-01-11T04:39:11Z,37.048228,21.564998
EVT0006,EVT0006-FC02,72.0,2,2026-01-11T04:39:11Z,36.827367,22.662773
EVT0006,EVT0006-FC02,72.0,2,2026-01-11T04:39:11Z,36.926686,22.015224
EVT0006,EVT0006-FC02,72.0,2,2026-01-11T04:39:11Z,37.379999,23.353827
EVT0006,EVT0006-FC02,72.0,2,2026-01-11T04:39:11Z,37.369042,22.917759
EVT0006,EVT0006-FC02,72.0,2,2026-01-11T04:39:11Z,37.356902,23.038035
EVT0006,EVT0006-FC02,72.0,2,2026-01-11T04:39:11Z,36.581997,22.698152
EVT0006,EVT0006-FC02,72.0,2,2026-01-11T04:39:11Z,37.077091,22.388633
EVT0006,EVT0006-FC02,72.0,2,2026-01-11T04:39:11Z,37.771237,21.363245
EVT0006,EVT0006-FC02,72.0,2,2026-01-11T04:39:11Z,37.825023,22.801926
EVT0006,EVT0006-FC02,72.0,2,2026-01-11T04:39:11Z,36.998736,22.419528
EVT0006,EVT0006-FC02,72.0,2,2026-01-11T04:39:11Z,37.199373,21.531496
EVT0006,EVT0006-FC02,72.0,2,2026-01-11T04:39:11Z,36.963976,22.396948
EVT0006,EVT0006-FC02,72.0,2,2026-01-11T04:39:11Z,36.889919,22.548129
EVT0006,EVT0006-FC02,72.0,2,2026-01-11T04:39:11Z,37.428261,21.872392
EVT0006,EVT0006-FC02,72.0,2,2026-01-11T04:39:11Z,36.956537,23.072535
EVT0006,EVT0006-FC02,72.0,2,2026-01-11T04:39:11Z,36.889411,22.502948
EVT0006,EVT0006-FC02,72.0,2,2026-01-11T04:39:11Z,36.516341,22.044311
EVT0006,EVT0006-FC02,72.0,2,2026-01-11T04:39:11Z,37.141403,22.872264
EVT0006,EVT0006-FC02,72.0,2,2026-01-11T04:39:11Z,36.901454,22.205971
EVT0006,EVT0006-FC02,72.0,2,2026-01-11T04:39:11Z,37.816915,22.938919
EVT0006,EVT0006-FC02,72.0,2,2026-01-11T04:39:11Z,36.958097,22.758535
EVT0006,EVT0006-FC02,72.0,2,2026-01-11T04:39:11Z,36.881958,21.812688
EVT0006,EVT0006-FC02,72.0,2,2026-01-11T04:39:11Z,36.030923,22.133667
EVT0006,EVT0006-FC02,72.0,2,2026-01-11T04:39:11Z,36.798911,22.383199
EVT0006,EVT0006-FC02,72.0,2,2026-01-11T04:39:11Z,37.313021,21.885103
EVT0006,EVT0006-FC02,72.0,2,2026-01-11T04:39:11Z,36.784298,22.394841
EVT0006,EVT0006-FC02,12.0,3,2026-01-08T16:39:11Z,36.293721,22.171644
EVT0006,EVT0006-FC02,12.0,3,2026-01-08T16:39:11Z,36.445394,22.163921
EVT0006,EVT0006-FC02,12.0,3,2026-01-08T16:39:11Z,36.338111,22.118278
EVT0006,EVT0006-FC02,12.0,3,2026-01-08T16:39:11Z,35.62256,21.825654
EVT0006,EVT0006-FC02,12.0,3,2026-01-08T16:39:11Z,35.726764,21.657704
EVT0006,EVT0006-FC02,12.0,3,2026-01-08T16:39:11Z,36.298929,22.294812
EVT0006,EVT0006-FC02,12.0,3,2026-01-08T16:39:11Z,36.621429,22.363861
EVT0006,EVT0006-FC02,12.0,3,2026-01-08T16:39:11Z,36.188563,22.018362
EVT0006,EVT0006-FC02,12.0,3,2026-01-08T16:39:11Z,36.466759,22.138295
EVT0006,EVT0006-FC02,12.0,3,2026-01-08T16:39:11Z,36.294819,22.049097
EVT0006,EVT0006-FC02,12.0,3,2026-01-08T16:39:11Z,35.923476,21.969338
EVT0006,EVT0006-FC02,12.0,3,2026-01-08T16:39:11Z,36.291963,22.262921
EVT0006,EVT0006-FC02,12.0,3,2026-01-08T16:39:11Z,36.161083,22.182383
EVT0006,EVT0006-FC02,12.0,3,2026-01-08T16:39:11Z,36.414759,22.096559
EVT0006,EVT0006-FC02,12.0,3,2026-01-08T16:39:11Z,36.363614,22.26444
EVT0006,EVT0006-FC02,12.0,3,2026-01-08T16:39:11Z,36.388912,22.084118
EVT0006,EVT0006-FC02,12.0,3,2026-01-08T16:39:11Z,36.260903,21.971151
EVT0006,EVT0006-FC02,12.0,3,2026-01-08T16:39:11Z,36.586409,22.023142
EVT0006,EVT0006-FC02,12.0,3,2026-01-08T16:39:11Z,36.382988,22.14672
EVT0006,EVT0006-FC02,12.0,3,2026-01-08T16:39:11Z,36.519742,22.202044
EVT0006,EVT0006-FC02,12.0,3,2026-01-08T16:39:11Z,36.126191,21.836534
EVT0006,EVT0006-FC02,12.0,3,2026-01-08T16:39:11Z,36.483562,22.153313
EVT0006,EVT0006-FC02,12.0,3,2026-01-08T16:39:11Z,36.339254,22.277348
EVT0006,EVT0006-FC02,12.0,3,2026-01-08T16:39:11Z,36.125887,22.03169
EVT0006,EVT0006-FC02,12.0,3,2026-01-08T16:39:11Z,36.273289,22.019754
EVT0006,EVT0006-FC02,12.0,3,2026-01-08T16:39:11Z,36.506269,22.022167
EVT0006,EVT0006-FC02,12.0,3,2026-01-08T16:39:11Z,36.338789,22.123959
EVT0006,EVT0006-FC02,12.0,3,2026-01-08T16:39:11Z,36.012849,21.802578
EVT0006,EVT0006-FC02,12.0,3,2026-01-08T16:39:11Z,36.208232,22.332676
EVT0006,EVT0006-FC02,12.0,3,2026-01-08T16:39:11Z,36.357846,22.182986
EVT0006,EVT0006-FC02,12.0,3,2026-01-08T16:39:11Z,36.374079,22.323847
EVT0006,EVT0006-FC02,12.0,3,2026-01-08T16:39:11Z,36.336856,22.182823
EVT0006,EVT0006-FC02,12.0,3,2026-01-08T16:39:11Z,36.377143,21.846895
EVT0006,EVT0006-FC02,12.0,3,2026-01-08T16:39:11Z,36.423693,22.260333
EVT0006,EVT0006-FC02,12.0,3,2026-01-08T16:39:11Z,36.516272,22.069697
EVT0006,EVT0006-FC02,12.0,3,2026-01-08T16:39:11Z,36.170855,22.339414
EVT0006,EVT0006-FC02,12.0,3,2026-01-08T16:39:11Z,36.611255,22.022741
EVT0006,EVT0006-FC02,12.0,3,2026-01-08T16:39:11Z,36.019389,22.313058
EVT0006,EVT0006-FC02,12.0,3,2026-01-08T16:39:11Z,36.247341,21.70244
EVT0006,EVT0006-FC02,12.0,3,2026-01-08T16:39:11Z,36.337858,22.018227
EVT0006,EVT0006-FC02,24.0,3,2026-01-09T04:39:11Z,36.453139,22.416686
EVT0006,EVT0006-FC02,24.0,3,2026-01-09T04:39:11Z,36.186668,22.269032
EVT0006,EVT0006-FC02,24.0,3,2026-01-09T04:39:11Z,36.541058,22.164891
EVT0006,EVT0006-FC02,24.0,3,2026-01-09T04:39:11Z,36.255577,22.038184
EVT0006,EVT0006-FC02,24.0,3,2026-01-09T04:39:11Z,36.465173,22.216864
EVT0006,EVT0006-FC02,24.0,3,2026-01-09T04:39:11Z,36.283323,21.697381
EVT0006,EVT0006-FC02,24.0,3,2026-01-09T04:39:11Z,36.115994,22.268183
EVT0006,EVT0006-FC02,24.0,3,2026-01-09T04:39:11Z,35.715703,22.198974
EVT0006,EVT0006-FC02,24.0,3,2026-01-09T04:39:11Z,36.057146,22.637532
EVT0006,EVT0006-FC02,24.0,3,2026-01-09T04:39:11Z,36.538286,21.982829
EVT0006,EVT0006-FC02,24.0,3,2026-01-09T04:39:11Z,36.499185,21.935432
EVT0006,EVT0006-FC02,24.0,3,2026-01-09T04:39:11Z,36.168007,22.623375
EVT0006,EVT0006-FC02,24.0,3,2026-01-09T04:39:11Z,35.744659,21.820197
EVT0006,EVT0006-FC02,24.0,3,2026-01-09T04:39:11Z,36.015255,22.218928
EVT0006,EVT0006-FC02,24.0,3,2026-01-09T04:39:11Z,35.92334,22.289105
EVT0006,EVT0006-FC02,24.0,3,2026-01-09T04:39:11Z,36.107795,21.887808
EVT0006,EVT0006-FC02,24.0,3,2026-01-09T04:39:11Z,36.502315,21.678717
EVT0006,EVT0006-FC02,24.0,3,2026-01-09T04:39:11Z,36.360479,22.208593
EVT0006,EVT0006-FC02,24.0,3,2026-01-09T04:39:11Z,36.278228,22.185842
EVT0006,EVT0006-FC02,24.0,3,2026-01-09T04:39:11Z,36.122189,22.652084
EVT0006,EVT0006-FC02,24.0,3,2026-01-09T04:39:11Z,36.385346,21.957122
EVT0006,EVT0006-FC02,24.0,3,2026-01-09T04:39:11Z,36.881996,23.035747
EVT0006,EVT0006-FC02,24.0,3,2026-01-09T04:39:11Z,36.493541,21.943431
EVT0006,EVT0006-FC02,24.0,3,2026-01-09T04:39:11Z,36.881943,22.385847
EVT0006,EVT0006-FC02,24.0,3,2026-01-09T04:39:11Z,36.601236,22.277277
EVT0006,EVT0006-FC02,24.0,3,2026-01-09T04:39:11Z,36.486409,22.209437
EVT0006,EVT0006-FC02,24.0,3,2026-01-09T04:39:11Z,36.476728,22.320588
EVT0006,EVT0006-FC02,24.0,3,2026-01-09T04:39:11Z,36.48691,22.061261
EVT0006,EVT0006-FC02,24.0,3,2026-01-09T04:39:11Z,35.906537,22.296252
EVT0006,EVT0006-FC02,24.0,3,2026-01-09T04:39:11Z,36.302601,21.797724
EVT0006,EVT0006-FC02,24.0,3,2026-01-09T04:39:11Z,36.157136,22.532535
EVT0006,EVT0006-FC02,24.0,3,2026-01-09T04:39:11Z,35.923841,21.546493
EVT0006,EVT0006-FC02,24.0,3,2026-01-09T04:39:11Z,36.691623,22.55858
EVT0006,EVT0006-FC02,24.0,3,2026-01-09T04:39:11Z,35.946071,21.636179
EVT0006,EVT0006-FC02,24.0,3,2026-01-09T04:39:11Z,36.436301,21.927443
EVT0006,EVT0006-FC02,24.0,3,2026-01-09T04:39:11Z,36.444956,22.15577
EVT0006,EVT0006-FC02,24.0,3,2026-01-09T04:39:11Z,36.252281,21.876287
EVT0006,EVT0006-FC02,24.0,3,2026-01-09T04:39:11Z,36.561292,22.122894
EVT0006,EVT0006-FC02,24.0,3,2026-01-09T04:39:11Z,36.585622,21.868247
EVT0006,EVT0006-FC02,24.0,3,2026-01-09T04:39:11Z,36.435189,22.135303
EVT0006,EVT0006-FC02,48.0,3,2026-01-10T04:39:11Z,36.469831,21.852503
EVT0006,EVT0006-FC02,48.0,3,2026-01-10T04:39:11Z,36.976501,22.977712
EVT0006,EVT0006-FC02,48.0,3,2026-01-10T04:39:11Z,36.641595,21.942052
EVT0006,EVT0006-FC02,48.0,3,2026-01-10T04:39:11Z,36.518321,21.976323
EVT0006,EVT0006-FC02,48.0,3,2026-01-10T04:39:11Z,36.806177,21.462473
EVT0006,EVT0006-FC02,48.0,3,2026-01-10T04:39:11Z,36.247181,22.895556
EVT0006,EVT0006-FC02,48.0,3,2026-01-10T04:39:11Z,36.741281,22.259481
EVT0006,EVT0006-FC02,48.0,3,2026-01-10T04:39:11Z,36.870938,22.612159
EVT0006,EVT0006-FC02,48.0,3,2026-01-10T04:39:11Z,36.97184,22.553676
EVT0006,EVT0006-FC02,48.0,3,2026-01-10T04:39:11Z,36.641193,22.081519
EVT0006,EVT0006-FC02,48.0,3,2026-01-10T04:39:11Z,36.612655,21.901702
EVT0006,EVT0006-FC02,48.0,3,2026-01-10T04:39:11Z,36.616483,22.363518
EVT0006,EVT0006-FC02,48.0,3,2026-01-10T04:39:11Z,36.611639,21.975794
EVT0006,EVT0006-FC02,48.0,3,2026-01-10T04:39:11Z,35.850707,22.583297
EVT0006,EVT0006-FC02,48.0,3,2026-01-10T04:39:11Z,36.016097,22.609472
EVT0006,EVT0006-FC02,48.0,3,2026-01-10T04:39:11Z,36.933714,22.637309
EVT0006,EVT0006-FC02,48.0,3,2026-01-10T04:39:11Z,36.65279,22.2167
EVT0006,EVT0006-FC02,48.0,3,2026-01-10T04:39:11Z,36.601329,22.327781
EVT0006,EVT0006-FC02,48.0,3,2026-01-10T04:39:11Z,36.426916,22.431881
EVT0006,EVT0006-FC02,48.0,3,2026-01-10T04:39:11Z,37.086044,23.044498
EVT0006,EVT0006-FC02,48.0,3,2026-01-10T04:39:11Z,36.844518,22.41506
EVT0006,EVT0006-FC02,48.0,3,2026-01-10T04:39:11Z,37.264987,23.182913
EVT0006,EVT0006-FC02,48.0,3,2026-01-10T04:39:11Z,36.522134,21.83511
EVT0006,EVT0006-FC02,48.0,3,2026-01-10T04:39:11Z,36.741941,22.837274
EVT0006,EVT0006-FC02,48.0,3,2026-01-10T04:39:11Z,37.186797,22.973201
EVT0006,EVT0006-FC02,48.0,3,2026-01-10T04:39:11Z,36.994271,22.493297
EVT0006,EVT0006-FC02,48.0,3,2026-01-10T04:39:11Z,36.947845,22.347181
EVT0006,EVT0006-FC02,48.0,3,2026-01-10T04:39:11Z,35.861571,21.794627
EVT0006,EVT0006-FC02,48.0,3,2026-01-10T04:39:11Z,37.001131,22.49549
EVT0006,EVT0006-FC02,48.0,3,2026-01-10T04:39:11Z,35.985287,22.305931
EVT0006,EVT0006-FC02,48.0,3,2026-01-10T04:39:11Z,35.62725,22.719723
EVT0006,EVT0006-FC02,48.0,3,2026-01-10T04:39:11Z,36.47533,22.817384
EVT0006,EVT0006-FC02,48.0,3,2026-01-10T04:39:11Z,36.931748,22.480275
EVT0006,EVT0006-FC02,48.0,3,2026-01-10T04:39:11Z,37.162493,21.65586
EVT0006,EVT0006-FC02,48.0,3,2026-01-10T04:39:11Z,36.467422,22.192787
EVT0006,EVT0006-FC02,48.0,3,2026-01-10T04:39:11Z,37.025633,22.618808
EVT0006,EVT0006-FC02,48.0,3,2026-01-10T04:39:11Z,36.130617,22.57815
EVT0006,EVT0006-FC02,48.0,3,2026-01-10T04:39:11Z,36.845502,22.542232
EVT0006,EVT0006-FC02,48.0,3,2026-01-10T04:39:11Z,37.166314,21.363806
EVT0006,EVT0006-FC02,48.0,3,2026-01-10T04:39:11Z,36.831028,22.504384
EVT0006,EVT0006-FC02,72.0,3,2026-01-11T04:39:11Z,36.937539,22.219288
EVT0006,EVT0006-FC02,72.0,3,2026-01-11T04:39:11Z,37.06222,21.656906
EVT0006,EVT0006-FC02,72.0,3,2026-01-11T04:39:11Z,37.336125,22.644732
EVT0006,EVT0006-FC02,72.0,3,2026-01-11T04:39:11Z,38.021912,21.849963
EVT0006,EVT0006-FC02,72.0,3,2026-01-11T04:39:11Z,37.035236,21.644359
EVT0006,EVT0006-FC02,72.0,3,2026-01-11T04:39:11Z,37.185923,22.963161
EVT0006,EVT0006-FC02,72.0,3,2026-01-11T04:39:11Z,36.08639,22.451893
EVT0006,EVT0006-FC02,72.0,3,2026-01-11T04:39:11Z,37.35381,23.269386
EVT0006,EVT0006-FC02,72.0,3,2026-01-11T04:39:11Z,36.312332,22.877555
EVT0006,EVT0006-FC02,72.0,3,2026-01-11T04:39:11Z,36.85445,22.52275
EVT0006,EVT0006-FC02,72.0,3,2026-01-11T04:39:11Z,36.341596,21.647565
EVT0006,EVT0006-FC02,72.0,3,2026-01-11T04:39:11Z,36.454206,21.764429
EVT0006,EVT0006-FC02,72.0,3,2026-01-11T04:39:11Z,37.034961,22.695391
EVT0006,EVT0006-FC02,72.0,3,2026-01-11T04:39:11Z,37.33616,21.730738
EVT0006,EVT0006-FC02,72.0,3,2026-01-11T04:39:11Z,36.758802,23.580573
EVT0006,EVT0006-FC02,72.0,3,2026-01-11T04:39:11Z,36.649491,21.766712
EVT0006,EVT0006-FC02,72.0,3,2026-01-11T04:39:11Z,37.067845,21.383085
EVT0006,EVT0006-FC02,72.0,3,2026-01-11T04:39:11Z,36.888324,22.398857
EVT0006,EVT0006-FC02,72.0,3,2026-01-11T04:39:11Z,37.23502,21.756483
EVT0006,EVT0006-FC02,72.0,3,2026-01-11T04:39:11Z,36.423425,22.255799
EVT0006,EVT0006-FC02,72.0,3,2026-01-11T04:39:11Z,36.933394,22.093628
EVT0006,EVT0006-FC02,72.0,3,2026-01-11T04:39:11Z,36.937257,22.806522
EVT0006,EVT0006-FC02,72.0,3,2026-01-11T04:39:11Z,37.167821,23.100241
EVT0006,EVT0006-FC02,72.0,3,2026-01-11T04:39:11Z,36.944753,22.55383
EVT0006,EVT0006-FC02,72.0,3,2026-01-11T04:39:11Z,36.645779,21.111112
EVT0006,EVT0006-FC02,72.0,3,2026-01-11T04:39:11Z,36.391803,23.08961
EVT0006,EVT0006-FC02,72.0,3,2026-01-11T04:39:11Z,37.289685,22.402458
EVT0006,EVT0006-FC02,72.0,3,2026-01-11T04:39:11Z,36.655158,21.981101
EVT0006,EVT0006-FC02,72.0,3,2026-01-11T04:39:11Z,37.28786,21.286066
EVT0006,EVT0006-FC02,72.0,3,2026-01-11T04:39:11Z,35.471562,23.319111
EVT0006,EVT0006-FC02,72.0,3,2026-01-11T04:39:11Z,36.844987,22.047899
EVT0006,EVT0006-FC02,72.0,3,2026-01-11T04:39:11Z,37.173966,22.92711
EVT0006,EVT0006-FC02,72.0,3,2026-01-11T04:39:11Z,36.878239,22.59178
EVT0006,EVT0006-FC02,72.0,3,2026-01-11T04:39:11Z,37.163576,22.504108
EVT0006,EVT0006-FC02,72.0,3,2026-01-11T04:39:11Z,36.550018,22.73135
EVT0006,EVT0006-FC02,72.0,3,2026-01-11T04:39:11Z,37.391405,21.793666
EVT0006,EVT0006-FC02,72.0,3,2026-01-11T04:39:11Z,37.172774,22.107494
EVT0006,EVT0006-FC02,72.0,3,2026-01-11T04:39:11Z,37.180073,22.937782
EVT0006,EVT0006-FC02,72.0,3,2026-01-11T04:39:11Z,37.479152,23.37736
EVT0006,EVT0006-FC02,72.0,3,2026-01-11T04:39:11Z,37.270927,21.9949
EVT0006,EVT0006-FC02,12.0,4,2026-01-08T16:39:11Z,36.349832,22.569006
EVT0006,EVT0006-FC02,12.0,4,2026-01-08T16:39:11Z,36.363535,21.989936
EVT0006,EVT0006-FC02,12.0,4,2026-01-08T16:39:11Z,36.04104,21.844455
EVT0006,EVT0006-FC02,12.0,4,2026-01-08T16:39:11Z,36.28234,21.905824
EVT0006,EVT0006-FC02,12.0,4,2026-01-08T16:39:11Z,36.372825,22.062432
EVT0006,EVT0006-FC02,12.0,4,2026-01-08T16:39:11Z,36.116282,21.978461
EVT0006,EVT0006-FC02,12.0,4,2026-01-08T16:39:11Z,36.557056,22.433134
EVT0006,EVT0006-FC02,12.0,4,2026-01-08T16:39:11Z,36.302008,22.136718
EVT0006,EVT0006-FC02,12.0,4,2026-01-08T16:39:11Z,36.510527,22.385333
EVT0006,EVT0006-FC02,12.0,4,2026-01-08T16:39:11Z,36.419119,22.423444
EVT0006,EVT0006-FC02,12.0,4,2026-01-08T16:39:11Z,36.261608,22.100904
EVT0006,EVT0006-FC02,12.0,4,2026-01-08T16:39:11Z,36.259414,22.02685
EVT0006,EVT0006-FC02,12.0,4,2026-01-08T16:39:11Z,36.315883,22.335848
EVT0006,EVT0006-FC02,12.0,4,2026-01-08T16:39:11Z,36.431433,22.222171
EVT0006,EVT0006-FC02,12.0,4,2026-01-08T16:39:11Z,36.303989,22.139236
EVT0006,EVT0006-FC02,12.0,4,2026-01-08T16:39:11Z,35.770011,21.885917
EVT0006,EVT0006-FC02,12.0,4,2026-01-08T16:39:11Z,35.980041,21.694681
EVT0006,EVT0006-FC02,12.0,4,2026-01-08T16:39:11Z,36.246734,21.94224
EVT0006,EVT0006-FC02,12.0,4,2026-01-08T16:39:11Z,36.547544,22.118301
EVT0006,EVT0006-FC02,12.0,4,2026-01-08T16:39:11Z,36.422589,22.168846
EVT0006,EVT0006-FC02,12.0,4,2026-01-08T16:39:11Z,36.309939,22.252756
EVT0006,EVT0006-FC02,12.0,4,2026-01-08T16:39:11Z,36.437255,22.333195
EVT0006,EVT0006-FC02,12.0,4,2026-01-08T16:39:11Z,36.330464,22.064556
EVT0006,EVT0006-FC02,12.0,4,2026-01-08T16:39:11Z,36.255733,21.713532
EVT0006,EVT0006-FC02,12.0,4,2026-01-08T16:39:11Z,36.370393,22.150647
EVT0006,EVT0006-FC02,12.0,4,2026-01-08T16:39:11Z,35.990978,22.144845
EVT0006,EVT0006-FC02,12.0,4,2026-01-08T16:39:11Z,36.6356,22.453314
EVT0006,EVT0006-FC02,12.0,4,2026-01-08T16:39:11Z,36.168562,22.181632
EVT0006,EVT0006-FC02,12.0,4,2026-01-08T16:39:11Z,36.232247,22.012383
EVT0006,EVT0006-FC02,12.0,4,2026-01-08T16:39:11Z,36.328148,22.064272
EVT0006,EVT0006-FC02,12.0,4,2026-01-08T16:39:11Z,36.355909,22.071052
EVT0006,EVT0006-FC02,12.0,4,2026-01-08T16:39:11Z,35.859765,21.738556
EVT0006,EVT0006-FC02,12.0,4,2026-01-08T16:39:11Z,36.375361,21.969762
EVT0006,EVT0006-FC02,12.0,4,2026-01-08T16:39:11Z,36.383817,22.026334
EVT0006,EVT0006-FC02,12.0,4,2026-01-08T16:39:11Z,36.343155,22.025911
EVT0006,EVT0006-FC02,12.0,4,2026-01-08T16:39:11Z,35.945951,21.895728
EVT0006,EVT0006-FC02,12.0,4,2026-01-08T16:39:11Z,36.469557,22.215653
EVT0006,EVT0006-FC02,12.0,4,2026-01-08T16:39:11Z,36.139807,21.944861
EVT0006,EVT0006-FC02,12.0,4,2026-01-08T16:39:11Z,36.431696,22.033465
EVT0006,EVT0006-FC02,12.0,4,2026-01-08T16:39:11Z,36.421988,22.162615
EVT0006,EVT0006-FC02,24.0,4,2026-01-09T04:39:11Z,36.563619,22.195882
EVT0006,EVT0006-FC02,24.0,4,2026-01-09T04:39:11Z,36.187057,22.031519
EVT0006,EVT0006-FC02,24.0,4,2026-01-09T04:39:11Z,36.828261,22.60548
EVT0006,EVT0006-FC02,24.0,4,2026-01-09T04:39:11Z,36.505194,22.843161
EVT0006,EVT0006-FC02,24.0,4,2026-01-09T04:39:11Z,36.301392,22.828948
EVT0006,EVT0006-FC02,24.0,4,2026-01-09T04:39:11Z,36.425943,22.241769
EVT0006,EVT0006-FC02,24.0,4,2026-01-09T04:39:11Z,36.422232,22.087846
EVT0006,EVT0006-FC02,24.0,4,2026-01-09T04:39:11Z,36.450448,22.177386
EVT0006,EVT0006-FC02,24.0,4,2026-01-09T04:39:11Z,36.615756,22.18873
EVT0006,EVT0006-FC02,24.0,4,2026-01-09T04:39:11Z,35.995511,21.91874
EVT0006,EVT0006-FC02,24.0,4,2026-01-09T04:39:11Z,36.261149,21.815003
EVT0006,EVT0006-FC02,24.0,4,2026-01-09T04:39:11Z,36.502387,22.610587
EVT0006,EVT0006-FC02,24.0,4,2026-01-09T04:39:11Z,36.513727,21.985966
EVT0006,EVT0006-FC02,24.0,4,2026-01-09T04:39:11Z,36.247949,21.938469
EVT0006,EVT0006-FC02,24.0,4,2026-01-09T04:39:11Z,36.436058,22.478655
EVT0006,EVT0006-FC02,24.0,4,2026-01-09T04:39:11Z,36.894123,22.472691
EVT0006,EVT0006-FC02,24.0,4,2026-01-09T04:39:11Z,36.19083,22.530833
EVT0006,EVT0006-FC02,24.0,4,2026-01-09T04:39:11Z,36.565261,22.009673
EVT0006,EVT0006-FC02,24.0,4,2026-01-09T04:39:11Z,36.581806,22.66575
EVT0006,EVT0006-FC02,24.0,4,2026-01-09T04:39:11Z,36.157071,22.427106
EVT0006,EVT0006-FC02,24.0,4,2026-01-09T04:39:11Z,36.751986,22.33697
EVT0006,EVT0006-FC02,24.0,4,2026-01-09T04:39:11Z,36.304986,22.134737
EVT0006,EVT0006-FC02,24.0,4,2026-01-09T04:39:11Z,36.175925,22.052836
EVT0006,EVT0006-FC02,24.0,4,2026-01-09T04:39:11Z,36.472664,22.010779
EVT0006,EVT0006-FC02,24.0,4,2026-01-09T04:39:11Z,36.527097,22.083913
EVT0006,EVT0006-FC02,24.0,4,2026-01-09T04:39:11Z,36.541791,22.201464
EVT0006,EVT0006-FC02,24.0,4,2026-01-09T04:39:11Z,36.531693,22.091168
EVT0006,EVT0006-FC02,24.0,4,2026-01-09T04:39:11Z,36.463259,21.996122
EVT0006,EVT0006-FC02,24.0,4,2026-01-09T04:39:11Z,36.679621,22.011139
EVT0006,EVT0006-FC02,24.0,4,2026-01-09T04:39:11Z,36.498167,22.349058
EVT0006,EVT0006-FC02,24.0,4,2026-01-09T04:39:11Z,36.529418,22.422351
EVT0006,EVT0006-FC02,24.0,4,2026-01-09T04:39:11Z,36.42413,22.138562
EVT0006,EVT0006-FC02,24.0,4,2026-01-09T04:39:11Z,36.240245,22.346438
EVT0006,EVT0006-FC02,24.0,4,2026-01-09T04:39:11Z,36.045373,22.323493
EVT0006,EVT0006-FC02,24.0,4,2026-01-09T04:39:11Z,36.788366,22.140633
EVT0006,EVT0006-FC02,24.0,4,2026-01-09T04:39:11Z,36.500571,21.889413
EVT0006,EVT0006-FC02,24.0,4,2026-01-09T04:39:11Z,36.350978,22.099689
EVT0006,EVT0006-FC02,24.0,4,2026-01-09T04:39:11Z,36.387205,22.271112
EVT0006,EVT0006-FC02,24.0,4,2026-01-09T04:39:11Z,36.167638,22.388696
EVT0006,EVT0006-FC02,24.0,4,2026-01-09T04:39:11Z,36.371218,22.040291
EVT0006,EVT0006-FC02,48.0,4,2026-01-10T04:39:11Z,35.880353,22.397826
EVT0006,EVT0006-FC02,48.0,4,2026-01-10T04:39:11Z,36.37471,22.413599
EVT0006,EVT0006-FC02,48.0,4,2026-01-10T04:39:11Z,36.712804,22.17787
EVT0006,EVT0006-FC02,48.0,4,2026-01-10T04:39:11Z,36.860325,22.265279
EVT0006,EVT0006-FC02,48.0,4,2026-01-10T04:39:11Z,36.65848,22.005332
EVT0006,EVT0006-FC02,48.0,4,2026-01-10T04:39:11Z,36.793393,22.402689
EVT0006,EVT0006-FC02,48.0,4,2026-01-10T04:39:11Z,36.85554,22.493663
EVT0006,EVT0006-FC02,48.0,4,2026-01-10T04:39:11Z,36.869545,22.251112
EVT0006,EVT0006-FC02,48.0,4,2026-01-10T04:39:11Z,36.345772,21.699843
EVT0006,EVT0006-FC02,48.0,4,2026-01-10T04:39:11Z,36.192475,21.766944
EVT0006,EVT0006-FC02,48.0,4,2026-01-10T04:39:11Z,37.166866,22.011575
EVT0006,EVT0006-FC02,48.0,4,2026-01-10T04:39:11Z,36.868936,22.846055
EVT0006,EVT0006-FC02,48.0,4,2026-01-10T04:39:11Z,36.996851,22.82652
EVT0006,EVT0006-FC02,48.0,4,2026-01-10T04:39:11Z,37.425071,22.034485
EVT0006,EVT0006-FC02,48.0,4,2026-01-10T04:39:11Z,36.234829,22.212287
EVT0006,EVT0006-FC02,48.0,4,2026-01-10T04:39:11Z,36.676191,22.483908
EVT0006,EVT0006-FC02,48.0,4,2026-01-10T04:39:11Z,36.527214,22.132438
EVT0006,EVT0006-FC02,48.0,4,2026-01-10T04:39:11Z,36.950651,22.37595
EVT0006,EVT0006-FC02,48.0,4,2026-01-10T04:39:11Z,36.42379,22.038247
EVT0006,EVT0006-FC02,48.0,4,2026-01-10T04:39:11Z,36.548661,22.087791
EVT0006,EVT0006-FC02,48.0,4,2026-01-10T04:39:11Z,37.257067,22.886452
EVT0006,EVT0006-FC02,48.0,4,2026-01-10T04:39:11Z,36.304638,21.877006
EVT0006,EVT0006-FC02,48.0,4,2026-01-10T04:39:11Z,37.002845,22.423366
EVT0006,EVT0006-FC02,48.0,4,2026-01-10T04:39:11Z,36.568424,22.890842
EVT0006,EVT0006-FC02,48.0,4,2026-01-10T04:39:11Z,37.255106,21.799917
EVT0006,EVT0006-FC02,48.0,4,2026-01-10T04:39:11Z,36.678563,21.894084
EVT0006,EVT0006-FC02,48.0,4,2026-01-10T04:39:11Z,36.928724,21.132447
EVT0006,EVT0006-FC02,48.0,4,2026-01-10T04:39:11Z,36.74505,21.941262
EVT0006,EVT0006-FC02,48.0,4,2026-01-10T04:39:11Z,36.125117,22.582735
EVT0006,EVT0006-FC02,48.0,4,2026-01-10T04:39:11Z,36.331405,22.237128
EVT0006,EVT0006-FC02,48.0,4,2026-01-10T04:39:11Z,36.689911,22.067247
EVT0006,EVT0006-FC02,48.0,4,2026-01-10T04:39:11Z,36.631117,22.22032
EVT0006,EVT0006-FC02,48.0,4,2026-01-10T04:39:11Z,36.558623,22.206454
EVT0006,EVT0006-FC02,48.0,4,2026-01-10T04:39:11Z,36.630798,21.831066
EVT0006,EVT0006-FC02,48.0,4,2026-01-10T04:39:11Z,36.908939,22.596168
EVT0006,EVT0006-FC02,48.0,4,2026-01-10T04:39:11Z,37.253192,21.98952
EVT0006,EVT0006-FC02,48.0,4,2026-01-10T04:39:11Z,36.749491,22.170753
EVT0006,EVT0006-FC02,48.0,4,2026-01-10T04:39:11Z,36.377357,23.224314
EVT0006,EVT0006-FC02,48.0,4,2026-01-10T04:39:11Z,36.324984,22.793824
EVT0006,EVT0006-FC02,48.0,4,2026-01-10T04:39:11Z,36.618955,22.269882
EVT0006,EVT0006-FC02,72.0,4,2026-01-11T04:39:11Z,36.668477,22.08916
EVT0006,EVT0006-FC02,72.0,4,2026-01-11T04:39:11Z,37.348014,21.977972
EVT0006,EVT0006-FC02,72.0,4,2026-01-11T04:39:11Z,36.586817,22.19731
EVT0006,EVT0006-FC02,72.0,4,2026-01-11T04:39:11Z,36.484139,21.280565
EVT0006,EVT0006-FC02,72.0,4,2026-01-11T04:39:11Z,37.015151,22.810606
EVT0006,EVT0006-FC02,72.0,4,2026-01-11T04:39:11Z,37.252739,23.065268
EVT0006,EVT0006-FC02,72.0,4,2026-01-11T04:39:11Z,37.467028,22.133245
EVT0006,EVT0006-FC02,72.0,4,2026-01-11T04:39:11Z,36.668673,21.734001
EVT0006,EVT0006-FC02,72.0,4,2026-01-11T04:39:11Z,36.528221,21.994582
EVT0006,EVT0006-FC02,72.0,4,2026-01-11T04:39:11Z,37.207974,23.03552
EVT0006,EVT0006-FC02,72.0,4,2026-01-11T04:39:11Z,37.383535,22.062108
EVT0006,EVT0006-FC02,72.0,4,2026-01-11T04:39:11Z,36.638509,21.909847
EVT0006,EVT0006-FC02,72.0,4,2026-01-11T04:39:11Z,36.77958,22.607067
EVT0006,EVT0006-FC02,72.0,4,2026-01-11T04:39:11Z,37.286253,22.024362
EVT0006,EVT0006-FC02,72.0,4,2026-01-11T04:39:11Z,36.562142,23.174662
EVT0006,EVT0006-FC02,72.0,4,2026-01-11T04:39:11Z,36.642321,22.344543
EVT0006,EVT0006-FC02,72.0,4,2026-01-11T04:39:11Z,37.093049,22.836048
EVT0006,EVT0006-FC02,72.0,4,2026-01-11T04:39:11Z,35.972612,21.781345
EVT0006,EVT0006-FC02,72.0,4,2026-01-11T04:39:11Z,36.532011,21.548899
EVT0006,EVT0006-FC02,72.0,4,2026-01-11T04:39:11Z,37.349134,22.303755
EVT0006,EVT0006-FC02,72.0,4,2026-01-11T04:39:11Z,37.177686,21.414935
EVT0006,EVT0006-FC02,72.0,4,2026-01-11T04:39:11Z,35.853161,21.615237
EVT0006,EVT0006-FC02,72.0,4,2026-01-11T04:39:11Z,36.140482,21.988372
EVT0006,EVT0006-FC02,72.0,4,2026-01-11T04:39:11Z,36.94441,21.221355
EVT0006,EVT0006-FC02,72.0,4,2026-01-11T04:39:11Z,36.570592,23.458664
EVT0006,EVT0006-FC02,72.0,4,2026-01-11T04:39:11Z,36.658916,21.925866
EVT0006,EVT0006-FC02,72.0,4,2026-01-11T04:39:11Z,37.070614,23.078662
EVT0006,EVT0006-FC02,72.0,4,2026-01-11T04:39:11Z,36.572149,21.63977
EVT0006,EVT0006-FC02,72.0,4,2026-01-11T04:39:11Z,36.668225,22.355647
EVT0006,EVT0006-FC02,72.0,4,2026-01-11T04:39:11Z,37.142367,21.706228
EVT0006,EVT0006-FC02,72.0,4,2026-01-11T04:39:11Z,36.555574,21.981089
EVT0006,EVT0006-FC02,72.0,4,2026-01-11T04:39:11Z,37.280294,22.522362
EVT0006,EVT0006-FC02,72.0,4,2026-01-11T04:39:11Z,37.240283,22.759224
EVT0006,EVT0006-FC02,72.0,4,2026-01-11T04:39:11Z,36.96437,22.372087
EVT0006,EVT0006-FC02,72.0,4,2026-01-11T04:39:11Z,36.810343,22.048397
EVT0006,EVT0006-FC02,72.0,4,2026-01-11T04:39:11Z,36.99301,21.621178
EVT0006,EVT0006-FC02,72.0,4,2026-01-11T04:39:11Z,36.908677,22.529394
EVT0006,EVT0006-FC02,72.0,4,2026-01-11T04:39:11Z,36.549029,22.026333
EVT0006,EVT0006-FC02,72.0,4,2026-01-11T04:39:11Z,37.062817,21.891743
EVT0006,EVT0006-FC02,72.0,4,2026-01-11T04:39:11Z,37.343492,22.10797
EVT0006,EVT0006-FC02,12.0,5,2026-01-08T16:39:11Z,36.381989,21.866677
EVT0006,EVT0006-FC02,12.0,5,2026-01-08T16:39:11Z,36.316548,22.059962
EVT0006,EVT0006-FC02,12.0,5,2026-01-08T16:39:11Z,36.442958,21.947107
EVT0006,EVT0006-FC02,12.0,5,2026-01-08T16:39:11Z,36.345858,22.164918
EVT0006,EVT0006-FC02,12.0,5,2026-01-08T16:39:11Z,36.335556,21.973884
EVT0006,EVT0006-FC02,12.0,5,2026-01-08T16:39:11Z,36.401656,22.078065
EVT0006,EVT0006-FC02,12.0,5,2026-01-08T16:39:11Z,35.845041,21.970836
EVT0006,EVT0006-FC02,12.0,5,2026-01-08T16:39:11Z,36.237421,22.408308
EVT0006,EVT0006-FC02,12.0,5,2026-01-08T16:39:11Z,36.290666,22.132588
EVT0006,EVT0006-FC02,12.0,5,2026-01-08T16:39:11Z,36.444093,22.119912
EVT0006,EVT0006-FC02,12.0,5,2026-01-08T16:39:11Z,36.422281,22.360777
EVT0006,EVT0006-FC02,12.0,5,2026-01-08T16:39:11Z,36.460606,22.180866
EVT0006,EVT0006-FC02,12.0,5,2026-01-08T16:39:11Z,36.106575,22.178165
EVT0006,EVT0006-FC02,12.0,5,2026-01-08T16:39:11Z,36.301641,21.961434
EVT0006,EVT0006-FC02,12.0,5,2026-01-08T16:39:11Z,36.35011,21.960589
EVT0006,EVT0006-FC02,12.0,5,2026-01-08T16:39:11Z,36.397649,22.13802
EVT0006,EVT0006-FC02,12.0,5,2026-01-08T16:39:11Z,36.413975,22.263613
EVT0006,EVT0006-FC02,12.0,5,2026-01-08T16:39:11Z,36.227812,21.926673
EVT0006,EVT0006-FC02,12.0,5,2026-01-08T16:39:11Z,36.313466,22.04261
EVT0006,EVT0006-FC02,12.0,5,2026-01-08T16:39:11Z,36.285748,22.162898
EVT0006,EVT0006-FC02,12.0,5,2026-01-08T16:39:11Z,36.414643,22.401472
EVT0006,EVT0006-FC02,12.0,5,2026-01-08T16:39:11Z,36.31601,22.109178
EVT0006,EVT0006-FC02,12.0,5,2026-01-08T16:39:11Z,36.258901,22.159942
EVT0006,EVT0006-FC02,12.0,5,2026-01-08T16:39:11Z,36.5004,22.393242
EVT0006,EVT0006-FC02,12.0,5,2026-01-08T16:39:11Z,36.399971,22.184382
EVT0006,EVT0006-FC02,12.0,5,2026-01-08T16:39:11Z,36.336858,21.898635
EVT0006,EVT0006-FC02,12.0,5,2026-01-08T16:39:11Z,36.345368,22.190355
EVT0006,EVT0006-FC02,12.0,5,2026-01-08T16:39:11Z,36.370639,22.343725
EVT0006,EVT0006-FC02,12.0,5,2026-01-08T16:39:11Z,36.317906,22.241515
EVT0006,EVT0006-FC02,12.0,5,2026-01-08T16:39:11Z,36.509179,22.251897
EVT0006,EVT0006-FC02,12.0,5,2026-01-08T16:39:11Z,36.12396,22.044396
EVT0006,EVT0006-FC02,12.0,5,2026-01-08T16:39:11Z,36.365734,22.391134
EVT0006,EVT0006-FC02,12.0,5,2026-01-08T16:39:11Z,36.265337,21.988118
EVT0006,EVT0006-FC02,12.0,5,2026-01-08T16:39:11Z,36.140323,22.045958
EVT0006,EVT0006-FC02,12.0,5,2026-01-08T16:39:11Z,36.261737,22.117664
EVT0006,EVT0006-FC02,12.0,5,2026-01-08T16:39:11Z,36.254033,22.185585
EVT0006,EVT0006-FC02,12.0,5,2026-01-08T16:39:11Z,36.259261,21.840888
EVT0006,EVT0006-FC02,12.0,5,2026-01-08T16:39:11Z,36.425436,22.131608
EVT0006,EVT0006-FC02,12.0,5,2026-01-08T16:39:11Z,36.006132,22.187532
EVT0006,EVT0006-FC02,12.0,5,2026-01-08T16:39:11Z,36.1404,21.799444
EVT0006,EVT0006-FC02,24.0,5,2026-01-09T04:39:11Z,36.533762,22.023027
EVT0006,EVT0006-FC02,24.0,5,2026-01-09T04:39:11Z,36.607866,22.281188
EVT0006,EVT0006-FC02,24.0,5,2026-01-09T04:39:11Z,36.482535,22.216611
EVT0006,EVT0006-FC02,24.0,5,2026-01-09T04:39:11Z,36.55189,21.768339
EVT0006,EVT0006-FC02,24.0,5,2026-01-09T04:39:11Z,35.917341,21.845696
EVT0006,EVT0006-FC02,24.0,5,2026-01-09T04:39:11Z,35.99812,21.672569
EVT0006,EVT0006-FC02,24.0,5,2026-01-09T04:39:11Z,36.794161,21.855455
EVT0006,EVT0006-FC02,24.0,5,2026-01-09T04:39:11Z,36.442252,22.444889
EVT0006,EVT0006-FC02,24.0,5,2026-01-09T04:39:11Z,36.535546,22.049816
EVT0006,EVT0006-FC02,24.0,5,2026-01-09T04:39:11Z,36.327161,22.835934
EVT0006,EVT0006-FC02,24.0,5,2026-01-09T04:39:11Z,36.489934,22.159024
EVT0006,EVT0006-FC02,24.0,5,2026-01-09T04:39:11Z,36.353824,22.513926
EVT0006,EVT0006-FC02,24.0,5,2026-01-09T04:39:11Z,36.16487,22.157729
EVT0006,EVT0006-FC02,24.0,5,2026-01-09T04:39:11Z,36.12039,21.828643
EVT0006,EVT0006-FC02,24.0,5,2026-01-09T04:39:11Z,36.459651,22.067417
EVT0006,EVT0006-FC02,24.0,5,2026-01-09T04:39:11Z,36.096025,22.604459
EVT0006,EVT0006-FC02,24.0,5,2026-01-09T04:39:11Z,36.428681,22.477682
EVT0006,EVT0006-FC02,24.0,5,2026-01-09T04:39:11Z,36.117924,22.294356
EVT0006,EVT0006-FC02,24.0,5,2026-01-09T04:39:11Z,36.706987,22.249632
EVT0006,EVT0006-FC02,24.0,5,2026-01-09T04:39:11Z,36.928525,22.303549
EVT0006,EVT0006-FC02,24.0,5,2026-01-09T04:39:11Z,36.561071,22.583529
EVT0006,EVT0006-FC02,24.0,5,2026-01-09T04:39:11Z,35.81034,22.516697
EVT0006,EVT0006-FC02,24.0,5,2026-01-09T04:39:11Z,36.638095,21.986197
EVT0006,EVT0006-FC02,24.0,5,2026-01-09T04:39:11Z,35.879486,22.639958
EVT0006,EVT0006-FC02,24.0,5,2026-01-09T04:39:11Z,36.336541,22.021426
EVT0006,EVT0006-FC02,24.0,5,2026-01-09T04:39:11Z,36.35338,21.672138
EVT0006,EVT0006-FC02,24.0,5,2026-01-09T04:39:11Z,36.694427,22.598578
EVT0006,EVT0006-FC02,24.0,5,2026-01-09T04:39:11Z,36.322719,22.011189
EVT0006,EVT0006-FC02,24.0,5,2026-01-09T04:39:11Z,36.361311,22.242171
EVT0006,EVT0006-FC02,24.0,5,2026-01-09T04:39:11Z,36.059719,22.52957
EVT0006,EVT0006-FC02,24.0,5,2026-01-09T04:39:11Z,36.260258,22.185653
EVT0006,EVT0006-FC02,24.0,5,2026-01-09T04:39:11Z,36.355366,21.944927
EVT0006,EVT0006-FC02,24.0,5,2026-01-09T04:39:11Z,36.516852,22.131203
EVT0006,EVT0006-FC02,24.0,5,2026-01-09T04:39:11Z,36.068288,22.406667
EVT0006,EVT0006-FC02,24.0,5,2026-01-09T04:39:11Z,36.521254,22.068468
EVT0006,EVT0006-FC02,24.0,5,2026-01-09T04:39:11Z,36.523898,22.071586
EVT0006,EVT0006-FC02,24.0,5,2026-01-09T04:39:11Z,36.153774,22.388507
EVT0006,EVT0006-FC02,24.0,5,2026-01-09T04:39:11Z,36.542227,22.103594
EVT0006,EVT0006-FC02,24.0,5,2026-01-09T04:39:11Z,36.561823,22.592015
EVT0006,EVT0006-FC02,24.0,5,2026-01-09T04:39:11Z,36.070699,21.565128
EVT0006,EVT0006-FC02,48.0,5,2026-01-10T04:39:11Z,37.187128,22.468398
EVT0006,EVT0006-FC02,48.0,5,2026-01-10T04:39:11Z,37.227795,22.810242
EVT0006,EVT0006-FC02,48.0,5,2026-01-10T04:39:11Z,36.89007,22.355776
EVT0006,EVT0006-FC02,48.0,5,2026-01-10T04:39:11Z,36.748281,21.9923
EVT0006,EVT0006-FC02,48.0,5,2026-01-10T04:39:11Z,37.269729,21.790708
EVT0006,EVT0006-FC02,48.0,5,2026-01-10T04:39:11Z,36.73282,22.460492
EVT0006,EVT0006-FC02,48.0,5,2026-01-10T04:39:11Z,36.721684,22.074365
EVT0006,EVT0006-FC02,48.0,5,2026-01-10T04:39:11Z,36.570444,22.034342
EVT0006,EVT0006-FC02,48.0,5,2026-01-10T04:39:11Z,36.052641,22.33272
EVT0006,EVT0006-FC02,48.0,5,2026-01-10T04:39:11Z,37.451091,21.77159
EVT0006,EVT0006-FC02,48.0,5,2026-01-10T04:39:11Z,36.092705,22.856828
EVT0006,EVT0006-FC02,48.0,5,2026-01-10T04:39:11Z,36.96801,22.582721
EVT0006,EVT0006-FC02,48.0,5,2026-01-10T04:39:11Z,36.109049,23.088888
EVT0006,EVT0006-FC02,48.0,5,2026-01-10T04:39:11Z,36.350358,22.934199
EVT0006,EVT0006-FC02,48.0,5,2026-01-10T04:39:11Z,36.228314,23.267929
EVT0006,EVT0006-FC02,48.0,5,2026-01-10T04:39:11Z,36.646108,22.191482
EVT0006,EVT0006-FC02,48.0,5,2026-01-10T04:39:11Z,36.199754,22.780874
EVT0006,EVT0006-FC02,48.0,5,2026-01-10T04:39:11Z,36.898311,22.584899
EVT0006,EVT0006-FC02,48.0,5,2026-01-10T04:39:11Z,37.022303,23.041048
EVT0006,EVT0006-FC02,48.0,5,2026-01-10T04:39:11Z,37.001927,22.93281
EVT0006,EVT0006-FC02,48.0,5,2026-01-10T04:39:11Z,36.559256,22.179267
EVT0006,EVT0006-FC02,48.0,5,2026-01-10T04:39:11Z,36.949117,22.582194
EVT0006,EVT0006-FC02,48.0,5,2026-01-10T04:39:11Z,36.772459,22.331448
EVT0006,EVT0006-FC02,48.0,5,2026-01-10T04:39:11Z,36.532756,22.448998
EVT0006,EVT0006-FC02,48.0,5,2026-01-10T04:39:11Z,36.686084,22.517933
EVT0006,EVT0006-FC02,48.0,5,2026-01-10T04:39:11Z,36.630233,21.870154
EVT0006,EVT0006-FC02,48.0,5,2026-01-10T04:39:11Z,36.71494,22.370606
EVT0006,EVT0006-FC02,48.0,5,2026-01-10T04:39:11Z,36.77905,21.615503
EVT0006,EVT0006-FC02,48.0,5,2026-01-10T04:39:11Z,36.519577,21.927094
EVT0006,EVT0006-FC02,48.0,5,2026-01-10T04:39:11Z,36.546973,21.662819
EVT0006,EVT0006-FC02,48.0,5,2026-01-10T04:39:11Z,36.649586,21.973987
EVT0006,EVT0006-FC02,48.0,5,2026-01-10T04:39:11Z,36.040733,22.621384
EVT0006,EVT0006-FC02,48.0,5,2026-01-10T04:39:11Z,37.13471,21.660894
EVT0006,EVT0006-FC02,48.0,5,2026-01-10T04:39:11Z,36.467617,21.948955
EVT0006,EVT0006-FC02,48.0,5,2026-01-10T04:39:11Z,36.919466,21.419866
EVT0006,EVT0006-FC02,48.0,5,2026-01-10T04:39:11Z,37.193254,23.237892
EVT0006,EVT0006-FC02,48.0,5,2026-01-10T04:39:11Z,37.051044,22.437587
EVT0006,EVT0006-FC02,48.0,5,2026-01-10T04:39:11Z,36.08,23.083852
EVT0006,EVT0006-FC02,48.0,5,2026-01-10T04:39:11Z,36.456579,21.999968
EVT0006,EVT0006-FC02,48.0,5,2026-01-10T04:39:11Z,36.038069,22.407695
EVT0006,EVT0006-FC02,72.0,5,2026-01-11T04:39:11Z,36.788348,22.266154
EVT0006,EVT0006-FC02,72.0,5,2026-01-11T04:39:11Z,36.660784,21.301388
EVT0006,EVT0006-FC02,72.0,5,2026-01-11T04:39:11Z,36.500105,22.522878
EVT0006,EVT0006-FC02,72.0,5,2026-01-11T04:39:11Z,36.678551,21.901767
EVT0006,EVT0006-FC02,72.0,5,2026-01-11T04:39:11Z,36.254317,22.421587
EVT0006,EVT0006-FC02,72.0,5,2026-01-11T04:39:11Z,37.197783,22.762399
EVT0006,EVT0006-FC02,72.0,5,2026-01-11T04:39:11Z,37.459096,21.889964
EVT0006,EVT0006-FC02,72.0,5,2026-01-11T04:39:11Z,36.646753,21.912944
EVT0006,EVT0006-FC02,72.0,5,2026-01-11T04:39:11Z,36.949622,22.612753
EVT0006,EVT0006-FC02,72.0,5,2026-01-11T04:39:11Z,36.974985,21.277943
EVT0006,EVT0006-FC02,72.0,5,2026-01-11T04:39:11Z,36.875139,21.786478
EVT0006,EVT0006-FC02,72.0,5,2026-01-11T04:39:11Z,37.164095,21.505755
EVT0006,EVT0006-FC02,72.0,5,2026-01-11T04:39:11Z,36.871779,22.372083
EVT0006,EVT0006-FC02,72.0,5,2026-01-11T04:39:11Z,37.049524,22.850323
EVT0006,EVT0006-FC02,72.0,5,2026-01-11T04:39:11Z,36.661961,22.02665
EVT0006,EVT0006-FC02,72.0,5,2026-01-11T04:39:11Z,37.066664,21.534988
EVT0006,EVT0006-FC02,72.0,5,2026-01-11T04:39:11Z,37.002461,22.455636
EVT0006,EVT0006-FC02,72.0,5,2026-01-11T04:39:11Z,36.243195,22.804448
EVT0006,EVT0006-FC02,72.0,5,2026-01-11T04:39:11Z,36.897834,21.390259
EVT0006,EVT0006-FC02,72.0,5,2026-01-11T04:39:11Z,37.740976,22.394134
EVT0006,EVT0006-FC02,72.0,5,2026-01-11T04:39:11Z,37.726466,22.270735
EVT0006,EVT0006-FC02,72.0,5,2026-01-11T04:39:11Z,36.792537,22.284583
EVT0006,EVT0006-FC02,72.0,5,2026-01-11T04:39:11Z,36.551268,22.72831
EVT0006,EVT0006-FC02,72.0,5,2026-01-11T04:39:11Z,37.483298,21.93462
EVT0006,EVT0006-FC02,72.0,5,2026-01-11T04:39:11Z,36.871728,21.642097
EVT0006,EVT0006-FC02,72.0,5,2026-01-11T04:39:11Z,37.341784,23.213512
EVT0006,EVT0006-FC02,72.0,5,2026-01-11T04:39:11Z,36.164755,21.989734
EVT0006,EVT0006-FC02,72.0,5,2026-01-11T04:39:11Z,37.372184,22.788048
EVT0006,EVT0006-FC02,72.0,5,2026-01-11T04:39:11Z,37.22009,21.419194
EVT0006,EVT0006-FC02,72.0,5,2026-01-11T04:39:11Z,36.135294,21.367374
EVT0006,EVT0006-FC02,72.0,5,2026-01-11T04:39:11Z,36.811291,21.768606
EVT0006,EVT0006-FC02,72.0,5,2026-01-11T04:39:11Z,36.829475,22.424335
EVT0006,EVT0006-FC02,72.0,5,2026-01-11T04:39:11Z,37.446008,22.458293
EVT0006,EVT0006-FC02,72.0,5,2026-01-11T04:39:11Z,37.027863,22.720874
EVT0006,EVT0006-FC02,72.0,5,2026-01-11T04:39:11Z,37.312458,21.659524
EVT0006,EVT0006-FC02,72.0,5,2026-01-11T04:39:11Z,36.958974,21.641729
EVT0006,EVT0006-FC02,72.0,5,2026-01-11T04:39:11Z,37.078187,22.844481
EVT0006,EVT0006-FC02,72.0,5,2026-01-11T04:39:11Z,36.866838,21.618013
EVT0006,EVT0006-FC02,72.0,5,2026-01-11T04:39:11Z,37.786014,23.010764
EVT0006,EVT0006-FC02,72.0,5,2026-01-11T04:39:11Z,36.62095,22.450318
EVT0006,EVT0006-FC02,12.0,6,2026-01-08T16:39:11Z,36.234365,22.079675
EVT0006,EVT0006-FC02,12.0,6,2026-01-08T16:39:11Z,36.426441,22.193237
EVT0006,EVT0006-FC02,12.0,6,2026-01-08T16:39:11Z,36.531191,22.562805
EVT0006,EVT0006-FC02,12.0,6,2026-01-08T16:39:11Z,36.3554,22.067877
EVT0006,EVT0006-FC02,12.0,6,2026-01-08T16:39:11Z,35.786603,22.508222
EVT0006,EVT0006-FC02,12.0,6,2026-01-08T16:39:11Z,36.399999,22.285563
EVT0006,EVT0006-FC02,12.0,6,2026-01-08T16:39:11Z,36.577297,22.040206
EVT0006,EVT0006-FC02,12.0,6,2026-01-08T16:39:11Z,36.308749,22.023821
EVT0006,EVT0006-FC02,12.0,6,2026-01-08T16:39:11Z,36.390821,22.286316
EVT0006,EVT0006-FC02,12.0,6,2026-01-08T16:39:11Z,36.173115,22.15197
EVT0006,EVT0006-FC02,12.0,6,2026-01-08T16:39:11Z,36.333963,22.008816
EVT0006,EVT0006-FC02,12.0,6,2026-01-08T16:39:11Z,36.287302,22.038625
EVT0006,EVT0006-FC02,12.0,6,2026-01-08T16:39:11Z,36.49503,21.983046
EVT0006,EVT0006-FC02,12.0,6,2026-01-08T16:39:11Z,36.482866,22.248012
EVT0006,EVT0006-FC02,12.0,6,2026-01-08T16:39:11Z,35.970284,22.127623
EVT0006,EVT0006-FC02,12.0,6,2026-01-08T16:39:11Z,36.171144,21.989044
EVT0006,EVT0006-FC02,12.0,6,2026-01-08T16:39:11Z,36.334001,22.053459
EVT0006,EVT0006-FC02,12.0,6,2026-01-08T16:39:11Z,36.136107,22.185003
EVT0006,EVT0006-FC02,12.0,6,2026-01-08T16:39:11Z,36.480674,22.261729
EVT0006,EVT0006-FC02,12.0,6,2026-01-08T16:39:11Z,35.918245,22.455122
EVT0006,EVT0006-FC02,12.0,6,2026-01-08T16:39:11Z,36.315995,22.164454
EVT0006,EVT0006-FC02,12.0,6,2026-01-08T16:39:11Z,36.487546,22.066449
EVT0006,EVT0006-FC02,12.0,6,2026-01-08T16:39:11Z,36.224408,22.039709
EVT0006,EVT0006-FC02,12.0,6,2026-01-08T16:39:11Z,36.133291,22.210389
EVT0006,EVT0006-FC02,12.0,6,2026-01-08T16:39:11Z,35.950896,22.04914
EVT0006,EVT0006-FC02,12.0,6,2026-01-08T16:39:11Z,36.484538,21.994487
EVT0006,EVT0006-FC02,12.0,6,2026-01-08T16:39:11Z,36.245478,22.222729
EVT0006,EVT0006-FC02,12.0,6,2026-01-08T16:39:11Z,36.319633,22.416391
EVT0006,EVT0006-FC02,12.0,6,2026-01-08T16:39:11Z,36.271797,22.085711
EVT0006,EVT0006-FC02,12.0,6,2026-01-08T16:39:11Z,36.504459,22.20377
EVT0006,EVT0006-FC02,12.0,6,2026-01-08T16:39:11Z,36.40657,22.067304
EVT0006,EVT0006-FC02,12.0,6,2026-01-08T16:39:11Z,36.513992,22.393111
EVT0006,EVT0006-FC02,12.0,6,2026-01-08T16:39:11Z,36.211829,22.453093
EVT0006,EVT0006-FC02,12.0,6,2026-01-08T16:39:11Z,36.268543,22.1604
EVT0006,EVT0006-FC02,12.0,6,2026-01-08T16:39:11Z,36.243062,22.280817
EVT0006,EVT0006-FC02,12.0,6,2026-01-08T16:39:11Z,35.997425,21.822045
EVT0006,EVT0006-FC02,12.0,6,2026-01-08T16:39:11Z,36.459213,21.784009
EVT0006,EVT0006-FC02,12.0,6,2026-01-08T16:39:11Z,36.165733,22.095836
EVT0006,EVT0006-FC02,12.0,6,2026-01-08T16:39:11Z,36.454466,22.165012
EVT0006,EVT0006-FC02,12.0,6,2026-01-08T16:39:11Z,36.207661,22.29016
EVT0006,EVT0006-FC02,24.0,6,2026-01-09T04:39:11Z,36.36292,22.007328
EVT0006,EVT0006-FC02,24.0,6,2026-01-09T04:39:11Z,36.56747,21.965101
EVT0006,EVT0006-FC02,24.0,6,2026-01-09T04:39:11Z,36.467959,22.050076
EVT0006,EVT0006-FC02,24.0,6,2026-01-09T04:39:11Z,36.552247,22.436533
EVT0006,EVT0006-FC02,24.0,6,2026-01-09T04:39:11Z,36.352658,22.015995
EVT0006,EVT0006-FC02,24.0,6,2026-01-09T04:39:11Z,36.776654,22.497361
EVT0006,EVT0006-FC02,24.0,6,2026-01-09T04:39:11Z,36.389471,22.600332
EVT0006,EVT0006-FC02,24.0,6,2026-01-09T04:39:11Z,36.635075,22.936222
EVT0006,EVT0006-FC02,24.0,6,2026-01-09T04:39:11Z,36.680389,22.586237
EVT0006,EVT0006-FC02,24.0,6,2026-01-09T04:39:11Z,36.097597,22.443301
EVT0006,EVT0006-FC02,24.0,6,2026-01-09T04:39:11Z,36.508606,22.046785
EVT0006,EVT0006-FC02,24.0,6,2026-01-09T04:39:11Z,36.458981,21.903326
EVT0006,EVT0006-FC02,24.0,6,2026-01-09T04:39:11Z,36.112521,21.498809
EVT0006,EVT0006-FC02,24.0,6,2026-01-09T04:39:11Z,36.339603,22.063632
EVT0006,EVT0006-FC02,24.0,6,2026-01-09T04:39:11Z,36.767872,22.014121
EVT0006,EVT0006-FC02,24.0,6,2026-01-09T04:39:11Z,36.741731,22.309944
EVT0006,EVT0006-FC02,24.0,6,2026-01-09T04:39:11Z,36.555423,22.278859
EVT0006,EVT0006-FC02,24.0,6,2026-01-09T04:39:11Z,36.208335,21.61989
EVT0006,EVT0006-FC02,24.0,6,2026-01-09T04:39:11Z,36.285798,22.089877
EVT0006,EVT0006-FC02,24.0,6,2026-01-09T04:39:11Z,36.620273,22.318629
EVT0006,EVT0006-FC02,24.0,6,2026-01-09T04:39:11Z,36.786215,21.963192
EVT0006,EVT0006-FC02,24.0,6,2026-01-09T04:39:11Z,36.227735,22.272128
EVT0006,EVT0006-FC02,24.0,6,2026-01-09T04:39:11Z,36.975075,22.30011
EVT0006,EVT0006-FC02,24.0,6,2026-01-09T04:39:11Z,36.140006,21.74429
EVT0006,EVT0006-FC02,24.0,6,2026-01-09T04:39:11Z,36.14252,22.420725
EVT0006,EVT0006-FC02,24.0,6,2026-01-09T04:39:11Z,36.411227,21.596194
EVT0006,EVT0006-FC02,24.0,6,2026-01-09T04:39:11Z,36.702967,21.919667
EVT0006,EVT0006-FC02,24.0,6,2026-01-09T04:39:11Z,36.357102,22.345896
EVT0006,EVT0006-FC02,24.0,6,2026-01-09T04:39:11Z,36.601666,22.158449
EVT0006,EVT0006-FC02,24.0,6,2026-01-09T04:39:11Z,35.750059,22.480325
EVT0006,EVT0006-FC02,24.0,6,2026-01-09T04:39:11Z,36.674232,21.997338
EVT0006,EVT0006-FC02,24.0,6,2026-01-09T04:39:11Z,36.696283,22.51167
EVT0006,EVT0006-FC02,24.0,6,2026-01-09T04:39:11Z,36.967656,22.013375
EVT0006,EVT0006-FC02,24.0,6,2026-01-09T04:39:11Z,36.073442,22.516743
EVT0006,EVT0006-FC02,24.0,6,2026-01-09T04:39:11Z,36.109164,22.31461
EVT0006,EVT0006-FC02,24.0,6,2026-01-09T04:39:11Z,36.484031,22.578365
EVT0006,EVT0006-FC02,24.0,6,2026-01-09T04:39:11Z,36.372353,21.993127
EVT0006,EVT0006-FC02,24.0,6,2026-01-09T04:39:11Z,36.631251,22.077471
EVT0006,EVT0006-FC02,24.0,6,2026-01-09T04:39:11Z,36.28023,22.128542
EVT0006,EVT0006-FC02,24.0,6,2026-01-09T04:39:11Z,36.565361,22.64473
EVT0006,EVT0006-FC02,48.0,6,2026-01-10T04:39:11Z,36.518739,22.002407
EVT0006,EVT0006-FC02,48.0,6,2026-01-10T04:39:11Z,36.704411,22.332728
EVT0006,EVT0006-FC02,48.0,6,2026-01-10T04:39:11Z,36.575131,22.400298
EVT0006,EVT0006-FC02,48.0,6,2026-01-10T04:39:11Z,37.169111,22.256778
EVT0006,EVT0006-FC02,48.0,6,2026-01-10T04:39:11Z,36.6488,21.68807
EVT0006,EVT0006-FC02,48.0,6,2026-01-10T04:39:11Z,36.078766,21.184937
EVT0006,EVT0006-FC02,48.0,6,2026-01-10T04:39:11Z,36.857539,22.418963
EVT0006,EVT0006-FC02,48.0,6,2026-01-10T04:39:11Z,36.818469,22.397169
EVT0006,EVT0006-FC02,48.0,6,2026-01-10T04:39:11Z,36.515837,22.122766
EVT0006,EVT0006-FC02,48.0,6,2026-01-10T04:39:11Z,36.678775,22.500273
EVT0006,EVT0006-FC02,48.0,6,2026-01-10T04:39:11Z,36.420409,22.792244
EVT0006,EVT0006-FC02,48.0,6,2026-01-10T04:39:11Z,36.843247,22.282778
EVT0006,EVT0006-FC02,48.0,6,2026-01-10T04:39:11Z,36.779535,22.029861
EVT0006,EVT0006-FC02,48.0,6,2026-01-10T04:39:11Z,36.926924,22.595811
EVT0006,EVT0006-FC02,48.0,6,2026-01-10T04:39:11Z,36.290784,22.756681
EVT0006,EVT0006-FC02,48.0,6,2026-01-10T04:39:11Z,36.863347,22.33944
EVT0006,EVT0006-FC02,48.0,6,2026-01-10T04:39:11Z,37.31501,21.943801
EVT0006,EVT0006-FC02,48.0,6,2026-01-10T04:39:11Z,36.922253,22.34082
EVT0006,EVT0006-FC02,48.0,6,2026-01-10T04:39:11Z,36.045619,22.815812
EVT0006,EVT0006-FC02,48.0,6,2026-01-10T04:39:11Z,37.040056,22.751591
EVT0006,EVT0006-FC02,48.0,6,2026-01-10T04:39:11Z,36.576827,22.419268
EVT0006,EVT0006-FC02,48.0,6,2026-01-10T04:39:11Z,36.847974,22.068393
EVT0006,EVT0006-FC02,48.0,6,2026-01-10T04:39:11Z,36.663151,21.824212
EVT0006,EVT0006-FC02,48.0,6,2026-01-10T04:39:11Z,36.894545,21.941369
EVT0006,EVT0006-FC02,48.0,6,2026-01-10T04:39:11Z,35.686892,22.534631
EVT0006,EVT0006-FC02,48.0,6,2026-01-10T04:39:11Z,36.993282,22.212525
EVT0006,EVT0006-FC02,48.0,6,2026-01-10T04:39:11Z,37.281662,21.994816
EVT0006,EVT0006-FC02,48.0,6,2026-01-10T04:39:11Z,37.008048,22.803888
EVT0006,EVT0006-FC02,48.0,6,2026-01-10T04:39:11Z,36.627459,22.501345
EVT0006,EVT0006-FC02,48.0,6,2026-01-10T04:39:11Z,37.265024,22.746217
EVT0006,EVT0006-FC02,48.0,6,2026-01-10T04:39:11Z,37.408537,21.780248
EVT0006,EVT0006-FC02,48.0,6,2026-01-10T04:39:11Z,36.929663,22.401107
EVT0006,EVT0006-FC02,48.0,6,2026-01-10T04:39:11Z,36.809787,22.13456
EVT0006,EVT0006-FC02,48.0,6,2026-01-10T04:39:11Z,36.615887,21.103568
EVT0006,EVT0006-FC02,48.0,6,2026-01-10T04:39:11Z,35.89118,22.202065
EVT0006,EVT0006-FC02,48.0,6,2026-01-10T04:39:11Z,35.803516,22.116121
EVT0006,EVT0006-FC02,48.0,6,2026-01-10T04:39:11Z,37.169022,21.377201
EVT0006,EVT0006-FC02,48.0,6,2026-01-10T04:39:11Z,36.584661,21.800706
EVT0006,EVT0006-FC02,48.0,6,2026-01-10T04:39:11Z,37.199147,22.994029
EVT0006,EVT0006-FC02,48.0,6,2026-01-10T04:39:11Z,36.58261,22.00018
EVT0006,EVT0006-FC02,72.0,6,2026-01-11T04:39:11Z,37.227219,21.443112
EVT0006,EVT0006-FC02,72.0,6,2026-01-11T04:39:11Z,36.163571,22.165119
EVT0006,EVT0006-FC02,72.0,6,2026-01-11T04:39:11Z,37.248254,22.20656
EVT0006,EVT0006-FC02,72.0,6,2026-01-11T04:39:11Z,37.42298,22.20337
EVT0006,EVT0006-FC02,72.0,6,2026-01-11T04:39:11Z,37.839731,21.409692
EVT0006,EVT0006-FC02,72.0,6,2026-01-11T04:39:11Z,37.048139,22.317836
EVT0006,EVT0006-FC02,72.0,6,2026-01-11T04:39:11Z,37.302591,22.176773
EVT0006,EVT0006-FC02,72.0,6,2026-01-11T04:39:11Z,37.240908,21.672585
EVT0006,EVT0006-FC02,72.0,6,2026-01-11T04:39:11Z,36.794179,22.413109
EVT0006,EVT0006-FC02,72.0,6,2026-01-11T04:39:11Z,37.091224,23.024127
EVT0006,EVT0006-FC02,72.0,6,2026-01-11T04:39:11Z,36.862833,22.299691
EVT0006,EVT0006-FC02,72.0,6,2026-01-11T04:39:11Z,36.840689,21.696912
EVT0006,EVT0006-FC02,72.0,6,2026-01-11T04:39:11Z,36.897374,22.55884
EVT0006,EVT0006-FC02,72.0,6,2026-01-11T04:39:11Z,36.947807,21.216506
EVT0006,EVT0006-FC02,72.0,6,2026-01-11T04:39:11Z,36.098023,22.227146
EVT0006,EVT0006-FC02,72.0,6,2026-01-11T04:39:11Z,36.981838,21.396106
EVT0006,EVT0006-FC02,72.0,6,2026-01-11T04:39:11Z,36.779389,22.458564
EVT0006,EVT0006-FC02,72.0,6,2026-01-11T04:39:11Z,37.135693,21.662261
EVT0006,EVT0006-FC02,72.0,6,2026-01-11T04:39:11Z,36.309756,22.82389
EVT0006,EVT0006-FC02,72.0,6,2026-01-11T04:39:11Z,36.712281,23.514275
EVT0006,EVT0006-FC02,72.0,6,2026-01-11T04:39:11Z,37.20393,21.503575
EVT0006,EVT0006-FC02,72.0,6,2026-01-11T04:39:11Z,36.125067,23.084789
EVT0006,EVT0006-FC02,72.0,6,2026-01-11T04:39:11Z,37.238636,22.542105
EVT0006,EVT0006-FC02,72.0,6,2026-01-11T04:39:11Z,36.042141,21.855257
EVT0006,EVT0006-FC02,72.0,6,2026-01-11T04:39:11Z,37.391741,22.494747
EVT0006,EVT0006-FC02,72.0,6,2026-01-11T04:39:11Z,36.467137,21.477688
EVT0006,EVT0006-FC02,72.0,6,2026-01-11T04:39:11Z,37.102506,22.689005
EVT0006,EVT0006-FC02,72.0,6,2026-01-11T04:39:11Z,36.707185,22.37347
EVT0006,EVT0006-FC02,72.0,6,2026-01-11T04:39:11Z,36.891186,22.173891
EVT0006,EVT0006-FC02,72.0,6,2026-01-11T04:39:11Z,37.243357,21.340261
EVT0006,EVT0006-FC02,72.0,6,2026-01-11T04:39:11Z,36.630564,22.400573
EVT0006,EVT0006-FC02,72.0,6,2026-01-11T04:39:11Z,36.905978,22.333236
EVT0006,EVT0006-FC02,72.0,6,2026-01-11T04:39:11Z,37.246508,22.955971
EVT0006,EVT0006-FC02,72.0,6,2026-01-11T04:39:11Z,37.292799,21.910438
EVT0006,EVT0006-FC02,72.0,6,2026-01-11T04:39:11Z,37.364315,22.685131
EVT0006,EVT0006-FC02,72.0,6,2026-01-11T04:39:11Z,37.338035,21.43305
EVT0006,EVT0006-FC02,72.0,6,2026-01-11T04:39:11Z,36.964899,22.486253
EVT0006,EVT0006-FC02,72.0,6,2026-01-11T04:39:11Z,37.416768,21.845733
EVT0006,EVT0006-FC02,72.0,6,2026-01-11T04:39:11Z,36.641545,21.915952
EVT0006,EVT0006-FC02,72.0,6,2026-01-11T04:39:11Z,37.431702,22.431238
EVT0006,EVT0006-FC02,12.0,7,2026-01-08T16:39:11Z,36.171224,22.127524
EVT0006,EVT0006-FC02,12.0,7,2026-01-08T16:39:11Z,36.161941,22.410607
EVT0006,EVT0006-FC02,12.0,7,2026-01-08T16:39:11Z,36.383826,22.364511
EVT0006,EVT0006-FC02,12.0,7,2026-01-08T16:39:11Z,36.387709,22.207024
EVT0006,EVT0006-FC02,12.0,7,2026-01-08T16:39:11Z,36.273715,22.160497
EVT0006,EVT0006-FC02,12.0,7,2026-01-08T16:39:11Z,36.216672,22.092227
EVT0006,EVT0006-FC02,12.0,7,2026-01-08T16:39:11Z,36.378418,22.153725
EVT0006,EVT0006-FC02,12.0,7,2026-01-08T16:39:11Z,36.289732,22.326747
EVT0006,EVT0006-FC02,12.0,7,2026-01-08T16:39:11Z,36.481057,22.098696
EVT0006,EVT0006-FC02,12.0,7,2026-01-08T16:39:11Z,36.288141,22.211818
EVT0006,EVT0006-FC02,12.0,7,2026-01-08T16:39:11Z,35.986338,22.260305
EVT0006,EVT0006-FC02,12.0,7,2026-01-08T16:39:11Z,36.605846,22.187586
EVT0006,EVT0006-FC02,12.0,7,2026-01-08T16:39:11Z,36.243714,22.242912
EVT0006,EVT0006-FC02,12.0,7,2026-01-08T16:39:11Z,36.328579,22.471529
EVT0006,EVT0006-FC02,12.0,7,2026-01-08T16:39:11Z,36.105564,22.034763
EVT0006,EVT0006-FC02,12.0,7,2026-01-08T16:39:11Z,36.670091,22.544952
EVT0006,EVT0006-FC02,12.0,7,2026-01-08T16:39:11Z,36.509394,22.02155
EVT0006,EVT0006-FC02,12.0,7,2026-01-08T16:39:11Z,36.177684,22.09463
EVT0006,EVT0006-FC02,12.0,7,2026-01-08T16:39:11Z,36.370964,22.339197
EVT0006,EVT0006-FC02,12.0,7,2026-01-08T16:39:11Z,36.394855,22.146101
EVT0006,EVT0006-FC02,12.0,7,2026-01-08T16:39:11Z,36.227771,21.652755
EVT0006,EVT0006-FC02,12.0,7,2026-01-08T16:39:11Z,36.205337,22.309612
EVT0006,EVT0006-FC02,12.0,7,2026-01-08T16:39:11Z,36.084408,22.054205
EVT0006,EVT0006-FC02,12.0,7,2026-01-08T16:39:11Z,36.553146,22.137001
EVT0006,EVT0006-FC02,12.0,7,2026-01-08T16:39:11Z,36.128177,21.866372
EVT0006,EVT0006-FC02,12.0,7,2026-01-08T16:39:11Z,36.271814,22.074187
EVT0006,EVT0006-FC02,12.0,7,2026-01-08T16:39:11Z,36.246332,21.674773
EVT0006,EVT0006-FC02,12.0,7,2026-01-08T16:39:11Z,36.262116,21.897557
EVT0006,EVT0006-FC02,12.0,7,2026-01-08T16:39:11Z,36.350546,22.278913
EVT0006,EVT0006-FC02,12.0,7,2026-01-08T16:39:11Z,36.33077,22.080486
EVT0006,EVT0006-FC02,12.0,7,2026-01-08T16:39:11Z,36.367804,22.33125
EVT0006,EVT0006-FC02,12.0,7,2026-01-08T16:39:11Z,36.39268,22.249701
EVT0006,EVT0006-FC02,12.0,7,2026-01-08T16:39:11Z,36.388323,22.190601
EVT0006,EVT0006-FC02,12.0,7,2026-01-08T16:39:11Z,36.109524,22.055856
EVT0006,EVT0006-FC02,12.0,7,2026-01-08T16:39:11Z,36.447658,22.171169
EVT0006,EVT0006-FC02,12.0,7,2026-01-08T16:39:11Z,36.313873,22.210196
EVT0006,EVT0006-FC02,12.0,7,2026-01-08T16:39:11Z,36.549081,22.24913
EVT0006,EVT0006-FC02,12.0,7,2026-01-08T16:39:11Z,36.196125,22.348384
EVT0006,EVT0006-FC02,12.0,7,2026-01-08T16:39:11Z,36.373981,22.102363
EVT0006,EVT0006-FC02,12.0,7,2026-01-08T16:39:11Z,36.371006,21.711886
EVT0006,EVT0006-FC02,24.0,7,2026-01-09T04:39:11Z,36.057398,22.847978
EVT0006,EVT0006-FC02,24.0,7,2026-01-09T04:39:11Z,36.570762,22.154048
EVT0006,EVT0006-FC02,24.0,7,2026-01-09T04:39:11Z,36.353439,22.26639
EVT0006,EVT0006-FC02,24.0,7,2026-01-09T04:39:11Z,35.882298,22.480707
EVT0006,EVT0006-FC02,24.0,7,2026-01-09T04:39:11Z,36.417981,22.209263
EVT0006,EVT0006-FC02,24.0,7,2026-01-09T04:39:11Z,36.263672,22.138897
EVT0006,EVT0006-FC02,24.0,7,2026-01-09T04:39:11Z,36.681126,22.416338
EVT0006,EVT0006-FC02,24.0,7,2026-01-09T04:39:11Z,36.749796,22.578387
EVT0006,EVT0006-FC02,24.0,7,2026-01-09T04:39:11Z,36.539275,22.067362
EVT0006,EVT0006-FC02,24.0,7,2026-01-09T04:39:11Z,35.986838,22.035953
EVT0006,EVT0006-FC02,24.0,7,2026-01-09T04:39:11Z,36.232061,22.716264
EVT0006,EVT0006-FC02,24.0,7,2026-01-09T04:39:11Z,36.661106,22.13969
EVT0006,EVT0006-FC02,24.0,7,2026-01-09T04:39:11Z,36.394812,22.521863
EVT0006,EVT0006-FC02,24.0,7,2026-01-09T04:39:11Z,36.408906,22.256257
EVT0006,EVT0006-FC02,24.0,7,2026-01-09T04:39:11Z,36.089887,22.167596
EVT0006,EVT0006-FC02,24.0,7,2026-01-09T04:39:11Z,36.359801,22.312111
EVT0006,EVT0006-FC02,24.0,7,2026-01-09T04:39:11Z,36.265465,22.251279
EVT0006,EVT0006-FC02,24.0,7,2026-01-09T04:39:11Z,36.409908,22.020531
EVT0006,EVT0006-FC02,24.0,7,2026-01-09T04:39:11Z,36.625645,22.560783
EVT0006,EVT0006-FC02,24.0,7,2026-01-09T04:39:11Z,36.553143,22.495127
EVT0006,EVT0006-FC02,24.0,7,2026-01-09T04:39:11Z,36.344699,22.440253
EVT0006,EVT0006-FC02,24.0,7,2026-01-09T04:39:11Z,35.942094,22.687484
EVT0006,EVT0006-FC02,24.0,7,2026-01-09T04:39:11Z,35.974525,22.346411
EVT0006,EVT0006-FC02,24.0,7,2026-01-09T04:39:11Z,36.220669,22.154569
EVT0006,EVT0006-FC02,24.0,7,2026-01-09T04:39:11Z,36.462125,22.22442
EVT0006,EVT0006-FC02,24.0,7,2026-01-09T04:39:11Z,36.027419,22.57245
EVT0006,EVT0006-FC02,24.0,7,2026-01-09T04:39:11Z,36.085908,22.66143
EVT0006,EVT0006-FC02,24.0,7,2026-01-09T04:39:11Z,36.569485,22.080126
EVT0006,EVT0006-FC02,24.0,7,2026-01-09T04:39:11Z,36.624487,22.483102
EVT0006,EVT0006-FC02,24.0,7,2026-01-09T04:39:11Z,36.654806,22.086032
EVT0006,EVT0006-FC02,24.0,7,2026-01-09T04:39:11Z,35.96675,22.582245
EVT0006,EVT0006-FC02,24.0,7,2026-01-09T04:39:11Z,36.347989,22.475392
EVT0006,EVT0006-FC02,24.0,7,2026-01-09T04:39:11Z,36.02055,22.492675
EVT0006,EVT0006-FC02,24.0,7,2026-01-09T04:39:11Z,36.735586,22.323745
EVT0006,EVT0006-FC02,24.0,7,2026-01-09T04:39:11Z,36.359258,22.552691
EVT0006,EVT0006-FC02,24.0,7,2026-01-09T04:39:11Z,36.32712,22.426524
EVT0006,EVT0006-FC02,24.0,7,2026-01-09T04:39:11Z,36.386313,22.175207
EVT0006,EVT0006-FC02,24.0,7,2026-01-09T04:39:11Z,36.317378,22.08345
EVT0006,EVT0006-FC02,24.0,7,2026-01-09T04:39:11Z,36.210897,22.360824
EVT0006,EVT0006-FC02,24.0,7,2026-01-09T04:39:11Z,36.502706,21.93288
EVT0006,EVT0006-FC02,48.0,7,2026-01-10T04:39:11Z,36.805659,22.269762
EVT0006,EVT0006-FC02,48.0,7,2026-01-10T04:39:11Z,36.99365,22.870905
EVT0006,EVT0006-FC02,48.0,7,2026-01-10T04:39:11Z,36.018925,22.128883
EVT0006,EVT0006-FC02,48.0,7,2026-01-10T04:39:11Z,36.594222,21.615821
EVT0006,EVT0006-FC02,48.0,7,2026-01-10T04:39:11Z,36.747733,22.522886
EVT0006,EVT0006-FC02,48.0,7,2026-01-10T04:39:11Z,36.608124,21.869166
EVT0006,EVT0006-FC02,48.0,7,2026-01-10T04:39:11Z,36.399072,21.93262
EVT0006,EVT0006-FC02,48.0,7,2026-01-10T04:39:11Z,36.392014,23.091982
EVT0006,EVT0006-FC02,48.0,7,2026-01-10T04:39:11Z,36.633565,22.48139
EVT0006,EVT0006-FC02,48.0,7,2026-01-10T04:39:11Z,36.623198,22.160516
EVT0006,EVT0006-FC02,48.0,7,2026-01-10T04:39:11Z,36.144612,22.417411
EVT0006,EVT0006-FC02,48.0,7,2026-01-10T04:39:11Z,36.571399,21.832483
EVT0006,EVT0006-FC02,48.0,7,2026-01-10T04:39:11Z,37.065203,22.920641
EVT0006,EVT0006-FC02,48.0,7,2026-01-10T04:39:11Z,36.333717,23.284204
EVT0006,EVT0006-FC02,48.0,7,2026-01-10T04:39:11Z,36.591961,21.979382
EVT0006,EVT0006-FC02,48.0,7,2026-01-10T04:39:11Z,36.079396,22.096528
EVT0006,EVT0006-FC02,48.0,7,2026-01-10T04:39:11Z,36.615569,21.846412
EVT0006,EVT0006-FC02,48.0,7,2026-01-10T04:39:11Z,36.113895,22.176536
EVT0006,EVT0006-FC02,48.0,7,2026-01-10T04:39:11Z,36.63335,21.912359
EVT0006,EVT0006-FC02,48.0,7,2026-01-10T04:39:11Z,36.563097,22.404792
EVT0006,EVT0006-FC02,48.0,7,2026-01-10T04:39:11Z,37.221871,21.978055
EVT0006,EVT0006-FC02,48.0,7,2026-01-10T04:39:11Z,37.204987,22.867386
EVT0006,EVT0006-FC02,48.0,7,2026-01-10T04:39:11Z,37.161191,21.31927
EVT0006,EVT0006-FC02,48.0,7,2026-01-10T04:39:11Z,37.052547,22.823194
EVT0006,EVT0006-FC02,48.0,7,2026-01-10T04:39:11Z,36.434375,21.989847
EVT0006,EVT0006-FC02,48.0,7,2026-01-10T04:39:11Z,36.476737,21.785811
EVT0006,EVT0006-FC02,48.0,7,2026-01-10T04:39:11Z,36.811453,22.681264
EVT0006,EVT0006-FC02,48.0,7,2026-01-10T04:39:11Z,36.81957,22.828552
EVT0006,EVT0006-FC02,48.0,7,2026-01-10T04:39:11Z,37.001817,22.964359
EVT0006,EVT0006-FC02,48.0,7,2026-01-10T04:39:11Z,36.936599,22.323454
EVT0006,EVT0006-FC02,48.0,7,2026-01-10T04:39:11Z,35.958867,22.161514
EVT0006,EVT0006-FC02,48.0,7,2026-01-10T04:39:11Z,36.8712,22.40017
EVT0006,EVT0006-FC02,48.0,7,2026-01-10T04:39:11Z,36.038449,22.152875
EVT0006,EVT0006-FC02,48.0,7,2026-01-10T04:39:11Z,36.570914,23.453735
EVT0006,EVT0006-FC02,48.0,7,2026-01-10T04:39:11Z,36.560476,22.334401
EVT0006,EVT0006-FC02,48.0,7,2026-01-10T04:39:11Z,37.33496,23.233622
EVT0006,EVT0006-FC02,48.0,7,2026-01-10T04:39:11Z,37.10569,23.345729
EVT0006,EVT0006-FC02,48.0,7,2026-01-10T04:39:11Z,36.588243,22.174121
EVT0006,EVT0006-FC02,48.0,7,2026-01-10T04:39:11Z,36.51654,22.346947
EVT0006,EVT0006-FC02,48.0,7,2026-01-10T04:39:11Z,37.06948,23.019457
EVT0006,EVT0006-FC02,72.0,7,2026-01-11T04:39:11Z,36.734315,21.200359
EVT0006,EVT0006-FC02,72.0,7,2026-01-11T04:39:11Z,37.315427,21.91052
EVT0006,EVT0006-FC02,72.0,7,2026-01-11T04:39:11Z,36.678535,21.987354
EVT0006,EVT0006-FC02,72.0,7,2026-01-11T04:39:11Z,37.487572,20.877944
EVT0006,EVT0006-FC02,72.0,7,2026-01-11T04:39:11Z,36.765382,21.43536
EVT0006,EVT0006-FC02,72.0,7,2026-01-11T04:39:11Z,37.184916,22.659589
EVT0006,EVT0006-FC02,72.0,7,2026-01-11T04:39:11Z,36.169897,22.139439
EVT0006,EVT0006-FC02,72.0,7,2026-01-11T04:39:11Z,36.762251,21.951067
EVT0006,EVT0006-FC02,72.0,7,2026-01-11T04:39:11Z,37.007902,22.072505
EVT0006,EVT0006-FC02,72.0,7,2026-01-11T04:39:11Z,36.313009,22.678845
EVT0006,EVT0006-FC02,72.0,7,2026-01-11T04:39:11Z,36.430503,22.933871
EVT0006,EVT0006-FC02,72.0,7,2026-01-11T04:39:11Z,37.479655,22.142907
EVT0006,EVT0006-FC02,72.0,7,2026-01-11T04:39:11Z,36.897112,21.325487
EVT0006,EVT0006-FC02,72.0,7,2026-01-11T04:39:11Z,36.282569,24.16405
EVT0006,EVT0006-FC02,72.0,7,2026-01-11T04:39:11Z,36.901899,21.316573
EVT0006,EVT0006-FC02,72.0,7,2026-01-11T04:39:11Z,37.810507,23.789601
EVT0006,EVT0006-FC02,72.0,7,2026-01-11T04:39:11Z,36.722399,21.549339
EVT0006,EVT0006-FC02,72.0,7,2026-01-11T04:39:11Z,36.332148,22.964883
EVT0006,EVT0006-FC02,72.0,7,2026-01-11T04:39:11Z,36.802587,21.523697
EVT0006,EVT0006-FC02,72.0,7,2026-01-11T04:39:11Z,36.734316,21.632794
EVT0006,EVT0006-FC02,72.0,7,2026-01-11T04:39:11Z,36.421056,21.767316
EVT0006,EVT0006-FC02,72.0,7,2026-01-11T04:39:11Z,36.957624,21.358887
EVT0006,EVT0006-FC02,72.0,7,2026-01-11T04:39:11Z,36.693661,22.022172
EVT0006,EVT0006-FC02,72.0,7,2026-01-11T04:39:11Z,36.05494,22.038333
EVT0006,EVT0006-FC02,72.0,7,2026-01-11T04:39:11Z,37.12489,22.793515
EVT0006,EVT0006-FC02,72.0,7,2026-01-11T04:39:11Z,37.391466,22.062137
EVT0006,EVT0006-FC02,72.0,7,2026-01-11T04:39:11Z,37.297326,21.973421
EVT0006,EVT0006-FC02,72.0,7,2026-01-11T04:39:11Z,36.331164,22.762979
EVT0006,EVT0006-FC02,72.0,7,2026-01-11T04:39:11Z,37.500341,21.186545
EVT0006,EVT0006-FC02,72.0,7,2026-01-11T04:39:11Z,37.274479,21.558668
EVT0006,EVT0006-FC02,72.0,7,2026-01-11T04:39:11Z,36.106178,22.397449
EVT0006,EVT0006-FC02,72.0,7,2026-01-11T04:39:11Z,36.077139,22.138931
EVT0006,EVT0006-FC02,72.0,7,2026-01-11T04:39:11Z,36.400201,21.759862
EVT0006,EVT0006-FC02,72.0,7,2026-01-11T04:39:11Z,36.42143,22.094759
EVT0006,EVT0006-FC02,72.0,7,2026-01-11T04:39:11Z,36.755839,22.431199
EVT0006,EVT0006-FC02,72.0,7,2026-01-11T04:39:11Z,36.886052,22.320659
EVT0006,EVT0006-FC02,72.0,7,2026-01-11T04:39:11Z,36.631893,22.548905
EVT0006,EVT0006-FC02,72.0,7,2026-01-11T04:39:11Z,37.397943,21.967744
EVT0006,EVT0006-FC02,72.0,7,2026-01-11T04:39:11Z,37.068662,23.022068
EVT0006,EVT0006-FC02,72.0,7,2026-01-11T04:39:11Z,36.961273,21.766898
EVT0007,EVT0007-FC02,12.0,0,2026-01-15T11:34:26Z,38.16732,17.960879
EVT0007,EVT0007-FC02,12.0,0,2026-01-15T11:34:26Z,38.467388,17.902117
EVT0007,EVT0007-FC02,12.0,0,2026-01-15T11:34:26Z,38.284933,18.040007
EVT0007,EVT0007-FC02,12.0,0,2026-01-15T11:34:26Z,38.208165,18.263619
EVT0007,EVT0007-FC02,12.0,0,2026-01-15T11:34:26Z,38.217915,18.286855
EVT0007,EVT0007-FC02,12.0,0,2026-01-15T11:34:26Z,38.205768,17.77159
EVT0007,EVT0007-FC02,12.0,0,2026-01-15T11:34:26Z,38.134598,18.298808
EVT0007,EVT0007-FC02,12.0,0,2026-01-15T11:34:26Z,38.351062,17.976981
EVT0007,EVT0007-FC02,12.0,0,2026-01-15T11:34:26Z,38.028664,18.12974
EVT0007,EVT0007-FC02,12.0,0,2026-01-15T11:34:26Z,38.185423,18.2313
EVT0007,EVT0007-FC02,12.0,0,2026-01-15T11:34:26Z,38.351079,18.104868
EVT0007,EVT0007-FC02,12.0,0,2026-01-15T11:34:26Z,38.17955,18.42335
EVT0007,EVT0007-FC02,12.0,0,2026-01-15T11:34:26Z,38.36153,18.261247
EVT0007,EVT0007-FC02,12.0,0,2026-01-15T11:34:26Z,38.30318,18.108963
EVT0007,EVT0007-FC02,12.0,0,2026-01-15T11:34:26Z,38.179077,18.500083
EVT0007,EVT0007-FC02,12.0,0,2026-01-15T11:34:26Z,38.328678,18.054237
EVT0007,EVT0007-FC02,12.0,0,2026-01-15T11:34:26Z,38.224902,18.046565
EVT0007,EVT0007-FC02,12.0,0,2026-01-15T11:34:26Z,38.305499,18.083143
EVT0007,EVT0007-FC02,12.0,0,2026-01-15T11:34:26Z,38.57726,18.25857
EVT0007,EVT0007-FC02,12.0,0,2026-01-15T11:34:26Z,38.342548,17.855946
EVT0007,EVT0007-FC02,12.0,0,2026-01-15T11:34:26Z,38.495271,18.733289
EVT0007,EVT0007-FC02,12.0,0,2026-01-15T11:34:26Z,38.19195,18.012826
EVT0007,EVT0007-FC02,12.0,0,2026-01-15T11:34:26Z,38.319344,18.189863
EVT0007,EVT0007-FC02,12.0,0,2026-01-15T11:34:26Z,38.316753,18.014291
EVT0007,EVT0007-FC02,12.0,0,2026-01-15T11:34:26Z,38.370224,18.647498
EVT0007,EVT0007-FC02,12.0,0,2026-01-15T11:34:26Z,38.261204,17.877982
EVT0007,EVT0007-FC02,12.0,0,2026-01-15T11:34:26Z,38.346814,17.921953
EVT0007,EVT0007-FC02,12.0,0,2026-01-15T11:34:26Z,38.2562,18.214018
EVT0007,EVT0007-FC02,12.0,0,2026-01-15T11:34:26Z,38.480005,18.174928
EVT0007,EVT0007-FC02,12.0,0,2026-01-15T11:34:26Z,38.208646,18.222093
EVT0007,EVT0007-FC02,12.0,0,2026-01-15T11:34:26Z,38.331478,18.49007
EVT0007,EVT0007-FC02,12.0,0,2026-01-15T11:34:26Z,38.406056,18.655024
EVT0007,EVT0007-FC02,12.0,0,2026-01-15T11:34:26Z,38.149443,17.935612
EVT0007,EVT0007-FC02,12.0,0,2026-01-15T11:34:26Z,38.598642,17.582377
EVT0007,EVT0007-FC02,12.0,0,2026-01-15T11:34:26Z,38.424179,18.648312
EVT0007,EVT0007-FC02,12.0,0,2026-01-15T11:34:26Z,38.347381,18.368335
EVT0007,EVT0007-FC02,12.0,0,2026-01-15T11:34:26Z,38.428287,18.336095
EVT0007,EVT0007-FC02,12.0,0,2026-01-15T11:34:26Z,38.17549,17.849025
EVT0007,EVT0007-FC02,12.0,0,2026-01-15T11:34:26Z,38.299142,18.461391
EVT0007,EVT0007-FC02,12.0,0,2026-01-15T11:34:26Z,38.367111,17.724177
EVT0007,EVT0007-FC02,24.0,0,2026-01-15T23:34:26Z,38.472993,18.067357
EVT0007,EVT0007-FC02,24.0,0,2026-01-15T23:34:26Z,38.017127,18.126289
EVT0007,EVT0007-FC02,24.0,0,2026-01-15T23:34:26Z,38.805631,18.620419
EVT0007,EVT0007-FC02,24.0,0,2026-01-15T23:34:26Z,38.435289,18.444414
EVT0007,EVT0007-FC02,24.0,0,2026-01-15T23:34:26Z,38.255758,17.931554
EVT0007,EVT0007-FC02,24.0,0,2026-01-15T23:34:26Z,37.842485,17.941629
EVT0007,EVT0007-FC02,24.0,0,2026-01-15T23:34:26Z,38.217961,18.007263
EVT0007,EVT0007-FC02,24.0,0,2026-01-15T23:34:26Z,38.276868,17.911929
EVT0007,EVT0007-FC02,24.0,0,2026-01-15T23:34:26Z,38.538122,18.482401
EVT0007,EVT0007-FC02,24.0,0,2026-01-15T23:34:26Z,38.608979,18.574414
EVT0007,EVT0007-FC02,24.0,0,2026-01-15T23:34:26Z,38.235007,17.913076
EVT0007,EVT0007-FC02,24.0,0,2026-01-15T23:34:26Z,38.562114,18.587332
EVT0007,EVT0007-FC02,24.0,0,2026-01-15T23:34:26Z,38.521978,18.292308
EVT0007,EVT0007-FC02,24.0,0,2026-01-15T23:34:26Z,38.385179,18.153681
EVT0007,EVT0007-FC02,24.0,0,2026-01-15T23:34:26Z,38.035722,18.818174
EVT0007,EVT0007-FC02,24.0,0,2026-01-15T23:34:26Z,38.512531,18.446462
EVT0007,EVT0007-FC02,24.0,0,2026-01-15T23:34:26Z,38.354212,18.328539
EVT0007,EVT0007-FC02,24.0,0,2026-01-15T23:34:26Z,38.425124,18.40798
EVT0007,EVT0007-FC02,24.0,0,2026-01-15T23:34:26Z,38.340247,18.383684
EVT0007,EVT0007-FC02,24.0,0,2026-01-15T23:34:26Z,38.247908,18.284167
EVT0007,EVT0007-FC02,24.0,0,2026-01-15T23:34:26Z,38.456954,18.08079
EVT0007,EVT0007-FC02,24.0,0,2026-01-15T23:34:26Z,38.694859,18.462695
EVT0007,EVT0007-FC02,24.0,0,2026-01-15T23:34:26Z,38.818372,18.205952
EVT0007,EVT0007-FC02,24.0,0,2026-01-15T23:34:26Z,38.328975,18.171416
EVT0007,EVT0007-FC02,24.0,0,2026-01-15T23:34:26Z,38.363982,18.273768
EVT0007,EVT0007-FC02,24.0,0,2026-01-15T23:34:26Z,38.420047,18.097812
EVT0007,EVT0007-FC02,24.0,0,2026-01-15T23:34:26Z,38.228085,17.925343
EVT0007,EVT0007-FC02,24.0,0,2026-01-15T23:34:26Z,38.31198,18.186339
EVT0007,EVT0007-FC02,24.0,0,2026-01-15T23:34:26Z,38.519568,18.361606
EVT0007,EVT0007-FC02,24.0,0,2026-01-15T23:34:26Z,38.367411,18.105701
EVT0007,EVT0007-FC02,24.0,0,2026-01-15T23:34:26Z,38.554224,17.793664
EVT0007,EVT0007-FC02,24.0,0,2026-01-15T23:34:26Z,37.957024,17.618931
EVT0007,EVT0007-FC02,24.0,0,2026-01-15T23:34:26Z,38.543167,18.536352
EVT0007,EVT0007-FC02,24.0,0,2026-01-15T23:34:26Z,38.365373,18.000487
EVT0007,EVT0007-FC02,24.0,0,2026-01-15T23:34:26Z,38.1924,18.000267
EVT0007,EVT0007-FC02,24.0,0,2026-01-15T23:34:26Z,38.406953,17.913615
EVT0007,EVT0007-FC02,24.0,0,2026-01-15T23:34:26Z,38.486288,17.557442
EVT0007,EVT0007-FC02,24.0,0,2026-01-15T23:34:26Z,38.102687,17.808866
EVT0007,EVT0007-FC02,24.0,0,2026-01-15T23:34:26Z,38.384133,18.632996
EVT0007,EVT0007-FC02,24.0,0,2026-01-15T23:34:26Z,38.23542,18.133416
EVT0007,EVT0007-FC02,48.0,0,2026-01-16T23:34:26Z,38.296474,17.347552
EVT0007,EVT0007-FC02,48.0,0,2026-01-16T23:34:26Z,38.872079,18.670395
EVT0007,EVT0007-FC02,48.0,0,2026-01-16T23:34:26Z,38.055519,17.967104
EVT0007,EVT0007-FC02,48.0,0,2026-01-16T23:34:26Z,38.628897,18.535534
EVT0007,EVT0007-FC02,48.0,0,2026-01-16T23:34:26Z,38.372904,18.542329
EVT0007,EVT0007-FC02,48.0,0,2026-01-16T23:34:26Z,38.52857,18.293004
EVT0007,EVT0007-FC02,48.0,0,2026-01-16T23:34:26Z,38.698256,17.552976
EVT0007,EVT0007-FC02,48.0,0,2026-01-16T23:34:26Z,38.141477,17.626835
EVT0007,EVT0007-FC02,48.0,0,2026-01-16T23:34:26Z,38.271849,17.957834
EVT0007,EVT0007-FC02,48.0,0,2026-01-16T23:34:26Z,38.554963,18.714828
EVT0007,EVT0007-FC02,48.0,0,2026-01-16T23:34:26Z,37.937978,18.337232
EVT0007,EVT0007-FC02,48.0,0,2026-01-16T23:34:26Z,38.392511,17.874839
EVT0007,EVT0007-FC02,48.0,0,2026-01-16T23:34:26Z,38.354186,18.443749
EVT0007,EVT0007-FC02,48.0,0,2026-01-16T23:34:26Z,38.075957,18.364371
EVT0007,EVT0007-FC02,48.0,0,2026-01-16T23:34:26Z,38.176792,18.14915
EVT0007,EVT0007-FC02,48.0,0,2026-01-16T23:34:26Z,38.475333,18.191829
EVT0007,EVT0007-FC02,48.0,0,2026-01-16T23:34:26Z,38.152059,19.078276
EVT0007,EVT0007-FC02,48.0,0,2026-01-16T23:34:26Z,38.434098,18.49967
EVT0007,EVT0007-FC02,48.0,0,2026-01-16T23:34:26Z,38.838667,17.641559
EVT0007,EVT0007-FC02,48.0,0,2026-01-16T23:34:26Z,38.040461,17.944448
EVT0007,EVT0007-FC02,48.0,0,2026-01-16T23:34:26Z,39.009059,17.710522
EVT0007,EVT0007-FC02,48.0,0,2026-01-16T23:34:26Z,38.45554,18.354929
EVT0007,EVT0007-FC02,48.0,0,2026-01-16T23:34:26Z,38.261401,18.201712
EVT0007,EVT0007-FC02,48.0,0,2026-01-16T23:34:26Z,37.851495,17.429638
EVT0007,EVT0007-FC02,48.0,0,2026-01-16T23:34:26Z,38.354798,18.230962
EVT0007,EVT0007-FC02,48.0,0,2026-01-16T23:34:26Z,38.615833,18.388126
EVT0007,EVT0007-FC02,48.0,0,2026-01-16T23:34:26Z,38.398837,18.344449
EVT0007,EVT0007-FC02,48.0,0,2026-01-16T23:34:26Z,37.997241,17.879964
EVT0007,EVT0007-FC02,48.0,0,2026-01-16T23:34:26Z,38.373549,18.484787
EVT0007,EVT0007-FC02,48.0,0,2026-01-16T23:34:26Z,38.313799,18.001449
EVT0007,EVT0007-FC02,48.0,0,2026-01-16T23:34:26Z,38.088698,18.848634
EVT0007,EVT0007-FC02,48.0,0,2026-01-16T23:34:26Z,38.625302,18.41016
EVT0007,EVT0007-FC02,48.0,0,2026-01-16T23:34:26Z,38.380584,18.486361
EVT0007,EVT0007-FC02,48.0,0,2026-01-16T23:34:26Z,38.683796,18.447288
EVT0007,EVT0007-FC02,48.0,0,2026-01-16T23:34:26Z,38.697278,18.890883
EVT0007,EVT0007-FC02,48.0,0,2026-01-16T23:34:26Z,38.85318,17.858534
EVT0007,EVT0007-FC02,48.0,0,2026-01-16T23:34:26Z,38.409108,17.919002
EVT0007,EVT0007-FC02,48.0,0,2026-01-16T23:34:26Z,38.680066,18.491653
EVT0007,EVT0007-FC02,48.0,0,2026-01-16T23:34:26Z,38.617766,18.203694
EVT0007,EVT0007-FC02,48.0,0,2026-01-16T23:34:26Z,38.411157,18.033088
EVT0007,EVT0007-FC02,72.0,0,2026-01-17T23:34:26Z,39.162679,19.245443
EVT0007,EVT0007-FC02,72.0,0,2026-01-17T23:34:26Z,38.385185,18.473143
EVT0007,EVT0007-FC02,72.0,0,2026-01-17T23:34:26Z,38.891706,18.846245
EVT0007,EVT0007-FC02,72.0,0,2026-01-17T23:34:26Z,39.020034,18.667214
EVT0007,EVT0007-FC02,72.0,0,2026-01-17T23:34:26Z,39.465997,17.586342
EVT0007,EVT0007-FC02,72.0,0,2026-01-17T23:34:26Z,38.270079,18.994642
EVT0007,EVT0007-FC02,72.0,0,2026-01-17T23:34:26Z,38.735274,17.633834
EVT0007,EVT0007-FC02,72.0,0,2026-01-17T23:34:26Z,38.852318,18.077525
EVT0007,EVT0007-FC02,72.0,0,2026-01-17T23:34:26Z,38.38669,18.648209
EVT0007,EVT0007-FC02,72.0,0,2026-01-17T23:34:26Z,38.235916,18.10989
EVT0007,EVT0007-FC02,72.0,0,2026-01-17T23:34:26Z,38.595801,18.229674
EVT0007,EVT0007-FC02,72.0,0,2026-01-17T23:34:26Z,38.308781,18.629837
EVT0007,EVT0007-FC02,72.0,0,2026-01-17T23:34:26Z,38.371746,18.443615
EVT0007,EVT0007-FC02,72.0,0,2026-01-17T23:34:26Z,39.011104,18.673976
EVT0007,EVT0007-FC02,72.0,0,2026-01-17T23:34:26Z,38.858317,18.397921
EVT0007,EVT0007-FC02,72.0,0,2026-01-17T23:34:26Z,38.355159,18.763635
EVT0007,EVT0007-FC02,72.0,0,2026-01-17T23:34:26Z,38.355356,17.704908
EVT0007,EVT0007-FC02,72.0,0,2026-01-17T23:34:26Z,38.334443,18.542248
EVT0007,EVT0007-FC02,72.0,0,2026-01-17T23:34:26Z,38.661075,19.189536
EVT0007,EVT0007-FC02,72.0,0,2026-01-17T23:34:26Z,37.892878,18.180349
EVT0007,EVT0007-FC02,72.0,0,2026-01-17T23:34:26Z,38.825359,18.364888
EVT0007,EVT0007-FC02,72.0,0,2026-01-17T23:34:26Z,38.941082,18.850819
EVT0007,EVT0007-FC02,72.0,0,2026-01-17T23:34:26Z,38.534636,18.181077
EVT0007,EVT0007-FC02,72.0,0,2026-01-17T23:34:26Z,38.113053,18.556313
EVT0007,EVT0007-FC02,72.0,0,2026-01-17T23:34:26Z,38.927793,18.766251
EVT0007,EVT0007-FC02,72.0,0,2026-01-17T23:34:26Z,38.657183,18.464593
EVT0007,EVT0007-FC02,72.0,0,2026-01-17T23:34:26Z,39.376851,18.062304
EVT0007,EVT0007-FC02,72.0,0,2026-01-17T23:34:26Z,38.889662,18.065265
EVT0007,EVT0007-FC02,72.0,0,2026-01-17T23:34:26Z,37.201351,18.011376
EVT0007,EVT0007-FC02,72.0,0,2026-01-17T23:34:26Z,38.196562,18.669794
EVT0007,EVT0007-FC02,72.0,0,2026-01-17T23:34:26Z,38.914644,18.362466
EVT0007,EVT0007-FC02,72.0,0,2026-01-17T23:34:26Z,38.510703,17.518872
EVT0007,EVT0007-FC02,72.0,0,2026-01-17T23:34:26Z,39.271656,17.697432
EVT0007,EVT0007-FC02,72.0,0,2026-01-17T23:34:26Z,39.024792,19.19541
EVT0007,EVT0007-FC02,72.0,0,2026-01-17T23:34:26Z,38.179894,17.669771
EVT0007,EVT0007-FC02,72.0,0,2026-01-17T23:34:26Z,38.398104,18.097833
EVT0007,EVT0007-FC02,72.0,0,2026-01-17T23:34:26Z,37.905801,18.640189
EVT0007,EVT0007-FC02,72.0,0,2026-01-17T23:34:26Z,38.035779,18.599049
EVT0007,EVT0007-FC02,72.0,0,2026-01-17T23:34:26Z,38.784719,18.108236
EVT0007,EVT0007-FC02,72.0,0,2026-01-17T23:34:26Z,38.04679,18.223595
EVT0007,EVT0007-FC02,12.0,1,2026-01-15T11:34:26Z,38.231779,18.371296
EVT0007,EVT0007-FC02,12.0,1,2026-01-15T11:34:26Z,38.247172,17.904566
EVT0007,EVT0007-FC02,12.0,1,2026-01-15T11:34:26Z,38.500196,18.534256
EVT0007,EVT0007-FC02,12.0,1,2026-01-15T11:34:26Z,38.223074,18.180274
EVT0007,EVT0007-FC02,12.0,1,2026-01-15T11:34:26Z,38.39326,18.471741
EVT0007,EVT0007-FC02,12.0,1,2026-01-15T11:34:26Z,38.282806,18.120725
EVT0007,EVT0007-FC02,12.0,1,2026-01-15T11:34:26Z,38.159638,18.184838
EVT0007,EVT0007-FC02,12.0,1,2026-01-15T11:34:26Z,38.238886,17.806958
EVT0007,EVT0007-FC02,12.0,1,2026-01-15T11:34:26Z,38.249516,18.207849
EVT0007,EVT0007-FC02,12.0,1,2026-01-15T11:34:26Z,38.302858,18.031752
EVT0007,EVT0007-FC02,12.0,1,2026-01-15T11:34:26Z,38.363637,18.249731
EVT0007,EVT0007-FC02,12.0,1,2026-01-15T11:34:26Z,38.282891,18.399324
EVT0007,EVT0007-FC02,12.0,1,2026-01-15T11:34:26Z,38.316291,18.046836
EVT0007,EVT0007-FC02,12.0,1,2026-01-15T11:34:26Z,38.333938,18.427392
EVT0007,EVT0007-FC02,12.0,1,2026-01-15T11:34:26Z,38.391954,18.312575
EVT0007,EVT0007-FC02,12.0,1,2026-01-15T11:34:26Z,38.278534,17.785067
EVT0007,EVT0007-FC02,12.0,1,2026-01-15T11:34:26Z,38.312928,18.052962
EVT0007,EVT0007-FC02,12.0,1,2026-01-15T11:34:26Z,38.174824,18.515595
EVT0007,EVT0007-FC02,12.0,1,2026-01-15T11:34:26Z,38.422737,18.32102
EVT0007,EVT0007-FC02,12.0,1,2026-01-15T11:34:26Z,38.347985,17.93388
EVT0007,EVT0007-FC02,12.0,1,2026-01-15T11:34:26Z,38.539301,17.633169
EVT0007,EVT0007-FC02,12.0,1,2026-01-15T11:34:26Z,38.274327,18.47884
EVT0007,EVT0007-FC02,12.0,1,2026-01-15T11:34:26Z,38.28609,18.488179
EVT0007,EVT0007-FC02,12.0,1,2026-01-15T11:34:26Z,38.130282,17.876347
EVT0007,EVT0007-FC02,12.0,1,2026-01-15T11:34:26Z,38.304673,18.237722
EVT0007,EVT0007-FC02,12.0,1,2026-01-15T11:34:26Z,38.41417,18.574121
EVT0007,EVT0007-FC02,12.0,1,2026-01-15T11:34:26Z,38.522533,17.561402
EVT0007,EVT0007-FC02,12.0,1,2026-01-15T11:34:26Z,38.243981,18.36586
EVT0007,EVT0007-FC02,12.0,1,2026-01-15T11:34:26Z,38.241779,17.856672
EVT0007,EVT0007-FC02,12.0,1,2026-01-15T11:34:26Z,38.196364,18.041375
EVT0007,EVT0007-FC02,12.0,1,2026-01-15T11:34:26Z,38.450812,18.411427
EVT0007,EVT0007-FC02,12.0,1,2026-01-15T11:34:26Z,38.369929,17.915939
EVT0007,EVT0007-FC02,12.0,1,2026-01-15T11:34:26Z,38.183708,18.264213
EVT0007,EVT0007-FC02,12.0,1,2026-01-15T11:34:26Z,38.317297,18.16935
EVT0007,EVT0007-FC02,12.0,1,2026-01-15T11:34:26Z,38.416502,18.221605
EVT0007,EVT0007-FC02,12.0,1,2026-01-15T11:34:26Z,38.120002,18.374003
EVT0007,EVT0007-FC02,12.0,1,2026-01-15T11:34:26Z,38.087439,17.947801
EVT0007,EVT0007-FC02,12.0,1,2026-01-15T11:34:26Z,38.530465,18.57409
EVT0007,EVT0007-FC02,12.0,1,2026-01-15T11:34:26Z,38.226107,18.132832
EVT0007,EVT0007-FC02,12.0,1,2026-01-15T11:34:26Z,38.247388,18.103974
EVT0007,EVT0007-FC02,24.0,1,2026-01-15T23:34:26Z,38.429411,17.882942
EVT0007,EVT0007-FC02,24.0,1,2026-01-15T23:34:26Z,38.337719,18.173815
EVT0007,EVT0007-FC02,24.0,1,2026-01-15T23:34:26Z,38.484457,18.08842
EVT0007,EVT0007-FC02,24.0,1,2026-01-15T23:34:26Z,38.291197,18.253706
EVT0007,EVT0007-FC02,24.0,1,2026-01-15T23:34:26Z,38.637978,18.649228
EVT0007,EVT0007-FC02,24.0,1,2026-01-15T23:34:26Z,37.890552,18.343253
EVT0007,EVT0007-FC02,24.0,1,2026-01-15T23:34:26Z,38.574177,18.502012
EVT0007,EVT0007-FC02,24.0,1,2026-01-15T23:34:26Z,38.347132,18.097124
EVT0007,EVT0007-FC02,24.0,1,2026-01-15T23:34:26Z,38.450737,17.601088
EVT0007,EVT0007-FC02,24.0,1,2026-01-15T23:34:26Z,38.47604,18.022982
EVT0007,EVT0007-FC02,24.0,1,2026-01-15T23:34:26Z,38.631315,18.501907
EVT0007,EVT0007-FC02,24.0,1,2026-01-15T23:34:26Z,38.605861,18.267376
EVT0007,EVT0007-FC02,24.0,1,2026-01-15T23:34:26Z,38.522578,18.274303
EVT0007,EVT0007-FC02,24.0,1,2026-01-15T23:34:26Z,38.167708,17.9575
EVT0007,EVT0007-FC02,24.0,1,2026-01-15T23:34:26Z,38.253536,17.721609
EVT0007,EVT0007-FC02,24.0,1,2026-01-15T23:34:26Z,38.144647,17.296771
EVT0007,EVT0007-FC02,24.0,1,2026-01-15T23:34:26Z,38.298222,18.211024
EVT0007,EVT0007-FC02,24.0,1,2026-01-15T23:34:26Z,38.297248,18.209282
EVT0007,EVT0007-FC02,24.0,1,2026-01-15T23:34:26Z,38.212454,18.334312
EVT0007,EVT0007-FC02,24.0,1,2026-01-15T23:34:26Z,38.459233,17.921542
EVT0007,EVT0007-FC02,24.0,1,2026-01-15T23:34:26Z,38.148514,18.826901
EVT0007,EVT0007-FC02,24.0,1,2026-01-15T23:34:26Z,38.43254,18.234976
EVT0007,EVT0007-FC02,24.0,1,2026-01-15T23:34:26Z,38.604132,18.339275
EVT0007,EVT0007-FC02,24.0,1,2026-01-15T23:34:26Z,38.157023,17.931226
EVT0007,EVT0007-FC02,24.0,1,2026-01-15T23:34:26Z,38.386971,18.370514
EVT0007,EVT0007-FC02,24.0,1,2026-01-15T23:34:26Z,38.282937,17.929323
EVT0007,EVT0007-FC02,24.0,1,2026-01-15T23:34:26Z,38.352711,18.011121
EVT0007,EVT0007-FC02,24.0,1,2026-01-15T23:34:26Z,38.289027,18.239392
EVT0007,EVT0007-FC02,24.0,1,2026-01-15T23:34:26Z,38.205624,18.011861
EVT0007,EVT0007-FC02,24.0,1,2026-01-15T23:34:26Z,38.283314,17.846161
EVT0007,EVT0007-FC02,24.0,1,2026-01-15T23:34:26Z,38.244964,17.63449
EVT0007,EVT0007-FC02,24.0,1,2026-01-15T23:34:26Z,37.969588,18.362354
EVT0007,EVT0007-FC02,24.0,1,2026-01-15T23:34:26Z,38.277014,18.001954
EVT0007,EVT0007-FC02,24.0,1,2026-01-15T23:34:26Z,38.660365,18.378536
EVT0007,EVT0007-FC02,24.0,1,2026-01-15T23:34:26Z,38.288322,18.149125
EVT0007,EVT0007-FC02,24.0,1,2026-01-15T23:34:26Z,38.590295,18.261686
EVT0007,EVT0007-FC02,24.0,1,2026-01-15T23:34:26Z,38.156586,17.71346
EVT0007,EVT0007-FC02,24.0,1,2026-01-15T23:34:26Z,38.568321,18.296796
EVT0007,EVT0007-FC02,24.0,1,2026-01-15T23:34:26Z,38.430997,18.30749
EVT0007,EVT0007-FC02,24.0,1,2026-01-15T23:34:26Z,38.299506,17.912101
EVT0007,EVT0007-FC02,48.0,1,2026-01-16T23:34:26Z,38.570332,18.489373
EVT0007,EVT0007-FC02,48.0,1,2026-01-16T23:34:26Z,38.372528,17.981583
EVT0007,EVT0007-FC02,48.0,1,2026-01-16T23:34:26Z,38.58496,18.18814
EVT0007,EVT0007-FC02,48.0,1,2026-01-16T23:34:26Z,37.933531,18.137266
EVT0007,EVT0007-FC02,48.0,1,2026-01-16T23:34:26Z,38.469144,18.534857
EVT0007,EVT0007-FC02,48.0,1,2026-01-16T23:34:26Z,38.671135,18.425646
EVT0007,EVT0007-FC02,48.0,1,2026-01-16T23:34:26Z,38.702697,18.449792
EVT0007,EVT0007-FC02,48.0,1,2026-01-16T23:34:26Z,38.49331,18.238217
EVT0007,EVT0007-FC02,48.0,1,2026-01-16T23:34:26Z,38.295845,17.936324
EVT0007,EVT0007-FC02,48.0,1,2026-01-16T23:34:26Z,37.88096,18.081194
EVT0007,EVT0007-FC02,48.0,1,2026-01-16T23:34:26Z,38.450001,18.429213
EVT0007,EVT0007-FC02,48.0,1,2026-01-16T23:34:26Z,38.350523,18.01919
EVT0007,EVT0007-FC02,48.0,1,2026-01-16T23:34:26Z,38.521273,18.283705
EVT0007,EVT0007-FC02,48.0,1,2026-01-16T23:34:26Z,37.756132,18.587545
EVT0007,EVT0007-FC02,48.0,1,2026-01-16T23:34:26Z,38.255091,18.504852
EVT0007,EVT0007-FC02,48.0,1,2026-01-16T23:34:26Z,38.657673,18.487629
EVT0007,EVT0007-FC02,48.0,1,2026-01-16T23:34:26Z,38.099823,18.317182
EVT0007,EVT0007-FC02,48.0,1,2026-01-16T23:34:26Z,39.096171,18.940605
EVT0007,EVT0007-FC02,48.0,1,2026-01-16T23:34:26Z,38.12976,18.260557
EVT0007,EVT0007-FC02,48.0,1,2026-01-16T23:34:26Z,38.510755,18.097946
EVT0007,EVT0007-FC02,48.0,1,2026-01-16T23:34:26Z,38.288619,17.57374
EVT0007,EVT0007-FC02,48.0,1,2026-01-16T23:34:26Z,38.399138,18.212104
EVT0007,EVT0007-FC02,48.0,1,2026-01-16T23:34:26Z,38.935648,18.771831
EVT0007,EVT0007-FC02,48.0,1,2026-01-16T23:34:26Z,38.611835,18.401157
EVT0007,EVT0007-FC02,48.0,1,2026-01-16T23:34:26Z,38.607054,18.676486
EVT0007,EVT0007-FC02,48.0,1,2026-01-16T23:34:26Z,38.259948,18.169609
EVT0007,EVT0007-FC02,48.0,1,2026-01-16T23:34:26Z,38.916561,19.043931
EVT0007,EVT0007-FC02,48.0,1,2026-01-16T23:34:26Z,38.439873,18.169393
EVT0007,EVT0007-FC02,48.0,1,2026-01-16T23:34:26Z,38.424107,17.926501
EVT0007,EVT0007-FC02,48.0,1,2026-01-16T23:34:26Z,37.990516,17.573402
EVT0007,EVT0007-FC02,48.0,1,2026-01-16T23:34:26Z,38.830273,18.042642
EVT0007,EVT0007-FC02,48.0,1,2026-01-16T23:34:26Z,38.494266,18.118004
EVT0007,EVT0007-FC02,48.0,1,2026-01-16T23:34:26Z,38.762896,18.16957
EVT0007,EVT0007-FC02,48.0,1,2026-01-16T23:34:26Z,38.213918,18.097266
EVT0007,EVT0007-FC02,48.0,1,2026-01-16T23:34:26Z,38.042152,18.167783
EVT0007,EVT0007-FC02,48.0,1,2026-01-16T23:34:26Z,38.233493,18.068129
EVT0007,EVT0007-FC02,48.0,1,2026-01-16T23:34:26Z,38.377468,17.98837
EVT0007,EVT0007-FC02,48.0,1,2026-01-16T23:34:26Z,39.379718,18.250795
EVT0007,EVT0007-FC02,48.0,1,2026-01-16T23:34:26Z,38.403734,18.234417
EVT0007,EVT0007-FC02,48.0,1,2026-01-16T23:34:26Z,38.099763,18.605785
EVT0007,EVT0007-FC02,72.0,1,2026-01-17T23:34:26Z,39.134645,18.992218
EVT0007,EVT0007-FC02,72.0,1,2026-01-17T23:34:26Z,38.946658,18.890702
EVT0007,EVT0007-FC02,72.0,1,2026-01-17T23:34:26Z,38.669882,18.920897
EVT0007,EVT0007-FC02,72.0,1,2026-01-17T23:34:26Z,38.678604,17.693248
EVT0007,EVT0007-FC02,72.0,1,2026-01-17T23:34:26Z,39.884803,19.222758
EVT0007,EVT0007-FC02,72.0,1,2026-01-17T23:34:26Z,39.346859,17.506788
EVT0007,EVT0007-FC02,72.0,1,2026-01-17T23:34:26Z,38.044766,18.386598
EVT0007,EVT0007-FC02,72.0,1,2026-01-17T23:34:26Z,39.21256,17.90123
EVT0007,EVT0007-FC02,72.0,1,2026-01-17T23:34:26Z,38.719013,18.480418
EVT0007,EVT0007-FC02,72.0,1,2026-01-17T23:34:26Z,38.762781,18.177312
EVT0007,EVT0007-FC02,72.0,1,2026-01-17T23:34:26Z,37.991339,18.150619
EVT0007,EVT0007-FC02,72.0,1,2026-01-17T23:34:26Z,38.861915,18.051591
EVT0007,EVT0007-FC02,72.0,1,2026-01-17T23:34:26Z,39.395614,17.588856
EVT0007,EVT0007-FC02,72.0,1,2026-01-17T23:34:26Z,38.678185,17.883085
EVT0007,EVT0007-FC02,72.0,1,2026-01-17T23:34:26Z,37.817287,17.731156
EVT0007,EVT0007-FC02,72.0,1,2026-01-17T23:34:26Z,38.383237,18.926471
EVT0007,EVT0007-FC02,72.0,1,2026-01-17T23:34:26Z,38.822474,18.665897
EVT0007,EVT0007-FC02,72.0,1,2026-01-17T23:34:26Z,38.275149,17.6453
EVT0007,EVT0007-FC02,72.0,1,2026-01-17T23:34:26Z,38.589022,19.138393
EVT0007,EVT0007-FC02,72.0,1,2026-01-17T23:34:26Z,38.332002,18.93856
EVT0007,EVT0007-FC02,72.0,1,2026-01-17T23:34:26Z,38.423205,17.955914
EVT0007,EVT0007-FC02,72.0,1,2026-01-17T23:34:26Z,38.403915,19.0187
EVT0007,EVT0007-FC02,72.0,1,2026-01-17T23:34:26Z,38.306405,18.408339
EVT0007,EVT0007-FC02,72.0,1,2026-01-17T23:34:26Z,38.61703,18.39293
EVT0007,EVT0007-FC02,72.0,1,2026-01-17T23:34:26Z,37.956105,18.000613
EVT0007,EVT0007-FC02,72.0,1,2026-01-17T23:34:26Z,38.084693,18.005107
EVT0007,EVT0007-FC02,72.0,1,2026-01-17T23:34:26Z,38.502041,17.795233
EVT0007,EVT0007-FC02,72.0,1,2026-01-17T23:34:26Z,38.810362,18.623345
EVT0007,EVT0007-FC02,72.0,1,2026-01-17T23:34:26Z,39.110055,17.243104
EVT0007,EVT0007-FC02,72.0,1,2026-01-17T23:34:26Z,38.295555,17.892626
EVT0007,EVT0007-FC02,72.0,1,2026-01-17T23:34:26Z,38.448705,18.558998
EVT0007,EVT0007-FC02,72.0,1,2026-01-17T23:34:26Z,38.56198,18.40835
EVT0007,EVT0007-FC02,72.0,1,2026-01-17T23:34:26Z,39.003169,19.701124
EVT0007,EVT0007-FC02,72.0,1,2026-01-17T23:34:26Z,38.776646,18.855505
EVT0007,EVT0007-FC02,72.0,1,2026-01-17T23:34:26Z,38.953608,19.045576
EVT0007,EVT0007-FC02,72.0,1,2026-01-17T23:34:26Z,38.724155,18.081683
EVT0007,EVT0007-FC02,72.0,1,2026-01-17T23:34:26Z,38.955534,18.491354
EVT0007,EVT0007-FC02,72.0,1,2026-01-17T23:34:26Z,38.291971,18.5835
EVT0007,EVT0007-FC02,72.0,1,2026-01-17T23:34:26Z,37.506701,18.257177
EVT0007,EVT0007-FC02,72.0,1,2026-01-17T23:34:26Z,38.581384,18.709008
EVT0007,EVT0007-FC02,12.0,2,2026-01-15T11:34:26Z,38.243674,18.524428
EVT0007,EVT0007-FC02,12.0,2,2026-01-15T11:34:26Z,38.006304,18.15159
EVT0007,EVT0007-FC02,12.0,2,2026-01-15T11:34:26Z,38.36534,18.369042
EVT0007,EVT0007-FC02,12.0,2,2026-01-15T11:34:26Z,38.050079,18.144992
EVT0007,EVT0007-FC02,12.0,2,2026-01-15T11:34:26Z,38.139337,18.204725
EVT0007,EVT0007-FC02,12.0,2,2026-01-15T11:34:26Z,38.467102,18.285567
EVT0007,EVT0007-FC02,12.0,2,2026-01-15T11:34:26Z,38.186893,18.372568
EVT0007,EVT0007-FC02,12.0,2,2026-01-15T11:34:26Z,38.191016,17.95585
EVT0007,EVT0007-FC02,12.0,2,2026-01-15T11:34:26Z,38.290224,18.19062
EVT0007,EVT0007-FC02,12.0,2,2026-01-15T11:34:26Z,38.103791,17.687082
EVT0007,EVT0007-FC02,12.0,2,2026-01-15T11:34:26Z,38.198992,17.877636
EVT0007,EVT0007-FC02,12.0,2,2026-01-15T11:34:26Z,38.213055,18.197457
EVT0007,EVT0007-FC02,12.0,2,2026-01-15T11:34:26Z,38.264016,18.264719
EVT0007,EVT0007-FC02,12.0,2,2026-01-15T11:34:26Z,38.192607,17.912033
EVT0007,EVT0007-FC02,12.0,2,2026-01-15T11:34:26Z,38.320811,18.224902
EVT0007,EVT0007-FC02,12.0,2,2026-01-15T11:34:26Z,38.125881,18.156623
EVT0007,EVT0007-FC02,12.0,2,2026-01-15T11:34:26Z,38.309957,17.826686
EVT0007,EVT0007-FC02,12.0,2,2026-01-15T11:34:26Z,38.131457,18.151506
EVT0007,EVT0007-FC02,12.0,2,2026-01-15T11:34:26Z,38.229269,18.012917
EVT0007,EVT0007-FC02,12.0,2,2026-01-15T11:34:26Z,38.607199,17.706643
EVT0007,EVT0007-FC02,12.0,2,2026-01-15T11:34:26Z,38.168996,18.123187
EVT0007,EVT0007-FC02,12.0,2,2026-01-15T11:34:26Z,38.32879,17.983373
EVT0007,EVT0007-FC02,12.0,2,2026-01-15T11:34:26Z,38.201193,18.124444
EVT0007,EVT0007-FC02,12.0,2,2026-01-15T11:34:26Z,38.225961,18.062669
EVT0007,EVT0007-FC02,12.0,2,2026-01-15T11:34:26Z,38.296789,18.127085
EVT0007,EVT0007-FC02,12.0,2,2026-01-15T11:34:26Z,38.297667,18.446339
EVT0007,EVT0007-FC02,12.0,2,2026-01-15T11:34:26Z,38.422861,17.605184
EVT0007,EVT0007-FC02,12.0,2,2026-01-15T11:34:26Z,38.079522,18.205635
EVT0007,EVT0007-FC02,12.0,2,2026-01-15T11:34:26Z,38.150022,18.029304
EVT0007,EVT0007-FC02,12.0,2,2026-01-15T11:34:26Z,38.150358,18.00915
EVT0007,EVT0007-FC02,12.0,2,2026-01-15T11:34:26Z,38.361672,17.795343
EVT0007,EVT0007-FC02,12.0,2,2026-01-15T11:34:26Z,38.211935,17.865913
EVT0007,EVT0007-FC02,12.0,2,2026-01-15T11:34:26Z,38.270767,18.102378
EVT0007,EVT0007-FC02,12.0,2,2026-01-15T11:34:26Z,38.175279,18.168591
EVT0007,EVT0007-FC02,12.0,2,2026-01-15T11:34:26Z,38.312779,18.20341
EVT0007,EVT0007-FC02,12.0,2,2026-01-15T11:34:26Z,38.210151,17.990378
EVT0007,EVT0007-FC02,12.0,2,2026-01-15T11:34:26Z,38.285873,18.132977
EVT0007,EVT0007-FC02,12.0,2,2026-01-15T11:34:26Z,38.035192,18.274387
EVT0007,EVT0007-FC02,12.0,2,2026-01-15T11:34:26Z,37.978336,18.578107
EVT0007,EVT0007-FC02,12.0,2,2026-01-15T11:34:26Z,38.305707,17.981671
EVT0007,EVT0007-FC02,24.0,2,2026-01-15T23:34:26Z,37.733187,18.361799
EVT0007,EVT0007-FC02,24.0,2,2026-01-15T23:34:26Z,38.256728,18.263527
EVT0007,EVT0007-FC02,24.0,2,2026-01-15T23:34:26Z,38.359787,18.213029
EVT0007,EVT0007-FC02,24.0,2,2026-01-15T23:34:26Z,38.147202,18.172538
EVT0007,EVT0007-FC02,24.0,2,2026-01-15T23:34:26Z,38.14085,17.585336
EVT0007,EVT0007-FC02,24.0,2,2026-01-15T23:34:26Z,38.462748,18.01781
EVT0007,EVT0007-FC02,24.0,2,2026-01-15T23:34:26Z,38.545755,18.352404
EVT0007,EVT0007-FC02,24.0,2,2026-01-15T23:34:26Z,38.381636,17.908575
EVT0007,EVT0007-FC02,24.0,2,2026-01-15T23:34:26Z,37.984319,17.520603
EVT0007,EVT0007-FC02,24.0,2,2026-01-15T23:34:26Z,38.291662,18.132008
EVT0007,EVT0007-FC02,24.0,2,2026-01-15T23:34:26Z,38.281957,18.020489
EVT0007,EVT0007-FC02,24.0,2,2026-01-15T23:34:26Z,38.317447,18.259891
EVT0007,EVT0007-FC02,24.0,2,2026-01-15T23:34:26Z,38.38869,18.028516
EVT0007,EVT0007-FC02,24.0,2,2026-01-15T23:34:26Z,38.151119,17.759288
EVT0007,EVT0007-FC02,24.0,2,2026-01-15T23:34:26Z,38.678286,18.136596
EVT0007,EVT0007-FC02,24.0,2,2026-01-15T23:34:26Z,38.494373,18.369808
EVT0007,EVT0007-FC02,24.0,2,2026-01-15T23:34:26Z,38.448893,18.192367
EVT0007,EVT0007-FC02,24.0,2,2026-01-15T23:34:26Z,38.446068,17.748498
EVT0007,EVT0007-FC02,24.0,2,2026-01-15T23:34:26Z,38.485194,18.266557
EVT0007,EVT0007-FC02,24.0,2,2026-01-15T23:34:26Z,38.195037,18.180259
EVT0007,EVT0007-FC02,24.0,2,2026-01-15T23:34:26Z,38.466339,18.455
EVT0007,EVT0007-FC02,24.0,2,2026-01-15T23:34:26Z,38.593919,18.433039
EVT0007,EVT0007-FC02,24.0,2,2026-01-15T23:34:26Z,38.180321,18.143397
EVT0007,EVT0007-FC02,24.0,2,2026-01-15T23:34:26Z,37.9841,17.746681
EVT0007,EVT0007-FC02,24.0,2,2026-01-15T23:34:26Z,37.801022,18.234422
EVT0007,EVT0007-FC02,24.0,2,2026-01-15T23:34:26Z,38.39927,18.605355
EVT0007,EVT0007-FC02,24.0,2,2026-01-15T23:34:26Z,38.652552,18.361534
EVT0007,EVT0007-FC02,24.0,2,2026-01-15T23:34:26Z,38.397783,17.884702
EVT0007,EVT0007-FC02,24.0,2,2026-01-15T23:34:26Z,38.149383,18.056758
EVT0007,EVT0007-FC02,24.0,2,2026-01-15T23:34:26Z,38.098261,17.69428
EVT0007,EVT0007-FC02,24.0,2,2026-01-15T23:34:26Z,38.429221,18.146063
EVT0007,EVT0007-FC02,24.0,2,2026-01-15T23:34:26Z,38.184267,18.303867
EVT0007,EVT0007-FC02,24.0,2,2026-01-15T23:34:26Z,38.322081,18.10135
EVT0007,EVT0007-FC02,24.0,2,2026-01-15T23:34:26Z,38.525177,18.18532
EVT0007,EVT0007-FC02,24.0,2,2026-01-15T23:34:26Z,38.549186,18.128248
EVT0007,EVT0007-FC02,24.0,2,2026-01-15T23:34:26Z,37.969164,18.119956
EVT0007,EVT0007-FC02,24.0,2,2026-01-15T23:34:26Z,38.197183,18.202219
EVT0007,EVT0007-FC02,24.0,2,2026-01-15T23:34:26Z,38.25163,17.93204
EVT0007,EVT0007-FC02,24.0,2,2026-01-15T23:34:26Z,38.550407,17.658122
EVT0007,EVT0007-FC02,24.0,2,2026-01-15T23:34:26Z,38.246339,17.992838
EVT0007,EVT0007-FC02,48.0,2,2026-01-16T23:34:26Z,37.525177,17.730986
EVT0007,EVT0007-FC02,48.0,2,2026-01-16T23:34:26Z,38.123845,18.233376
EVT0007,EVT0007-FC02,48.0,2,2026-01-16T23:34:26Z,38.16129,17.985214
EVT0007,EVT0007-FC02,48.0,2,2026-01-16T23:34:26Z,38.188807,17.989979
EVT0007,EVT0007-FC02,48.0,2,2026-01-16T23:34:26Z,38.361741,17.870412
EVT0007,EVT0007-FC02,48.0,2,2026-01-16T23:34:26Z,38.437359,18.138351
EVT0007,EVT0007-FC02,48.0,2,2026-01-16T23:34:26Z,38.355436,17.965291
EVT0007,EVT0007-FC02,48.0,2,2026-01-16T23:34:26Z,38.415768,18.529124
EVT0007,EVT0007-FC02,48.0,2,2026-01-16T23:34:26Z,38.402443,18.205848
EVT0007,EVT0007-FC02,48.0,2,2026-01-16T23:34:26Z,38.162612,17.904392
EVT0007,EVT0007-FC02,48.0,2,2026-01-16T23:34:26Z,38.153715,17.397216
EVT0007,EVT0007-FC02,48.0,2,2026-01-16T23:34:26Z,38.304865,18.024819
EVT0007,EVT0007-FC02,48.0,2,2026-01-16T23:34:26Z,38.429583,18.393924
EVT0007,EVT0007-FC02,48.0,2,2026-01-16T23:34:26Z,38.500319,18.38521
EVT0007,EVT0007-FC02,48.0,2,2026-01-16T23:34:26Z,37.901255,18.500819
EVT0007,EVT0007-FC02,48.0,2,2026-01-16T23:34:26Z,38.244608,17.850915
EVT0007,EVT0007-FC02,48.0,2,2026-01-16T23:34:26Z,38.198014,17.61123
EVT0007,EVT0007-FC02,48.0,2,2026-01-16T23:34:26Z,38.362337,17.77337
EVT0007,EVT0007-FC02,48.0,2,2026-01-16T23:34:26Z,38.250335,18.019713
EVT0007,EVT0007-FC02,48.0,2,2026-01-16T23:34:26Z,37.86814,18.453266
EVT0007,EVT0007-FC02,48.0,2,2026-01-16T23:34:26Z,38.977274,17.432957
EVT0007,EVT0007-FC02,48.0,2,2026-01-16T23:34:26Z,38.560428,18.327457
EVT0007,EVT0007-FC02,48.0,2,2026-01-16T23:34:26Z,38.439128,18.121297
EVT0007,EVT0007-FC02,48.0,2,2026-01-16T23:34:26Z,38.516928,16.987687
EVT0007,EVT0007-FC02,48.0,2,2026-01-16T23:34:26Z,37.65714,17.906624
EVT0007,EVT0007-FC02,48.0,2,2026-01-16T23:34:26Z,38.021019,17.529471
EVT0007,EVT0007-FC02,48.0,2,2026-01-16T23:34:26Z,37.856135,17.858291
EVT0007,EVT0007-FC02,48.0,2,2026-01-16T23:34:26Z,37.789929,18.791305
EVT0007,EVT0007-FC02,48.0,2,2026-01-16T23:34:26Z,38.535284,18.431734
EVT0007,EVT0007-FC02,48.0,2,2026-01-16T23:34:26Z,38.136527,17.909299
EVT0007,EVT0007-FC02,48.0,2,2026-01-16T23:34:26Z,38.498954,18.342298
EVT0007,EVT0007-FC02,48.0,2,2026-01-16T23:34:26Z,38.558791,18.545948
EVT0007,EVT0007-FC02,48.0,2,2026-01-16T23:34:26Z,39.19305,18.062545
EVT0007,EVT0007-FC02,48.0,2,2026-01-16T23:34:26Z,38.217633,17.698173
EVT0007,EVT0007-FC02,48.0,2,2026-01-16T23:34:26Z,38.466031,17.88352
EVT0007,EVT0007-FC02,48.0,2,2026-01-16T23:34:26Z,38.290903,18.121101
EVT0007,EVT0007-FC02,48.0,2,2026-01-16T23:34:26Z,38.131022,17.501248
EVT0007,EVT0007-FC02,48.0,2,2026-01-16T23:34:26Z,38.512659,18.499444
EVT0007,EVT0007-FC02,48.0,2,2026-01-16T23:34:26Z,38.65738,18.235819
EVT0007,EVT0007-FC02,48.0,2,2026-01-16T23:34:26Z,38.409501,18.156141
EVT0007,EVT0007-FC02,72.0,2,2026-01-17T23:34:26Z,38.211246,18.389995
EVT0007,EVT0007-FC02,72.0,2,2026-01-17T23:34:26Z,38.316283,17.315843
EVT0007,EVT0007-FC02,72.0,2,2026-01-17T23:34:26Z,37.782299,18.279565
EVT0007,EVT0007-FC02,72.0,2,2026-01-17T23:34:26Z,39.305092,17.717876
EVT0007,EVT0007-FC02,72.0,2,2026-01-17T23:34:26Z,38.360391,18.805951
EVT0007,EVT0007-FC02,72.0,2,2026-01-17T23:34:26Z,39.0503,17.288475
EVT0007,EVT0007-FC02,72.0,2,2026-01-17T23:34:26Z,37.955107,18.05905
EVT0007,EVT0007-FC02,72.0,2,2026-01-17T23:34:26Z,39.196543,18.51288
EVT0007,EVT0007-FC02,72.0,2,2026-01-17T23:34:26Z,38.097113,18.742688
EVT0007,EVT0007-FC02,72.0,2,2026-01-17T23:34:26Z,38.407903,18.263989
EVT0007,EVT0007-FC02,72.0,2,2026-01-17T23:34:26Z,38.898377,17.969588
EVT0007,EVT0007-FC02,72.0,2,2026-01-17T23:34:26Z,39.060793,18.690821
EVT0007,EVT0007-FC02,72.0,2,2026-01-17T23:34:26Z,38.632461,17.827883
EVT0007,EVT0007-FC02,72.0,2,2026-01-17T23:34:26Z,38.169618,18.258592
EVT0007,EVT0007-FC02,72.0,2,2026-01-17T23:34:26Z,38.70688,17.668459
EVT0007,EVT0007-FC02,72.0,2,2026-01-17T23:34:26Z,38.323476,17.865855
EVT0007,EVT0007-FC02,72.0,2,2026-01-17T23:34:26Z,38.881712,18.55821
EVT0007,EVT0007-FC02,72.0,2,2026-01-17T23:34:26Z,38.28211,18.889404
EVT0007,EVT0007-FC02,72.0,2,2026-01-17T23:34:26Z,38.989376,18.108122
EVT0007,EVT0007-FC02,72.0,2,2026-01-17T23:34:26Z,38.904969,17.197731
EVT0007,EVT0007-FC02,72.0,2,2026-01-17T23:34:26Z,39.221993,18.292046
EVT0007,EVT0007-FC02,72.0,2,2026-01-17T23:34:26Z,38.782795,18.310218
EVT0007,EVT0007-FC02,72.0,2,2026-01-17T23:34:26Z,39.580446,18.269607
EVT0007,EVT0007-FC02,72.0,2,2026-01-17T23:34:26Z,38.410615,18.398762
EVT0007,EVT0007-FC02,72.0,2,2026-01-17T23:34:26Z,38.736619,18.050615
EVT0007,EVT0007-FC02,72.0,2,2026-01-17T23:34:26Z,38.982278,17.869747
EVT0007,EVT0007-FC02,72.0,2,2026-01-17T23:34:26Z,38.357264,18.614149
EVT0007,EVT0007-FC02,72.0,2,2026-01-17T23:34:26Z,38.785832,17.744915
EVT0007,EVT0007-FC02,72.0,2,2026-01-17T23:34:26Z,38.595446,19.074212
EVT0007,EVT0007-FC02,72.0,2,2026-01-17T23:34:26Z,38.589584,17.987356
EVT0007,EVT0007-FC02,72.0,2,2026-01-17T23:34:26Z,38.757275,18.306969
EVT0007,EVT0007-FC02,72.0,2,2026-01-17T23:34:26Z,38.786219,18.526551
EVT0007,EVT0007-FC02,72.0,2,2026-01-17T23:34:26Z,38.746969,18.906382
EVT0007,EVT0007-FC02,72.0,2,2026-01-17T23:34:26Z,38.650453,18.304917
EVT0007,EVT0007-FC02,72.0,2,2026-01-17T23:34:26Z,38.799776,18.074658
EVT0007,EVT0007-FC02,72.0,2,2026-01-17T23:34:26Z,38.523659,18.134502
EVT0007,EVT0007-FC02,72.0,2,2026-01-17T23:34:26Z,38.648013,18.193747
EVT0007,EVT0007-FC02,72.0,2,2026-01-17T23:34:26Z,38.673451,19.147388
EVT0007,EVT0007-FC02,72.0,2,2026-01-17T23:34:26Z,38.392744,17.514488
EVT0007,EVT0007-FC02,72.0,2,2026-01-17T23:34:26Z,38.493525,17.786282
EVT0007,EVT0007-FC02,12.0,3,2026-01-15T11:34:26Z,38.225253,18.10458
EVT0007,EVT0007-FC02,12.0,3,2026-01-15T11:34:26Z,38.107643,17.97452
EVT0007,EVT0007-FC02,12.0,3,2026-01-15T11:34:26Z,38.354601,18.267895
EVT0007,EVT0007-FC02,12.0,3,2026-01-15T11:34:26Z,38.317431,18.304729
EVT0007,EVT0007-FC02,12.0,3,2026-01-15T11:34:26Z,38.594547,18.619083
EVT0007,EVT0007-FC02,12.0,3,2026-01-15T11:34:26Z,38.345175,18.237097
EVT0007,EVT0007-FC02,12.0,3,2026-01-15T11:34:26Z,38.137591,17.871959
EVT0007,EVT0007-FC02,12.0,3,2026-01-15T11:34:26Z,38.473245,18.624129
EVT0007,EVT0007-FC02,12.0,3,2026-01-15T11:34:26Z,38.315147,18.263014
EVT0007,EVT0007-FC02,12.0,3,2026-01-15T11:34:26Z,38.26484,18.106231
EVT0007,EVT0007-FC02,12.0,3,2026-01-15T11:34:26Z,38.448892,18.427611
EVT0007,EVT0007-FC02,12.0,3,2026-01-15T11:34:26Z,38.431813,18.256368
EVT0007,EVT0007-FC02,12.0,3,2026-01-15T11:34:26Z,38.429237,18.497663
EVT0007,EVT0007-FC02,12.0,3,2026-01-15T11:34:26Z,38.201114,17.988666
EVT0007,EVT0007-FC02,12.0,3,2026-01-15T11:34:26Z,38.318873,18.541013
EVT0007,EVT0007-FC02,12.0,3,2026-01-15T11:34:26Z,38.278208,18.144975
EVT0007,EVT0007-FC02,12.0,3,2026-01-15T11:34:26Z,38.342813,18.14675
EVT0007,EVT0007-FC02,12.0,3,2026-01-15T11:34:26Z,38.002617,18.251277
EVT0007,EVT0007-FC02,12.0,3,2026-01-15T11:34:26Z,38.421777,17.9178
EVT0007,EVT0007-FC02,12.0,3,2026-01-15T11:34:26Z,38.17055,18.214278
EVT0007,EVT0007-FC02,12.0,3,2026-01-15T11:34:26Z,37.897927,18.22019
EVT0007,EVT0007-FC02,12.0,3,2026-01-15T11:34:26Z,38.410742,17.523097
EVT0007,EVT0007-FC02,12.0,3,2026-01-15T11:34:26Z,38.380094,18.187735
EVT0007,EVT0007-FC02,12.0,3,2026-01-15T11:34:26Z,38.34627,18.283694
EVT0007,EVT0007-FC02,12.0,3,2026-01-15T11:34:26Z,38.260801,18.154112
EVT0007,EVT0007-FC02,12.0,3,2026-01-15T11:34:26Z,38.285199,17.802587
EVT0007,EVT0007-FC02,12.0,3,2026-01-15T11:34:26Z,38.308006,18.147351
EVT0007,EVT0007-FC02,12.0,3,2026-01-15T11:34:26Z,38.263468,18.146398
EVT0007,EVT0007-FC02,12.0,3,2026-01-15T11:34:26Z,38.317839,17.981457
EVT0007,EVT0007-FC02,12.0,3,2026-01-15T11:34:26Z,38.187205,17.869711
EVT0007,EVT0007-FC02,12.0,3,2026-01-15T11:34:26Z,38.093301,18.020644
EVT0007,EVT0007-FC02,12.0,3,2026-01-15T11:34:26Z,38.105201,17.990719
EVT0007,EVT0007-FC02,12.0,3,2026-01-15T11:34:26Z,38.120473,18.113662
EVT0007,EVT0007-FC02,12.0,3,2026-01-15T11:34:26Z,37.896884,18.293688
EVT0007,EVT0007-FC02,12.0,3,2026-01-15T11:34:26Z,38.341234,18.342731
EVT0007,EVT0007-FC02,12.0,3,2026-01-15T11:34:26Z,38.165004,18.194786
EVT0007,EVT0007-FC02,12.0,3,2026-01-15T11:34:26Z,38.138037,18.039006
EVT0007,EVT0007-FC02,12.0,3,2026-01-15T11:34:26Z,38.353791,18.121647
EVT0007,EVT0007-FC02,12.0,3,2026-01-15T11:34:26Z,38.310873,18.527631
EVT0007,EVT0007-FC02,12.0,3,2026-01-15T11:34:26Z,38.262762,18.192736
EVT0007,EVT0007-FC02,24.0,3,2026-01-15T23:34:26Z,38.636257,17.622479
EVT0007,EVT0007-FC02,24.0,3,2026-01-15T23:34:26Z,38.086511,17.885332
EVT0007,EVT0007-FC02,24.0,3,2026-01-15T23:34:26Z,38.438657,18.325414
EVT0007,EVT0007-FC02,24.0,3,2026-01-15T23:34:26Z,38.326666,18.012841
EVT0007,EVT0007-FC02,24.0,3,2026-01-15T23:34:26Z,38.350174,18.249282
EVT0007,EVT0007-FC02,24.0,3,2026-01-15T23:34:26Z,38.609632,18.222936
EVT0007,EVT0007-FC02,24.0,3,2026-01-15T23:34:26Z,38.473728,18.3868
EVT0007,EVT0007-FC02,24.0,3,2026-01-15T23:34:26Z,38.275403,17.989136
EVT0007,EVT0007-FC02,24.0,3,2026-01-15T23:34:26Z,38.465553,18.00657
EVT0007,EVT0007-FC02,24.0,3,2026-01-15T23:34:26Z,38.501618,18.28336
EVT0007,EVT0007-FC02,24.0,3,2026-01-15T23:34:26Z,38.307002,17.875532
EVT0007,EVT0007-FC02,24.0,3,2026-01-15T23:34:26Z,38.727144,18.608164
EVT0007,EVT0007-FC02,24.0,3,2026-01-15T23:34:26Z,38.074331,17.946264
EVT0007,EVT0007-FC02,24.0,3,2026-01-15T23:34:26Z,38.374095,18.130791
EVT0007,EVT0007-FC02,24.0,3,2026-01-15T23:34:26Z,38.256634,18.172741
EVT0007,EVT0007-FC02,24.0,3,2026-01-15T23:34:26Z,37.880028,18.429604
EVT0007,EVT0007-FC02,24.0,3,2026-01-15T23:34:26Z,38.303145,18.102108
EVT0007,EVT0007-FC02,24.0,3,2026-01-15T23:34:26Z,38.167595,17.91079
EVT0007,EVT0007-FC02,24.0,3,2026-01-15T23:34:26Z,38.202247,17.667567
EVT0007,EVT0007-FC02,24.0,3,2026-01-15T23:34:26Z,38.363333,17.884488
EVT0007,EVT0007-FC02,24.0,3,2026-01-15T23:34:26Z,38.134074,18.081915
EVT0007,EVT0007-FC02,24.0,3,2026-01-15T23:34:26Z,38.418912,17.785028
EVT0007,EVT0007-FC02,24.0,3,2026-01-15T23:34:26Z,38.594871,18.573975
EVT0007,EVT0007-FC02,24.0,3,2026-01-15T23:34:26Z,37.806391,17.548894
EVT0007,EVT0007-FC02,24.0,3,2026-01-15T23:34:26Z,38.671293,18.397122
EVT0007,EVT0007-FC02,24.0,3,2026-01-15T23:34:26Z,38.75003,18.720865
EVT0007,EVT0007-FC02,24.0,3,2026-01-15T23:34:26Z,38.313184,18.192406
EVT0007,EVT0007-FC02,24.0,3,2026-01-15T23:34:26Z,38.440295,18.036868
EVT0007,EVT0007-FC02,24.0,3,2026-01-15T23:34:26Z,38.24501,18.180505
EVT0007,EVT0007-FC02,24.0,3,2026-01-15T23:34:26Z,38.530783,18.247867
EVT0007,EVT0007-FC02,24.0,3,2026-01-15T23:34:26Z,38.080306,17.988225
EVT0007,EVT0007-FC02,24.0,3,2026-01-15T23:34:26Z,38.527829,18.127732
EVT0007,EVT0007-FC02,24.0,3,2026-01-15T23:34:26Z,38.325115,18.363287
EVT0007,EVT0007-FC02,24.0,3,2026-01-15T23:34:26Z,38.180037,17.785269
EVT0007,EVT0007-FC02,24.0,3,2026-01-15T23:34:26Z,38.274592,18.094903
EVT0007,EVT0007-FC02,24.0,3,2026-01-15T23:34:26Z,38.382162,17.95154
EVT0007,EVT0007-FC02,24.0,3,2026-01-15T23:34:26Z,38.463243,17.698782
EVT0007,EVT0007-FC02,24.0,3,2026-01-15T23:34:26Z,38.719109,18.468415
EVT0007,EVT0007-FC02,24.0,3,2026-01-15T23:34:26Z,38.22823,17.936213
EVT0007,EVT0007-FC02,24.0,3,2026-01-15T23:34:26Z,38.048477,17.645903
EVT0007,EVT0007-FC02,48.0,3,2026-01-16T23:34:26Z,38.284145,18.005908
EVT0007,EVT0007-FC02,48.0,3,2026-01-16T23:34:26Z,38.550774,18.495065
EVT0007,EVT0007-FC02,48.0,3,2026-01-16T23:34:26Z,38.318103,18.065112
EVT0007,EVT0007-FC02,48.0,3,2026-01-16T23:34:26Z,38.664164,18.612303
EVT0007,EVT0007-FC02,48.0,3,2026-01-16T23:34:26Z,37.835437,17.635578
EVT0007,EVT0007-FC02,48.0,3,2026-01-16T23:34:26Z,39.111006,17.994646
EVT0007,EVT0007-FC02,48.0,3,2026-01-16T23:34:26Z,38.311352,17.87138
EVT0007,EVT0007-FC02,48.0,3,2026-01-16T23:34:26Z,38.645602,17.835897
EVT0007,EVT0007-FC02,48.0,3,2026-01-16T23:34:26Z,39.068328,19.261591
EVT0007,EVT0007-FC02,48.0,3,2026-01-16T23:34:26Z,38.644156,18.804807
EVT0007,EVT0007-FC02,48.0,3,2026-01-16T23:34:26Z,38.400521,18.319433
EVT0007,EVT0007-FC02,48.0,3,2026-01-16T23:34:26Z,38.463925,18.664715
EVT0007,EVT0007-FC02,48.0,3,2026-01-16T23:34:26Z,38.576529,17.944147
EVT0007,EVT0007-FC02,48.0,3,2026-01-16T23:34:26Z,38.206464,17.772868
EVT0007,EVT0007-FC02,48.0,3,2026-01-16T23:34:26Z,38.295262,17.985007
EVT0007,EVT0007-FC02,48.0,3,2026-01-16T23:34:26Z,38.399145,18.346026
EVT0007,EVT0007-FC02,48.0,3,2026-01-16T23:34:26Z,38.736807,17.887291
EVT0007,EVT0007-FC02,48.0,3,2026-01-16T23:34:26Z,38.426418,18.948447
EVT0007,EVT0007-FC02,48.0,3,2026-01-16T23:34:26Z,38.650559,18.120758
EVT0007,EVT0007-FC02,48.0,3,2026-01-16T23:34:26Z,38.295196,18.153671
EVT0007,EVT0007-FC02,48.0,3,2026-01-16T23:34:26Z,38.59601,18.26029
EVT0007,EVT0007-FC02,48.0,3,2026-01-16T23:34:26Z,38.40563,19.073498
EVT0007,EVT0007-FC02,48.0,3,2026-01-16T23:34:26Z,38.237509,18.705611
EVT0007,EVT0007-FC02,48.0,3,2026-01-16T23:34:26Z,38.473206,18.573041
EVT0007,EVT0007-FC02,48.0,3,2026-01-16T23:34:26Z,38.156357,17.738541
EVT0007,EVT0007-FC02,48.0,3,2026-01-16T23:34:26Z,38.258329,18.698596
EVT0007,EVT0007-FC02,48.0,3,2026-01-16T23:34:26Z,38.097131,17.905491
EVT0007,EVT0007-FC02,48.0,3,2026-01-16T23:34:26Z,38.77059,18.669355
EVT0007,EVT0007-FC02,48.0,3,2026-01-16T23:34:26Z,38.361406,18.483045
EVT0007,EVT0007-FC02,48.0,3,2026-01-16T23:34:26Z,38.520453,18.263661
EVT0007,EVT0007-FC02,48.0,3,2026-01-16T23:34:26Z,38.899138,19.123221
EVT0007,EVT0007-FC02,48.0,3,2026-01-16T23:34:26Z,37.692928,18.242904
EVT0007,EVT0007-FC02,48.0,3,2026-01-16T23:34:26Z,37.986219,18.020439
EVT0007,EVT0007-FC02,48.0,3,2026-01-16T23:34:26Z,38.447751,17.920184
EVT0007,EVT0007-FC02,48.0,3,2026-01-16T23:34:26Z,38.32303,18.029936
EVT0007,EVT0007-FC02,48.0,3,2026-01-16T23:34:26Z,38.431665,18.053885
EVT0007,EVT0007-FC02,48.0,3,2026-01-16T23:34:26Z,38.276753,17.77157
EVT0007,EVT0007-FC02,48.0,3,2026-01-16T23:34:26Z,38.565046,18.339869
EVT0007,EVT0007-FC02,48.0,3,2026-01-16T23:34:26Z,38.311996,17.760087
EVT0007,EVT0007-FC02,48.0,3,2026-01-16T23:34:26Z,38.608853,18.116911
EVT0007,EVT0007-FC02,72.0,3,2026-01-17T23:34:26Z,39.108159,18.648419
EVT0007,EVT0007-FC02,72.0,3,2026-01-17T23:34:26Z,38.826825,18.093717
EVT0007,EVT0007-FC02,72.0,3,2026-01-17T23:34:26Z,38.453699,18.531476
EVT0007,EVT0007-FC02,72.0,3,2026-01-17T23:34:26Z,38.620079,18.169595
EVT0007,EVT0007-FC02,72.0,3,2026-01-17T23:34:26Z,38.326225,18.320595
EVT0007,EVT0007-FC02,72.0,3,2026-01-17T23:34:26Z,38.776417,18.748307
EVT0007,EVT0007-FC02,72.0,3,2026-01-17T23:34:26Z,38.858107,18.267145
EVT0007,EVT0007-FC02,72.0,3,2026-01-17T23:34:26Z,38.720814,18.681056
EVT0007,EVT0007-FC02,72.0,3,2026-01-17T23:34:26Z,38.501652,17.649789
EVT0007,EVT0007-FC02,72.0,3,2026-01-17T23:34:26Z,38.478138,18.05995
EVT0007,EVT0007-FC02,72.0,3,2026-01-17T23:34:26Z,38.406295,17.456104
EVT0007,EVT0007-FC02,72.0,3,2026-01-17T23:34:26Z,38.84859,19.005854
EVT0007,EVT0007-FC02,72.0,3,2026-01-17T23:34:26Z,37.967242,17.907799
EVT0007,EVT0007-FC02,72.0,3,2026-01-17T23:34:26Z,38.097002,18.458021
EVT0007,EVT0007-FC02,72.0,3,2026-01-17T23:34:26Z,39.185618,18.044724
EVT0007,EVT0007-FC02,72.0,3,2026-01-17T23:34:26Z,38.966762,18.377694
EVT0007,EVT0007-FC02,72.0,3,2026-01-17T23:34:26Z,38.959518,18.771828
EVT0007,EVT0007-FC02,72.0,3,2026-01-17T23:34:26Z,38.180252,18.525741
EVT0007,EVT0007-FC02,72.0,3,2026-01-17T23:34:26Z,37.987562,18.371232
EVT0007,EVT0007-FC02,72.0,3,2026-01-17T23:34:26Z,38.695488,18.20216
EVT0007,EVT0007-FC02,72.0,3,2026-01-17T23:34:26Z,37.458927,18.364512
EVT0007,EVT0007-FC02,72.0,3,2026-01-17T23:34:26Z,38.437297,18.045742
EVT0007,EVT0007-FC02,72.0,3,2026-01-17T23:34:26Z,38.347132,18.282427
EVT0007,EVT0007-FC02,72.0,3,2026-01-17T23:34:26Z,37.904134,18.12721
EVT0007,EVT0007-FC02,72.0,3,2026-01-17T23:34:26Z,38.852515,18.277465
EVT0007,EVT0007-FC02,72.0,3,2026-01-17T23:34:26Z,38.478165,18.068729
EVT0007,EVT0007-FC02,72.0,3,2026-01-17T23:34:26Z,39.224374,18.723409
EVT0007,EVT0007-FC02,72.0,3,2026-01-17T23:34:26Z,38.813894,18.031977
EVT0007,EVT0007-FC02,72.0,3,2026-01-17T23:34:26Z,38.455972,17.95974
EVT0007,EVT0007-FC02,72.0,3,2026-01-17T23:34:26Z,38.35273,18.250998
EVT0007,EVT0007-FC02,72.0,3,2026-01-17T23:34:26Z,38.812261,18.400378
EVT0007,EVT0007-FC02,72.0,3,2026-01-17T23:34:26Z,38.663004,17.743129
EVT0007,EVT0007-FC02,72.0,3,2026-01-17T23:34:26Z,38.601142,18.316959
EVT0007,EVT0007-FC02,72.0,3,2026-01-17T23:34:26Z,39.626684,18.818709
EVT0007,EVT0007-FC02,72.0,3,2026-01-17T23:34:26Z,38.951379,19.085424
EVT0007,EVT0007-FC02,72.0,3,2026-01-17T23:34:26Z,38.84736,19.014314
EVT0007,EVT0007-FC02,72.0,3,2026-01-17T23:34:26Z,38.841286,18.059299
EVT0007,EVT0007-FC02,72.0,3,2026-01-17T23:34:26Z,38.195508,18.162984
EVT0007,EVT0007-FC02,72.0,3,2026-01-17T23:34:26Z,38.005366,17.35448
EVT0007,EVT0007-FC02,72.0,3,2026-01-17T23:34:26Z,39.728325,18.629789
EVT0007,EVT0007-FC02,12.0,4,2026-01-15T11:34:26Z,37.92788,17.419237
EVT0007,EVT0007-FC02,12.0,4,2026-01-15T11:34:26Z,38.374743,18.210757
EVT0007,EVT0007-FC02,12.0,4,2026-01-15T11:34:26Z,38.583169,17.86577
EVT0007,EVT0007-FC02,12.0,4,2026-01-15T11:34:26Z,38.058803,17.994564
EVT0007,EVT0007-FC02,12.0,4,2026-01-15T11:34:26Z,38.195165,18.031139
EVT0007,EVT0007-FC02,12.0,4,2026-01-15T11:34:26Z,38.326736,18.147093
EVT0007,EVT0007-FC02,12.0,4,2026-01-15T11:34:26Z,38.042027,18.31315
EVT0007,EVT0007-FC02,12.0,4,2026-01-15T11:34:26Z,38.279468,17.927811
EVT0007,EVT0007-FC02,12.0,4,2026-01-15T11:34:26Z,38.21662,18.378607
EVT0007,EVT0007-FC02,12.0,4,2026-01-15T11:34:26Z,38.412279,18.082903
EVT0007,EVT0007-FC02,12.0,4,2026-01-15T11:34:26Z,38.54224,17.712956
EVT0007,EVT0007-FC02,12.0,4,2026-01-15T11:34:26Z,38.297233,18.13022
EVT0007,EVT0007-FC02,12.0,4,2026-01-15T11:34:26Z,38.249583,17.918514
EVT0007,EVT0007-FC02,12.0,4,2026-01-15T11:34:26Z,38.297226,18.360287
EVT0007,EVT0007-FC02,12.0,4,2026-01-15T11:34:26Z,38.109305,18.207493
EVT0007,EVT0007-FC02,12.0,4,2026-01-15T11:34:26Z,38.495177,18.391024
EVT0007,EVT0007-FC02,12.0,4,2026-01-15T11:34:26Z,38.517391,18.360233
EVT0007,EVT0007-FC02,12.0,4,2026-01-15T11:34:26Z,38.372976,17.917419
EVT0007,EVT0007-FC02,12.0,4,2026-01-15T11:34:26Z,38.412555,18.361387
EVT0007,EVT0007-FC02,12.0,4,2026-01-15T11:34:26Z,38.413809,18.43111
EVT0007,EVT0007-FC02,12.0,4,2026-01-15T11:34:26Z,38.185142,17.895565
EVT0007,EVT0007-FC02,12.0,4,2026-01-15T11:34:26Z,38.347514,18.044397
EVT0007,EVT0007-FC02,12.0,4,2026-01-15T11:34:26Z,38.214828,18.12875
EVT0007,EVT0007-FC02,12.0,4,2026-01-15T11:34:26Z,38.211863,18.248668
EVT0007,EVT0007-FC02,12.0,4,2026-01-15T11:34:26Z,38.19567,17.946134
EVT0007,EVT0007-FC02,12.0,4,2026-01-15T11:34:26Z,38.182213,18.203049
EVT0007,EVT0007-FC02,12.0,4,2026-01-15T11:34:26Z,38.30077,18.353792
EVT0007,EVT0007-FC02,12.0,4,2026-01-15T11:34:26Z,38.040774,17.88171
EVT0007,EVT0007-FC02,12.0,4,2026-01-15T11:34:26Z,38.297815,18.174826
EVT0007,EVT0007-FC02,12.0,4,2026-01-15T11:34:26Z,38.412228,18.416164
EVT0007,EVT0007-FC02,12.0,4,2026-01-15T11:34:26Z,38.052069,17.567561
EVT0007,EVT0007-FC02,12.0,4,2026-01-15T11:34:26Z,38.260616,18.136715
EVT0007,EVT0007-FC02,12.0,4,2026-01-15T11:34:26Z,38.496162,17.917316
EVT0007,EVT0007-FC02,12.0,4,2026-01-15T11:34:26Z,38.190177,18.087133
EVT0007,EVT0007-FC02,12.0,4,2026-01-15T11:34:26Z,38.192562,17.899616
EVT0007,EVT0007-FC02,12.0,4,2026-01-15T11:34:26Z,38.163201,18.139043
EVT0007,EVT0007-FC02,12.0,4,2026-01-15T11:34:26Z,38.498098,18.409829
EVT0007,EVT0007-FC02,12.0,4,2026-01-15T11:34:26Z,38.679171,17.60432
EVT0007,EVT0007-FC02,12.0,4,2026-01-15T11:34:26Z,38.281403,18.093886
EVT0007,EVT0007-FC02,12.0,4,2026-01-15T11:34:26Z,38.380387,17.95274
EVT0007,EVT0007-FC02,24.0,4,2026-01-15T23:34:26Z,38.302875,18.310059
EVT0007,EVT0007-FC02,24.0,4,2026-01-15T23:34:26Z,38.474844,18.286806
EVT0007,EVT0007-FC02,24.0,4,2026-01-15T23:34:26Z,38.11825,17.557775
EVT0007,EVT0007-FC02,24.0,4,2026-01-15T23:34:26Z,38.13398,18.545696
EVT0007,EVT0007-FC02,24.0,4,2026-01-15T23:34:26Z,38.799217,18.158598
EVT0007,EVT0007-FC02,24.0,4,2026-01-15T23:34:26Z,38.23683,17.811384
EVT0007,EVT0007-FC02,24.0,4,2026-01-15T23:34:26Z,38.212253,17.153074
EVT0007,EVT0007-FC02,24.0,4,2026-01-15T23:34:26Z,38.17509,18.013833
EVT0007,EVT0007-FC02,24.0,4,2026-01-15T23:34:26Z,38.672793,17.676285
EVT0007,EVT0007-FC02,24.0,4,2026-01-15T23:34:26Z,38.193351,17.773721
EVT0007,EVT0007-FC02,24.0,4,2026-01-15T23:34:26Z,38.488895,18.299858
EVT0007,EVT0007-FC02,24.0,4,2026-01-15T23:34:26Z,38.103695,18.033168
EVT0007,EVT0007-FC02,24.0,4,2026-01-15T23:34:26Z,38.019611,17.400908
EVT0007,EVT0007-FC02,24.0,4,2026-01-15T23:34:26Z,38.261667,18.220431
EVT0007,EVT0007-FC02,24.0,4,2026-01-15T23:34:26Z,38.093662,18.292931
EVT0007,EVT0007-FC02,24.0,4,2026-01-15T23:34:26Z,38.309728,18.075605
EVT0007,EVT0007-FC02,24.0,4,2026-01-15T23:34:26Z,38.382258,18.05355
EVT0007,EVT0007-FC02,24.0,4,2026-01-15T23:34:26Z,38.349728,18.018342
EVT0007,EVT0007-FC02,24.0,4,2026-01-15T23:34:26Z,38.205313,17.644889
EVT0007,EVT0007-FC02,24.0,4,2026-01-15T23:34:26Z,38.423311,18.012326
EVT0007,EVT0007-FC02,24.0,4,2026-01-15T23:34:26Z,38.243252,17.835858
EVT0007,EVT0007-FC02,24.0,4,2026-01-15T23:34:26Z,37.875749,18.41143
EVT0007,EVT0007-FC02,24.0,4,2026-01-15T23:34:26Z,38.392769,18.46747
EVT0007,EVT0007-FC02,24.0,4,2026-01-15T23:34:26Z,38.724922,18.507566
EVT0007,EVT0007-FC02,24.0,4,2026-01-15T23:34:26Z,38.038477,17.383392
EVT0007,EVT0007-FC02,24.0,4,2026-01-15T23:34:26Z,38.18612,18.020271
EVT0007,EVT0007-FC02,24.0,4,2026-01-15T23:34:26Z,38.310564,18.179175
EVT0007,EVT0007-FC02,24.0,4,2026-01-15T23:34:26Z,38.231246,18.085334
EVT0007,EVT0007-FC02,24.0,4,2026-01-15T23:34:26Z,37.768907,17.971829
EVT0007,EVT0007-FC02,24.0,4,2026-01-15T23:34:26Z,38.193327,17.857119
EVT0007,EVT0007-FC02,24.0,4,2026-01-15T23:34:26Z,38.360234,17.906962
EVT0007,EVT0007-FC02,24.0,4,2026-01-15T23:34:26Z,38.226041,18.050809
EVT0007,EVT0007-FC02,24.0,4,2026-01-15T23:34:26Z,38.202721,17.93825
EVT0007,EVT0007-FC02,24.0,4,2026-01-15T23:34:26Z,38.377276,18.117794
EVT0007,EVT0007-FC02,24.0,4,2026-01-15T23:34:26Z,38.244333,17.939575
EVT0007,EVT0007-FC02,24.0,4,2026-01-15T23:34:26Z,38.484859,18.398074
EVT0007,EVT0007-FC02,24.0,4,2026-01-15T23:34:26Z,38.404156,18.458382
EVT0007,EVT0007-FC02,24.0,4,2026-01-15T23:34:26Z,38.460046,18.512263
EVT0007,EVT0007-FC02,24.0,4,2026-01-15T23:34:26Z,38.248382,17.807463
EVT0007,EVT0007-FC02,24.0,4,2026-01-15T23:34:26Z,38.184801,17.929639
EVT0007,EVT0007-FC02,48.0,4,2026-01-16T23:34:26Z,38.528158,18.262059
EVT0007,EVT0007-FC02,48.0,4,2026-01-16T23:34:26Z,38.249988,18.540368
EVT0007,EVT0007-FC02,48.0,4,2026-01-16T23:34:26Z,38.242575,18.059656
EVT0007,EVT0007-FC02,48.0,4,2026-01-16T23:34:26Z,38.353537,17.803898
EVT0007,EVT0007-FC02,48.0,4,2026-01-16T23:34:26Z,38.563278,18.078635
EVT0007,EVT0007-FC02,48.0,4,2026-01-16T23:34:26Z,38.176851,18.109048
EVT0007,EVT0007-FC02,48.0,4,2026-01-16T23:34:26Z,38.63824,18.291137
EVT0007,EVT0007-FC02,48.0,4,2026-01-16T23:34:26Z,38.599403,17.965623
EVT0007,EVT0007-FC02,48.0,4,2026-01-16T23:34:26Z,38.076121,17.983646
EVT0007,EVT0007-FC02,48.0,4,2026-01-16T23:34:26Z,37.231308,18.458946
EVT0007,EVT0007-FC02,48.0,4,2026-01-16T23:34:26Z,38.361871,18.10665
EVT0007,EVT0007-FC02,48.0,4,2026-01-16T23:34:26Z,38.874594,19.120189
EVT0007,EVT0007-FC02,48.0,4,2026-01-16T23:34:26Z,38.419341,18.315963
EVT0007,EVT0007-FC02,48.0,4,2026-01-16T23:34:26Z,38.183629,17.89308
EVT0007,EVT0007-FC02,48.0,4,2026-01-16T23:34:26Z,38.701886,18.366657
EVT0007,EVT0007-FC02,48.0,4,2026-01-16T23:34:26Z,39.272234,18.039605
EVT0007,EVT0007-FC02,48.0,4,2026-01-16T23:34:26Z,38.480524,18.274353
EVT0007,EVT0007-FC02,48.0,4,2026-01-16T23:34:26Z,38.493647,18.327238
EVT0007,EVT0007-FC02,48.0,4,2026-01-16T23:34:26Z,38.83273,18.34713
EVT0007,EVT0007-FC02,48.0,4,2026-01-16T23:34:26Z,37.737034,17.694492
EVT0007,EVT0007-FC02,48.0,4,2026-01-16T23:34:26Z,38.400549,18.386187
EVT0007,EVT0007-FC02,48.0,4,2026-01-16T23:34:26Z,37.957365,17.920888
EVT0007,EVT0007-FC02,48.0,4,2026-01-16T23:34:26Z,38.363126,17.408402
EVT0007,EVT0007-FC02,48.0,4,2026-01-16T23:34:26Z,38.063651,18.292953
EVT0007,EVT0007-FC02,48.0,4,2026-01-16T23:34:26Z,38.625542,18.290036
EVT0007,EVT0007-FC02,48.0,4,2026-01-16T23:34:26Z,37.937778,17.509003
EVT0007,EVT0007-FC02,48.0,4,2026-01-16T23:34:26Z,37.999701,18.592311
EVT0007,EVT0007-FC02,48.0,4,2026-01-16T23:34:26Z,38.18534,18.046339
EVT0007,EVT0007-FC02,48.0,4,2026-01-16T23:34:26Z,38.330682,17.85059
EVT0007,EVT0007-FC02,48.0,4,2026-01-16T23:34:26Z,38.305647,18.421343
EVT0007,EVT0007-FC02,48.0,4,2026-01-16T23:34:26Z,38.342339,18.336873
EVT0007,EVT0007-FC02,48.0,4,2026-01-16T23:34:26Z,38.567788,18.466305
EVT0007,EVT0007-FC02,48.0,4,2026-01-16T23:34:26Z,38.236123,17.914272
EVT0007,EVT0007-FC02,48.0,4,2026-01-16T23:34:26Z,37.715698,17.744981
EVT0007,EVT0007-FC02,48.0,4,2026-01-16T23:34:26Z,38.354968,18.049765
EVT0007,EVT0007-FC02,48.0,4,2026-01-16T23:34:26Z,38.072902,17.57436
EVT0007,EVT0007-FC02,48.0,4,2026-01-16T23:34:26Z,38.033283,17.42775
EVT0007,EVT0007-FC02,48.0,4,2026-01-16T23:34:26Z,38.264816,17.597205
EVT0007,EVT0007-FC02,48.0,4,2026-01-16T23:34:26Z,38.173917,18.020003
EVT0007,EVT0007-FC02,48.0,4,2026-01-16T23:34:26Z,38.440809,18.075628
EVT0007,EVT0007-FC02,72.0,4,2026-01-17T23:34:26Z,38.307261,17.920469
EVT0007,EVT0007-FC02,72.0,4,2026-01-17T23:34:26Z,38.583758,17.685605
EVT0007,EVT0007-FC02,72.0,4,2026-01-17T23:34:26Z,38.376233,18.068795
EVT0007,EVT0007-FC02,72.0,4,2026-01-17T23:34:26Z,38.195685,17.762997
EVT0007,EVT0007-FC02,72.0,4,2026-01-17T23:34:26Z,38.465266,18.845919
EVT0007,EVT0007-FC02,72.0,4,2026-01-17T23:34:26Z,37.729963,18.1013
EVT0007,EVT0007-FC02,72.0,4,2026-01-17T23:34:26Z,38.603112,18.782722
EVT0007,EVT0007-FC02,72.0,4,2026-01-17T23:34:26Z,38.298825,18.660204
EVT0007,EVT0007-FC02,72.0,4,2026-01-17T23:34:26Z,38.516768,18.127558
EVT0007,EVT0007-FC02,72.0,4,2026-01-17T23:34:26Z,38.337495,17.311254
EVT0007,EVT0007-FC02,72.0,4,2026-01-17T23:34:26Z,38.331206,18.03213
EVT0007,EVT0007-FC02,72.0,4,2026-01-17T23:34:26Z,38.185615,18.004328
EVT0007,EVT0007-FC02,72.0,4,2026-01-17T23:34:26Z,39.296683,17.892318
EVT0007,EVT0007-FC02,72.0,4,2026-01-17T23:34:26Z,39.2347,17.74412
EVT0007,EVT0007-FC02,72.0,4,2026-01-17T23:34:26Z,38.510606,18.020362
EVT0007,EVT0007-FC02,72.0,4,2026-01-17T23:34:26Z,38.561482,18.233214
EVT0007,EVT0007-FC02,72.0,4,2026-01-17T23:34:26Z,38.754359,18.610154
EVT0007,EVT0007-FC02,72.0,4,2026-01-17T23:34:26Z,38.691807,18.149007
EVT0007,EVT0007-FC02,72.0,4,2026-01-17T23:34:26Z,38.969711,19.325767
EVT0007,EVT0007-FC02,72.0,4,2026-01-17T23:34:26Z,38.873626,18.46845
EVT0007,EVT0007-FC02,72.0,4,2026-01-17T23:34:26Z,39.146103,18.482788
EVT0007,EVT0007-FC02,72.0,4,2026-01-17T23:34:26Z,38.701506,18.154577
EVT0007,EVT0007-FC02,72.0,4,2026-01-17T23:34:26Z,38.185832,18.1463
EVT0007,EVT0007-FC02,72.0,4,2026-01-17T23:34:26Z,38.635073,18.3788
EVT0007,EVT0007-FC02,72.0,4,2026-01-17T23:34:26Z,38.735192,18.540261
EVT0007,EVT0007-FC02,72.0,4,2026-01-17T23:34:26Z,38.531984,17.837818
EVT0007,EVT0007-FC02,72.0,4,2026-01-17T23:34:26Z,38.239125,18.272386
EVT0007,EVT0007-FC02,72.0,4,2026-01-17T23:34:26Z,38.861336,18.051273
EVT0007,EVT0007-FC02,72.0,4,2026-01-17T23:34:26Z,39.323159,18.434004
EVT0007,EVT0007-FC02,72.0,4,2026-01-17T23:34:26Z,38.881754,18.403759
EVT0007,EVT0007-FC02,72.0,4,2026-01-17T23:34:26Z,37.763468,18.828156
EVT0007,EVT0007-FC02,72.0,4,2026-01-17T23:34:26Z,38.814287,18.587763
EVT0007,EVT0007-FC02,72.0,4,2026-01-17T23:34:26Z,38.648963,18.433672
EVT0007,EVT0007-FC02,72.0,4,2026-01-17T23:34:26Z,38.734496,17.723157
EVT0007,EVT0007-FC02,72.0,4,2026-01-17T23:34:26Z,38.052503,18.763743
EVT0007,EVT0007-FC02,72.0,4,2026-01-17T23:34:26Z,37.081958,19.050076
EVT0007,EVT0007-FC02,72.0,4,2026-01-17T23:34:26Z,38.778528,17.569561
EVT0007,EVT0007-FC02,72.0,4,2026-01-17T23:34:26Z,38.558866,18.744585
EVT0007,EVT0007-FC02,72.0,4,2026-01-17T23:34:26Z,38.101385,18.586456
EVT0007,EVT0007-FC02,72.0,4,2026-01-17T23:34:26Z,38.859587,18.554514
EVT0007,EVT0007-FC02,12.0,5,2026-01-15T11:34:26Z,38.18949,18.375917
EVT0007,EVT0007-FC02,12.0,5,2026-01-15T11:34:26Z,38.269404,18.156082
EVT0007,EVT0007-FC02,12.0,5,2026-01-15T11:34:26Z,38.236315,18.050994
EVT0007,EVT0007-FC02,12.0,5,2026-01-15T11:34:26Z,38.544117,18.345325
EVT0007,EVT0007-FC02,12.0,5,2026-01-15T11:34:26Z,38.230092,17.79042
EVT0007,EVT0007-FC02,12.0,5,2026-01-15T11:34:26Z,38.453271,18.385374
EVT0007,EVT0007-FC02,12.0,5,2026-01-15T11:34:26Z,38.608164,18.692646
EVT0007,EVT0007-FC02,12.0,5,2026-01-15T11:34:26Z,38.143575,18.313712
EVT0007,EVT0007-FC02,12.0,5,2026-01-15T11:34:26Z,38.250227,18.170074
EVT0007,EVT0007-FC02,12.0,5,2026-01-15T11:34:26Z,38.321717,17.936748
EVT0007,EVT0007-FC02,12.0,5,2026-01-15T11:34:26Z,38.368694,17.686421
EVT0007,EVT0007-FC02,12.0,5,2026-01-15T11:34:26Z,38.329213,18.520197
EVT0007,EVT0007-FC02,12.0,5,2026-01-15T11:34:26Z,38.48068,17.542889
EVT0007,EVT0007-FC02,12.0,5,2026-01-15T11:34:26Z,38.259322,17.91047
EVT0007,EVT0007-FC02,12.0,5,2026-01-15T11:34:26Z,38.060081,17.967138
EVT0007,EVT0007-FC02,12.0,5,2026-01-15T11:34:26Z,38.138006,18.061386
EVT0007,EVT0007-FC02,12.0,5,2026-01-15T11:34:26Z,38.139561,17.909174
EVT0007,EVT0007-FC02,12.0,5,2026-01-15T11:34:26Z,38.352075,18.178576
EVT0007,EVT0007-FC02,12.0,5,2026-01-15T11:34:26Z,38.430648,17.746829
EVT0007,EVT0007-FC02,12.0,5,2026-01-15T11:34:26Z,38.346309,18.40694
EVT0007,EVT0007-FC02,12.0,5,2026-01-15T11:34:26Z,38.198576,18.244214
EVT0007,EVT0007-FC02,12.0,5,2026-01-15T11:34:26Z,38.139068,18.115879
EVT0007,EVT0007-FC02,12.0,5,2026-01-15T11:34:26Z,38.369175,18.53956
EVT0007,EVT0007-FC02,12.0,5,2026-01-15T11:34:26Z,38.099253,18.397713
EVT0007,EVT0007-FC02,12.0,5,2026-01-15T11:34:26Z,38.251476,17.938428
EVT0007,EVT0007-FC02,12.0,5,2026-01-15T11:34:26Z,38.113167,18.145863
EVT0007,EVT0007-FC02,12.0,5,2026-01-15T11:34:26Z,38.336369,18.128874
EVT0007,EVT0007-FC02,12.0,5,2026-01-15T11:34:26Z,38.178601,17.958897
EVT0007,EVT0007-FC02,12.0,5,2026-01-15T11:34:26Z,38.371562,18.316301
EVT0007,EVT0007-FC02,12.0,5,2026-01-15T11:34:26Z,38.243167,18.137462
EVT0007,EVT0007-FC02,12.0,5,2026-01-15T11:34:26Z,38.434805,17.667446
EVT0007,EVT0007-FC02,12.0,5,2026-01-15T11:34:26Z,38.303683,18.304633
EVT0007,EVT0007-FC02,12.0,5,2026-01-15T11:34:26Z,38.322168,18.125213
EVT0007,EVT0007-FC02,12.0,5,2026-01-15T11:34:26Z,37.907168,17.805488
EVT0007,EVT0007-FC02,12.0,5,2026-01-15T11:34:26Z,38.311147,17.763075
EVT0007,EVT0007-FC02,12.0,5,2026-01-15T11:34:26Z,38.14656,18.079861
EVT0007,EVT0007-FC02,12.0,5,2026-01-15T11:34:26Z,38.229429,17.589492
EVT0007,EVT0007-FC02,12.0,5,2026-01-15T11:34:26Z,38.143388,17.983171
EVT0007,EVT0007-FC02,12.0,5,2026-01-15T11:34:26Z,38.294496,17.54402
EVT0007,EVT0007-FC02,12.0,5,2026-01-15T11:34:26Z,38.292824,18.020462
EVT0007,EVT0007-FC02,24.0,5,2026-01-15T23:34:26Z,38.45955,18.277105
EVT0007,EVT0007-FC02,24.0,5,2026-01-15T23:34:26Z,38.375242,18.358283
EVT0007,EVT0007-FC02,24.0,5,2026-01-15T23:34:26Z,38.33349,18.019535
EVT0007,EVT0007-FC02,24.0,5,2026-01-15T23:34:26Z,38.292287,18.680942
EVT0007,EVT0007-FC02,24.0,5,2026-01-15T23:34:26Z,38.12513,18.537737
EVT0007,EVT0007-FC02,24.0,5,2026-01-15T23:34:26Z,38.417837,17.867292
EVT0007,EVT0007-FC02,24.0,5,2026-01-15T23:34:26Z,38.265548,17.915216
EVT0007,EVT0007-FC02,24.0,5,2026-01-15T23:34:26Z,38.27238,18.038446
EVT0007,EVT0007-FC02,24.0,5,2026-01-15T23:34:26Z,37.742572,17.70076
EVT0007,EVT0007-FC02,24.0,5,2026-01-15T23:34:26Z,38.404578,18.181272
EVT0007,EVT0007-FC02,24.0,5,2026-01-15T23:34:26Z,38.174569,18.127458
EVT0007,EVT0007-FC02,24.0,5,2026-01-15T23:34:26Z,38.089572,17.987885
EVT0007,EVT0007-FC02,24.0,5,2026-01-15T23:34:26Z,38.323592,18.253878
EVT0007,EVT0007-FC02,24.0,5,2026-01-15T23:34:26Z,38.517194,18.065187
EVT0007,EVT0007-FC02,24.0,5,2026-01-15T23:34:26Z,38.443641,18.219899
EVT0007,EVT0007-FC02,24.0,5,2026-01-15T23:34:26Z,38.280442,18.218249
EVT0007,EVT0007-FC02,24.0,5,2026-01-15T23:34:26Z,38.306366,17.775314
EVT0007,EVT0007-FC02,24.0,5,2026-01-15T23:34:26Z,38.163073,17.839414
EVT0007,EVT0007-FC02,24.0,5,2026-01-15T23:34:26Z,37.948328,17.691336
EVT0007,EVT0007-FC02,24.0,5,2026-01-15T23:34:26Z,38.294556,18.168652
EVT0007,EVT0007-FC02,24.0,5,2026-01-15T23:34:26Z,38.198155,17.92907
EVT0007,EVT0007-FC02,24.0,5,2026-01-15T23:34:26Z,37.935127,18.042409
EVT0007,EVT0007-FC02,24.0,5,2026-01-15T23:34:26Z,38.028796,18.378161
EVT0007,EVT0007-FC02,24.0,5,2026-01-15T23:34:26Z,38.415882,18.137981
EVT0007,EVT0007-FC02,24.0,5,2026-01-15T23:34:26Z,38.736813,18.40166
EVT0007,EVT0007-FC02,24.0,5,2026-01-15T23:34:26Z,38.411397,18.09657
EVT0007,EVT0007-FC02,24.0,5,2026-01-15T23:34:26Z,38.189231,17.895103
EVT0007,EVT0007-FC02,24.0,5,2026-01-15T23:34:26Z,38.515787,17.771771
EVT0007,EVT0007-FC02,24.0,5,2026-01-15T23:34:26Z,38.338422,17.736686
EVT0007,EVT0007-FC02,24.0,5,2026-01-15T23:34:26Z,38.166734,17.267987
EVT0007,EVT0007-FC02,24.0,5,2026-01-15T23:34:26Z,38.408085,18.077315
EVT0007,EVT0007-FC02,24.0,5,2026-01-15T23:34:26Z,38.366684,18.535763
EVT0007,EVT0007-FC02,24.0,5,2026-01-15T23:34:26Z,38.351106,17.831134
EVT0007,EVT0007-FC02,24.0,5,2026-01-15T23:34:26Z,38.455343,18.005069
EVT0007,EVT0007-FC02,24.0,5,2026-01-15T23:34:26Z,38.146119,17.869546
EVT0007,EVT0007-FC02,24.0,5,2026-01-15T23:34:26Z,38.677508,17.950892
EVT0007,EVT0007-FC02,24.0,5,2026-01-15T23:34:26Z,38.363404,17.914721
EVT0007,EVT0007-FC02,24.0,5,2026-01-15T23:34:26Z,38.238281,17.914429
EVT0007,EVT0007-FC02,24.0,5,2026-01-15T23:34:26Z,38.760569,18.901541
EVT0007,EVT0007-FC02,24.0,5,2026-01-15T23:34:26Z,37.987599,18.039404
EVT0007,EVT0007-FC02,48.0,5,2026-01-16T23:34:26Z,38.444078,17.990987
EVT0007,EVT0007-FC02,48.0,5,2026-01-16T23:34:26Z,38.190703,18.033022
EVT0007,EVT0007-FC02,48.0,5,2026-01-16T23:34:26Z,38.388137,18.014361
EVT0007,EVT0007-FC02,48.0,5,2026-01-16T23:34:26Z,38.153751,18.170707
EVT0007,EVT0007-FC02,48.0,5,2026-01-16T23:34:26Z,38.722763,18.717611
EVT0007,EVT0007-FC02,48.0,5,2026-01-16T23:34:26Z,38.757589,17.70529
EVT0007,EVT0007-FC02,48.0,5,2026-01-16T23:34:26Z,38.212216,18.24962
EVT0007,EVT0007-FC02,48.0,5,2026-01-16T23:34:26Z,38.43325,18.48017
EVT0007,EVT0007-FC02,48.0,5,2026-01-16T23:34:26Z,39.041087,18.008365
EVT0007,EVT0007-FC02,48.0,5,2026-01-16T23:34:26Z,38.849098,17.691796
EVT0007,EVT0007-FC02,48.0,5,2026-01-16T23:34:26Z,38.476719,17.992668
EVT0007,EVT0007-FC02,48.0,5,2026-01-16T23:34:26Z,38.812854,18.43867
EVT0007,EVT0007-FC02,48.0,5,2026-01-16T23:34:26Z,38.369314,18.101609
EVT0007,EVT0007-FC02,48.0,5,2026-01-16T23:34:26Z,38.455111,18.625245
EVT0007,EVT0007-FC02,48.0,5,2026-01-16T23:34:26Z,37.731953,17.728798
EVT0007,EVT0007-FC02,48.0,5,2026-01-16T23:34:26Z,38.458611,18.069215
EVT0007,EVT0007-FC02,48.0,5,2026-01-16T23:34:26Z,38.274866,18.083034
EVT0007,EVT0007-FC02,48.0,5,2026-01-16T23:34:26Z,38.141617,17.892569
EVT0007,EVT0007-FC02,48.0,5,2026-01-16T23:34:26Z,38.650417,18.469765
EVT0007,EVT0007-FC02,48.0,5,2026-01-16T23:34:26Z,38.051123,18.238746
EVT0007,EVT0007-FC02,48.0,5,2026-01-16T23:34:26Z,38.631316,18.364193
EVT0007,EVT0007-FC02,48.0,5,2026-01-16T23:34:26Z,38.605611,18.558167
EVT0007,EVT0007-FC02,48.0,5,2026-01-16T23:34:26Z,38.07014,17.380348
EVT0007,EVT0007-FC02,48.0,5,2026-01-16T23:34:26Z,37.978097,18.13323
EVT0007,EVT0007-FC02,48.0,5,2026-01-16T23:34:26Z,38.414772,17.841426
EVT0007,EVT0007-FC02,48.0,5,2026-01-16T23:34:26Z,39.178264,17.751417
EVT0007,EVT0007-FC02,48.0,5,2026-01-16T23:34:26Z,38.323725,18.102764
EVT0007,EVT0007-FC02,48.0,5,2026-01-16T23:34:26Z,38.678391,18.741169
EVT0007,EVT0007-FC02,48.0,5,2026-01-16T23:34:26Z,38.614891,18.654276
EVT0007,EVT0007-FC02,48.0,5,2026-01-16T23:34:26Z,38.301469,18.255368
EVT0007,EVT0007-FC02,48.0,5,2026-01-16T23:34:26Z,37.945601,18.294794
EVT0007,EVT0007-FC02,48.0,5,2026-01-16T23:34:26Z,38.905061,18.783556
EVT0007,EVT0007-FC02,48.0,5,2026-01-16T23:34:26Z,38.637463,17.327055
EVT0007,EVT0007-FC02,48.0,5,2026-01-16T23:34:26Z,38.609998,18.694252
EVT0007,EVT0007-FC02,48.0,5,2026-01-16T23:34:26Z,38.487693,18.181713
EVT0007,EVT0007-FC02,48.0,5,2026-01-16T23:34:26Z,37.94398,18.087507
EVT0007,EVT0007-FC02,48.0,5,2026-01-16T23:34:26Z,38.091892,18.122742
EVT0007,EVT0007-FC02,48.0,5,2026-01-16T23:34:26Z,38.693527,18.54406
EVT0007,EVT0007-FC02,48.0,5,2026-01-16T23:34:26Z,38.522134,19.238744
EVT0007,EVT0007-FC02,48.0,5,2026-01-16T23:34:26Z,37.782864,17.88515
EVT0007,EVT0007-FC02,72.0,5,2026-01-17T23:34:26Z,38.694798,17.588176
EVT0007,EVT0007-FC02,72.0,5,2026-01-17T23:34:26Z,38.398343,18.109416
EVT0007,EVT0007-FC02,72.0,5,2026-01-17T23:34:26Z,38.49286,18.878223
EVT0007,EVT0007-FC02,72.0,5,2026-01-17T23:34:26Z,37.576797,17.427103
EVT0007,EVT0007-FC02,72.0,5,2026-01-17T23:34:26Z,38.541948,17.725384
EVT0007,EVT0007-FC02,72.0,5,2026-01-17T23:34:26Z,38.652248,17.770347
EVT0007,EVT0007-FC02,72.0,5,2026-01-17T23:34:26Z,39.331941,17.718219
EVT0007,EVT0007-FC02,72.0,5,2026-01-17T23:34:26Z,38.634059,18.979958
EVT0007,EVT0007-FC02,72.0,5,2026-01-17T23:34:26Z,39.1927,19.198266
EVT0007,EVT0007-FC02,72.0,5,2026-01-17T23:34:26Z,38.076815,18.116964
EVT0007,EVT0007-FC02,72.0,5,2026-01-17T23:34:26Z,39.118053,18.565946
EVT0007,EVT0007-FC02,72.0,5,2026-01-17T23:34:26Z,39.732292,18.844122
EVT0007,EVT0007-FC02,72.0,5,2026-01-17T23:34:26Z,38.303439,18.973862
EVT0007,EVT0007-FC02,72.0,5,2026-01-17T23:34:26Z,38.877528,17.765151
EVT0007,EVT0007-FC02,72.0,5,2026-01-17T23:34:26Z,38.468565,18.917535
EVT0007,EVT0007-FC02,72.0,5,2026-01-17T23:34:26Z,38.473271,17.759399
EVT0007,EVT0007-FC02,72.0,5,2026-01-17T23:34:26Z,38.862967,17.998622
EVT0007,EVT0007-FC02,72.0,5,2026-01-17T23:34:26Z,37.73672,17.994836
EVT0007,EVT0007-FC02,72.0,5,2026-01-17T23:34:26Z,38.535539,17.43432
EVT0007,EVT0007-FC02,72.0,5,2026-01-17T23:34:26Z,38.196465,18.678181
EVT0007,EVT0007-FC02,72.0,5,2026-01-17T23:34:26Z,39.230228,17.880744
EVT0007,EVT0007-FC02,72.0,5,2026-01-17T23:34:26Z,38.374096,17.900303
EVT0007,EVT0007-FC02,72.0,5,2026-01-17T23:34:26Z,38.809308,18.402276
EVT0007,EVT0007-FC02,72.0,5,2026-01-17T23:34:26Z,38.484767,18.183323
EVT0007,EVT0007-FC02,72.0,5,2026-01-17T23:34:26Z,38.74386,17.691479
EVT0007,EVT0007-FC02,72.0,5,2026-01-17T23:34:26Z,38.478217,18.267548
EVT0007,EVT0007-FC02,72.0,5,2026-01-17T23:34:26Z,38.15271,18.195334
EVT0007,EVT0007-FC02,72.0,5,2026-01-17T23:34:26Z,38.244569,18.344369
EVT0007,EVT0007-FC02,72.0,5,2026-01-17T23:34:26Z,38.024174,18.171608
EVT0007,EVT0007-FC02,72.0,5,2026-01-17T23:34:26Z,38.493241,17.737186
EVT0007,EVT0007-FC02,72.0,5,2026-01-17T23:34:26Z,38.716626,18.276573
EVT0007,EVT0007-FC02,72.0,5,2026-01-17T23:34:26Z,38.114833,18.23587
EVT0007,EVT0007-FC02,72.0,5,2026-01-17T23:34:26Z,39.04457,19.086161
EVT0007,EVT0007-FC02,72.0,5,2026-01-17T23:34:26Z,38.789787,18.935108
EVT0007,EVT0007-FC02,72.0,5,2026-01-17T23:34:26Z,38.699291,18.264521
EVT0007,EVT0007-FC02,72.0,5,2026-01-17T23:34:26Z,38.296138,17.280398
EVT0007,EVT0007-FC02,72.0,5,2026-01-17T23:34:26Z,38.319239,17.907069
EVT0007,EVT0007-FC02,72.0,5,2026-01-17T23:34:26Z,38.164653,19.096056
EVT0007,EVT0007-FC02,72.0,5,2026-01-17T23:34:26Z,38.266738,18.247655
EVT0007,EVT0007-FC02,72.0,5,2026-01-17T23:34:26Z,38.703023,18.311963
EVT0007,EVT0007-FC02,12.0,6,2026-01-15T11:34:26Z,38.152355,18.156186
EVT0007,EVT0007-FC02,12.0,6,2026-01-15T11:34:26Z,38.345487,18.212486
EVT0007,EVT0007-FC02,12.0,6,2026-01-15T11:34:26Z,38.471633,18.843662
EVT0007,EVT0007-FC02,12.0,6,2026-01-15T11:34:26Z,38.181433,18.328073
EVT0007,EVT0007-FC02,12.0,6,2026-01-15T11:34:26Z,38.087787,18.067036
EVT0007,EVT0007-FC02,12.0,6,2026-01-15T11:34:26Z,38.17013,18.330603
EVT0007,EVT0007-FC02,12.0,6,2026-01-15T11:34:26Z,38.352317,18.250235
EVT0007,EVT0007-FC02,12.0,6,2026-01-15T11:34:26Z,38.352044,18.202737
EVT0007,EVT0007-FC02,12.0,6,2026-01-15T11:34:26Z,38.317364,17.470292
EVT0007,EVT0007-FC02,12.0,6,2026-01-15T11:34:26Z,38.396476,18.476121
EVT0007,EVT0007-FC02,12.0,6,2026-01-15T11:34:26Z,38.23943,18.474657
EVT0007,EVT0007-FC02,12.0,6,2026-01-15T11:34:26Z,38.280893,17.96972
EVT0007,EVT0007-FC02,12.0,6,2026-01-15T11:34:26Z,38.125824,18.276959
EVT0007,EVT0007-FC02,12.0,6,2026-01-15T11:34:26Z,38.446833,18.583797
EVT0007,EVT0007-FC02,12.0,6,2026-01-15T11:34:26Z,38.186467,18.460919
EVT0007,EVT0007-FC02,12.0,6,2026-01-15T11:34:26Z,38.192754,18.114927
EVT0007,EVT0007-FC02,12.0,6,2026-01-15T11:34:26Z,38.21947,18.23229
EVT0007,EVT0007-FC02,12.0,6,2026-01-15T11:34:26Z,38.327164,18.375581
EVT0007,EVT0007-FC02,12.0,6,2026-01-15T11:34:26Z,38.241156,18.283993
EVT0007,EVT0007-FC02,12.0,6,2026-01-15T11:34:26Z,38.25112,18.29267
EVT0007,EVT0007-FC02,12.0,6,2026-01-15T11:34:26Z,38.43534,18.120429
EVT0007,EVT0007-FC02,12.0,6,2026-01-15T11:34:26Z,38.325604,17.284482
EVT0007,EVT0007-FC02,12.0,6,2026-01-15T11:34:26Z,38.128524,18.371336
EVT0007,EVT0007-FC02,12.0,6,2026-01-15T11:34:26Z,38.396988,18.031111
EVT0007,EVT0007-FC02,12.0,6,2026-01-15T11:34:26Z,38.180733,18.127352
EVT0007,EVT0007-FC02,12.0,6,2026-01-15T11:34:26Z,38.214884,18.166823
EVT0007,EVT0007-FC02,12.0,6,2026-01-15T11:34:26Z,38.31787,17.816742
EVT0007,EVT0007-FC02,12.0,6,2026-01-15T11:34:26Z,38.196401,18.019858
EVT0007,EVT0007-FC02,12.0,6,2026-01-15T11:34:26Z,38.09132,17.788144
EVT0007,EVT0007-FC02,12.0,6,2026-01-15T11:34:26Z,38.265034,17.992541
EVT0007,EVT0007-FC02,12.0,6,2026-01-15T11:34:26Z,38.209459,18.051255
EVT0007,EVT0007-FC02,12.0,6,2026-01-15T11:34:26Z,38.188757,18.220489
EVT0007,EVT0007-FC02,12.0,6,2026-01-15T11:34:26Z,38.301181,18.120214
EVT0007,EVT0007-FC02,12.0,6,2026-01-15T11:34:26Z,38.383261,18.222676
EVT0007,EVT0007-FC02,12.0,6,2026-01-15T11:34:26Z,38.748805,17.58231
EVT0007,EVT0007-FC02,12.0,6,2026-01-15T11:34:26Z,38.587488,17.547959
EVT0007,EVT0007-FC02,12.0,6,2026-01-15T11:34:26Z,38.179405,17.93281
EVT0007,EVT0007-FC02,12.0,6,2026-01-15T11:34:26Z,38.286377,18.108372
EVT0007,EVT0007-FC02,12.0,6,2026-01-15T11:34:26Z,38.217457,18.00426
EVT0007,EVT0007-FC02,12.0,6,2026-01-15T11:34:26Z,38.187848,17.99433
EVT0007,EVT0007-FC02,24.0,6,2026-01-15T23:34:26Z,37.82324,18.251004
EVT0007,EVT0007-FC02,24.0,6,2026-01-15T23:34:26Z,38.173831,17.800989
EVT0007,EVT0007-FC02,24.0,6,2026-01-15T23:34:26Z,38.367076,18.12915
EVT0007,EVT0007-FC02,24.0,6,2026-01-15T23:34:26Z,38.359828,18.327294
EVT0007,EVT0007-FC02,24.0,6,2026-01-15T23:34:26Z,38.670105,17.6891
EVT0007,EVT0007-FC02,24.0,6,2026-01-15T23:34:26Z,38.112149,17.871949
EVT0007,EVT0007-FC02,24.0,6,2026-01-15T23:34:26Z,38.479427,18.156406
EVT0007,EVT0007-FC02,24.0,6,2026-01-15T23:34:26Z,38.480982,18.338074
EVT0007,EVT0007-FC02,24.0,6,2026-01-15T23:34:26Z,38.384044,18.055803
EVT0007,EVT0007-FC02,24.0,6,2026-01-15T23:34:26Z,38.391121,18.173229
EVT0007,EVT0007-FC02,24.0,6,2026-01-15T23:34:26Z,38.360972,18.162513
EVT0007,EVT0007-FC02,24.0,6,2026-01-15T23:34:26Z,38.496394,17.898684
EVT0007,EVT0007-FC02,24.0,6,2026-01-15T23:34:26Z,38.262951,18.031885
EVT0007,EVT0007-FC02,24.0,6,2026-01-15T23:34:26Z,38.375139,18.260867
EVT0007,EVT0007-FC02,24.0,6,2026-01-15T23:34:26Z,37.888018,18.381858
EVT0007,EVT0007-FC02,24.0,6,2026-01-15T23:34:26Z,38.148862,18.277342
EVT0007,EVT0007-FC02,24.0,6,2026-01-15T23:34:26Z,38.418764,18.207255
EVT0007,EVT0007-FC02,24.0,6,2026-01-15T23:34:26Z,38.026536,17.337454
EVT0007,EVT0007-FC02,24.0,6,2026-01-15T23:34:26Z,38.450077,18.21133
EVT0007,EVT0007-FC02,24.0,6,2026-01-15T23:34:26Z,38.192515,18.070768
EVT0007,EVT0007-FC02,24.0,6,2026-01-15T23:34:26Z,38.310651,18.137006
EVT0007,EVT0007-FC02,24.0,6,2026-01-15T23:34:26Z,38.189061,17.886339
EVT0007,EVT0007-FC02,24.0,6,2026-01-15T23:34:26Z,38.382123,17.930283
EVT0007,EVT0007-FC02,24.0,6,2026-01-15T23:34:26Z,38.370632,18.225259
EVT0007,EVT0007-FC02,24.0,6,2026-01-15T23:34:26Z,37.592402,18.008184
EVT0007,EVT0007-FC02,24.0,6,2026-01-15T23:34:26Z,38.130373,18.053187
EVT0007,EVT0007-FC02,24.0,6,2026-01-15T23:34:26Z,38.595067,18.549687
EVT0007,EVT0007-FC02,24.0,6,2026-01-15T23:34:26Z,37.946696,18.470015
EVT0007,EVT0007-FC02,24.0,6,2026-01-15T23:34:26Z,38.007878,17.733362
EVT0007,EVT0007-FC02,24.0,6,2026-01-15T23:34:26Z,38.169827,18.01796
EVT0007,EVT0007-FC02,24.0,6,2026-01-15T23:34:26Z,38.228966,18.276103
EVT0007,EVT0007-FC02,24.0,6,2026-01-15T23:34:26Z,38.018433,17.988008
EVT0007,EVT0007-FC02,24.0,6,2026-01-15T23:34:26Z,38.08619,18.175134
EVT0007,EVT0007-FC02,24.0,6,2026-01-15T23:34:26Z,38.265531,18.689573
EVT0007,EVT0007-FC02,24.0,6,2026-01-15T23:34:26Z,38.243821,18.183132
EVT0007,EVT0007-FC02,24.0,6,2026-01-15T23:34:26Z,38.193323,17.57962
EVT0007,EVT0007-FC02,24.0,6,2026-01-15T23:34:26Z,38.159675,17.911956
EVT0007,EVT0007-FC02,24.0,6,2026-01-15T23:34:26Z,38.677476,18.810469
EVT0007,EVT0007-FC02,24.0,6,2026-01-15T23:34:26Z,38.432912,18.401435
EVT0007,EVT0007-FC02,24.0,6,2026-01-15T23:34:26Z,38.349895,18.175392
EVT0007,EVT0007-FC02,48.0,6,2026-01-16T23:34:26Z,38.248149,17.947068
EVT0007,EVT0007-FC02,48.0,6,2026-01-16T23:34:26Z,37.964108,18.666887
EVT0007,EVT0007-FC02,48.0,6,2026-01-16T23:34:26Z,37.989314,19.188757
EVT0007,EVT0007-FC02,48.0,6,2026-01-16T23:34:26Z,38.260389,17.829127
EVT0007,EVT0007-FC02,48.0,6,2026-01-16T23:34:26Z,38.690251,18.702175
EVT0007,EVT0007-FC02,48.0,6,2026-01-16T23:34:26Z,38.353928,17.959616
EVT0007,EVT0007-FC02,48.0,6,2026-01-16T23:34:26Z,38.038356,17.29205
EVT0007,EVT0007-FC02,48.0,6,2026-01-16T23:34:26Z,38.585566,17.616928
EVT0007,EVT0007-FC02,48.0,6,2026-01-16T23:34:26Z,38.702679,18.654584
EVT0007,EVT0007-FC02,48.0,6,2026-01-16T23:34:26Z,38.175036,17.76754
EVT0007,EVT0007-FC02,48.0,6,2026-01-16T23:34:26Z,38.139985,18.265481
EVT0007,EVT0007-FC02,48.0,6,2026-01-16T23:34:26Z,37.751749,17.903315
EVT0007,EVT0007-FC02,48.0,6,2026-01-16T23:34:26Z,37.857351,18.55394
EVT0007,EVT0007-FC02,48.0,6,2026-01-16T23:34:26Z,38.602292,18.25177
EVT0007,EVT0007-FC02,48.0,6,2026-01-16T23:34:26Z,37.939416,18.647216
EVT0007,EVT0007-FC02,48.0,6,2026-01-16T23:34:26Z,38.540126,18.504749
EVT0007,EVT0007-FC02,48.0,6,2026-01-16T23:34:26Z,38.526971,18.397873
EVT0007,EVT0007-FC02,48.0,6,2026-01-16T23:34:26Z,38.105237,17.958532
EVT0007,EVT0007-FC02,48.0,6,2026-01-16T23:34:26Z,38.322899,17.834648
EVT0007,EVT0007-FC02,48.0,6,2026-01-16T23:34:26Z,38.637582,18.590108
EVT0007,EVT0007-FC02,48.0,6,2026-01-16T23:34:26Z,37.906928,18.19502
EVT0007,EVT0007-FC02,48.0,6,2026-01-16T23:34:26Z,38.330874,17.971239
EVT0007,EVT0007-FC02,48.0,6,2026-01-16T23:34:26Z,38.783255,17.50008
EVT0007,EVT0007-FC02,48.0,6,2026-01-16T23:34:26Z,38.249814,17.776481
EVT0007,EVT0007-FC02,48.0,6,2026-01-16T23:34:26Z,38.658989,18.584025
EVT0007,EVT0007-FC02,48.0,6,2026-01-16T23:34:26Z,38.114976,18.065057
EVT0007,EVT0007-FC02,48.0,6,2026-01-16T23:34:26Z,38.716685,18.608282
EVT0007,EVT0007-FC02,48.0,6,2026-01-16T23:34:26Z,38.575014,18.347917
EVT0007,EVT0007-FC02,48.0,6,2026-01-16T23:34:26Z,38.827639,18.772812
EVT0007,EVT0007-FC02,48.0,6,2026-01-16T23:34:26Z,38.782872,18.876792
EVT0007,EVT0007-FC02,48.0,6,2026-01-16T23:34:26Z,38.208591,18.275802
EVT0007,EVT0007-FC02,48.0,6,2026-01-16T23:34:26Z,38.127936,19.034503
EVT0007,EVT0007-FC02,48.0,6,2026-01-16T23:34:26Z,38.569698,18.484837
EVT0007,EVT0007-FC02,48.0,6,2026-01-16T23:34:26Z,38.329434,17.956105
EVT0007,EVT0007-FC02,48.0,6,2026-01-16T23:34:26Z,38.397079,17.712175
EVT0007,EVT0007-FC02,48.0,6,2026-01-16T23:34:26Z,38.829854,18.799669
EVT0007,EVT0007-FC02,48.0,6,2026-01-16T23:34:26Z,38.761094,18.613857
EVT0007,EVT0007-FC02,48.0,6,2026-01-16T23:34:26Z,38.716909,18.344763
EVT0007,EVT0007-FC02,48.0,6,2026-01-16T23:34:26Z,38.527234,17.116863
EVT0007,EVT0007-FC02,48.0,6,2026-01-16T23:34:26Z,38.658525,17.714812
EVT0007,EVT0007-FC02,72.0,6,2026-01-17T23:34:26Z,39.042545,18.731067
EVT0007,EVT0007-FC02,72.0,6,2026-01-17T23:34:26Z,38.71015,18.734729
EVT0007,EVT0007-FC02,72.0,6,2026-01-17T23:34:26Z,38.151288,18.741833
EVT0007,EVT0007-FC02,72.0,6,2026-01-17T23:34:26Z,38.158112,18.355221
EVT0007,EVT0007-FC02,72.0,6,2026-01-17T23:34:26Z,39.001612,18.087994
EVT0007,EVT0007-FC02,72.0,6,2026-01-17T23:34:26Z,37.873266,17.781342
EVT0007,EVT0007-FC02,72.0,6,2026-01-17T23:34:26Z,37.785042,17.558816
EVT0007,EVT0007-FC02,72.0,6,2026-01-17T23:34:26Z,38.747691,18.060829
EVT0007,EVT0007-FC02,72.0,6,2026-01-17T23:34:26Z,37.396609,18.922596
EVT0007,EVT0007-FC02,72.0,6,2026-01-17T23:34:26Z,38.630615,18.260708
EVT0007,EVT0007-FC02,72.0,6,2026-01-17T23:34:26Z,38.3464,18.370362
EVT0007,EVT0007-FC02,72.0,6,2026-01-17T23:34:26Z,38.516221,18.421823
EVT0007,EVT0007-FC02,72.0,6,2026-01-17T23:34:26Z,38.76235,18.748716
EVT0007,EVT0007-FC02,72.0,6,2026-01-17T23:34:26Z,39.889441,17.702075
EVT0007,EVT0007-FC02,72.0,6,2026-01-17T23:34:26Z,38.456684,18.853873
EVT0007,EVT0007-FC02,72.0,6,2026-01-17T23:34:26Z,38.047005,18.520628
EVT0007,EVT0007-FC02,72.0,6,2026-01-17T23:34:26Z,38.159078,17.46735
EVT0007,EVT0007-FC02,72.0,6,2026-01-17T23:34:26Z,38.435975,18.860386
EVT0007,EVT0007-FC02,72.0,6,2026-01-17T23:34:26Z,38.680376,18.125736
EVT0007,EVT0007-FC02,72.0,6,2026-01-17T23:34:26Z,38.635045,17.718814
EVT0007,EVT0007-FC02,72.0,6,2026-01-17T23:34:26Z,36.748703,18.407415
EVT0007,EVT0007-FC02,72.0,6,2026-01-17T23:34:26Z,38.505291,18.25372
EVT0007,EVT0007-FC02,72.0,6,2026-01-17T23:34:26Z,38.808828,18.28848
EVT0007,EVT0007-FC02,72.0,6,2026-01-17T23:34:26Z,38.42132,17.66318
EVT0007,EVT0007-FC02,72.0,6,2026-01-17T23:34:26Z,39.117624,18.628676
EVT0007,EVT0007-FC02,72.0,6,2026-01-17T23:34:26Z,38.739022,18.168032
EVT0007,EVT0007-FC02,72.0,6,2026-01-17T23:34:26Z,38.414933,17.853958
EVT0007,EVT0007-FC02,72.0,6,2026-01-17T23:34:26Z,38.657077,18.390864
EVT0007,EVT0007-FC02,72.0,6,2026-01-17T23:34:26Z,37.965129,18.627073
EVT0007,EVT0007-FC02,72.0,6,2026-01-17T23:34:26Z,38.215,17.660019
EVT0007,EVT0007-FC02,72.0,6,2026-01-17T23:34:26Z,38.939291,18.975575
EVT0007,EVT0007-FC02,72.0,6,2026-01-17T23:34:26Z,38.308962,18.939482
EVT0007,EVT0007-FC02,72.0,6,2026-01-17T23:34:26Z,39.307661,18.382542
EVT0007,EVT0007-FC02,72.0,6,2026-01-17T23:34:26Z,38.067241,18.473751
EVT0007,EVT0007-FC02,72.0,6,2026-01-17T23:34:26Z,38.371087,18.267712
EVT0007,EVT0007-FC02,72.0,6,2026-01-17T23:34:26Z,37.777609,17.11981
EVT0007,EVT0007-FC02,72.0,6,2026-01-17T23:34:26Z,39.048858,18.798775
EVT0007,EVT0007-FC02,72.0,6,2026-01-17T23:34:26Z,38.374713,18.21902
EVT0007,EVT0007-FC02,72.0,6,2026-01-17T23:34:26Z,38.846746,18.443486
EVT0007,EVT0007-FC02,72.0,6,2026-01-17T23:34:26Z,38.823823,18.825479
EVT0007,EVT0007-FC02,12.0,7,2026-01-15T11:34:26Z,38.207431,18.615696
EVT0007,EVT0007-FC02,12.0,7,2026-01-15T11:34:26Z,38.183311,18.184541
EVT0007,EVT0007-FC02,12.0,7,2026-01-15T11:34:26Z,38.127806,18.286301
EVT0007,EVT0007-FC02,12.0,7,2026-01-15T11:34:26Z,37.971239,18.113186
EVT0007,EVT0007-FC02,12.0,7,2026-01-15T11:34:26Z,38.420179,18.654756
EVT0007,EVT0007-FC02,12.0,7,2026-01-15T11:34:26Z,38.291854,18.29539
EVT0007,EVT0007-FC02,12.0,7,2026-01-15T11:34:26Z,38.246322,18.351768
EVT0007,EVT0007-FC02,12.0,7,2026-01-15T11:34:26Z,38.063184,18.017331
EVT0007,EVT0007-FC02,12.0,7,2026-01-15T11:34:26Z,38.239629,18.003518
EVT0007,EVT0007-FC02,12.0,7,2026-01-15T11:34:26Z,38.272392,17.674916
EVT0007,EVT0007-FC02,12.0,7,2026-01-15T11:34:26Z,38.277097,17.93782
EVT0007,EVT0007-FC02,12.0,7,2026-01-15T11:34:26Z,38.140222,17.974527
EVT0007,EVT0007-FC02,12.0,7,2026-01-15T11:34:26Z,38.331702,18.068832
EVT0007,EVT0007-FC02,12.0,7,2026-01-15T11:34:26Z,38.148327,18.080525
EVT0007,EVT0007-FC02,12.0,7,2026-01-15T11:34:26Z,38.21321,18.031645
EVT0007,EVT0007-FC02,12.0,7,2026-01-15T11:34:26Z,38.198799,17.98018
EVT0007,EVT0007-FC02,12.0,7,2026-01-15T11:34:26Z,38.055318,18.171324
EVT0007,EVT0007-FC02,12.0,7,2026-01-15T11:34:26Z,38.475815,18.20501
EVT0007,EVT0007-FC02,12.0,7,2026-01-15T11:34:26Z,38.247083,18.178362
EVT0007,EVT0007-FC02,12.0,7,2026-01-15T11:34:26Z,38.186287,18.108144
EVT0007,EVT0007-FC02,12.0,7,2026-01-15T11:34:26Z,38.347463,18.310858
EVT0007,EVT0007-FC02,12.0,7,2026-01-15T11:34:26Z,38.38444,18.110937
EVT0007,EVT0007-FC02,12.0,7,2026-01-15T11:34:26Z,38.138335,18.028155
EVT0007,EVT0007-FC02,12.0,7,2026-01-15T11:34:26Z,38.285565,18.123758
EVT0007,EVT0007-FC02,12.0,7,2026-01-15T11:34:26Z,38.132956,17.81444
EVT0007,EVT0007-FC02,12.0,7,2026-01-15T11:34:26Z,38.110675,18.054966
EVT0007,EVT0007-FC02,12.0,7,2026-01-15T11:34:26Z,38.203728,17.983215
EVT0007,EVT0007-FC02,12.0,7,2026-01-15T11:34:26Z,38.332358,18.075442
EVT0007,EVT0007-FC02,12.0,7,2026-01-15T11:34:26Z,38.175522,18.109938
EVT0007,EVT0007-FC02,12.0,7,2026-01-15T11:34:26Z,38.543717,18.501497
EVT0007,EVT0007-FC02,12.0,7,2026-01-15T11:34:26Z,38.225562,18.162179
EVT0007,EVT0007-FC02,12.0,7,2026-01-15T11:34:26Z,38.257209,18.51831
EVT0007,EVT0007-FC02,12.0,7,2026-01-15T11:34:26Z,38.265272,18.221393
EVT0007,EVT0007-FC02,12.0,7,2026-01-15T11:34:26Z,38.276144,17.983766
EVT0007,EVT0007-FC02,12.0,7,2026-01-15T11:34:26Z,38.471222,18.046959
EVT0007,EVT0007-FC02,12.0,7,2026-01-15T11:34:26Z,38.456862,18.15788
EVT0007,EVT0007-FC02,12.0,7,2026-01-15T11:34:26Z,38.269533,18.243538
EVT0007,EVT0007-FC02,12.0,7,2026-01-15T11:34:26Z,38.236821,18.073673
EVT0007,EVT0007-FC02,12.0,7,2026-01-15T11:34:26Z,38.332433,18.014905
EVT0007,EVT0007-FC02,12.0,7,2026-01-15T11:34:26Z,38.221367,18.050493
EVT0007,EVT0007-FC02,24.0,7,2026-01-15T23:34:26Z,38.236039,17.86575
EVT0007,EVT0007-FC02,24.0,7,2026-01-15T23:34:26Z,38.396942,18.073137
EVT0007,EVT0007-FC02,24.0,7,2026-01-15T23:34:26Z,37.977505,17.412882
EVT0007,EVT0007-FC02,24.0,7,2026-01-15T23:34:26Z,37.940967,18.20184
EVT0007,EVT0007-FC02,24.0,7,2026-01-15T23:34:26Z,38.513382,17.087691
EVT0007,EVT0007-FC02,24.0,7,2026-01-15T23:34:26Z,38.285936,17.885882
EVT0007,EVT0007-FC02,24.0,7,2026-01-15T23:34:26Z,38.131508,18.123796
EVT0007,EVT0007-FC02,24.0,7,2026-01-15T23:34:26Z,38.725723,18.268766
EVT0007,EVT0007-FC02,24.0,7,2026-01-15T23:34:26Z,38.204592,18.198059
EVT0007,EVT0007-FC02,24.0,7,2026-01-15T23:34:26Z,37.536471,18.303417
EVT0007,EVT0007-FC02,24.0,7,2026-01-15T23:34:26Z,37.883048,18.481763
EVT0007,EVT0007-FC02,24.0,7,2026-01-15T23:34:26Z,38.321304,18.003363
EVT0007,EVT0007-FC02,24.0,7,2026-01-15T23:34:26Z,38.066831,17.706432
EVT0007,EVT0007-FC02,24.0,7,2026-01-15T23:34:26Z,38.255903,17.770585
EVT0007,EVT0007-FC02,24.0,7,2026-01-15T23:34:26Z,38.202211,18.011663
EVT0007,EVT0007-FC02,24.0,7,2026-01-15T23:34:26Z,38.504962,17.999641
EVT0007,EVT0007-FC02,24.0,7,2026-01-15T23:34:26Z,37.945829,18.106945
EVT0007,EVT0007-FC02,24.0,7,2026-01-15T23:34:26Z,38.328304,17.953648
EVT0007,EVT0007-FC02,24.0,7,2026-01-15T23:34:26Z,38.31946,18.27152
EVT0007,EVT0007-FC02,24.0,7,2026-01-15T23:34:26Z,38.110458,17.338879
EVT0007,EVT0007-FC02,24.0,7,2026-01-15T23:34:26Z,38.499236,18.216401
EVT0007,EVT0007-FC02,24.0,7,2026-01-15T23:34:26Z,38.388869,17.987254
EVT0007,EVT0007-FC02,24.0,7,2026-01-15T23:34:26Z,38.086178,18.087193
EVT0007,EVT0007-FC02,24.0,7,2026-01-15T23:34:26Z,37.992097,17.762163
EVT0007,EVT0007-FC02,24.0,7,2026-01-15T23:34:26Z,38.292648,17.618225
EVT0007,EVT0007-FC02,24.0,7,2026-01-15T23:34:26Z,38.518198,18.24799
EVT0007,EVT0007-FC02,24.0,7,2026-01-15T23:34:26Z,38.044454,18.130399
EVT0007,EVT0007-FC02,24.0,7,2026-01-15T23:34:26Z,38.330766,17.995008
EVT0007,EVT0007-FC02,24.0,7,2026-01-15T23:34:26Z,38.555276,18.163922
EVT0007,EVT0007-FC02,24.0,7,2026-01-15T23:34:26Z,38.467691,17.986187
EVT0007,EVT0007-FC02,24.0,7,2026-01-15T23:34:26Z,38.235902,18.077667
EVT0007,EVT0007-FC02,24.0,7,2026-01-15T23:34:26Z,38.276042,18.214514
EVT0007,EVT0007-FC02,24.0,7,2026-01-15T23:34:26Z,38.332037,18.086375
EVT0007,EVT0007-FC02,24.0,7,2026-01-15T23:34:26Z,38.676068,18.979988
EVT0007,EVT0007-FC02,24.0,7,2026-01-15T23:34:26Z,38.413605,18.317438
EVT0007,EVT0007-FC02,24.0,7,2026-01-15T23:34:26Z,38.135966,17.446601
EVT0007,EVT0007-FC02,24.0,7,2026-01-15T23:34:26Z,38.44158,18.297849
EVT0007,EVT0007-FC02,24.0,7,2026-01-15T23:34:26Z,38.213535,18.23821
EVT0007,EVT0007-FC02,24.0,7,2026-01-15T23:34:26Z,38.285218,18.394637
EVT0007,EVT0007-FC02,24.0,7,2026-01-15T23:34:26Z,38.399278,18.391306
EVT0007,EVT0007-FC02,48.0,7,2026-01-16T23:34:26Z,38.114288,18.285846
EVT0007,EVT0007-FC02,48.0,7,2026-01-16T23:34:26Z,38.029718,18.127892
EVT0007,EVT0007-FC02,48.0,7,2026-01-16T23:34:26Z,38.045821,18.235693
EVT0007,EVT0007-FC02,48.0,7,2026-01-16T23:34:26Z,38.85742,18.035505
EVT0007,EVT0007-FC02,48.0,7,2026-01-16T23:34:26Z,38.894774,17.938704
EVT0007,EVT0007-FC02,48.0,7,2026-01-16T23:34:26Z,37.611366,17.729539
EVT0007,EVT0007-FC02,48.0,7,2026-01-16T23:34:26Z,37.692893,17.383642
EVT0007,EVT0007-FC02,48.0,7,2026-01-16T23:34:26Z,38.617442,18.440748
EVT0007,EVT0007-FC02,48.0,7,2026-01-16T23:34:26Z,38.434923,18.303721
EVT0007,EVT0007-FC02,48.0,7,2026-01-16T23:34:26Z,38.385408,18.238735
EVT0007,EVT0007-FC02,48.0,7,2026-01-16T23:34:26Z,38.769104,18.701578
EVT0007,EVT0007-FC02,48.0,7,2026-01-16T23:34:26Z,38.424281,18.075301
EVT0007,EVT0007-FC02,48.0,7,2026-01-16T23:34:26Z,38.335758,18.324796
EVT0007,EVT0007-FC02,48.0,7,2026-01-16T23:34:26Z,38.654267,18.578206
EVT0007,EVT0007-FC02,48.0,7,2026-01-16T23:34:26Z,38.143585,18.167209
EVT0007,EVT0007-FC02,48.0,7,2026-01-16T23:34:26Z,38.512083,18.388503
EVT0007,EVT0007-FC02,48.0,7,2026-01-16T23:34:26Z,38.144006,18.161878
EVT0007,EVT0007-FC02,48.0,7,2026-01-16T23:34:26Z,38.190863,17.861028
EVT0007,EVT0007-FC02,48.0,7,2026-01-16T23:34:26Z,37.50156,18.51484
EVT0007,EVT0007-FC02,48.0,7,2026-01-16T23:34:26Z,38.034066,18.155698
EVT0007,EVT0007-FC02,48.0,7,2026-01-16T23:34:26Z,38.327779,18.118658
EVT0007,EVT0007-FC02,48.0,7,2026-01-16T23:34:26Z,37.99949,17.737668
EVT0007,EVT0007-FC02,48.0,7,2026-01-16T23:34:26Z,38.20896,18.493489
EVT0007,EVT0007-FC02,48.0,7,2026-01-16T23:34:26Z,38.445822,18.738996
EVT0007,EVT0007-FC02,48.0,7,2026-01-16T23:34:26Z,38.404726,18.170915
EVT0007,EVT0007-FC02,48.0,7,2026-01-16T23:34:26Z,37.794118,18.120586
EVT0007,EVT0007-FC02,48.0,7,2026-01-16T23:34:26Z,38.550821,18.607912
EVT0007,EVT0007-FC02,48.0,7,2026-01-16T23:34:26Z,38.546555,18.427969
EVT0007,EVT0007-FC02,48.0,7,2026-01-16T23:34:26Z,38.403633,18.12129
EVT0007,EVT0007-FC02,48.0,7,2026-01-16T23:34:26Z,38.627958,18.827028
EVT0007,EVT0007-FC02,48.0,7,2026-01-16T23:34:26Z,37.26638,18.017402
EVT0007,EVT0007-FC02,48.0,7,2026-01-16T23:34:26Z,38.885442,18.814417
EVT0007,EVT0007-FC02,48.0,7,2026-01-16T23:34:26Z,38.543907,18.131816
EVT0007,EVT0007-FC02,48.0,7,2026-01-16T23:34:26Z,38.361602,18.070302
EVT0007,EVT0007-FC02,48.0,7,2026-01-16T23:34:26Z,38.332655,18.18769
EVT0007,EVT0007-FC02,48.0,7,2026-01-16T23:34:26Z,38.430871,17.623445
EVT0007,EVT0007-FC02,48.0,7,2026-01-16T23:34:26Z,38.421957,18.316247
EVT0007,EVT0007-FC02,48.0,7,2026-01-16T23:34:26Z,38.402765,18.241966
EVT0007,EVT0007-FC02,48.0,7,2026-01-16T23:34:26Z,38.251633,18.127087
EVT0007,EVT0007-FC02,48.0,7,2026-01-16T23:34:26Z,38.699627,18.662301
EVT0007,EVT0007-FC02,72.0,7,2026-01-17T23:34:26Z,38.275698,18.734814
EVT0007,EVT0007-FC02,72.0,7,2026-01-17T23:34:26Z,38.262264,17.380489
EVT0007,EVT0007-FC02,72.0,7,2026-01-17T23:34:26Z,38.500296,19.057792
EVT0007,EVT0007-FC02,72.0,7,2026-01-17T23:34:26Z,38.933934,18.603633
EVT0007,EVT0007-FC02,72.0,7,2026-01-17T23:34:26Z,38.43172,17.999116
EVT0007,EVT0007-FC02,72.0,7,2026-01-17T23:34:26Z,38.820022,18.066366
EVT0007,EVT0007-FC02,72.0,7,2026-01-17T23:34:26Z,38.154616,18.58443
EVT0007,EVT0007-FC02,72.0,7,2026-01-17T23:34:26Z,38.304656,18.43163
EVT0007,EVT0007-FC02,72.0,7,2026-01-17T23:34:26Z,38.333803,17.904406
EVT0007,EVT0007-FC02,72.0,7,2026-01-17T23:34:26Z,38.108588,18.06779
EVT0007,EVT0007-FC02,72.0,7,2026-01-17T23:34:26Z,38.573928,18.005753
EVT0007,EVT0007-FC02,72.0,7,2026-01-17T23:34:26Z,38.498821,18.29193
EVT0007,EVT0007-FC02,72.0,7,2026-01-17T23:34:26Z,39.111542,18.7838
EVT0007,EVT0007-FC02,72.0,7,2026-01-17T23:34:26Z,39.619525,17.556666
EVT0007,EVT0007-FC02,72.0,7,2026-01-17T23:34:26Z,38.724413,17.967653
EVT0007,EVT0007-FC02,72.0,7,2026-01-17T23:34:26Z,38.05142,18.219334
EVT0007,EVT0007-FC02,72.0,7,2026-01-17T23:34:26Z,38.829662,18.086929
EVT0007,EVT0007-FC02,72.0,7,2026-01-17T23:34:26Z,39.82278,17.877234
EVT0007,EVT0007-FC02,72.0,7,2026-01-17T23:34:26Z,38.231614,18.328744
EVT0007,EVT0007-FC02,72.0,7,2026-01-17T23:34:26Z,38.65178,18.360191
EVT0007,EVT0007-FC02,72.0,7,2026-01-17T23:34:26Z,38.300422,18.342872
EVT0007,EVT0007-FC02,72.0,7,2026-01-17T23:34:26Z,38.243751,18.608427
EVT0007,EVT0007-FC02,72.0,7,2026-01-17T23:34:26Z,38.166263,18.682232
EVT0007,EVT0007-FC02,72.0,7,2026-01-17T23:34:26Z,38.576987,18.613859
EVT0007,EVT0007-FC02,72.0,7,2026-01-17T23:34:26Z,39.226085,17.795107
EVT0007,EVT0007-FC02,72.0,7,2026-01-17T23:34:26Z,38.786596,18.279393
EVT0007,EVT0007-FC02,72.0,7,2026-01-17T23:34:26Z,38.711437,17.808931
EVT0007,EVT0007-FC02,72.0,7,2026-01-17T23:34:26Z,38.457278,17.81951
EVT0007,EVT0007-FC02,72.0,7,2026-01-17T23:34:26Z,38.945472,18.830962
EVT0007,EVT0007-FC02,72.0,7,2026-01-17T23:34:26Z,38.829047,18.333557
EVT0007,EVT0007-FC02,72.0,7,2026-01-17T23:34:26Z,38.270201,17.417308
EVT0007,EVT0007-FC02,72.0,7,2026-01-17T23:34:26Z,38.631531,18.090651
EVT0007,EVT0007-FC02,72.0,7,2026-01-17T23:34:26Z,38.863848,18.473661
EVT0007,EVT0007-FC02,72.0,7,2026-01-17T23:34:26Z,38.113081,18.12242
EVT0007,EVT0007-FC02,72.0,7,2026-01-17T23:34:26Z,39.828556,17.703226
EVT0007,EVT0007-FC02,72.0,7,2026-01-17T23:34:26Z,39.197076,18.098286
EVT0007,EVT0007-FC02,72.0,7,2026-01-17T23:34:26Z,38.793887,18.063925
EVT0007,EVT0007-FC02,72.0,7,2026-01-17T23:34:26Z,38.708071,17.831853
EVT0007,EVT0007-FC02,72.0,7,2026-01-17T23:34:26Z,38.162131,17.842826
EVT0007,EVT0007-FC02,72.0,7,2026-01-17T23:34:26Z,38.271254,18.181674
EVT0008,EVT0008-FC02,12.0,0,2026-01-13T09:10:16Z,37.130576,19.865531
EVT0008,EVT0008-FC02,12.0,0,2026-01-13T09:10:16Z,37.120425,20.012148
EVT0008,EVT0008-FC02,12.0,0,2026-01-13T09:10:16Z,37.318465,19.829317
EVT0008,EVT0008-FC02,12.0,0,2026-01-13T09:10:16Z,37.346555,19.749752
EVT0008,EVT0008-FC02,12.0,0,2026-01-13T09:10:16Z,37.403111,20.28491
EVT0008,EVT0008-FC02,12.0,0,2026-01-13T09:10:16Z,37.456599,19.627939
EVT0008,EVT0008-FC02,12.0,0,2026-01-13T09:10:16Z,37.219798,19.840403
EVT0008,EVT0008-FC02,12.0,0,2026-01-13T09:10:16Z,37.348123,19.719035
EVT0008,EVT0008-FC02,12.0,0,2026-01-13T09:10:16Z,37.339419,20.211312
EVT0008,EVT0008-FC02,12.0,0,2026-01-13T09:10:16Z,37.136346,19.714621
EVT0008,EVT0008-FC02,12.0,0,2026-01-13T09:10:16Z,37.47534,19.881165
EVT0008,EVT0008-FC02,12.0,0,2026-01-13T09:10:16Z,37.126247,20.191063
EVT0008,EVT0008-FC02,12.0,0,2026-01-13T09:10:16Z,37.065369,19.880592
EVT0008,EVT0008-FC02,12.0,0,2026-01-13T09:10:16Z,37.401569,19.901216
EVT0008,EVT0008-FC02,12.0,0,2026-01-13T09:10:16Z,37.516463,20.201349
EVT0008,EVT0008-FC02,12.0,0,2026-01-13T09:10:16Z,36.93652,20.049021
EVT0008,EVT0008-FC02,12.0,0,2026-01-13T09:10:16Z,37.114778,20.0773
EVT0008,EVT0008-FC02,12.0,0,2026-01-13T09:10:16Z,37.427146,20.051331
EVT0008,EVT0008-FC02,12.0,0,2026-01-13T09:10:16Z,37.403342,19.828425
EVT0008,EVT0008-FC02,12.0,0,2026-01-13T09:10:16Z,37.448555,19.605661
EVT0008,EVT0008-FC02,12.0,0,2026-01-13T09:10:16Z,37.385473,20.185306
EVT0008,EVT0008-FC02,12.0,0,2026-01-13T09:10:16Z,37.448589,19.613647
EVT0008,EVT0008-FC02,12.0,0,2026-01-13T09:10:16Z,37.521879,19.578571
EVT0008,EVT0008-FC02,12.0,0,2026-01-13T09:10:16Z,37.362524,19.941742
EVT0008,EVT0008-FC02,12.0,0,2026-01-13T09:10:16Z,37.257073,19.899561
EVT0008,EVT0008-FC02,12.0,0,2026-01-13T09:10:16Z,37.715224,20.222982
EVT0008,EVT0008-FC02,12.0,0,2026-01-13T09:10:16Z,37.32991,19.61461
EVT0008,EVT0008-FC02,12.0,0,2026-01-13T09:10:16Z,37.341562,19.782225
EVT0008,EVT0008-FC02,12.0,0,2026-01-13T09:10:16Z,37.349559,19.690165
EVT0008,EVT0008-FC02,12.0,0,2026-01-13T09:10:16Z,37.119086,19.605967
EVT0008,EVT0008-FC02,12.0,0,2026-01-13T09:10:16Z,37.480589,19.930351
EVT0008,EVT0008-FC02,12.0,0,2026-01-13T09:10:16Z,37.218119,19.876784
EVT0008,EVT0008-FC02,12.0,0,2026-01-13T09:10:16Z,37.302737,19.699813
EVT0008,EVT0008-FC02,12.0,0,2026-01-13T09:10:16Z,37.502273,19.68067
EVT0008,EVT0008-FC02,12.0,0,2026-01-13T09:10:16Z,37.190068,20.107055
EVT0008,EVT0008-FC02,12.0,0,2026-01-13T09:10:16Z,37.316809,19.739617
EVT0008,EVT0008-FC02,12.0,0,2026-01-13T09:10:16Z,37.373648,20.169154
EVT0008,EVT0008-FC02,12.0,0,2026-01-13T09:10:16Z,37.312252,19.722909
EVT0008,EVT0008-FC02,12.0,0,2026-01-13T09:10:16Z,37.431244,19.672158
EVT0008,EVT0008-FC02,12.0,0,2026-01-13T09:10:16Z,37.436192,19.970412
EVT0008,EVT0008-FC02,24.0,0,2026-01-13T21:10:16Z,37.619225,19.999917
EVT0008,EVT0008-FC02,24.0,0,2026-01-13T21:10:16Z,37.366262,19.605368
EVT0008,EVT0008-FC02,24.0,0,2026-01-13T21:10:16Z,37.373442,19.257614
EVT0008,EVT0008-FC02,24.0,0,2026-01-13T21:10:16Z,37.351153,19.861016
EVT0008,EVT0008-FC02,24.0,0,2026-01-13T21:10:16Z,37.601558,20.234989
EVT0008,EVT0008-FC02,24.0,0,2026-01-13T21:10:16Z,37.186059,20.530761
EVT0008,EVT0008-FC02,24.0,0,2026-01-13T21:10:16Z,37.478958,20.099275
EVT0008,EVT0008-FC02,24.0,0,2026-01-13T21:10:16Z,37.486202,19.999673
EVT0008,EVT0008-FC02,24.0,0,2026-01-13T21:10:16Z,37.398623,19.88156
EVT0008,EVT0008-FC02,24.0,0,2026-01-13T21:10:16Z,37.615654,20.320073
EVT0008,EVT0008-FC02,24.0,0,2026-01-13T21:10:16Z,37.481681,20.260689
EVT0008,EVT0008-FC02,24.0,0,2026-01-13T21:10:16Z,37.697207,20.107115
EVT0008,EVT0008-FC02,24.0,0,2026-01-13T21:10:16Z,37.338711,19.715452
EVT0008,EVT0008-FC02,24.0,0,2026-01-13T21:10:16Z,37.466946,19.602965
EVT0008,EVT0008-FC02,24.0,0,2026-01-13T21:10:16Z,37.028942,19.658282
EVT0008,EVT0008-FC02,24.0,0,2026-01-13T21:10:16Z,37.594051,19.453503
EVT0008,EVT0008-FC02,24.0,0,2026-01-13T21:10:16Z,37.437681,19.786113
EVT0008,EVT0008-FC02,24.0,0,2026-01-13T21:10:16Z,37.542646,20.207867
EVT0008,EVT0008-FC02,24.0,0,2026-01-13T21:10:16Z,37.614913,20.27354
EVT0008,EVT0008-FC02,24.0,0,2026-01-13T21:10:16Z,36.821689,20.292194
EVT0008,EVT0008-FC02,24.0,0,2026-01-13T21:10:16Z,37.382337,19.950796
EVT0008,EVT0008-FC02,24.0,0,2026-01-13T21:10:16Z,37.566744,19.998226
EVT0008,EVT0008-FC02,24.0,0,2026-01-13T21:10:16Z,37.239264,20.161787
EVT0008,EVT0008-FC02,24.0,0,2026-01-13T21:10:16Z,37.09153,20.585727
EVT0008,EVT0008-FC02,24.0,0,2026-01-13T21:10:16Z,37.395349,19.616903
EVT0008,EVT0008-FC02,24.0,0,2026-01-13T21:10:16Z,37.373302,19.668018
EVT0008,EVT0008-FC02,24.0,0,2026-01-13T21:10:16Z,37.265278,19.724357
EVT0008,EVT0008-FC02,24.0,0,2026-01-13T21:10:16Z,37.695437,19.985616
EVT0008,EVT0008-FC02,24.0,0,2026-01-13T21:10:16Z,37.563516,20.44168
EVT0008,EVT0008-FC02,24.0,0,2026-01-13T21:10:16Z,37.425043,19.876028
EVT0008,EVT0008-FC02,24.0,0,2026-01-13T21:10:16Z,38.046184,20.028624
EVT0008,EVT0008-FC02,24.0,0,2026-01-13T21:10:16Z,36.940083,19.93462
EVT0008,EVT0008-FC02,24.0,0,2026-01-13T21:10:16Z,37.760473,20.315081
EVT0008,EVT0008-FC02,24.0,0,2026-01-13T21:10:16Z,37.356017,19.683563
EVT0008,EVT0008-FC02,24.0,0,2026-01-13T21:10:16Z,37.946235,20.311358
EVT0008,EVT0008-FC02,24.0,0,2026-01-13T21:10:16Z,37.419074,19.673928
EVT0008,EVT0008-FC02,24.0,0,2026-01-13T21:10:16Z,37.387842,19.72508
EVT0008,EVT0008-FC02,24.0,0,2026-01-13T21:10:16Z,38.034285,19.464148
EVT0008,EVT0008-FC02,24.0,0,2026-01-13T21:10:16Z,37.53414,19.590629
EVT0008,EVT0008-FC02,24.0,0,2026-01-13T21:10:16Z,37.502186,19.593906
EVT0008,EVT0008-FC02,48.0,0,2026-01-14T21:10:16Z,38.060725,20.378262
EVT0008,EVT0008-FC02,48.0,0,2026-01-14T21:10:16Z,37.921737,19.832254
EVT0008,EVT0008-FC02,48.0,0,2026-01-14T21:10:16Z,37.440573,19.513465
EVT0008,EVT0008-FC02,48.0,0,2026-01-14T21:10:16Z,37.820351,20.106499
EVT0008,EVT0008-FC02,48.0,0,2026-01-14T21:10:16Z,37.853212,20.207994
EVT0008,EVT0008-FC02,48.0,0,2026-01-14T21:10:16Z,37.655754,19.818463
EVT0008,EVT0008-FC02,48.0,0,2026-01-14T21:10:16Z,37.906057,18.557187
EVT0008,EVT0008-FC02,48.0,0,2026-01-14T21:10:16Z,37.958404,19.914374
EVT0008,EVT0008-FC02,48.0,0,2026-01-14T21:10:16Z,38.044971,20.478224
EVT0008,EVT0008-FC02,48.0,0,2026-01-14T21:10:16Z,37.876623,20.788537
EVT0008,EVT0008-FC02,48.0,0,2026-01-14T21:10:16Z,38.604113,19.880001
EVT0008,EVT0008-FC02,48.0,0,2026-01-14T21:10:16Z,37.803322,19.375909
EVT0008,EVT0008-FC02,48.0,0,2026-01-14T21:10:16Z,37.836467,20.677506
EVT0008,EVT0008-FC02,48.0,0,2026-01-14T21:10:16Z,37.632426,20.129223
EVT0008,EVT0008-FC02,48.0,0,2026-01-14T21:10:16Z,38.096492,20.348082
EVT0008,EVT0008-FC02,48.0,0,2026-01-14T21:10:16Z,37.721782,19.868695
EVT0008,EVT0008-FC02,48.0,0,2026-01-14T21:10:16Z,38.3228,19.511235
EVT0008,EVT0008-FC02,48.0,0,2026-01-14T21:10:16Z,38.146686,20.436008
EVT0008,EVT0008-FC02,48.0,0,2026-01-14T21:10:16Z,38.315948,19.175797
EVT0008,EVT0008-FC02,48.0,0,2026-01-14T21:10:16Z,37.738492,20.063445
EVT0008,EVT0008-FC02,48.0,0,2026-01-14T21:10:16Z,37.783401,20.116466
EVT0008,EVT0008-FC02,48.0,0,2026-01-14T21:10:16Z,37.579261,19.499315
EVT0008,EVT0008-FC02,48.0,0,2026-01-14T21:10:16Z,38.099753,19.815869
EVT0008,EVT0008-FC02,48.0,0,2026-01-14T21:10:16Z,37.666034,20.855966
EVT0008,EVT0008-FC02,48.0,0,2026-01-14T21:10:16Z,36.632309,19.547464
EVT0008,EVT0008-FC02,48.0,0,2026-01-14T21:10:16Z,37.698537,19.811422
EVT0008,EVT0008-FC02,48.0,0,2026-01-14T21:10:16Z,37.531944,20.299156
EVT0008,EVT0008-FC02,48.0,0,2026-01-14T21:10:16Z,37.621679,18.934407
EVT0008,EVT0008-FC02,48.0,0,2026-01-14T21:10:16Z,38.149038,19.41412
EVT0008,EVT0008-FC02,48.0,0,2026-01-14T21:10:16Z,36.9091,19.451437
EVT0008,EVT0008-FC02,48.0,0,2026-01-14T21:10:16Z,37.823283,19.853802
EVT0008,EVT0008-FC02,48.0,0,2026-01-14T21:10:16Z,38.476438,20.084567
EVT0008,EVT0008-FC02,48.0,0,2026-01-14T21:10:16Z,37.885584,19.849608
EVT0008,EVT0008-FC02,48.0,0,2026-01-14T21:10:16Z,38.700918,19.988363
EVT0008,EVT0008-FC02,48.0,0,2026-01-14T21:10:16Z,37.756879,20.458864
EVT0008,EVT0008-FC02,48.0,0,2026-01-14T21:10:16Z,37.756346,20.143913
EVT0008,EVT0008-FC02,48.0,0,2026-01-14T21:10:16Z,37.341364,20.55207
EVT0008,EVT0008-FC02,48.0,0,2026-01-14T21:10:16Z,37.272781,20.593282
EVT0008,EVT0008-FC02,48.0,0,2026-01-14T21:10:16Z,38.316381,19.285833
EVT0008,EVT0008-FC02,48.0,0,2026-01-14T21:10:16Z,38.035598,20.612311
EVT0008,EVT0008-FC02,72.0,0,2026-01-15T21:10:16Z,38.260085,19.152999
EVT0008,EVT0008-FC02,72.0,0,2026-01-15T21:10:16Z,38.362465,20.976252
EVT0008,EVT0008-FC02,72.0,0,2026-01-15T21:10:16Z,37.717876,17.998833
EVT0008,EVT0008-FC02,72.0,0,2026-01-15T21:10:16Z,38.038248,20.230742
EVT0008,EVT0008-FC02,72.0,0,2026-01-15T21:10:16Z,38.391782,19.37444
EVT0008,EVT0008-FC02,72.0,0,2026-01-15T21:10:16Z,38.094899,19.883559
EVT0008,EVT0008-FC02,72.0,0,2026-01-15T21:10:16Z,38.045191,18.883948
EVT0008,EVT0008-FC02,72.0,0,2026-01-15T21:10:16Z,38.415535,21.271097
EVT0008,EVT0008-FC02,72.0,0,2026-01-15T21:10:16Z,37.579453,18.931176
EVT0008,EVT0008-FC02,72.0,0,2026-01-15T21:10:16Z,37.466564,19.377537
EVT0008,EVT0008-FC02,72.0,0,2026-01-15T21:10:16Z,38.176548,20.306336
EVT0008,EVT0008-FC02,72.0,0,2026-01-15T21:10:16Z,37.696619,18.995051
EVT0008,EVT0008-FC02,72.0,0,2026-01-15T21:10:16Z,38.018818,18.997369
EVT0008,EVT0008-FC02,72.0,0,2026-01-15T21:10:16Z,38.050855,20.299882
EVT0008,EVT0008-FC02,72.0,0,2026-01-15T21:10:16Z,37.873381,19.066588
EVT0008,EVT0008-FC02,72.0,0,2026-01-15T21:10:16Z,38.174517,20.427429
EVT0008,EVT0008-FC02,72.0,0,2026-01-15T21:10:16Z,36.698832,19.32138
EVT0008,EVT0008-FC02,72.0,0,2026-01-15T21:10:16Z,37.97446,20.119687
EVT0008,EVT0008-FC02,72.0,0,2026-01-15T21:10:16Z,37.982356,20.314969
EVT0008,EVT0008-FC02,72.0,0,2026-01-15T21:10:16Z,38.091975,19.115602
EVT0008,EVT0008-FC02,72.0,0,2026-01-15T21:10:16Z,38.457415,21.020799
EVT0008,EVT0008-FC02,72.0,0,2026-01-15T21:10:16Z,37.557411,18.280555
EVT0008,EVT0008-FC02,72.0,0,2026-01-15T21:10:16Z,37.77894,19.742345
EVT0008,EVT0008-FC02,72.0,0,2026-01-15T21:10:16Z,38.415974,20.974972
EVT0008,EVT0008-FC02,72.0,0,2026-01-15T21:10:16Z,37.569557,19.60194
EVT0008,EVT0008-FC02,72.0,0,2026-01-15T21:10:16Z,37.793003,21.355582
EVT0008,EVT0008-FC02,72.0,0,2026-01-15T21:10:16Z,38.054478,20.186239
EVT0008,EVT0008-FC02,72.0,0,2026-01-15T21:10:16Z,38.120885,20.116313
EVT0008,EVT0008-FC02,72.0,0,2026-01-15T21:10:16Z,37.579665,20.893612
EVT0008,EVT0008-FC02,72.0,0,2026-01-15T21:10:16Z,37.655421,19.673816
EVT0008,EVT0008-FC02,72.0,0,2026-01-15T21:10:16Z,37.949055,20.698082
EVT0008,EVT0008-FC02,72.0,0,2026-01-15T21:10:16Z,38.245972,18.939144
EVT0008,EVT0008-FC02,72.0,0,2026-01-15T21:10:16Z,38.531142,19.79684
EVT0008,EVT0008-FC02,72.0,0,2026-01-15T21:10:16Z,38.14945,20.382793
EVT0008,EVT0008-FC02,72.0,0,2026-01-15T21:10:16Z,38.333808,20.120938
EVT0008,EVT0008-FC02,72.0,0,2026-01-15T21:10:16Z,38.125313,20.672387
EVT0008,EVT0008-FC02,72.0,0,2026-01-15T21:10:16Z,38.771857,19.824178
EVT0008,EVT0008-FC02,72.0,0,2026-01-15T21:10:16Z,37.424372,19.113405
EVT0008,EVT0008-FC02,72.0,0,2026-01-15T21:10:16Z,37.332678,18.81519
EVT0008,EVT0008-FC02,72.0,0,2026-01-15T21:10:16Z,38.188183,20.567283
EVT0008,EVT0008-FC02,12.0,1,2026-01-13T09:10:16Z,37.393211,19.774604
EVT0008,EVT0008-FC02,12.0,1,2026-01-13T09:10:16Z,37.12758,19.884748
EVT0008,EVT0008-FC02,12.0,1,2026-01-13T09:10:16Z,37.406105,19.607637
EVT0008,EVT0008-FC02,12.0,1,2026-01-13T09:10:16Z,37.546055,20.11577
EVT0008,EVT0008-FC02,12.0,1,2026-01-13T09:10:16Z,37.273236,19.958288
EVT0008,EVT0008-FC02,12.0,1,2026-01-13T09:10:16Z,37.462845,19.951473
EVT0008,EVT0008-FC02,12.0,1,2026-01-13T09:10:16Z,37.058365,19.810891
EVT0008,EVT0008-FC02,12.0,1,2026-01-13T09:10:16Z,37.214035,20.019894
EVT0008,EVT0008-FC02,12.0,1,2026-01-13T09:10:16Z,37.345103,19.652494
EVT0008,EVT0008-FC02,12.0,1,2026-01-13T09:10:16Z,37.644198,20.047263
EVT0008,EVT0008-FC02,12.0,1,2026-01-13T09:10:16Z,37.674617,19.904333
EVT0008,EVT0008-FC02,12.0,1,2026-01-13T09:10:16Z,37.404843,19.67134
EVT0008,EVT0008-FC02,12.0,1,2026-01-13T09:10:16Z,37.266233,19.505273
EVT0008,EVT0008-FC02,12.0,1,2026-01-13T09:10:16Z,37.235618,19.727221
EVT0008,EVT0008-FC02,12.0,1,2026-01-13T09:10:16Z,37.635076,20.188614
EVT0008,EVT0008-FC02,12.0,1,2026-01-13T09:10:16Z,37.562411,19.484697
EVT0008,EVT0008-FC02,12.0,1,2026-01-13T09:10:16Z,37.401793,20.037456
EVT0008,EVT0008-FC02,12.0,1,2026-01-13T09:10:16Z,37.496685,19.910655
EVT0008,EVT0008-FC02,12.0,1,2026-01-13T09:10:16Z,37.251666,19.764214
EVT0008,EVT0008-FC02,12.0,1,2026-01-13T09:10:16Z,37.828694,20.005068
EVT0008,EVT0008-FC02,12.0,1,2026-01-13T09:10:16Z,37.31469,19.827784
EVT0008,EVT0008-FC02,12.0,1,2026-01-13T09:10:16Z,37.339814,19.744049
EVT0008,EVT0008-FC02,12.0,1,2026-01-13T09:10:16Z,37.17438,19.778239
EVT0008,EVT0008-FC02,12.0,1,2026-01-13T09:10:16Z,37.503775,20.514012
EVT0008,EVT0008-FC02,12.0,1,2026-01-13T09:10:16Z,37.422171,19.619341
EVT0008,EVT0008-FC02,12.0,1,2026-01-13T09:10:16Z,37.208506,19.768499
EVT0008,EVT0008-FC02,12.0,1,2026-01-13T09:10:16Z,37.35707,19.999779
EVT0008,EVT0008-FC02,12.0,1,2026-01-13T09:10:16Z,37.309733,19.64025
EVT0008,EVT0008-FC02,12.0,1,2026-01-13T09:10:16Z,37.512449,19.831635
EVT0008,EVT0008-FC02,12.0,1,2026-01-13T09:10:16Z,37.360479,19.852753
EVT0008,EVT0008-FC02,12.0,1,2026-01-13T09:10:16Z,37.396036,20.120002
EVT0008,EVT0008-FC02,12.0,1,2026-01-13T09:10:16Z,37.637723,20.243066
EVT0008,EVT0008-FC02,12.0,1,2026-01-13T09:10:16Z,37.350096,19.611609
EVT0008,EVT0008-FC02,12.0,1,2026-01-13T09:10:16Z,37.453011,19.729398
EVT0008,EVT0008-FC02,12.0,1,2026-01-13T09:10:16Z,37.583785,19.484893
EVT0008,EVT0008-FC02,12.0,1,2026-01-13T09:10:16Z,37.671081,20.120772
EVT0008,EVT0008-FC02,12.0,1,2026-01-13T09:10:16Z,37.225098,19.720413
EVT0008,EVT0008-FC02,12.0,1,2026-01-13T09:10:16Z,37.438724,20.11665
EVT0008,EVT0008-FC02,12.0,1,2026-01-13T09:10:16Z,37.053849,20.138671
EVT0008,EVT0008-FC02,12.0,1,2026-01-13T09:10:16Z,37.478964,19.885903
EVT0008,EVT0008-FC02,24.0,1,2026-01-13T21:10:16Z,37.37118,19.843544
EVT0008,EVT0008-FC02,24.0,1,2026-01-13T21:10:16Z,37.580268,20.16124
EVT0008,EVT0008-FC02,24.0,1,2026-01-13T21:10:16Z,37.649645,20.169547
EVT0008,EVT0008-FC02,24.0,1,2026-01-13T21:10:16Z,37.887875,19.767491
EVT0008,EVT0008-FC02,24.0,1,2026-01-13T21:10:16Z,37.586124,19.597656
EVT0008,EVT0008-FC02,24.0,1,2026-01-13T21:10:16Z,37.355717,19.561128
EVT0008,EVT0008-FC02,24.0,1,2026-01-13T21:10:16Z,37.740444,20.11438
EVT0008,EVT0008-FC02,24.0,1,2026-01-13T21:10:16Z,37.231835,20.606118
EVT0008,EVT0008-FC02,24.0,1,2026-01-13T21:10:16Z,37.776617,20.212308
EVT0008,EVT0008-FC02,24.0,1,2026-01-13T21:10:16Z,37.380489,19.766426
EVT0008,EVT0008-FC02,24.0,1,2026-01-13T21:10:16Z,37.542456,20.305302
EVT0008,EVT0008-FC02,24.0,1,2026-01-13T21:10:16Z,37.888667,19.905943
EVT0008,EVT0008-FC02,24.0,1,2026-01-13T21:10:16Z,37.41366,19.668833
EVT0008,EVT0008-FC02,24.0,1,2026-01-13T21:10:16Z,37.407341,20.334114
EVT0008,EVT0008-FC02,24.0,1,2026-01-13T21:10:16Z,37.606788,20.063105
EVT0008,EVT0008-FC02,24.0,1,2026-01-13T21:10:16Z,37.742033,20.157163
EVT0008,EVT0008-FC02,24.0,1,2026-01-13T21:10:16Z,37.340954,19.586509
EVT0008,EVT0008-FC02,24.0,1,2026-01-13T21:10:16Z,37.50445,20.06771
EVT0008,EVT0008-FC02,24.0,1,2026-01-13T21:10:16Z,37.391806,19.972581
EVT0008,EVT0008-FC02,24.0,1,2026-01-13T21:10:16Z,37.11032,19.992981
EVT0008,EVT0008-FC02,24.0,1,2026-01-13T21:10:16Z,37.737571,19.364671
EVT0008,EVT0008-FC02,24.0,1,2026-01-13T21:10:16Z,37.558488,20.193509
EVT0008,EVT0008-FC02,24.0,1,2026-01-13T21:10:16Z,37.443458,19.608826
EVT0008,EVT0008-FC02,24.0,1,2026-01-13T21:10:16Z,37.249677,19.469649
EVT0008,EVT0008-FC02,24.0,1,2026-01-13T21:10:16Z,37.642968,19.274438
EVT0008,EVT0008-FC02,24.0,1,2026-01-13T21:10:16Z,37.705067,20.418891
EVT0008,EVT0008-FC02,24.0,1,2026-01-13T21:10:16Z,36.958163,20.369969
EVT0008,EVT0008-FC02,24.0,1,2026-01-13T21:10:16Z,37.615681,20.142272
EVT0008,EVT0008-FC02,24.0,1,2026-01-13T21:10:16Z,37.081163,19.637613
EVT0008,EVT0008-FC02,24.0,1,2026-01-13T21:10:16Z,37.616946,19.89255
EVT0008,EVT0008-FC02,24.0,1,2026-01-13T21:10:16Z,37.504883,19.668624
EVT0008,EVT0008-FC02,24.0,1,2026-01-13T21:10:16Z,37.332058,19.820181
EVT0008,EVT0008-FC02,24.0,1,2026-01-13T21:10:16Z,37.494323,20.188967
EVT0008,EVT0008-FC02,24.0,1,2026-01-13T21:10:16Z,37.638731,19.943494
EVT0008,EVT0008-FC02,24.0,1,2026-01-13T21:10:16Z,37.71445,20.248535
EVT0008,EVT0008-FC02,24.0,1,2026-01-13T21:10:16Z,37.446661,19.793374
EVT0008,EVT0008-FC02,24.0,1,2026-01-13T21:10:16Z,37.565966,19.695805
EVT0008,EVT0008-FC02,24.0,1,2026-01-13T21:10:16Z,37.606985,20.208221
EVT0008,EVT0008-FC02,24.0,1,2026-01-13T21:10:16Z,37.810767,19.63767
EVT0008,EVT0008-FC02,24.0,1,2026-01-13T21:10:16Z,37.425965,19.824183
EVT0008,EVT0008-FC02,48.0,1,2026-01-14T21:10:16Z,37.58632,19.589252
EVT0008,EVT0008-FC02,48.0,1,2026-01-14T21:10:16Z,37.472688,19.587215
EVT0008,EVT0008-FC02,48.0,1,2026-01-14T21:10:16Z,38.21568,19.455362
EVT0008,EVT0008-FC02,48.0,1,2026-01-14T21:10:16Z,38.005326,20.185288
EVT0008,EVT0008-FC02,48.0,1,2026-01-14T21:10:16Z,37.850163,20.318307
EVT0008,EVT0008-FC02,48.0,1,2026-01-14T21:10:16Z,37.719562,20.284937
EVT0008,EVT0008-FC02,48.0,1,2026-01-14T21:10:16Z,37.758123,20.431744
EVT0008,EVT0008-FC02,48.0,1,2026-01-14T21:10:16Z,38.267832,18.616666
EVT0008,EVT0008-FC02,48.0,1,2026-01-14T21:10:16Z,37.621005,19.231181
EVT0008,EVT0008-FC02,48.0,1,2026-01-14T21:10:16Z,37.96643,20.109531
EVT0008,EVT0008-FC02,48.0,1,2026-01-14T21:10:16Z,37.460345,20.129846
EVT0008,EVT0008-FC02,48.0,1,2026-01-14T21:10:16Z,37.069705,19.438025
EVT0008,EVT0008-FC02,48.0,1,2026-01-14T21:10:16Z,37.676884,19.408339
EVT0008,EVT0008-FC02,48.0,1,2026-01-14T21:10:16Z,37.987945,20.666744
EVT0008,EVT0008-FC02,48.0,1,2026-01-14T21:10:16Z,38.116225,19.041751
EVT0008,EVT0008-FC02,48.0,1,2026-01-14T21:10:16Z,38.165998,20.223846
EVT0008,EVT0008-FC02,48.0,1,2026-01-14T21:10:16Z,37.556115,19.288468
EVT0008,EVT0008-FC02,48.0,1,2026-01-14T21:10:16Z,37.823339,19.837799
EVT0008,EVT0008-FC02,48.0,1,2026-01-14T21:10:16Z,37.5069,20.212761
EVT0008,EVT0008-FC02,48.0,1,2026-01-14T21:10:16Z,37.785138,20.328675
EVT0008,EVT0008-FC02,48.0,1,2026-01-14T21:10:16Z,37.775446,20.216336
EVT0008,EVT0008-FC02,48.0,1,2026-01-14T21:10:16Z,37.477854,19.066173
EVT0008,EVT0008-FC02,48.0,1,2026-01-14T21:10:16Z,38.072366,19.274189
EVT0008,EVT0008-FC02,48.0,1,2026-01-14T21:10:16Z,37.786943,21.26433
EVT0008,EVT0008-FC02,48.0,1,2026-01-14T21:10:16Z,37.855336,20.446544
EVT0008,EVT0008-FC02,48.0,1,2026-01-14T21:10:16Z,37.855667,20.371256
EVT0008,EVT0008-FC02,48.0,1,2026-01-14T21:10:16Z,37.711583,20.187453
EVT0008,EVT0008-FC02,48.0,1,2026-01-14T21:10:16Z,37.726277,19.895633
EVT0008,EVT0008-FC02,48.0,1,2026-01-14T21:10:16Z,38.28795,19.473975
EVT0008,EVT0008-FC02,48.0,1,2026-01-14T21:10:16Z,37.207598,18.895695
EVT0008,EVT0008-FC02,48.0,1,2026-01-14T21:10:16Z,37.896448,20.206539
EVT0008,EVT0008-FC02,48.0,1,2026-01-14T21:10:16Z,37.977584,19.95092
EVT0008,EVT0008-FC02,48.0,1,2026-01-14T21:10:16Z,37.579857,19.581921
EVT0008,EVT0008-FC02,48.0,1,2026-01-14T21:10:16Z,37.760416,20.040162
EVT0008,EVT0008-FC02,48.0,1,2026-01-14T21:10:16Z,37.293648,19.446388
EVT0008,EVT0008-FC02,48.0,1,2026-01-14T21:10:16Z,37.384649,20.470888
EVT0008,EVT0008-FC02,48.0,1,2026-01-14T21:10:16Z,37.689581,19.986824
EVT0008,EVT0008-FC02,48.0,1,2026-01-14T21:10:16Z,37.545792,19.460556
EVT0008,EVT0008-FC02,48.0,1,2026-01-14T21:10:16Z,38.20211,19.953164
EVT0008,EVT0008-FC02,48.0,1,2026-01-14T21:10:16Z,36.961584,19.888842
EVT0008,EVT0008-FC02,72.0,1,2026-01-15T21:10:16Z,37.455378,20.187558
EVT0008,EVT0008-FC02,72.0,1,2026-01-15T21:10:16Z,38.142756,20.421523
EVT0008,EVT0008-FC02,72.0,1,2026-01-15T21:10:16Z,37.628832,20.168942
EVT0008,EVT0008-FC02,72.0,1,2026-01-15T21:10:16Z,38.802524,18.889332
EVT0008,EVT0008-FC02,72.0,1,2026-01-15T21:10:16Z,38.470587,19.559247
EVT0008,EVT0008-FC02,72.0,1,2026-01-15T21:10:16Z,38.172716,20.234805
EVT0008,EVT0008-FC02,72.0,1,2026-01-15T21:10:16Z,38.197274,19.08197
EVT0008,EVT0008-FC02,72.0,1,2026-01-15T21:10:16Z,38.239528,19.748776
EVT0008,EVT0008-FC02,72.0,1,2026-01-15T21:10:16Z,37.501819,19.398583
EVT0008,EVT0008-FC02,72.0,1,2026-01-15T21:10:16Z,38.715383,20.083823
EVT0008,EVT0008-FC02,72.0,1,2026-01-15T21:10:16Z,37.735249,19.980558
EVT0008,EVT0008-FC02,72.0,1,2026-01-15T21:10:16Z,37.306355,19.586837
EVT0008,EVT0008-FC02,72.0,1,2026-01-15T21:10:16Z,38.678908,19.973467
EVT0008,EVT0008-FC02,72.0,1,2026-01-15T21:10:16Z,37.599715,19.363002
EVT0008,EVT0008-FC02,72.0,1,2026-01-15T21:10:16Z,38.549373,20.064052
EVT0008,EVT0008-FC02,72.0,1,2026-01-15T21:10:16Z,38.16547,19.354574
EVT0008,EVT0008-FC02,72.0,1,2026-01-15T21:10:16Z,37.816165,18.959558
EVT0008,EVT0008-FC02,72.0,1,2026-01-15T21:10:16Z,37.926773,19.711745
EVT0008,EVT0008-FC02,72.0,1,2026-01-15T21:10:16Z,37.615352,19.219603
EVT0008,EVT0008-FC02,72.0,1,2026-01-15T21:10:16Z,37.211165,20.641784
EVT0008,EVT0008-FC02,72.0,1,2026-01-15T21:10:16Z,38.400421,19.517274
EVT0008,EVT0008-FC02,72.0,1,2026-01-15T21:10:16Z,38.54789,20.015889
EVT0008,EVT0008-FC02,72.0,1,2026-01-15T21:10:16Z,37.633877,19.629697
EVT0008,EVT0008-FC02,72.0,1,2026-01-15T21:10:16Z,38.126305,20.403732
EVT0008,EVT0008-FC02,72.0,1,2026-01-15T21:10:16Z,38.214546,19.297514
EVT0008,EVT0008-FC02,72.0,1,2026-01-15T21:10:16Z,37.706693,20.15314
EVT0008,EVT0008-FC02,72.0,1,2026-01-15T21:10:16Z,38.803016,19.624028
EVT0008,EVT0008-FC02,72.0,1,2026-01-15T21:10:16Z,38.081603,18.95092
EVT0008,EVT0008-FC02,72.0,1,2026-01-15T21:10:16Z,38.236206,19.180768
EVT0008,EVT0008-FC02,72.0,1,2026-01-15T21:10:16Z,37.700978,19.961447
EVT0008,EVT0008-FC02,72.0,1,2026-01-15T21:10:16Z,38.644414,19.899719
EVT0008,EVT0008-FC02,72.0,1,2026-01-15T21:10:16Z,37.911499,19.098839
EVT0008,EVT0008-FC02,72.0,1,2026-01-15T21:10:16Z,38.764204,19.492364
EVT0008,EVT0008-FC02,72.0,1,2026-01-15T21:10:16Z,38.670284,20.208362
EVT0008,EVT0008-FC02,72.0,1,2026-01-15T21:10:16Z,38.124667,20.49558
EVT0008,EVT0008-FC02,72.0,1,2026-01-15T21:10:16Z,37.822214,19.783881
EVT0008,EVT0008-FC02,72.0,1,2026-01-15T21:10:16Z,38.288368,19.163584
EVT0008,EVT0008-FC02,72.0,1,2026-01-15T21:10:16Z,37.700471,19.484054
EVT0008,EVT0008-FC02,72.0,1,2026-01-15T21:10:16Z,37.837373,19.843021
EVT0008,EVT0008-FC02,72.0,1,2026-01-15T21:10:16Z,38.044352,20.395775
EVT0008,EVT0008-FC02,12.0,2,2026-01-13T09:10:16Z,37.370605,19.998082
EVT0008,EVT0008-FC02,12.0,2,2026-01-13T09:10:16Z,37.411703,19.890329
EVT0008,EVT0008-FC02,12.0,2,2026-01-13T09:10:16Z,37.386048,20.17755
EVT0008,EVT0008-FC02,12.0,2,2026-01-13T09:10:16Z,37.625066,19.810015
EVT0008,EVT0008-FC02,12.0,2,2026-01-13T09:10:16Z,37.533629,19.756011
EVT0008,EVT0008-FC02,12.0,2,2026-01-13T09:10:16Z,37.243541,19.73834
EVT0008,EVT0008-FC02,12.0,2,2026-01-13T09:10:16Z,37.348692,19.782369
EVT0008,EVT0008-FC02,12.0,2,2026-01-13T09:10:16Z,37.331051,19.783263
EVT0008,EVT0008-FC02,12.0,2,2026-01-13T09:10:16Z,37.228426,19.67313
EVT0008,EVT0008-FC02,12.0,2,2026-01-13T09:10:16Z,37.391189,20.009075
EVT0008,EVT0008-FC02,12.0,2,2026-01-13T09:10:16Z,37.643813,19.960011
EVT0008,EVT0008-FC02,12.0,2,2026-01-13T09:10:16Z,37.234834,20.158723
EVT0008,EVT0008-FC02,12.0,2,2026-01-13T09:10:16Z,37.449482,19.581448
EVT0008,EVT0008-FC02,12.0,2,2026-01-13T09:10:16Z,37.174082,20.039165
EVT0008,EVT0008-FC02,12.0,2,2026-01-13T09:10:16Z,37.505449,19.677465
EVT0008,EVT0008-FC02,12.0,2,2026-01-13T09:10:16Z,37.161515,19.913706
EVT0008,EVT0008-FC02,12.0,2,2026-01-13T09:10:16Z,37.484645,19.949306
EVT0008,EVT0008-FC02,12.0,2,2026-01-13T09:10:16Z,37.330536,20.030035
EVT0008,EVT0008-FC02,12.0,2,2026-01-13T09:10:16Z,37.465196,19.828048
EVT0008,EVT0008-FC02,12.0,2,2026-01-13T09:10:16Z,37.400082,19.708719
EVT0008,EVT0008-FC02,12.0,2,2026-01-13T09:10:16Z,37.475853,20.056896
EVT0008,EVT0008-FC02,12.0,2,2026-01-13T09:10:16Z,37.408901,19.941474
EVT0008,EVT0008-FC02,12.0,2,2026-01-13T09:10:16Z,37.052805,20.213318
EVT0008,EVT0008-FC02,12.0,2,2026-01-13T09:10:16Z,37.45632,19.944417
EVT0008,EVT0008-FC02,12.0,2,2026-01-13T09:10:16Z,37.455347,19.693756
EVT0008,EVT0008-FC02,12.0,2,2026-01-13T09:10:16Z,37.256592,19.6768
EVT0008,EVT0008-FC02,12.0,2,2026-01-13T09:10:16Z,37.506758,19.672719
EVT0008,EVT0008-FC02,12.0,2,2026-01-13T09:10:16Z,37.4729,20.100713
EVT0008,EVT0008-FC02,12.0,2,2026-01-13T09:10:16Z,37.418866,19.805771
EVT0008,EVT0008-FC02,12.0,2,2026-01-13T09:10:16Z,37.147332,20.003831
EVT0008,EVT0008-FC02,12.0,2,2026-01-13T09:10:16Z,37.574641,19.737354
EVT0008,EVT0008-FC02,12.0,2,2026-01-13T09:10:16Z,37.183952,19.680046
EVT0008,EVT0008-FC02,12.0,2,2026-01-13T09:10:16Z,37.393656,20.075853
EVT0008,EVT0008-FC02,12.0,2,2026-01-13T09:10:16Z,37.574452,19.867433
EVT0008,EVT0008-FC02,12.0,2,2026-01-13T09:10:16Z,37.412224,19.462199
EVT0008,EVT0008-FC02,12.0,2,2026-01-13T09:10:16Z,37.438022,19.607694
EVT0008,EVT0008-FC02,12.0,2,2026-01-13T09:10:16Z,37.176499,19.682687
EVT0008,EVT0008-FC02,12.0,2,2026-01-13T09:10:16Z,37.159381,20.011379
EVT0008,EVT0008-FC02,12.0,2,2026-01-13T09:10:16Z,37.342553,19.62163
EVT0008,EVT0008-FC02,12.0,2,2026-01-13T09:10:16Z,37.315084,19.87667
EVT0008,EVT0008-FC02,24.0,2,2026-01-13T21:10:16Z,37.513301,20.192117
EVT0008,EVT0008-FC02,24.0,2,2026-01-13T21:10:16Z,37.664389,20.176571
EVT0008,EVT0008-FC02,24.0,2,2026-01-13T21:10:16Z,37.568597,19.901006
EVT0008,EVT0008-FC02,24.0,2,2026-01-13T21:10:16Z,37.278944,19.866921
EVT0008,EVT0008-FC02,24.0,2,2026-01-13T21:10:16Z,37.478826,19.861163
EVT0008,EVT0008-FC02,24.0,2,2026-01-13T21:10:16Z,37.569208,20.01783
EVT0008,EVT0008-FC02,24.0,2,2026-01-13T21:10:16Z,37.644099,20.191059
EVT0008,EVT0008-FC02,24.0,2,2026-01-13T21:10:16Z,37.581435,19.921709
EVT0008,EVT0008-FC02,24.0,2,2026-01-13T21:10:16Z,37.472851,19.97697
EVT0008,EVT0008-FC02,24.0,2,2026-01-13T21:10:16Z,37.195255,19.752226
EVT0008,EVT0008-FC02,24.0,2,2026-01-13T21:10:16Z,37.618581,19.580486
EVT0008,EVT0008-FC02,24.0,2,2026-01-13T21:10:16Z,37.767373,19.861169
EVT0008,EVT0008-FC02,24.0,2,2026-01-13T21:10:16Z,37.175417,19.685435
EVT0008,EVT0008-FC02,24.0,2,2026-01-13T21:10:16Z,37.251862,19.477036
EVT0008,EVT0008-FC02,24.0,2,2026-01-13T21:10:16Z,38.230064,19.552
EVT0008,EVT0008-FC02,24.0,2,2026-01-13T21:10:16Z,37.589673,20.077315
EVT0008,EVT0008-FC02,24.0,2,2026-01-13T21:10:16Z,37.499023,19.529979
EVT0008,EVT0008-FC02,24.0,2,2026-01-13T21:10:16Z,37.841393,19.836174
EVT0008,EVT0008-FC02,24.0,2,2026-01-13T21:10:16Z,37.596864,19.243809
EVT0008,EVT0008-FC02,24.0,2,2026-01-13T21:10:16Z,37.867705,19.651181
EVT0008,EVT0008-FC02,24.0,2,2026-01-13T21:10:16Z,37.221524,19.740244
EVT0008,EVT0008-FC02,24.0,2,2026-01-13T21:10:16Z,37.599245,19.804558
EVT0008,EVT0008-FC02,24.0,2,2026-01-13T21:10:16Z,37.480244,20.088368
EVT0008,EVT0008-FC02,24.0,2,2026-01-13T21:10:16Z,37.675374,19.286609
EVT0008,EVT0008-FC02,24.0,2,2026-01-13T21:10:16Z,37.549065,19.678424
EVT0008,EVT0008-FC02,24.0,2,2026-01-13T21:10:16Z,37.826589,20.483753
EVT0008,EVT0008-FC02,24.0,2,2026-01-13T21:10:16Z,37.492016,20.17043
EVT0008,EVT0008-FC02,24.0,2,2026-01-13T21:10:16Z,37.247001,19.628672
EVT0008,EVT0008-FC02,24.0,2,2026-01-13T21:10:16Z,37.378544,19.588539
EVT0008,EVT0008-FC02,24.0,2,2026-01-13T21:10:16Z,37.630623,19.989681
EVT0008,EVT0008-FC02,24.0,2,2026-01-13T21:10:16Z,36.992518,19.925257
EVT0008,EVT0008-FC02,24.0,2,2026-01-13T21:10:16Z,37.580231,19.626914
EVT0008,EVT0008-FC02,24.0,2,2026-01-13T21:10:16Z,37.595581,19.51042
EVT0008,EVT0008-FC02,24.0,2,2026-01-13T21:10:16Z,37.542137,19.832266
EVT0008,EVT0008-FC02,24.0,2,2026-01-13T21:10:16Z,37.616556,19.841605
EVT0008,EVT0008-FC02,24.0,2,2026-01-13T21:10:16Z,37.649877,20.315717
EVT0008,EVT0008-FC02,24.0,2,2026-01-13T21:10:16Z,37.654256,20.303899
EVT0008,EVT0008-FC02,24.0,2,2026-01-13T21:10:16Z,37.543394,20.334312
EVT0008,EVT0008-FC02,24.0,2,2026-01-13T21:10:16Z,37.58696,20.29525
EVT0008,EVT0008-FC02,24.0,2,2026-01-13T21:10:16Z,37.716116,19.971136
EVT0008,EVT0008-FC02,48.0,2,2026-01-14T21:10:16Z,37.951849,19.960168
EVT0008,EVT0008-FC02,48.0,2,2026-01-14T21:10:16Z,37.889,20.006154
EVT0008,EVT0008-FC02,48.0,2,2026-01-14T21:10:16Z,36.883546,19.729057
EVT0008,EVT0008-FC02,48.0,2,2026-01-14T21:10:16Z,37.269797,19.72806
EVT0008,EVT0008-FC02,48.0,2,2026-01-14T21:10:16Z,38.546474,19.993635
EVT0008,EVT0008-FC02,48.0,2,2026-01-14T21:10:16Z,37.508019,19.971731
EVT0008,EVT0008-FC02,48.0,2,2026-01-14T21:10:16Z,37.969777,18.672834
EVT0008,EVT0008-FC02,48.0,2,2026-01-14T21:10:16Z,37.968749,19.282517
EVT0008,EVT0008-FC02,48.0,2,2026-01-14T21:10:16Z,37.584352,20.116151
EVT0008,EVT0008-FC02,48.0,2,2026-01-14T21:10:16Z,37.517456,19.876792
EVT0008,EVT0008-FC02,48.0,2,2026-01-14T21:10:16Z,37.101352,19.882548
EVT0008,EVT0008-FC02,48.0,2,2026-01-14T21:10:16Z,37.802727,20.274883
EVT0008,EVT0008-FC02,48.0,2,2026-01-14T21:10:16Z,37.362025,19.47172
EVT0008,EVT0008-FC02,48.0,2,2026-01-14T21:10:16Z,38.001163,20.359586
EVT0008,EVT0008-FC02,48.0,2,2026-01-14T21:10:16Z,37.306177,20.354659
EVT0008,EVT0008-FC02,48.0,2,2026-01-14T21:10:16Z,37.882816,20.146659
EVT0008,EVT0008-FC02,48.0,2,2026-01-14T21:10:16Z,37.814379,20.37029
EVT0008,EVT0008-FC02,48.0,2,2026-01-14T21:10:16Z,37.639808,19.657194
EVT0008,EVT0008-FC02,48.0,2,2026-01-14T21:10:16Z,37.722214,20.196523
EVT0008,EVT0008-FC02,48.0,2,2026-01-14T21:10:16Z,38.153254,19.82391
EVT0008,EVT0008-FC02,48.0,2,2026-01-14T21:10:16Z,37.493896,19.618695
EVT0008,EVT0008-FC02,48.0,2,2026-01-14T21:10:16Z,38.109226,19.235405
EVT0008,EVT0008-FC02,48.0,2,2026-01-14T21:10:16Z,38.08823,20.41038
EVT0008,EVT0008-FC02,48.0,2,2026-01-14T21:10:16Z,38.180651,20.489721
EVT0008,EVT0008-FC02,48.0,2,2026-01-14T21:10:16Z,37.817069,20.214882
EVT0008,EVT0008-FC02,48.0,2,2026-01-14T21:10:16Z,37.656502,19.506591
EVT0008,EVT0008-FC02,48.0,2,2026-01-14T21:10:16Z,37.862226,20.24231
EVT0008,EVT0008-FC02,48.0,2,2026-01-14T21:10:16Z,38.076178,19.002914
EVT0008,EVT0008-FC02,48.0,2,2026-01-14T21:10:16Z,37.950436,20.640517
EVT0008,EVT0008-FC02,48.0,2,2026-01-14T21:10:16Z,37.910548,20.282642
EVT0008,EVT0008-FC02,48.0,2,2026-01-14T21:10:16Z,37.593538,19.796145
EVT0008,EVT0008-FC02,48.0,2,2026-01-14T21:10:16Z,37.810018,20.722151
EVT0008,EVT0008-FC02,48.0,2,2026-01-14T21:10:16Z,38.636285,20.654771
EVT0008,EVT0008-FC02,48.0,2,2026-01-14T21:10:16Z,37.494344,19.400099
EVT0008,EVT0008-FC02,48.0,2,2026-01-14T21:10:16Z,38.645865,20.021651
EVT0008,EVT0008-FC02,48.0,2,2026-01-14T21:10:16Z,38.080059,20.550612
EVT0008,EVT0008-FC02,48.0,2,2026-01-14T21:10:16Z,37.64077,19.430508
EVT0008,EVT0008-FC02,48.0,2,2026-01-14T21:10:16Z,37.856331,19.786511
EVT0008,EVT0008-FC02,48.0,2,2026-01-14T21:10:16Z,38.046768,20.413385
EVT0008,EVT0008-FC02,48.0,2,2026-01-14T21:10:16Z,37.534114,20.649069
EVT0008,EVT0008-FC02,72.0,2,2026-01-15T21:10:16Z,38.13078,20.492825
EVT0008,EVT0008-FC02,72.0,2,2026-01-15T21:10:16Z,38.245679,19.455041
EVT0008,EVT0008-FC02,72.0,2,2026-01-15T21:10:16Z,37.791023,19.916232
EVT0008,EVT0008-FC02,72.0,2,2026-01-15T21:10:16Z,38.093141,19.267857
EVT0008,EVT0008-FC02,72.0,2,2026-01-15T21:10:16Z,37.941014,19.968848
EVT0008,EVT0008-FC02,72.0,2,2026-01-15T21:10:16Z,38.244419,19.702135
EVT0008,EVT0008-FC02,72.0,2,2026-01-15T21:10:16Z,37.685351,20.18431
EVT0008,EVT0008-FC02,72.0,2,2026-01-15T21:10:16Z,38.451164,19.989679
EVT0008,EVT0008-FC02,72.0,2,2026-01-15T21:10:16Z,38.395149,19.701982
EVT0008,EVT0008-FC02,72.0,2,2026-01-15T21:10:16Z,38.569293,20.064748
EVT0008,EVT0008-FC02,72.0,2,2026-01-15T21:10:16Z,37.786647,20.104204
EVT0008,EVT0008-FC02,72.0,2,2026-01-15T21:10:16Z,37.835438,18.920744
EVT0008,EVT0008-FC02,72.0,2,2026-01-15T21:10:16Z,37.600978,19.901825
EVT0008,EVT0008-FC02,72.0,2,2026-01-15T21:10:16Z,38.936238,20.407663
EVT0008,EVT0008-FC02,72.0,2,2026-01-15T21:10:16Z,38.295624,20.751867
EVT0008,EVT0008-FC02,72.0,2,2026-01-15T21:10:16Z,37.826022,18.553331
EVT0008,EVT0008-FC02,72.0,2,2026-01-15T21:10:16Z,37.815927,19.238138
EVT0008,EVT0008-FC02,72.0,2,2026-01-15T21:10:16Z,38.41654,20.985367
EVT0008,EVT0008-FC02,72.0,2,2026-01-15T21:10:16Z,37.574308,19.358102
EVT0008,EVT0008-FC02,72.0,2,2026-01-15T21:10:16Z,38.133424,20.620329
EVT0008,EVT0008-FC02,72.0,2,2026-01-15T21:10:16Z,38.457451,18.942522
EVT0008,EVT0008-FC02,72.0,2,2026-01-15T21:10:16Z,37.546071,19.36446
EVT0008,EVT0008-FC02,72.0,2,2026-01-15T21:10:16Z,37.549769,18.919371
EVT0008,EVT0008-FC02,72.0,2,2026-01-15T21:10:16Z,37.758304,18.684414
EVT0008,EVT0008-FC02,72.0,2,2026-01-15T21:10:16Z,37.633681,19.787487
EVT0008,EVT0008-FC02,72.0,2,2026-01-15T21:10:16Z,37.866976,20.271378
EVT0008,EVT0008-FC02,72.0,2,2026-01-15T21:10:16Z,37.870957,20.158924
EVT0008,EVT0008-FC02,72.0,2,2026-01-15T21:10:16Z,37.391085,19.82214
EVT0008,EVT0008-FC02,72.0,2,2026-01-15T21:10:16Z,37.883355,19.810716
EVT0008,EVT0008-FC02,72.0,2,2026-01-15T21:10:16Z,38.290409,20.924806
EVT0008,EVT0008-FC02,72.0,2,2026-01-15T21:10:16Z,37.931456,18.970779
EVT0008,EVT0008-FC02,72.0,2,2026-01-15T21:10:16Z,37.989512,19.95868
EVT0008,EVT0008-FC02,72.0,2,2026-01-15T21:10:16Z,37.775525,18.978304
EVT0008,EVT0008-FC02,72.0,2,2026-01-15T21:10:16Z,38.497632,18.865383
EVT0008,EVT0008-FC02,72.0,2,2026-01-15T21:10:16Z,38.182198,20.653335
EVT0008,EVT0008-FC02,72.0,2,2026-01-15T21:10:16Z,39.33068,20.648796
EVT0008,EVT0008-FC02,72.0,2,2026-01-15T21:10:16Z,38.779978,20.353475
EVT0008,EVT0008-FC02,72.0,2,2026-01-15T21:10:16Z,38.032592,20.690939
EVT0008,EVT0008-FC02,72.0,2,2026-01-15T21:10:16Z,38.202619,20.281284
EVT0008,EVT0008-FC02,72.0,2,2026-01-15T21:10:16Z,38.325323,19.579209
EVT0008,EVT0008-FC02,12.0,3,2026-01-13T09:10:16Z,37.462003,20.069599
EVT0008,EVT0008-FC02,12.0,3,2026-01-13T09:10:16Z,37.66073,20.07479
EVT0008,EVT0008-FC02,12.0,3,2026-01-13T09:10:16Z,37.269487,19.961068
EVT0008,EVT0008-FC02,12.0,3,2026-01-13T09:10:16Z,37.158573,19.828495
EVT0008,EVT0008-FC02,12.0,3,2026-01-13T09:10:16Z,37.415304,19.861001
EVT0008,EVT0008-FC02,12.0,3,2026-01-13T09:10:16Z,37.228754,19.819886
EVT0008,EVT0008-FC02,12.0,3,2026-01-13T09:10:16Z,37.450904,19.623806
EVT0008,EVT0008-FC02,12.0,3,2026-01-13T09:10:16Z,37.482968,19.808307
EVT0008,EVT0008-FC02,12.0,3,2026-01-13T09:10:16Z,37.488754,19.347966
EVT0008,EVT0008-FC02,12.0,3,2026-01-13T09:10:16Z,37.124531,19.694999
EVT0008,EVT0008-FC02,12.0,3,2026-01-13T09:10:16Z,37.5045,19.852494
EVT0008,EVT0008-FC02,12.0,3,2026-01-13T09:10:16Z,37.563175,19.527651
EVT0008,EVT0008-FC02,12.0,3,2026-01-13T09:10:16Z,37.570102,20.224486
EVT0008,EVT0008-FC02,12.0,3,2026-01-13T09:10:16Z,37.368252,20.003753
EVT0008,EVT0008-FC02,12.0,3,2026-01-13T09:10:16Z,37.475077,19.814064
EVT0008,EVT0008-FC02,12.0,3,2026-01-13T09:10:16Z,37.531428,19.92807
EVT0008,EVT0008-FC02,12.0,3,2026-01-13T09:10:16Z,37.457254,20.141094
EVT0008,EVT0008-FC02,12.0,3,2026-01-13T09:10:16Z,37.345558,20.020963
EVT0008,EVT0008-FC02,12.0,3,2026-01-13T09:10:16Z,37.300525,19.781878
EVT0008,EVT0008-FC02,12.0,3,2026-01-13T09:10:16Z,37.643217,20.262658
EVT0008,EVT0008-FC02,12.0,3,2026-01-13T09:10:16Z,37.424821,19.757962
EVT0008,EVT0008-FC02,12.0,3,2026-01-13T09:10:16Z,37.386328,19.685583
EVT0008,EVT0008-FC02,12.0,3,2026-01-13T09:10:16Z,37.491432,19.823131
EVT0008,EVT0008-FC02,12.0,3,2026-01-13T09:10:16Z,37.43055,19.901413
EVT0008,EVT0008-FC02,12.0,3,2026-01-13T09:10:16Z,37.34335,19.715503
EVT0008,EVT0008-FC02,12.0,3,2026-01-13T09:10:16Z,37.544289,19.920707
EVT0008,EVT0008-FC02,12.0,3,2026-01-13T09:10:16Z,37.565387,19.758119
EVT0008,EVT0008-FC02,12.0,3,2026-01-13T09:10:16Z,37.293159,19.598722
EVT0008,EVT0008-FC02,12.0,3,2026-01-13T09:10:16Z,37.300531,19.988659
EVT0008,EVT0008-FC02,12.0,3,2026-01-13T09:10:16Z,37.288827,19.735033
EVT0008,EVT0008-FC02,12.0,3,2026-01-13T09:10:16Z,37.238071,19.809765
EVT0008,EVT0008-FC02,12.0,3,2026-01-13T09:10:16Z,37.465107,20.044043
EVT0008,EVT0008-FC02,12.0,3,2026-01-13T09:10:16Z,37.571168,20.16289
EVT0008,EVT0008-FC02,12.0,3,2026-01-13T09:10:16Z,37.27562,20.052836
EVT0008,EVT0008-FC02,12.0,3,2026-01-13T09:10:16Z,37.220429,20.096441
EVT0008,EVT0008-FC02,12.0,3,2026-01-13T09:10:16Z,37.274549,20.374481
EVT0008,EVT0008-FC02,12.0,3,2026-01-13T09:10:16Z,37.470749,19.94661
EVT0008,EVT0008-FC02,12.0,3,2026-01-13T09:10:16Z,37.351011,19.897144
EVT0008,EVT0008-FC02,12.0,3,2026-01-13T09:10:16Z,37.225261,19.612543
EVT0008,EVT0008-FC02,12.0,3,2026-01-13T09:10:16Z,37.294494,19.879
EVT0008,EVT0008-FC02,24.0,3,2026-01-13T21:10:16Z,37.37687,19.831088
EVT0008,EVT0008-FC02,24.0,3,2026-01-13T21:10:16Z,37.558909,20.075694
EVT0008,EVT0008-FC02,24.0,3,2026-01-13T21:10:16Z,37.760556,20.249489
EVT0008,EVT0008-FC02,24.0,3,2026-01-13T21:10:16Z,37.764148,20.162635
EVT0008,EVT0008-FC02,24.0,3,2026-01-13T21:10:16Z,38.006412,19.571628
EVT0008,EVT0008-FC02,24.0,3,2026-01-13T21:10:16Z,37.658334,20.350828
EVT0008,EVT0008-FC02,24.0,3,2026-01-13T21:10:16Z,37.71512,19.65409
EVT0008,EVT0008-FC02,24.0,3,2026-01-13T21:10:16Z,37.543051,19.626688
EVT0008,EVT0008-FC02,24.0,3,2026-01-13T21:10:16Z,37.598333,20.06035
EVT0008,EVT0008-FC02,24.0,3,2026-01-13T21:10:16Z,37.761488,20.402159
EVT0008,EVT0008-FC02,24.0,3,2026-01-13T21:10:16Z,37.39974,20.368776
EVT0008,EVT0008-FC02,24.0,3,2026-01-13T21:10:16Z,37.52107,20.215413
EVT0008,EVT0008-FC02,24.0,3,2026-01-13T21:10:16Z,37.044371,19.896742
EVT0008,EVT0008-FC02,24.0,3,2026-01-13T21:10:16Z,37.251291,19.88581
EVT0008,EVT0008-FC02,24.0,3,2026-01-13T21:10:16Z,38.136731,19.774903
EVT0008,EVT0008-FC02,24.0,3,2026-01-13T21:10:16Z,37.292398,19.915606
EVT0008,EVT0008-FC02,24.0,3,2026-01-13T21:10:16Z,37.40378,20.095704
EVT0008,EVT0008-FC02,24.0,3,2026-01-13T21:10:16Z,37.445368,19.643221
EVT0008,EVT0008-FC02,24.0,3,2026-01-13T21:10:16Z,37.391989,19.897782
EVT0008,EVT0008-FC02,24.0,3,2026-01-13T21:10:16Z,37.09388,19.813039
EVT0008,EVT0008-FC02,24.0,3,2026-01-13T21:10:16Z,37.720847,20.119899
EVT0008,EVT0008-FC02,24.0,3,2026-01-13T21:10:16Z,37.499058,20.120796
EVT0008,EVT0008-FC02,24.0,3,2026-01-13T21:10:16Z,37.444885,19.339024
EVT0008,EVT0008-FC02,24.0,3,2026-01-13T21:10:16Z,37.363036,19.84256
EVT0008,EVT0008-FC02,24.0,3,2026-01-13T21:10:16Z,37.332385,20.313218
EVT0008,EVT0008-FC02,24.0,3,2026-01-13T21:10:16Z,37.837149,19.795119
EVT0008,EVT0008-FC02,24.0,3,2026-01-13T21:10:16Z,37.115516,20.530432
EVT0008,EVT0008-FC02,24.0,3,2026-01-13T21:10:16Z,37.675273,19.914248
EVT0008,EVT0008-FC02,24.0,3,2026-01-13T21:10:16Z,37.310913,19.87339
EVT0008,EVT0008-FC02,24.0,3,2026-01-13T21:10:16Z,37.367339,20.005139
EVT0008,EVT0008-FC02,24.0,3,2026-01-13T21:10:16Z,37.728256,20.20049
EVT0008,EVT0008-FC02,24.0,3,2026-01-13T21:10:16Z,37.216455,19.95612
EVT0008,EVT0008-FC02,24.0,3,2026-01-13T21:10:16Z,37.374672,19.517113
EVT0008,EVT0008-FC02,24.0,3,2026-01-13T21:10:16Z,37.076575,19.840325
EVT0008,EVT0008-FC02,24.0,3,2026-01-13T21:10:16Z,37.696773,20.053282
EVT0008,EVT0008-FC02,24.0,3,2026-01-13T21:10:16Z,36.987576,20.282513
EVT0008,EVT0008-FC02,24.0,3,2026-01-13T21:10:16Z,37.36509,19.826016
EVT0008,EVT0008-FC02,24.0,3,2026-01-13T21:10:16Z,37.369805,19.588475
EVT0008,EVT0008-FC02,24.0,3,2026-01-13T21:10:16Z,37.725521,20.427444
EVT0008,EVT0008-FC02,24.0,3,2026-01-13T21:10:16Z,37.971618,19.573826
EVT0008,EVT0008-FC02,48.0,3,2026-01-14T21:10:16Z,37.578218,19.985413
EVT0008,EVT0008-FC02,48.0,3,2026-01-14T21:10:16Z,37.428367,19.338567
EVT0008,EVT0008-FC02,48.0,3,2026-01-14T21:10:16Z,37.850112,20.032198
EVT0008,EVT0008-FC02,48.0,3,2026-01-14T21:10:16Z,38.217289,20.159471
EVT0008,EVT0008-FC02,48.0,3,2026-01-14T21:10:16Z,37.738253,19.759286
EVT0008,EVT0008-FC02,48.0,3,2026-01-14T21:10:16Z,37.725465,20.066173
EVT0008,EVT0008-FC02,48.0,3,2026-01-14T21:10:16Z,37.328452,20.104614
EVT0008,EVT0008-FC02,48.0,3,2026-01-14T21:10:16Z,37.824116,20.036613
EVT0008,EVT0008-FC02,48.0,3,2026-01-14T21:10:16Z,38.701137,19.658297
EVT0008,EVT0008-FC02,48.0,3,2026-01-14T21:10:16Z,38.025797,20.684995
EVT0008,EVT0008-FC02,48.0,3,2026-01-14T21:10:16Z,38.171051,20.348297
EVT0008,EVT0008-FC02,48.0,3,2026-01-14T21:10:16Z,37.836542,19.966688
EVT0008,EVT0008-FC02,48.0,3,2026-01-14T21:10:16Z,37.600548,19.453543
EVT0008,EVT0008-FC02,48.0,3,2026-01-14T21:10:16Z,37.476832,19.754446
EVT0008,EVT0008-FC02,48.0,3,2026-01-14T21:10:16Z,38.069346,20.420208
EVT0008,EVT0008-FC02,48.0,3,2026-01-14T21:10:16Z,37.506267,19.645141
EVT0008,EVT0008-FC02,48.0,3,2026-01-14T21:10:16Z,38.22838,20.298541
EVT0008,EVT0008-FC02,48.0,3,2026-01-14T21:10:16Z,37.73304,20.23613
EVT0008,EVT0008-FC02,48.0,3,2026-01-14T21:10:16Z,38.25204,19.768315
EVT0008,EVT0008-FC02,48.0,3,2026-01-14T21:10:16Z,38.168278,19.68526
EVT0008,EVT0008-FC02,48.0,3,2026-01-14T21:10:16Z,37.87319,19.932446
EVT0008,EVT0008-FC02,48.0,3,2026-01-14T21:10:16Z,37.899313,20.247604
EVT0008,EVT0008-FC02,48.0,3,2026-01-14T21:10:16Z,38.204476,20.791464
EVT0008,EVT0008-FC02,48.0,3,2026-01-14T21:10:16Z,38.256702,20.419521
EVT0008,EVT0008-FC02,48.0,3,2026-01-14T21:10:16Z,37.539179,19.328204
EVT0008,EVT0008-FC02,48.0,3,2026-01-14T21:10:16Z,37.437388,19.446832
EVT0008,EVT0008-FC02,48.0,3,2026-01-14T21:10:16Z,37.789867,20.038399
EVT0008,EVT0008-FC02,48.0,3,2026-01-14T21:10:16Z,38.235236,20.154748
EVT0008,EVT0008-FC02,48.0,3,2026-01-14T21:10:16Z,37.923668,20.499103
EVT0008,EVT0008-FC02,48.0,3,2026-01-14T21:10:16Z,37.526608,19.635136
EVT0008,EVT0008-FC02,48.0,3,2026-01-14T21:10:16Z,37.562129,20.08749
EVT0008,EVT0008-FC02,48.0,3,2026-01-14T21:10:16Z,38.345534,20.037403
EVT0008,EVT0008-FC02,48.0,3,2026-01-14T21:10:16Z,38.16108,19.369572
EVT0008,EVT0008-FC02,48.0,3,2026-01-14T21:10:16Z,37.026535,19.404843
EVT0008,EVT0008-FC02,48.0,3,2026-01-14T21:10:16Z,37.768479,19.112265
EVT0008,EVT0008-FC02,48.0,3,2026-01-14T21:10:16Z,37.553781,19.349593
EVT0008,EVT0008-FC02,48.0,3,2026-01-14T21:10:16Z,37.682909,20.165232
EVT0008,EVT0008-FC02,48.0,3,2026-01-14T21:10:16Z,37.632345,19.686524
EVT0008,EVT0008-FC02,48.0,3,2026-01-14T21:10:16Z,37.93191,20.299056
EVT0008,EVT0008-FC02,48.0,3,2026-01-14T21:10:16Z,37.661535,19.714619
EVT0008,EVT0008-FC02,72.0,3,2026-01-15T21:10:16Z,37.900776,18.250029
EVT0008,EVT0008-FC02,72.0,3,2026-01-15T21:10:16Z,38.576659,19.98679
EVT0008,EVT0008-FC02,72.0,3,2026-01-15T21:10:16Z,38.929137,19.416764
EVT0008,EVT0008-FC02,72.0,3,2026-01-15T21:10:16Z,38.640545,20.01854
EVT0008,EVT0008-FC02,72.0,3,2026-01-15T21:10:16Z,38.365159,21.289669
EVT0008,EVT0008-FC02,72.0,3,2026-01-15T21:10:16Z,38.279471,19.209325
EVT0008,EVT0008-FC02,72.0,3,2026-01-15T21:10:16Z,37.879622,20.332127
EVT0008,EVT0008-FC02,72.0,3,2026-01-15T21:10:16Z,38.094521,18.909851
EVT0008,EVT0008-FC02,72.0,3,2026-01-15T21:10:16Z,38.238066,20.562845
EVT0008,EVT0008-FC02,72.0,3,2026-01-15T21:10:16Z,39.122697,20.10922
EVT0008,EVT0008-FC02,72.0,3,2026-01-15T21:10:16Z,37.59479,19.223893
EVT0008,EVT0008-FC02,72.0,3,2026-01-15T21:10:16Z,37.263003,19.882928
EVT0008,EVT0008-FC02,72.0,3,2026-01-15T21:10:16Z,38.063791,20.375673
EVT0008,EVT0008-FC02,72.0,3,2026-01-15T21:10:16Z,37.98854,19.918432
EVT0008,EVT0008-FC02,72.0,3,2026-01-15T21:10:16Z,37.529202,19.523319
EVT0008,EVT0008-FC02,72.0,3,2026-01-15T21:10:16Z,38.313422,21.123378
EVT0008,EVT0008-FC02,72.0,3,2026-01-15T21:10:16Z,38.779012,20.154558
EVT0008,EVT0008-FC02,72.0,3,2026-01-15T21:10:16Z,38.0395,19.257528
EVT0008,EVT0008-FC02,72.0,3,2026-01-15T21:10:16Z,37.865239,20.143998
EVT0008,EVT0008-FC02,72.0,3,2026-01-15T21:10:16Z,38.253101,19.30698
EVT0008,EVT0008-FC02,72.0,3,2026-01-15T21:10:16Z,37.813963,20.223502
EVT0008,EVT0008-FC02,72.0,3,2026-01-15T21:10:16Z,38.281168,19.81646
EVT0008,EVT0008-FC02,72.0,3,2026-01-15T21:10:16Z,38.017194,20.282209
EVT0008,EVT0008-FC02,72.0,3,2026-01-15T21:10:16Z,38.218045,20.842828
EVT0008,EVT0008-FC02,72.0,3,2026-01-15T21:10:16Z,38.167417,19.098209
EVT0008,EVT0008-FC02,72.0,3,2026-01-15T21:10:16Z,37.716175,19.641716
EVT0008,EVT0008-FC02,72.0,3,2026-01-15T21:10:16Z,37.122966,19.690733
EVT0008,EVT0008-FC02,72.0,3,2026-01-15T21:10:16Z,37.830505,20.216069
EVT0008,EVT0008-FC02,72.0,3,2026-01-15T21:10:16Z,37.92937,18.968711
EVT0008,EVT0008-FC02,72.0,3,2026-01-15T21:10:16Z,38.526641,20.036963
EVT0008,EVT0008-FC02,72.0,3,2026-01-15T21:10:16Z,38.305776,19.254231
EVT0008,EVT0008-FC02,72.0,3,2026-01-15T21:10:16Z,38.130027,20.218537
EVT0008,EVT0008-FC02,72.0,3,2026-01-15T21:10:16Z,38.004752,20.446851
EVT0008,EVT0008-FC02,72.0,3,2026-01-15T21:10:16Z,37.989024,19.693205
EVT0008,EVT0008-FC02,72.0,3,2026-01-15T21:10:16Z,38.684136,19.785972
EVT0008,EVT0008-FC02,72.0,3,2026-01-15T21:10:16Z,37.842184,20.127694
EVT0008,EVT0008-FC02,72.0,3,2026-01-15T21:10:16Z,38.118181,19.658541
EVT0008,EVT0008-FC02,72.0,3,2026-01-15T21:10:16Z,37.762854,19.985817
EVT0008,EVT0008-FC02,72.0,3,2026-01-15T21:10:16Z,37.558972,19.495943
EVT0008,EVT0008-FC02,72.0,3,2026-01-15T21:10:16Z,38.585274,19.911654
EVT0008,EVT0008-FC02,12.0,4,2026-01-13T09:10:16Z,37.408972,20.189056
EVT0008,EVT0008-FC02,12.0,4,2026-01-13T09:10:16Z,37.253585,19.692551
EVT0008,EVT0008-FC02,12.0,4,2026-01-13T09:10:16Z,37.364367,19.685712
EVT0008,EVT0008-FC02,12.0,4,2026-01-13T09:10:16Z,37.236917,19.885161
EVT0008,EVT0008-FC02,12.0,4,2026-01-13T09:10:16Z,37.608474,19.894647
EVT0008,EVT0008-FC02,12.0,4,2026-01-13T09:10:16Z,37.448146,19.781559
EVT0008,EVT0008-FC02,12.0,4,2026-01-13T09:10:16Z,37.438816,19.955899
EVT0008,EVT0008-FC02,12.0,4,2026-01-13T09:10:16Z,37.249138,19.925944
EVT0008,EVT0008-FC02,12.0,4,2026-01-13T09:10:16Z,37.3049,19.978569
EVT0008,EVT0008-FC02,12.0,4,2026-01-13T09:10:16Z,37.427591,20.152302
EVT0008,EVT0008-FC02,12.0,4,2026-01-13T09:10:16Z,37.266148,19.642717
EVT0008,EVT0008-FC02,12.0,4,2026-01-13T09:10:16Z,37.34967,19.990942
EVT0008,EVT0008-FC02,12.0,4,2026-01-13T09:10:16Z,37.587468,19.874566
EVT0008,EVT0008-FC02,12.0,4,2026-01-13T09:10:16Z,37.513959,19.948854
EVT0008,EVT0008-FC02,12.0,4,2026-01-13T09:10:16Z,37.161691,20.04436
EVT0008,EVT0008-FC02,12.0,4,2026-01-13T09:10:16Z,37.412616,20.1659
EVT0008,EVT0008-FC02,12.0,4,2026-01-13T09:10:16Z,37.279132,19.746779
EVT0008,EVT0008-FC02,12.0,4,2026-01-13T09:10:16Z,37.245745,19.710294
EVT0008,EVT0008-FC02,12.0,4,2026-01-13T09:10:16Z,37.440663,19.676857
EVT0008,EVT0008-FC02,12.0,4,2026-01-13T09:10:16Z,37.408048,19.95149
EVT0008,EVT0008-FC02,12.0,4,2026-01-13T09:10:16Z,37.465852,20.166042
EVT0008,EVT0008-FC02,12.0,4,2026-01-13T09:10:16Z,37.244155,20.447953
EVT0008,EVT0008-FC02,12.0,4,2026-01-13T09:10:16Z,37.399913,19.842969
EVT0008,EVT0008-FC02,12.0,4,2026-01-13T09:10:16Z,37.764475,19.752431
EVT0008,EVT0008-FC02,12.0,4,2026-01-13T09:10:16Z,37.405522,20.16125
EVT0008,EVT0008-FC02,12.0,4,2026-01-13T09:10:16Z,37.278736,20.042538
EVT0008,EVT0008-FC02,12.0,4,2026-01-13T09:10:16Z,37.323518,19.629426
EVT0008,EVT0008-FC02,12.0,4,2026-01-13T09:10:16Z,37.54674,20.179239
EVT0008,EVT0008-FC02,12.0,4,2026-01-13T09:10:16Z,37.350418,19.874705
EVT0008,EVT0008-FC02,12.0,4,2026-01-13T09:10:16Z,37.129911,19.938632
EVT0008,EVT0008-FC02,12.0,4,2026-01-13T09:10:16Z,37.453959,20.080316
EVT0008,EVT0008-FC02,12.0,4,2026-01-13T09:10:16Z,37.234548,19.599331
EVT0008,EVT0008-FC02,12.0,4,2026-01-13T09:10:16Z,37.653102,20.008547
EVT0008,EVT0008-FC02,12.0,4,2026-01-13T09:10:16Z,37.212768,19.71661
EVT0008,EVT0008-FC02,12.0,4,2026-01-13T09:10:16Z,37.509582,20.430706
EVT0008,EVT0008-FC02,12.0,4,2026-01-13T09:10:16Z,37.512333,20.043626
EVT0008,EVT0008-FC02,12.0,4,2026-01-13T09:10:16Z,37.256076,19.932075
EVT0008,EVT0008-FC02,12.0,4,2026-01-13T09:10:16Z,37.251133,19.929601
EVT0008,EVT0008-FC02,12.0,4,2026-01-13T09:10:16Z,37.296611,20.039362
EVT0008,EVT0008-FC02,12.0,4,2026-01-13T09:10:16Z,37.409952,20.057796
EVT0008,EVT0008-FC02,24.0,4,2026-01-13T21:10:16Z,37.138735,20.239453
EVT0008,EVT0008-FC02,24.0,4,2026-01-13T21:10:16Z,37.176712,19.926651
EVT0008,EVT0008-FC02,24.0,4,2026-01-13T21:10:16Z,37.410868,20.177587
EVT0008,EVT0008-FC02,24.0,4,2026-01-13T21:10:16Z,37.057243,20.061243
EVT0008,EVT0008-FC02,24.0,4,2026-01-13T21:10:16Z,37.207475,19.832144
EVT0008,EVT0008-FC02,24.0,4,2026-01-13T21:10:16Z,37.408291,20.206866
EVT0008,EVT0008-FC02,24.0,4,2026-01-13T21:10:16Z,37.469864,20.281428
EVT0008,EVT0008-FC02,24.0,4,2026-01-13T21:10:16Z,37.507028,20.282862
EVT0008,EVT0008-FC02,24.0,4,2026-01-13T21:10:16Z,36.90352,20.069447
EVT0008,EVT0008-FC02,24.0,4,2026-01-13T21:10:16Z,37.360123,19.834653
EVT0008,EVT0008-FC02,24.0,4,2026-01-13T21:10:16Z,37.631545,20.175497
EVT0008,EVT0008-FC02,24.0,4,2026-01-13T21:10:16Z,37.307039,19.974655
EVT0008,EVT0008-FC02,24.0,4,2026-01-13T21:10:16Z,37.535582,20.089999
EVT0008,EVT0008-FC02,24.0,4,2026-01-13T21:10:16Z,37.629189,20.379717
EVT0008,EVT0008-FC02,24.0,4,2026-01-13T21:10:16Z,37.416703,19.616504
EVT0008,EVT0008-FC02,24.0,4,2026-01-13T21:10:16Z,37.495734,19.650924
EVT0008,EVT0008-FC02,24.0,4,2026-01-13T21:10:16Z,37.21077,19.785628
EVT0008,EVT0008-FC02,24.0,4,2026-01-13T21:10:16Z,37.161689,19.539006
EVT0008,EVT0008-FC02,24.0,4,2026-01-13T21:10:16Z,37.529041,19.551449
EVT0008,EVT0008-FC02,24.0,4,2026-01-13T21:10:16Z,37.474545,20.310152
EVT0008,EVT0008-FC02,24.0,4,2026-01-13T21:10:16Z,37.706926,20.270356
EVT0008,EVT0008-FC02,24.0,4,2026-01-13T21:10:16Z,37.451217,19.989187
EVT0008,EVT0008-FC02,24.0,4,2026-01-13T21:10:16Z,37.652236,20.205123
EVT0008,EVT0008-FC02,24.0,4,2026-01-13T21:10:16Z,37.842762,19.983607
EVT0008,EVT0008-FC02,24.0,4,2026-01-13T21:10:16Z,37.41036,19.545222
EVT0008,EVT0008-FC02,24.0,4,2026-01-13T21:10:16Z,37.547875,19.785665
EVT0008,EVT0008-FC02,24.0,4,2026-01-13T21:10:16Z,37.149524,19.866031
EVT0008,EVT0008-FC02,24.0,4,2026-01-13T21:10:16Z,37.949617,19.915017
EVT0008,EVT0008-FC02,24.0,4,2026-01-13T21:10:16Z,37.429009,19.830755
EVT0008,EVT0008-FC02,24.0,4,2026-01-13T21:10:16Z,37.86548,20.241721
EVT0008,EVT0008-FC02,24.0,4,2026-01-13T21:10:16Z,37.175063,19.923807
EVT0008,EVT0008-FC02,24.0,4,2026-01-13T21:10:16Z,37.690614,20.401263
EVT0008,EVT0008-FC02,24.0,4,2026-01-13T21:10:16Z,37.421733,20.006044
EVT0008,EVT0008-FC02,24.0,4,2026-01-13T21:10:16Z,37.445809,19.720473
EVT0008,EVT0008-FC02,24.0,4,2026-01-13T21:10:16Z,37.692122,20.16977
EVT0008,EVT0008-FC02,24.0,4,2026-01-13T21:10:16Z,37.605199,20.08694
EVT0008,EVT0008-FC02,24.0,4,2026-01-13T21:10:16Z,37.675256,20.385651
EVT0008,EVT0008-FC02,24.0,4,2026-01-13T21:10:16Z,37.899559,20.111738
EVT0008,EVT0008-FC02,24.0,4,2026-01-13T21:10:16Z,37.497602,20.035371
EVT0008,EVT0008-FC02,24.0,4,2026-01-13T21:10:16Z,37.398294,19.990811
EVT0008,EVT0008-FC02,48.0,4,2026-01-14T21:10:16Z,37.97165,19.7575
EVT0008,EVT0008-FC02,48.0,4,2026-01-14T21:10:16Z,38.20635,19.941287
EVT0008,EVT0008-FC02,48.0,4,2026-01-14T21:10:16Z,37.894123,20.564455
EVT0008,EVT0008-FC02,48.0,4,2026-01-14T21:10:16Z,37.599027,19.546449
EVT0008,EVT0008-FC02,48.0,4,2026-01-14T21:10:16Z,38.049169,20.283792
EVT0008,EVT0008-FC02,48.0,4,2026-01-14T21:10:16Z,37.719385,19.912281
EVT0008,EVT0008-FC02,48.0,4,2026-01-14T21:10:16Z,37.997777,20.317381
EVT0008,EVT0008-FC02,48.0,4,2026-01-14T21:10:16Z,37.626123,19.608979
EVT0008,EVT0008-FC02,48.0,4,2026-01-14T21:10:16Z,38.04047,20.581984
EVT0008,EVT0008-FC02,48.0,4,2026-01-14T21:10:16Z,37.916876,20.451934
EVT0008,EVT0008-FC02,48.0,4,2026-01-14T21:10:16Z,37.535481,19.551267
EVT0008,EVT0008-FC02,48.0,4,2026-01-14T21:10:16Z,37.574634,20.74231
EVT0008,EVT0008-FC02,48.0,4,2026-01-14T21:10:16Z,38.306095,18.717793
EVT0008,EVT0008-FC02,48.0,4,2026-01-14T21:10:16Z,37.480915,20.315262
EVT0008,EVT0008-FC02,48.0,4,2026-01-14T21:10:16Z,37.997303,20.632909
EVT0008,EVT0008-FC02,48.0,4,2026-01-14T21:10:16Z,37.610469,20.225808
EVT0008,EVT0008-FC02,48.0,4,2026-01-14T21:10:16Z,38.347566,21.160244
EVT0008,EVT0008-FC02,48.0,4,2026-01-14T21:10:16Z,38.232187,20.54075
EVT0008,EVT0008-FC02,48.0,4,2026-01-14T21:10:16Z,37.913176,20.367503
EVT0008,EVT0008-FC02,48.0,4,2026-01-14T21:10:16Z,37.862006,19.892683
EVT0008,EVT0008-FC02,48.0,4,2026-01-14T21:10:16Z,37.472176,19.9601
EVT0008,EVT0008-FC02,48.0,4,2026-01-14T21:10:16Z,37.904885,20.818468
EVT0008,EVT0008-FC02,48.0,4,2026-01-14T21:10:16Z,37.421589,20.479853
EVT0008,EVT0008-FC02,48.0,4,2026-01-14T21:10:16Z,37.676301,19.424766
EVT0008,EVT0008-FC02,48.0,4,2026-01-14T21:10:16Z,38.277151,19.680197
EVT0008,EVT0008-FC02,48.0,4,2026-01-14T21:10:16Z,37.267462,19.788726
EVT0008,EVT0008-FC02,48.0,4,2026-01-14T21:10:16Z,37.586871,18.637528
EVT0008,EVT0008-FC02,48.0,4,2026-01-14T21:10:16Z,37.75176,19.914286
EVT0008,EVT0008-FC02,48.0,4,2026-01-14T21:10:16Z,37.866289,21.27624
EVT0008,EVT0008-FC02,48.0,4,2026-01-14T21:10:16Z,37.700281,19.912311
EVT0008,EVT0008-FC02,48.0,4,2026-01-14T21:10:16Z,37.594961,21.038174
EVT0008,EVT0008-FC02,48.0,4,2026-01-14T21:10:16Z,37.993921,20.381839
EVT0008,EVT0008-FC02,48.0,4,2026-01-14T21:10:16Z,37.514948,19.309223
EVT0008,EVT0008-FC02,48.0,4,2026-01-14T21:10:16Z,37.743281,19.942698
EVT0008,EVT0008-FC02,48.0,4,2026-01-14T21:10:16Z,37.555242,19.718513
EVT0008,EVT0008-FC02,48.0,4,2026-01-14T21:10:16Z,36.946374,20.064584
EVT0008,EVT0008-FC02,48.0,4,2026-01-14T21:10:16Z,37.631414,20.346462
EVT0008,EVT0008-FC02,48.0,4,2026-01-14T21:10:16Z,37.996376,20.285747
EVT0008,EVT0008-FC02,48.0,4,2026-01-14T21:10:16Z,37.31623,19.189165
EVT0008,EVT0008-FC02,48.0,4,2026-01-14T21:10:16Z,38.157247,20.740541
EVT0008,EVT0008-FC02,72.0,4,2026-01-15T21:10:16Z,37.310922,20.462636
EVT0008,EVT0008-FC02,72.0,4,2026-01-15T21:10:16Z,38.093259,20.358283
EVT0008,EVT0008-FC02,72.0,4,2026-01-15T21:10:16Z,38.266974,19.283509
EVT0008,EVT0008-FC02,72.0,4,2026-01-15T21:10:16Z,38.142419,20.001042
EVT0008,EVT0008-FC02,72.0,4,2026-01-15T21:10:16Z,37.490522,20.755395
EVT0008,EVT0008-FC02,72.0,4,2026-01-15T21:10:16Z,38.332467,19.871053
EVT0008,EVT0008-FC02,72.0,4,2026-01-15T21:10:16Z,38.498336,20.9205
EVT0008,EVT0008-FC02,72.0,4,2026-01-15T21:10:16Z,38.733172,18.964832
EVT0008,EVT0008-FC02,72.0,4,2026-01-15T21:10:16Z,38.060883,20.341716
EVT0008,EVT0008-FC02,72.0,4,2026-01-15T21:10:16Z,38.10599,20.319618
EVT0008,EVT0008-FC02,72.0,4,2026-01-15T21:10:16Z,38.08507,20.290108
EVT0008,EVT0008-FC02,72.0,4,2026-01-15T21:10:16Z,37.34278,19.311417
EVT0008,EVT0008-FC02,72.0,4,2026-01-15T21:10:16Z,38.148156,19.77529
EVT0008,EVT0008-FC02,72.0,4,2026-01-15T21:10:16Z,38.295635,19.438231
EVT0008,EVT0008-FC02,72.0,4,2026-01-15T21:10:16Z,37.287613,20.214562
EVT0008,EVT0008-FC02,72.0,4,2026-01-15T21:10:16Z,38.669715,19.759673
EVT0008,EVT0008-FC02,72.0,4,2026-01-15T21:10:16Z,38.264453,19.245413
EVT0008,EVT0008-FC02,72.0,4,2026-01-15T21:10:16Z,37.886438,19.452722
EVT0008,EVT0008-FC02,72.0,4,2026-01-15T21:10:16Z,38.055754,21.550231
EVT0008,EVT0008-FC02,72.0,4,2026-01-15T21:10:16Z,37.923822,18.786624
EVT0008,EVT0008-FC02,72.0,4,2026-01-15T21:10:16Z,37.949377,20.344036
EVT0008,EVT0008-FC02,72.0,4,2026-01-15T21:10:16Z,38.023773,19.626883
EVT0008,EVT0008-FC02,72.0,4,2026-01-15T21:10:16Z,37.89105,19.167658
EVT0008,EVT0008-FC02,72.0,4,2026-01-15T21:10:16Z,37.677481,21.029878
EVT0008,EVT0008-FC02,72.0,4,2026-01-15T21:10:16Z,38.009244,20.715118
EVT0008,EVT0008-FC02,72.0,4,2026-01-15T21:10:16Z,38.579393,19.96659
EVT0008,EVT0008-FC02,72.0,4,2026-01-15T21:10:16Z,38.1455,19.066042
EVT0008,EVT0008-FC02,72.0,4,2026-01-15T21:10:16Z,38.804652,19.194245
EVT0008,EVT0008-FC02,72.0,4,2026-01-15T21:10:16Z,36.982609,19.811258
EVT0008,EVT0008-FC02,72.0,4,2026-01-15T21:10:16Z,38.337771,20.785017
EVT0008,EVT0008-FC02,72.0,4,2026-01-15T21:10:16Z,38.129943,19.247289
EVT0008,EVT0008-FC02,72.0,4,2026-01-15T21:10:16Z,37.554096,19.333723
EVT0008,EVT0008-FC02,72.0,4,2026-01-15T21:10:16Z,38.079661,20.299832
EVT0008,EVT0008-FC02,72.0,4,2026-01-15T21:10:16Z,37.952804,18.965381
EVT0008,EVT0008-FC02,72.0,4,2026-01-15T21:10:16Z,38.103067,20.57251
EVT0008,EVT0008-FC02,72.0,4,2026-01-15T21:10:16Z,37.839049,19.811026
EVT0008,EVT0008-FC02,72.0,4,2026-01-15T21:10:16Z,38.098466,20.661787
EVT0008,EVT0008-FC02,72.0,4,2026-01-15T21:10:16Z,38.336904,19.643269
EVT0008,EVT0008-FC02,72.0,4,2026-01-15T21:10:16Z,38.631224,19.978615
EVT0008,EVT0008-FC02,72.0,4,2026-01-15T21:10:16Z,38.05877,20.483231
EVT0008,EVT0008-FC02,12.0,5,2026-01-13T09:10:16Z,37.40529,20.118209
EVT0008,EVT0008-FC02,12.0,5,2026-01-13T09:10:16Z,37.392844,20.069744
EVT0008,EVT0008-FC02,12.0,5,2026-01-13T09:10:16Z,37.352626,19.674693
EVT0008,EVT0008-FC02,12.0,5,2026-01-13T09:10:16Z,37.24089,19.799071
EVT0008,EVT0008-FC02,12.0,5,2026-01-13T09:10:16Z,37.302477,19.841913
EVT0008,EVT0008-FC02,12.0,5,2026-01-13T09:10:16Z,37.679165,19.992447
EVT0008,EVT0008-FC02,12.0,5,2026-01-13T09:10:16Z,37.06451,19.822368
EVT0008,EVT0008-FC02,12.0,5,2026-01-13T09:10:16Z,37.328599,19.643056
EVT0008,EVT0008-FC02,12.0,5,2026-01-13T09:10:16Z,37.630286,20.082639
EVT0008,EVT0008-FC02,12.0,5,2026-01-13T09:10:16Z,37.378459,20.04544
EVT0008,EVT0008-FC02,12.0,5,2026-01-13T09:10:16Z,37.13475,19.83078
EVT0008,EVT0008-FC02,12.0,5,2026-01-13T09:10:16Z,37.219505,19.781602
EVT0008,EVT0008-FC02,12.0,5,2026-01-13T09:10:16Z,37.377453,19.659752
EVT0008,EVT0008-FC02,12.0,5,2026-01-13T09:10:16Z,37.409493,19.98551
EVT0008,EVT0008-FC02,12.0,5,2026-01-13T09:10:16Z,37.670936,19.94077
EVT0008,EVT0008-FC02,12.0,5,2026-01-13T09:10:16Z,37.720765,20.128844
EVT0008,EVT0008-FC02,12.0,5,2026-01-13T09:10:16Z,37.875519,20.010469
EVT0008,EVT0008-FC02,12.0,5,2026-01-13T09:10:16Z,37.377422,19.493597
EVT0008,EVT0008-FC02,12.0,5,2026-01-13T09:10:16Z,37.038846,19.685612
EVT0008,EVT0008-FC02,12.0,5,2026-01-13T09:10:16Z,37.320557,19.709494
EVT0008,EVT0008-FC02,12.0,5,2026-01-13T09:10:16Z,37.555249,20.093769
EVT0008,EVT0008-FC02,12.0,5,2026-01-13T09:10:16Z,37.591654,19.912733
EVT0008,EVT0008-FC02,12.0,5,2026-01-13T09:10:16Z,37.031259,20.154632
EVT0008,EVT0008-FC02,12.0,5,2026-01-13T09:10:16Z,36.934889,20.031284
EVT0008,EVT0008-FC02,12.0,5,2026-01-13T09:10:16Z,37.093222,19.737193
EVT0008,EVT0008-FC02,12.0,5,2026-01-13T09:10:16Z,37.211575,20.263558
EVT0008,EVT0008-FC02,12.0,5,2026-01-13T09:10:16Z,37.066341,20.365114
EVT0008,EVT0008-FC02,12.0,5,2026-01-13T09:10:16Z,37.379774,19.901074
EVT0008,EVT0008-FC02,12.0,5,2026-01-13T09:10:16Z,37.221785,19.78684
EVT0008,EVT0008-FC02,12.0,5,2026-01-13T09:10:16Z,37.132894,19.913183
EVT0008,EVT0008-FC02,12.0,5,2026-01-13T09:10:16Z,37.529854,19.47394
EVT0008,EVT0008-FC02,12.0,5,2026-01-13T09:10:16Z,37.25709,19.868053
EVT0008,EVT0008-FC02,12.0,5,2026-01-13T09:10:16Z,37.575116,19.831071
EVT0008,EVT0008-FC02,12.0,5,2026-01-13T09:10:16Z,37.627877,20.291923
EVT0008,EVT0008-FC02,12.0,5,2026-01-13T09:10:16Z,37.261748,19.615048
EVT0008,EVT0008-FC02,12.0,5,2026-01-13T09:10:16Z,37.460808,19.427915
EVT0008,EVT0008-FC02,12.0,5,2026-01-13T09:10:16Z,37.577232,20.134196
EVT0008,EVT0008-FC02,12.0,5,2026-01-13T09:10:16Z,37.214103,19.600837
EVT0008,EVT0008-FC02,12.0,5,2026-01-13T09:10:16Z,37.463063,20.004064
EVT0008,EVT0008-FC02,12.0,5,2026-01-13T09:10:16Z,37.415977,20.361379
EVT0008,EVT0008-FC02,24.0,5,2026-01-13T21:10:16Z,37.689628,19.29387
EVT0008,EVT0008-FC02,24.0,5,2026-01-13T21:10:16Z,37.573265,20.118783
EVT0008,EVT0008-FC02,24.0,5,2026-01-13T21:10:16Z,37.897707,19.911889
EVT0008,EVT0008-FC02,24.0,5,2026-01-13T21:10:16Z,36.716515,20.207968
EVT0008,EVT0008-FC02,24.0,5,2026-01-13T21:10:16Z,37.460086,19.924331
EVT0008,EVT0008-FC02,24.0,5,2026-01-13T21:10:16Z,37.496004,19.943747
EVT0008,EVT0008-FC02,24.0,5,2026-01-13T21:10:16Z,37.359508,19.730274
EVT0008,EVT0008-FC02,24.0,5,2026-01-13T21:10:16Z,37.657981,20.123859
EVT0008,EVT0008-FC02,24.0,5,2026-01-13T21:10:16Z,37.414606,19.478956
EVT0008,EVT0008-FC02,24.0,5,2026-01-13T21:10:16Z,37.231533,20.414697
EVT0008,EVT0008-FC02,24.0,5,2026-01-13T21:10:16Z,37.416953,19.711468
EVT0008,EVT0008-FC02,24.0,5,2026-01-13T21:10:16Z,36.999774,20.516843
EVT0008,EVT0008-FC02,24.0,5,2026-01-13T21:10:16Z,37.878933,20.216963
EVT0008,EVT0008-FC02,24.0,5,2026-01-13T21:10:16Z,37.714454,20.093232
EVT0008,EVT0008-FC02,24.0,5,2026-01-13T21:10:16Z,37.527135,20.15088
EVT0008,EVT0008-FC02,24.0,5,2026-01-13T21:10:16Z,37.624902,19.57199
EVT0008,EVT0008-FC02,24.0,5,2026-01-13T21:10:16Z,37.677299,20.318481
EVT0008,EVT0008-FC02,24.0,5,2026-01-13T21:10:16Z,37.090712,20.077406
EVT0008,EVT0008-FC02,24.0,5,2026-01-13T21:10:16Z,37.454208,19.584186
EVT0008,EVT0008-FC02,24.0,5,2026-01-13T21:10:16Z,37.438492,19.92904
EVT0008,EVT0008-FC02,24.0,5,2026-01-13T21:10:16Z,37.551823,20.165055
EVT0008,EVT0008-FC02,24.0,5,2026-01-13T21:10:16Z,37.278582,19.859912
EVT0008,EVT0008-FC02,24.0,5,2026-01-13T21:10:16Z,37.333923,19.723623
EVT0008,EVT0008-FC02,24.0,5,2026-01-13T21:10:16Z,37.581479,20.206955
EVT0008,EVT0008-FC02,24.0,5,2026-01-13T21:10:16Z,37.279834,19.873897
EVT0008,EVT0008-FC02,24.0,5,2026-01-13T21:10:16Z,37.557331,19.935963
EVT0008,EVT0008-FC02,24.0,5,2026-01-13T21:10:16Z,37.30909,19.621819
EVT0008,EVT0008-FC02,24.0,5,2026-01-13T21:10:16Z,37.384729,19.449074
EVT0008,EVT0008-FC02,24.0,5,2026-01-13T21:10:16Z,37.008164,20.334802
EVT0008,EVT0008-FC02,24.0,5,2026-01-13T21:10:16Z,37.016745,20.612936
EVT0008,EVT0008-FC02,24.0,5,2026-01-13T21:10:16Z,37.478975,19.459756
EVT0008,EVT0008-FC02,24.0,5,2026-01-13T21:10:16Z,37.496743,20.023273
EVT0008,EVT0008-FC02,24.0,5,2026-01-13T21:10:16Z,37.316742,19.791812
EVT0008,EVT0008-FC02,24.0,5,2026-01-13T21:10:16Z,37.455066,19.699367
EVT0008,EVT0008-FC02,24.0,5,2026-01-13T21:10:16Z,37.526241,19.979867
EVT0008,EVT0008-FC02,24.0,5,2026-01-13T21:10:16Z,36.963338,19.662879
EVT0008,EVT0008-FC02,24.0,5,2026-01-13T21:10:16Z,37.570736,20.255835
EVT0008,EVT0008-FC02,24.0,5,2026-01-13T21:10:16Z,37.861268,20.353008
EVT0008,EVT0008-FC02,24.0,5,2026-01-13T21:10:16Z,37.742384,19.761789
EVT0008,EVT0008-FC02,24.0,5,2026-01-13T21:10:16Z,37.255297,20.27998
EVT0008,EVT0008-FC02,48.0,5,2026-01-14T21:10:16Z,37.701942,19.982496
EVT0008,EVT0008-FC02,48.0,5,2026-01-14T21:10:16Z,37.845057,20.992984
EVT0008,EVT0008-FC02,48.0,5,2026-01-14T21:10:16Z,37.962785,20.915102
EVT0008,EVT0008-FC02,48.0,5,2026-01-14T21:10:16Z,37.227169,20.439704
EVT0008,EVT0008-FC02,48.0,5,2026-01-14T21:10:16Z,37.865541,20.370094
EVT0008,EVT0008-FC02,48.0,5,2026-01-14T21:10:16Z,38.283846,20.357525
EVT0008,EVT0008-FC02,48.0,5,2026-01-14T21:10:16Z,37.401921,19.618168
EVT0008,EVT0008-FC02,48.0,5,2026-01-14T21:10:16Z,37.780529,19.041837
EVT0008,EVT0008-FC02,48.0,5,2026-01-14T21:10:16Z,37.614966,19.265004
EVT0008,EVT0008-FC02,48.0,5,2026-01-14T21:10:16Z,38.163526,20.334691
EVT0008,EVT0008-FC02,48.0,5,2026-01-14T21:10:16Z,38.011601,20.374523
EVT0008,EVT0008-FC02,48.0,5,2026-01-14T21:10:16Z,38.001008,19.402347
EVT0008,EVT0008-FC02,48.0,5,2026-01-14T21:10:16Z,37.294564,20.821449
EVT0008,EVT0008-FC02,48.0,5,2026-01-14T21:10:16Z,37.604369,19.51213
EVT0008,EVT0008-FC02,48.0,5,2026-01-14T21:10:16Z,37.813855,20.251475
EVT0008,EVT0008-FC02,48.0,5,2026-01-14T21:10:16Z,37.228933,21.268379
EVT0008,EVT0008-FC02,48.0,5,2026-01-14T21:10:16Z,37.371402,19.324822
EVT0008,EVT0008-FC02,48.0,5,2026-01-14T21:10:16Z,37.18285,20.399263
EVT0008,EVT0008-FC02,48.0,5,2026-01-14T21:10:16Z,37.556185,20.082393
EVT0008,EVT0008-FC02,48.0,5,2026-01-14T21:10:16Z,37.356611,19.696085
EVT0008,EVT0008-FC02,48.0,5,2026-01-14T21:10:16Z,37.52925,19.503207
EVT0008,EVT0008-FC02,48.0,5,2026-01-14T21:10:16Z,38.389941,18.776854
EVT0008,EVT0008-FC02,48.0,5,2026-01-14T21:10:16Z,37.76971,20.309286
EVT0008,EVT0008-FC02,48.0,5,2026-01-14T21:10:16Z,37.659354,19.832735
EVT0008,EVT0008-FC02,48.0,5,2026-01-14T21:10:16Z,37.331629,19.39685
EVT0008,EVT0008-FC02,48.0,5,2026-01-14T21:10:16Z,38.075666,19.986093
EVT0008,EVT0008-FC02,48.0,5,2026-01-14T21:10:16Z,38.218317,20.04019
EVT0008,EVT0008-FC02,48.0,5,2026-01-14T21:10:16Z,37.964934,19.864724
EVT0008,EVT0008-FC02,48.0,5,2026-01-14T21:10:16Z,37.922603,20.595651
EVT0008,EVT0008-FC02,48.0,5,2026-01-14T21:10:16Z,37.50823,19.626683
EVT0008,EVT0008-FC02,48.0,5,2026-01-14T21:10:16Z,37.742002,19.526605
EVT0008,EVT0008-FC02,48.0,5,2026-01-14T21:10:16Z,37.836909,20.012968
EVT0008,EVT0008-FC02,48.0,5,2026-01-14T21:10:16Z,37.591745,19.603774
EVT0008,EVT0008-FC02,48.0,5,2026-01-14T21:10:16Z,37.154299,19.908578
EVT0008,EVT0008-FC02,48.0,5,2026-01-14T21:10:16Z,37.707938,19.899231
EVT0008,EVT0008-FC02,48.0,5,2026-01-14T21:10:16Z,37.327055,19.372716
EVT0008,EVT0008-FC02,48.0,5,2026-01-14T21:10:16Z,37.709923,19.921187
EVT0008,EVT0008-FC02,48.0,5,2026-01-14T21:10:16Z,37.317043,20.504107
EVT0008,EVT0008-FC02,48.0,5,2026-01-14T21:10:16Z,38.234912,19.510641
EVT0008,EVT0008-FC02,48.0,5,2026-01-14T21:10:16Z,38.311817,20.006929
EVT0008,EVT0008-FC02,72.0,5,2026-01-15T21:10:16Z,38.533496,19.96095
EVT0008,EVT0008-FC02,72.0,5,2026-01-15T21:10:16Z,38.358348,19.248015
EVT0008,EVT0008-FC02,72.0,5,2026-01-15T21:10:16Z,37.662582,19.811291
EVT0008,EVT0008-FC02,72.0,5,2026-01-15T21:10:16Z,37.339146,21.182641
EVT0008,EVT0008-FC02,72.0,5,2026-01-15T21:10:16Z,38.001563,20.211441
EVT0008,EVT0008-FC02,72.0,5,2026-01-15T21:10:16Z,38.655348,19.722496
EVT0008,EVT0008-FC02,72.0,5,2026-01-15T21:10:16Z,38.112371,18.726881
EVT0008,EVT0008-FC02,72.0,5,2026-01-15T21:10:16Z,37.592572,19.528289
EVT0008,EVT0008-FC02,72.0,5,2026-01-15T21:10:16Z,38.237407,19.243358
EVT0008,EVT0008-FC02,72.0,5,2026-01-15T21:10:16Z,38.093482,20.735643
EVT0008,EVT0008-FC02,72.0,5,2026-01-15T21:10:16Z,37.564818,20.997212
EVT0008,EVT0008-FC02,72.0,5,2026-01-15T21:10:16Z,37.468781,19.456488
EVT0008,EVT0008-FC02,72.0,5,2026-01-15T21:10:16Z,38.037545,18.790371
EVT0008,EVT0008-FC02,72.0,5,2026-01-15T21:10:16Z,37.377023,20.832709
EVT0008,EVT0008-FC02,72.0,5,2026-01-15T21:10:16Z,37.93945,18.889937
EVT0008,EVT0008-FC02,72.0,5,2026-01-15T21:10:16Z,37.998238,20.63414
EVT0008,EVT0008-FC02,72.0,5,2026-01-15T21:10:16Z,37.82327,19.888498
EVT0008,EVT0008-FC02,72.0,5,2026-01-15T21:10:16Z,38.673246,19.879032
EVT0008,EVT0008-FC02,72.0,5,2026-01-15T21:10:16Z,37.599886,20.826132
EVT0008,EVT0008-FC02,72.0,5,2026-01-15T21:10:16Z,38.007012,19.001197
EVT0008,EVT0008-FC02,72.0,5,2026-01-15T21:10:16Z,37.859389,20.01386
EVT0008,EVT0008-FC02,72.0,5,2026-01-15T21:10:16Z,37.42994,20.249961
EVT0008,EVT0008-FC02,72.0,5,2026-01-15T21:10:16Z,38.057129,20.258079
EVT0008,EVT0008-FC02,72.0,5,2026-01-15T21:10:16Z,38.200721,19.063317
EVT0008,EVT0008-FC02,72.0,5,2026-01-15T21:10:16Z,37.921696,19.877085
EVT0008,EVT0008-FC02,72.0,5,2026-01-15T21:10:16Z,37.740283,19.997984
EVT0008,EVT0008-FC02,72.0,5,2026-01-15T21:10:16Z,37.564282,18.419979
EVT0008,EVT0008-FC02,72.0,5,2026-01-15T21:10:16Z,37.765179,20.194429
EVT0008,EVT0008-FC02,72.0,5,2026-01-15T21:10:16Z,38.165959,20.71268
EVT0008,EVT0008-FC02,72.0,5,2026-01-15T21:10:16Z,37.483425,21.171746
EVT0008,EVT0008-FC02,72.0,5,2026-01-15T21:10:16Z,37.811178,19.137639
EVT0008,EVT0008-FC02,72.0,5,2026-01-15T21:10:16Z,37.737192,19.903199
EVT0008,EVT0008-FC02,72.0,5,2026-01-15T21:10:16Z,37.821143,20.280757
EVT0008,EVT0008-FC02,72.0,5,2026-01-15T21:10:16Z,37.876578,19.985216
EVT0008,EVT0008-FC02,72.0,5,2026-01-15T21:10:16Z,37.893616,18.647647
EVT0008,EVT0008-FC02,72.0,5,2026-01-15T21:10:16Z,37.673907,19.388037
EVT0008,EVT0008-FC02,72.0,5,2026-01-15T21:10:16Z,38.284862,20.720234
EVT0008,EVT0008-FC02,72.0,5,2026-01-15T21:10:16Z,38.210146,19.272106
EVT0008,EVT0008-FC02,72.0,5,2026-01-15T21:10:16Z,38.320256,19.268364
EVT0008,EVT0008-FC02,72.0,5,2026-01-15T21:10:16Z,38.303784,20.831052
EVT0008,EVT0008-FC02,12.0,6,2026-01-13T09:10:16Z,37.497684,19.740079
EVT0008,EVT0008-FC02,12.0,6,2026-01-13T09:10:16Z,37.535902,19.94776
EVT0008,EVT0008-FC02,12.0,6,2026-01-13T09:10:16Z,37.49429,19.645765
EVT0008,EVT0008-FC02,12.0,6,2026-01-13T09:10:16Z,37.389599,20.133484
EVT0008,EVT0008-FC02,12.0,6,2026-01-13T09:10:16Z,37.346205,19.678517
EVT0008,EVT0008-FC02,12.0,6,2026-01-13T09:10:16Z,37.235591,19.921577
EVT0008,EVT0008-FC02,12.0,6,2026-01-13T09:10:16Z,37.380422,19.857658
EVT0008,EVT0008-FC02,12.0,6,2026-01-13T09:10:16Z,37.355639,19.912216
EVT0008,EVT0008-FC02,12.0,6,2026-01-13T09:10:16Z,37.292854,19.824564
EVT0008,EVT0008-FC02,12.0,6,2026-01-13T09:10:16Z,37.3626,20.067298
EVT0008,EVT0008-FC02,12.0,6,2026-01-13T09:10:16Z,37.151135,20.147208
EVT0008,EVT0008-FC02,12.0,6,2026-01-13T09:10:16Z,37.443929,19.729499
EVT0008,EVT0008-FC02,12.0,6,2026-01-13T09:10:16Z,36.963893,19.867424
EVT0008,EVT0008-FC02,12.0,6,2026-01-13T09:10:16Z,37.542228,20.113787
EVT0008,EVT0008-FC02,12.0,6,2026-01-13T09:10:16Z,37.096263,19.848686
EVT0008,EVT0008-FC02,12.0,6,2026-01-13T09:10:16Z,37.377721,20.289693
EVT0008,EVT0008-FC02,12.0,6,2026-01-13T09:10:16Z,37.389782,19.726887
EVT0008,EVT0008-FC02,12.0,6,2026-01-13T09:10:16Z,37.534509,20.024882
EVT0008,EVT0008-FC02,12.0,6,2026-01-13T09:10:16Z,37.461824,20.126095
EVT0008,EVT0008-FC02,12.0,6,2026-01-13T09:10:16Z,37.650833,20.141222
EVT0008,EVT0008-FC02,12.0,6,2026-01-13T09:10:16Z,37.565508,20.392369
EVT0008,EVT0008-FC02,12.0,6,2026-01-13T09:10:16Z,37.174754,19.800615
EVT0008,EVT0008-FC02,12.0,6,2026-01-13T09:10:16Z,37.634712,20.203943
EVT0008,EVT0008-FC02,12.0,6,2026-01-13T09:10:16Z,37.29109,20.09877
EVT0008,EVT0008-FC02,12.0,6,2026-01-13T09:10:16Z,37.314834,19.483683
EVT0008,EVT0008-FC02,12.0,6,2026-01-13T09:10:16Z,37.48314,19.860051
EVT0008,EVT0008-FC02,12.0,6,2026-01-13T09:10:16Z,37.3313,20.187437
EVT0008,EVT0008-FC02,12.0,6,2026-01-13T09:10:16Z,37.412847,19.632371
EVT0008,EVT0008-FC02,12.0,6,2026-01-13T09:10:16Z,37.472243,19.613479
EVT0008,EVT0008-FC02,12.0,6,2026-01-13T09:10:16Z,37.303532,20.06351
EVT0008,EVT0008-FC02,12.0,6,2026-01-13T09:10:16Z,37.474913,19.819428
EVT0008,EVT0008-FC02,12.0,6,2026-01-13T09:10:16Z,37.217353,19.693248
EVT0008,EVT0008-FC02,12.0,6,2026-01-13T09:10:16Z,37.35173,19.912771
EVT0008,EVT0008-FC02,12.0,6,2026-01-13T09:10:16Z,37.598697,19.741056
EVT0008,EVT0008-FC02,12.0,6,2026-01-13T09:10:16Z,37.548964,20.076891
EVT0008,EVT0008-FC02,12.0,6,2026-01-13T09:10:16Z,37.241947,19.817875
EVT0008,EVT0008-FC02,12.0,6,2026-01-13T09:10:16Z,37.397133,20.125615
EVT0008,EVT0008-FC02,12.0,6,2026-01-13T09:10:16Z,37.177627,19.941995
EVT0008,EVT0008-FC02,12.0,6,2026-01-13T09:10:16Z,37.412333,19.846237
EVT0008,EVT0008-FC02,12.0,6,2026-01-13T09:10:16Z,37.367695,19.948939
EVT0008,EVT0008-FC02,24.0,6,2026-01-13T21:10:16Z,37.796983,19.330192
EVT0008,EVT0008-FC02,24.0,6,2026-01-13T21:10:16Z,37.64528,20.20373
EVT0008,EVT0008-FC02,24.0,6,2026-01-13T21:10:16Z,37.745908,19.933842
EVT0008,EVT0008-FC02,24.0,6,2026-01-13T21:10:16Z,37.760344,20.138994
EVT0008,EVT0008-FC02,24.0,6,2026-01-13T21:10:16Z,37.36027,19.862935
EVT0008,EVT0008-FC02,24.0,6,2026-01-13T21:10:16Z,37.214414,20.254639
EVT0008,EVT0008-FC02,24.0,6,2026-01-13T21:10:16Z,37.458272,19.767732
EVT0008,EVT0008-FC02,24.0,6,2026-01-13T21:10:16Z,37.629632,20.158981
EVT0008,EVT0008-FC02,24.0,6,2026-01-13T21:10:16Z,37.628583,20.291557
EVT0008,EVT0008-FC02,24.0,6,2026-01-13T21:10:16Z,37.45834,19.254732
EVT0008,EVT0008-FC02,24.0,6,2026-01-13T21:10:16Z,37.645315,19.767929
EVT0008,EVT0008-FC02,24.0,6,2026-01-13T21:10:16Z,37.711122,19.803514
EVT0008,EVT0008-FC02,24.0,6,2026-01-13T21:10:16Z,36.809015,20.584648
EVT0008,EVT0008-FC02,24.0,6,2026-01-13T21:10:16Z,37.520598,20.191754
EVT0008,EVT0008-FC02,24.0,6,2026-01-13T21:10:16Z,37.430807,19.928193
EVT0008,EVT0008-FC02,24.0,6,2026-01-13T21:10:16Z,37.4721,19.606071
EVT0008,EVT0008-FC02,24.0,6,2026-01-13T21:10:16Z,37.581064,19.67645
EVT0008,EVT0008-FC02,24.0,6,2026-01-13T21:10:16Z,38.220063,19.621542
EVT0008,EVT0008-FC02,24.0,6,2026-01-13T21:10:16Z,37.55744,19.455683
EVT0008,EVT0008-FC02,24.0,6,2026-01-13T21:10:16Z,37.893842,20.080284
EVT0008,EVT0008-FC02,24.0,6,2026-01-13T21:10:16Z,37.423013,19.790755
EVT0008,EVT0008-FC02,24.0,6,2026-01-13T21:10:16Z,37.504511,19.589268
EVT0008,EVT0008-FC02,24.0,6,2026-01-13T21:10:16Z,37.467602,19.898775
EVT0008,EVT0008-FC02,24.0,6,2026-01-13T21:10:16Z,37.211002,19.392087
EVT0008,EVT0008-FC02,24.0,6,2026-01-13T21:10:16Z,37.110091,19.948973
EVT0008,EVT0008-FC02,24.0,6,2026-01-13T21:10:16Z,37.783478,19.366331
EVT0008,EVT0008-FC02,24.0,6,2026-01-13T21:10:16Z,37.821413,19.398482
EVT0008,EVT0008-FC02,24.0,6,2026-01-13T21:10:16Z,37.716766,19.863877
EVT0008,EVT0008-FC02,24.0,6,2026-01-13T21:10:16Z,38.111111,20.002134
EVT0008,EVT0008-FC02,24.0,6,2026-01-13T21:10:16Z,37.575018,19.627468
EVT0008,EVT0008-FC02,24.0,6,2026-01-13T21:10:16Z,37.473466,20.151857
EVT0008,EVT0008-FC02,24.0,6,2026-01-13T21:10:16Z,37.427176,19.5709
EVT0008,EVT0008-FC02,24.0,6,2026-01-13T21:10:16Z,37.861998,20.019988
EVT0008,EVT0008-FC02,24.0,6,2026-01-13T21:10:16Z,37.624154,20.196133
EVT0008,EVT0008-FC02,24.0,6,2026-01-13T21:10:16Z,37.047669,20.048805
EVT0008,EVT0008-FC02,24.0,6,2026-01-13T21:10:16Z,37.579961,20.234212
EVT0008,EVT0008-FC02,24.0,6,2026-01-13T21:10:16Z,37.407178,19.885293
EVT0008,EVT0008-FC02,24.0,6,2026-01-13T21:10:16Z,37.823839,19.852733
EVT0008,EVT0008-FC02,24.0,6,2026-01-13T21:10:16Z,37.560651,20.21427
EVT0008,EVT0008-FC02,24.0,6,2026-01-13T21:10:16Z,37.186426,20.473158
EVT0008,EVT0008-FC02,48.0,6,2026-01-14T21:10:16Z,37.487273,19.754427
EVT0008,EVT0008-FC02,48.0,6,2026-01-14T21:10:16Z,37.730235,20.009887
EVT0008,EVT0008-FC02,48.0,6,2026-01-14T21:10:16Z,38.240457,19.659691
EVT0008,EVT0008-FC02,48.0,6,2026-01-14T21:10:16Z,37.971321,20.528342
EVT0008,EVT0008-FC02,48.0,6,2026-01-14T21:10:16Z,37.94601,20.25848
EVT0008,EVT0008-FC02,48.0,6,2026-01-14T21:10:16Z,38.022035,20.116489
EVT0008,EVT0008-FC02,48.0,6,2026-01-14T21:10:16Z,37.670944,19.949499
EVT0008,EVT0008-FC02,48.0,6,2026-01-14T21:10:16Z,38.135169,19.251805
EVT0008,EVT0008-FC02,48.0,6,2026-01-14T21:10:16Z,38.107923,20.024684
EVT0008,EVT0008-FC02,48.0,6,2026-01-14T21:10:16Z,38.226813,19.238545
EVT0008,EVT0008-FC02,48.0,6,2026-01-14T21:10:16Z,37.482602,19.84763
EVT0008,EVT0008-FC02,48.0,6,2026-01-14T21:10:16Z,37.993457,19.223987
EVT0008,EVT0008-FC02,48.0,6,2026-01-14T21:10:16Z,37.982059,19.209668
EVT0008,EVT0008-FC02,48.0,6,2026-01-14T21:10:16Z,38.149993,20.496964
EVT0008,EVT0008-FC02,48.0,6,2026-01-14T21:10:16Z,37.595974,20.227532
EVT0008,EVT0008-FC02,48.0,6,2026-01-14T21:10:16Z,37.147538,20.207742
EVT0008,EVT0008-FC02,48.0,6,2026-01-14T21:10:16Z,37.735756,20.030665
EVT0008,EVT0008-FC02,48.0,6,2026-01-14T21:10:16Z,37.617351,19.871807
EVT0008,EVT0008-FC02,48.0,6,2026-01-14T21:10:16Z,37.798581,20.393632
EVT0008,EVT0008-FC02,48.0,6,2026-01-14T21:10:16Z,37.699363,20.091633
EVT0008,EVT0008-FC02,48.0,6,2026-01-14T21:10:16Z,37.985135,20.318653
EVT0008,EVT0008-FC02,48.0,6,2026-01-14T21:10:16Z,37.680026,20.04397
EVT0008,EVT0008-FC02,48.0,6,2026-01-14T21:10:16Z,37.946864,20.699591
EVT0008,EVT0008-FC02,48.0,6,2026-01-14T21:10:16Z,36.890016,19.900139
EVT0008,EVT0008-FC02,48.0,6,2026-01-14T21:10:16Z,37.660037,19.322836
EVT0008,EVT0008-FC02,48.0,6,2026-01-14T21:10:16Z,37.781036,20.120783
EVT0008,EVT0008-FC02,48.0,6,2026-01-14T21:10:16Z,37.755036,19.824325
EVT0008,EVT0008-FC02,48.0,6,2026-01-14T21:10:16Z,37.510396,20.223045
EVT0008,EVT0008-FC02,48.0,6,2026-01-14T21:10:16Z,37.913889,19.987509
EVT0008,EVT0008-FC02,48.0,6,2026-01-14T21:10:16Z,37.926854,20.229874
EVT0008,EVT0008-FC02,48.0,6,2026-01-14T21:10:16Z,38.05726,19.223459
EVT0008,EVT0008-FC02,48.0,6,2026-01-14T21:10:16Z,37.842738,20.257319
EVT0008,EVT0008-FC02,48.0,6,2026-01-14T21:10:16Z,37.725587,19.308838
EVT0008,EVT0008-FC02,48.0,6,2026-01-14T21:10:16Z,37.435643,19.809767
EVT0008,EVT0008-FC02,48.0,6,2026-01-14T21:10:16Z,38.274737,19.492294
EVT0008,EVT0008-FC02,48.0,6,2026-01-14T21:10:16Z,38.158208,20.382305
EVT0008,EVT0008-FC02,48.0,6,2026-01-14T21:10:16Z,37.597267,19.699071
EVT0008,EVT0008-FC02,48.0,6,2026-01-14T21:10:16Z,38.210253,20.181734
EVT0008,EVT0008-FC02,48.0,6,2026-01-14T21:10:16Z,37.737634,19.922663
EVT0008,EVT0008-FC02,48.0,6,2026-01-14T21:10:16Z,37.915534,18.997193
EVT0008,EVT0008-FC02,72.0,6,2026-01-15T21:10:16Z,37.456174,19.114083
EVT0008,EVT0008-FC02,72.0,6,2026-01-15T21:10:16Z,37.897334,18.862442
EVT0008,EVT0008-FC02,72.0,6,2026-01-15T21:10:16Z,37.885412,18.887112
EVT0008,EVT0008-FC02,72.0,6,2026-01-15T21:10:16Z,37.761256,19.632751
EVT0008,EVT0008-FC02,72.0,6,2026-01-15T21:10:16Z,37.87897,19.734164
EVT0008,EVT0008-FC02,72.0,6,2026-01-15T21:10:16Z,37.699671,19.239072
EVT0008,EVT0008-FC02,72.0,6,2026-01-15T21:10:16Z,39.006877,20.193133
EVT0008,EVT0008-FC02,72.0,6,2026-01-15T21:10:16Z,37.904681,19.911111
EVT0008,EVT0008-FC02,72.0,6,2026-01-15T21:10:16Z,38.642522,20.139663
EVT0008,EVT0008-FC02,72.0,6,2026-01-15T21:10:16Z,38.325149,19.100674
EVT0008,EVT0008-FC02,72.0,6,2026-01-15T21:10:16Z,38.059832,20.378701
EVT0008,EVT0008-FC02,72.0,6,2026-01-15T21:10:16Z,38.138226,20.803353
EVT0008,EVT0008-FC02,72.0,6,2026-01-15T21:10:16Z,38.368049,21.09577
EVT0008,EVT0008-FC02,72.0,6,2026-01-15T21:10:16Z,38.079515,19.121986
EVT0008,EVT0008-FC02,72.0,6,2026-01-15T21:10:16Z,37.716299,20.033205
EVT0008,EVT0008-FC02,72.0,6,2026-01-15T21:10:16Z,38.239697,20.256803
EVT0008,EVT0008-FC02,72.0,6,2026-01-15T21:10:16Z,37.6205,19.303884
EVT0008,EVT0008-FC02,72.0,6,2026-01-15T21:10:16Z,37.659424,19.229405
EVT0008,EVT0008-FC02,72.0,6,2026-01-15T21:10:16Z,39.051749,20.419193
EVT0008,EVT0008-FC02,72.0,6,2026-01-15T21:10:16Z,38.162351,20.534879
EVT0008,EVT0008-FC02,72.0,6,2026-01-15T21:10:16Z,37.664599,19.766629
EVT0008,EVT0008-FC02,72.0,6,2026-01-15T21:10:16Z,37.736583,19.879957
EVT0008,EVT0008-FC02,72.0,6,2026-01-15T21:10:16Z,37.573005,19.482797
EVT0008,EVT0008-FC02,72.0,6,2026-01-15T21:10:16Z,38.160547,18.878457
EVT0008,EVT0008-FC02,72.0,6,2026-01-15T21:10:16Z,38.323271,20.212006
EVT0008,EVT0008-FC02,72.0,6,2026-01-15T21:10:16Z,38.19595,20.474692
EVT0008,EVT0008-FC02,72.0,6,2026-01-15T21:10:16Z,37.454737,19.340525
EVT0008,EVT0008-FC02,72.0,6,2026-01-15T21:10:16Z,37.913385,20.322302
EVT0008,EVT0008-FC02,72.0,6,2026-01-15T21:10:16Z,37.888734,19.725463
EVT0008,EVT0008-FC02,72.0,6,2026-01-15T21:10:16Z,38.26906,19.37046
EVT0008,EVT0008-FC02,72.0,6,2026-01-15T21:10:16Z,38.517736,20.110331
EVT0008,EVT0008-FC02,72.0,6,2026-01-15T21:10:16Z,37.42697,20.026579
EVT0008,EVT0008-FC02,72.0,6,2026-01-15T21:10:16Z,38.342092,20.46607
EVT0008,EVT0008-FC02,72.0,6,2026-01-15T21:10:16Z,38.499751,19.812322
EVT0008,EVT0008-FC02,72.0,6,2026-01-15T21:10:16Z,38.137896,20.373672
EVT0008,EVT0008-FC02,72.0,6,2026-01-15T21:10:16Z,38.431839,19.561452
EVT0008,EVT0008-FC02,72.0,6,2026-01-15T21:10:16Z,37.641533,20.746868
EVT0008,EVT0008-FC02,72.0,6,2026-01-15T21:10:16Z,37.865915,20.052586
EVT0008,EVT0008-FC02,72.0,6,2026-01-15T21:10:16Z,38.627831,18.51335
EVT0008,EVT0008-FC02,72.0,6,2026-01-15T21:10:16Z,37.703519,19.86753
EVT0008,EVT0008-FC02,12.0,7,2026-01-13T09:10:16Z,37.495305,20.159217
EVT0008,EVT0008-FC02,12.0,7,2026-01-13T09:10:16Z,37.356137,19.97232
EVT0008,EVT0008-FC02,12.0,7,2026-01-13T09:10:16Z,37.252671,19.840501
EVT0008,EVT0008-FC02,12.0,7,2026-01-13T09:10:16Z,37.323322,19.747925
EVT0008,EVT0008-FC02,12.0,7,2026-01-13T09:10:16Z,37.376865,19.696602
EVT0008,EVT0008-FC02,12.0,7,2026-01-13T09:10:16Z,37.237531,19.504469
EVT0008,EVT0008-FC02,12.0,7,2026-01-13T09:10:16Z,37.51272,19.730721
EVT0008,EVT0008-FC02,12.0,7,2026-01-13T09:10:16Z,37.399266,19.683904
EVT0008,EVT0008-FC02,12.0,7,2026-01-13T09:10:16Z,37.342724,19.725251
EVT0008,EVT0008-FC02,12.0,7,2026-01-13T09:10:16Z,37.206178,19.746764
EVT0008,EVT0008-FC02,12.0,7,2026-01-13T09:10:16Z,37.307061,19.815877
EVT0008,EVT0008-FC02,12.0,7,2026-01-13T09:10:16Z,37.248215,19.653195
EVT0008,EVT0008-FC02,12.0,7,2026-01-13T09:10:16Z,37.427277,19.918454
EVT0008,EVT0008-FC02,12.0,7,2026-01-13T09:10:16Z,37.72808,20.126952
EVT0008,EVT0008-FC02,12.0,7,2026-01-13T09:10:16Z,37.492571,19.779104
EVT0008,EVT0008-FC02,12.0,7,2026-01-13T09:10:16Z,37.47418,20.192405
EVT0008,EVT0008-FC02,12.0,7,2026-01-13T09:10:16Z,37.529329,20.442016
EVT0008,EVT0008-FC02,12.0,7,2026-01-13T09:10:16Z,37.376043,20.061459
EVT0008,EVT0008-FC02,12.0,7,2026-01-13T09:10:16Z,37.420337,19.812063
EVT0008,EVT0008-FC02,12.0,7,2026-01-13T09:10:16Z,37.593682,20.162337
EVT0008,EVT0008-FC02,12.0,7,2026-01-13T09:10:16Z,37.26844,19.700287
EVT0008,EVT0008-FC02,12.0,7,2026-01-13T09:10:16Z,37.311867,19.999659
EVT0008,EVT0008-FC02,12.0,7,2026-01-13T09:10:16Z,37.576817,19.634273
EVT0008,EVT0008-FC02,12.0,7,2026-01-13T09:10:16Z,37.318561,19.814402
EVT0008,EVT0008-FC02,12.0,7,2026-01-13T09:10:16Z,37.534098,20.083552
EVT0008,EVT0008-FC02,12.0,7,2026-01-13T09:10:16Z,37.427517,19.809604
EVT0008,EVT0008-FC02,12.0,7,2026-01-13T09:10:16Z,37.202492,19.566744
EVT0008,EVT0008-FC02,12.0,7,2026-01-13T09:10:16Z,37.461147,20.114906
EVT0008,EVT0008-FC02,12.0,7,2026-01-13T09:10:16Z,37.386725,19.545745
EVT0008,EVT0008-FC02,12.0,7,2026-01-13T09:10:16Z,37.6033,20.037799
EVT0008,EVT0008-FC02,12.0,7,2026-01-13T09:10:16Z,37.688461,20.118541
EVT0008,EVT0008-FC02,12.0,7,2026-01-13T09:10:16Z,37.170495,19.89819
EVT0008,EVT0008-FC02,12.0,7,2026-01-13T09:10:16Z,37.475864,20.036018
EVT0008,EVT0008-FC02,12.0,7,2026-01-13T09:10:16Z,37.39769,19.859405
EVT0008,EVT0008-FC02,12.0,7,2026-01-13T09:10:16Z,37.389597,19.481286
EVT0008,EVT0008-FC02,12.0,7,2026-01-13T09:10:16Z,37.29685,19.929812
EVT0008,EVT0008-FC02,12.0,7,2026-01-13T09:10:16Z,37.532133,20.1095
EVT0008,EVT0008-FC02,12.0,7,2026-01-13T09:10:16Z,37.499629,20.159594
EVT0008,EVT0008-FC02,12.0,7,2026-01-13T09:10:16Z,37.721524,20.133231
EVT0008,EVT0008-FC02,12.0,7,2026-01-13T09:10:16Z,37.660499,20.004234
EVT0008,EVT0008-FC02,24.0,7,2026-01-13T21:10:16Z,37.808785,19.976761
EVT0008,EVT0008-FC02,24.0,7,2026-01-13T21:10:16Z,37.583729,20.273694
EVT0008,EVT0008-FC02,24.0,7,2026-01-13T21:10:16Z,37.396366,19.600505
EVT0008,EVT0008-FC02,24.0,7,2026-01-13T21:10:16Z,37.93856,19.942944
EVT0008,EVT0008-FC02,24.0,7,2026-01-13T21:10:16Z,37.499342,19.474645
EVT0008,EVT0008-FC02,24.0,7,2026-01-13T21:10:16Z,37.357933,19.609829
EVT0008,EVT0008-FC02,24.0,7,2026-01-13T21:10:16Z,37.315938,20.014708
EVT0008,EVT0008-FC02,24.0,7,2026-01-13T21:10:16Z,37.196951,20.395576
EVT0008,EVT0008-FC02,24.0,7,2026-01-13T21:10:16Z,37.492737,19.534486
EVT0008,EVT0008-FC02,24.0,7,2026-01-13T21:10:16Z,37.626504,20.368314
EVT0008,EVT0008-FC02,24.0,7,2026-01-13T21:10:16Z,37.689086,20.02697
EVT0008,EVT0008-FC02,24.0,7,2026-01-13T21:10:16Z,37.582808,20.170195
EVT0008,EVT0008-FC02,24.0,7,2026-01-13T21:10:16Z,37.680393,20.614585
EVT0008,EVT0008-FC02,24.0,7,2026-01-13T21:10:16Z,37.631002,20.104938
EVT0008,EVT0008-FC02,24.0,7,2026-01-13T21:10:16Z,37.333739,19.833905
EVT0008,EVT0008-FC02,24.0,7,2026-01-13T21:10:16Z,37.921932,19.617322
EVT0008,EVT0008-FC02,24.0,7,2026-01-13T21:10:16Z,37.375418,19.947909
EVT0008,EVT0008-FC02,24.0,7,2026-01-13T21:10:16Z,37.320126,20.026303
EVT0008,EVT0008-FC02,24.0,7,2026-01-13T21:10:16Z,38.002823,20.313016
EVT0008,EVT0008-FC02,24.0,7,2026-01-13T21:10:16Z,37.473577,19.806889
EVT0008,EVT0008-FC02,24.0,7,2026-01-13T21:10:16Z,37.389197,19.792059
EVT0008,EVT0008-FC02,24.0,7,2026-01-13T21:10:16Z,37.457868,19.945909
EVT0008,EVT0008-FC02,24.0,7,2026-01-13T21:10:16Z,37.494316,20.272805
EVT0008,EVT0008-FC02,24.0,7,2026-01-13T21:10:16Z,37.413105,19.311221
EVT0008,EVT0008-FC02,24.0,7,2026-01-13T21:10:16Z,37.643338,20.018592
EVT0008,EVT0008-FC02,24.0,7,2026-01-13T21:10:16Z,37.8176,19.572557
EVT0008,EVT0008-FC02,24.0,7,2026-01-13T21:10:16Z,37.561798,20.167917
EVT0008,EVT0008-FC02,24.0,7,2026-01-13T21:10:16Z,37.434789,19.432026
EVT0008,EVT0008-FC02,24.0,7,2026-01-13T21:10:16Z,37.412589,19.750837
EVT0008,EVT0008-FC02,24.0,7,2026-01-13T21:10:16Z,37.544551,19.545901
EVT0008,EVT0008-FC02,24.0,7,2026-01-13T21:10:16Z,37.45373,19.807361
EVT0008,EVT0008-FC02,24.0,7,2026-01-13T21:10:16Z,37.818203,20.347555
EVT0008,EVT0008-FC02,24.0,7,2026-01-13T21:10:16Z,37.699247,20.13496
EVT0008,EVT0008-FC02,24.0,7,2026-01-13T21:10:16Z,37.803026,19.887525
EVT0008,EVT0008-FC02,24.0,7,2026-01-13T21:10:16Z,37.499435,19.728813
EVT0008,EVT0008-FC02,24.0,7,2026-01-13T21:10:16Z,37.675926,19.414831
EVT0008,EVT0008-FC02,24.0,7,2026-01-13T21:10:16Z,37.312442,19.942862
EVT0008,EVT0008-FC02,24.0,7,2026-01-13T21:10:16Z,37.158485,20.588487
EVT0008,EVT0008-FC02,24.0,7,2026-01-13T21:10:16Z,37.669552,20.13279
EVT0008,EVT0008-FC02,24.0,7,2026-01-13T21:10:16Z,37.547989,20.502359
EVT0008,EVT0008-FC02,48.0,7,2026-01-14T21:10:16Z,37.440708,19.276755
EVT0008,EVT0008-FC02,48.0,7,2026-01-14T21:10:16Z,37.637527,19.87265
EVT0008,EVT0008-FC02,48.0,7,2026-01-14T21:10:16Z,37.627987,20.079537
EVT0008,EVT0008-FC02,48.0,7,2026-01-14T21:10:16Z,38.240727,20.630318
EVT0008,EVT0008-FC02,48.0,7,2026-01-14T21:10:16Z,38.473199,20.117913
EVT0008,EVT0008-FC02,48.0,7,2026-01-14T21:10:16Z,37.753644,19.995293
EVT0008,EVT0008-FC02,48.0,7,2026-01-14T21:10:16Z,37.940898,19.24742
EVT0008,EVT0008-FC02,48.0,7,2026-01-14T21:10:16Z,38.02807,20.588294
EVT0008,EVT0008-FC02,48.0,7,2026-01-14T21:10:16Z,36.891953,20.332795
EVT0008,EVT0008-FC02,48.0,7,2026-01-14T21:10:16Z,38.104673,19.025451
EVT0008,EVT0008-FC02,48.0,7,2026-01-14T21:10:16Z,37.07843,20.278677
EVT0008,EVT0008-FC02,48.0,7,2026-01-14T21:10:16Z,38.218248,19.244908
EVT0008,EVT0008-FC02,48.0,7,2026-01-14T21:10:16Z,37.643372,19.321053
EVT0008,EVT0008-FC02,48.0,7,2026-01-14T21:10:16Z,38.337853,20.823327
EVT0008,EVT0008-FC02,48.0,7,2026-01-14T21:10:16Z,37.972868,20.40352
EVT0008,EVT0008-FC02,48.0,7,2026-01-14T21:10:16Z,37.776055,19.854756
EVT0008,EVT0008-FC02,48.0,7,2026-01-14T21:10:16Z,37.784416,20.255784
EVT0008,EVT0008-FC02,48.0,7,2026-01-14T21:10:16Z,37.767975,19.713787
EVT0008,EVT0008-FC02,48.0,7,2026-01-14T21:10:16Z,38.246298,20.352105
EVT0008,EVT0008-FC02,48.0,7,2026-01-14T21:10:16Z,37.970391,20.283953
EVT0008,EVT0008-FC02,48.0,7,2026-01-14T21:10:16Z,37.856499,20.598491
EVT0008,EVT0008-FC02,48.0,7,2026-01-14T21:10:16Z,37.746437,18.80383
EVT0008,EVT0008-FC02,48.0,7,2026-01-14T21:10:16Z,38.005794,20.655084
EVT0008,EVT0008-FC02,48.0,7,2026-01-14T21:10:16Z,38.018623,20.361332
EVT0008,EVT0008-FC02,48.0,7,2026-01-14T21:10:16Z,38.173088,20.658937
EVT0008,EVT0008-FC02,48.0,7,2026-01-14T21:10:16Z,38.179072,19.576609
EVT0008,EVT0008-FC02,48.0,7,2026-01-14T21:10:16Z,37.83771,19.911096
EVT0008,EVT0008-FC02,48.0,7,2026-01-14T21:10:16Z,37.618961,19.44868
EVT0008,EVT0008-FC02,48.0,7,2026-01-14T21:10:16Z,37.557809,19.532724
EVT0008,EVT0008-FC02,48.0,7,2026-01-14T21:10:16Z,37.873506,20.048438
EVT0008,EVT0008-FC02,48.0,7,2026-01-14T21:10:16Z,37.875,20.371152
EVT0008,EVT0008-FC02,48.0,7,2026-01-14T21:10:16Z,38.320996,20.163567
EVT0008,EVT0008-FC02,48.0,7,2026-01-14T21:10:16Z,36.893877,20.013484
EVT0008,EVT0008-FC02,48.0,7,2026-01-14T21:10:16Z,37.664746,20.03981
EVT0008,EVT0008-FC02,48.0,7,2026-01-14T21:10:16Z,38.015864,20.81106
EVT0008,EVT0008-FC02,48.0,7,2026-01-14T21:10:16Z,37.862736,19.177255
EVT0008,EVT0008-FC02,48.0,7,2026-01-14T21:10:16Z,37.934954,18.962025
EVT0008,EVT0008-FC02,48.0,7,2026-01-14T21:10:16Z,37.887474,19.331876
EVT0008,EVT0008-FC02,48.0,7,2026-01-14T21:10:16Z,37.28979,20.278704
EVT0008,EVT0008-FC02,48.0,7,2026-01-14T21:10:16Z,37.904671,20.253408
EVT0008,EVT0008-FC02,72.0,7,2026-01-15T21:10:16Z,37.951772,18.739297
EVT0008,EVT0008-FC02,72.0,7,2026-01-15T21:10:16Z,38.335829,20.943892
EVT0008,EVT0008-FC02,72.0,7,2026-01-15T21:10:16Z,38.418701,19.418718
EVT0008,EVT0008-FC02,72.0,7,2026-01-15T21:10:16Z,37.979901,20.515497
EVT0008,EVT0008-FC02,72.0,7,2026-01-15T21:10:16Z,38.118212,19.218757
EVT0008,EVT0008-FC02,72.0,7,2026-01-15T21:10:16Z,38.168847,18.94583
EVT0008,EVT0008-FC02,72.0,7,2026-01-15T21:10:16Z,37.408702,20.532183
EVT0008,EVT0008-FC02,72.0,7,2026-01-15T21:10:16Z,38.013063,19.172846
EVT0008,EVT0008-FC02,72.0,7,2026-01-15T21:10:16Z,37.591798,19.317735
EVT0008,EVT0008-FC02,72.0,7,2026-01-15T21:10:16Z,38.505099,20.191498
EVT0008,EVT0008-FC02,72.0,7,2026-01-15T21:10:16Z,37.28444,20.69095
EVT0008,EVT0008-FC02,72.0,7,2026-01-15T21:10:16Z,37.610195,20.308387
EVT0008,EVT0008-FC02,72.0,7,2026-01-15T21:10:16Z,38.339326,20.545986
EVT0008,EVT0008-FC02,72.0,7,2026-01-15T21:10:16Z,37.82937,19.758964
EVT0008,EVT0008-FC02,72.0,7,2026-01-15T21:10:16Z,37.403875,19.426469
EVT0008,EVT0008-FC02,72.0,7,2026-01-15T21:10:16Z,37.741858,20.042449
EVT0008,EVT0008-FC02,72.0,7,2026-01-15T21:10:16Z,37.951865,19.99661
EVT0008,EVT0008-FC02,72.0,7,2026-01-15T21:10:16Z,36.737242,19.984489
EVT0008,EVT0008-FC02,72.0,7,2026-01-15T21:10:16Z,37.863059,20.241259
EVT0008,EVT0008-FC02,72.0,7,2026-01-15T21:10:16Z,37.749962,20.20122
EVT0008,EVT0008-FC02,72.0,7,2026-01-15T21:10:16Z,38.1357,19.625829
EVT0008,EVT0008-FC02,72.0,7,2026-01-15T21:10:16Z,37.77668,20.080199
EVT0008,EVT0008-FC02,72.0,7,2026-01-15T21:10:16Z,38.191877,20.367289
EVT0008,EVT0008-FC02,72.0,7,2026-01-15T21:10:16Z,38.593197,19.879301
EVT0008,EVT0008-FC02,72.0,7,2026-01-15T21:10:16Z,38.61798,19.9117
EVT0008,EVT0008-FC02,72.0,7,2026-01-15T21:10:16Z,37.615275,19.549763
EVT0008,EVT0008-FC02,72.0,7,2026-01-15T21:10:16Z,38.166966,19.282759
EVT0008,EVT0008-FC02,72.0,7,2026-01-15T21:10:16Z,38.576364,21.191826
EVT0008,EVT0008-FC02,72.0,7,2026-01-15T21:10:16Z,37.295836,19.094425
EVT0008,EVT0008-FC02,72.0,7,2026-01-15T21:10:16Z,38.163398,20.297598
EVT0008,EVT0008-FC02,72.0,7,2026-01-15T21:10:16Z,38.512394,19.650421
EVT0008,EVT0008-FC02,72.0,7,2026-01-15T21:10:16Z,38.923852,20.616457
EVT0008,EVT0008-FC02,72.0,7,2026-01-15T21:10:16Z,37.431895,20.013747
EVT0008,EVT0008-FC02,72.0,7,2026-01-15T21:10:16Z,37.87487,19.570662
EVT0008,EVT0008-FC02,72.0,7,2026-01-15T21:10:16Z,38.066107,19.026389
EVT0008,EVT0008-FC02,72.0,7,2026-01-15T21:10:16Z,37.463255,19.454562
EVT0008,EVT0008-FC02,72.0,7,2026-01-15T21:10:16Z,37.792433,20.419077
EVT0008,EVT0008-FC02,72.0,7,2026-01-15T21:10:16Z,38.0543,20.183525
EVT0008,EVT0008-FC02,72.0,7,2026-01-15T21:10:16Z,38.357151,19.02678
EVT0008,EVT0008-FC02,72.0,7,2026-01-15T21:10:16Z,38.603326,19.899499
EVT0009,EVT0009-FC02,12.0,0,2026-01-09T13:11:31Z,38.444162,21.068922
EVT0009,EVT0009-FC02,12.0,0,2026-01-09T13:11:31Z,38.136505,21.12783
EVT0009,EVT0009-FC02,12.0,0,2026-01-09T13:11:31Z,38.100397,20.962395
EVT0009,EVT0009-FC02,12.0,0,2026-01-09T13:11:31Z,38.268679,20.927199
EVT0009,EVT0009-FC02,12.0,0,2026-01-09T13:11:31Z,38.213761,21.067567
EVT0009,EVT0009-FC02,12.0,0,2026-01-09T13:11:31Z,38.301119,20.983405
EVT0009,EVT0009-FC02,12.0,0,2026-01-09T13:11:31Z,38.112055,21.161901
EVT0009,EVT0009-FC02,12.0,0,2026-01-09T13:11:31Z,38.291887,20.667344
EVT0009,EVT0009-FC02,12.0,0,2026-01-09T13:11:31Z,38.478044,20.910958
EVT0009,EVT0009-FC02,12.0,0,2026-01-09T13:11:31Z,38.168468,21.092538
EVT0009,EVT0009-FC02,12.0,0,2026-01-09T13:11:31Z,38.437603,20.92884
EVT0009,EVT0009-FC02,12.0,0,2026-01-09T13:11:31Z,38.460932,21.215589
EVT0009,EVT0009-FC02,12.0,0,2026-01-09T13:11:31Z,38.237975,21.024866
EVT0009,EVT0009-FC02,12.0,0,2026-01-09T13:11:31Z,38.199089,21.153821
EVT0009,EVT0009-FC02,12.0,0,2026-01-09T13:11:31Z,38.32103,20.842496
EVT0009,EVT0009-FC02,12.0,0,2026-01-09T13:11:31Z,38.075473,20.98219
EVT0009,EVT0009-FC02,12.0,0,2026-01-09T13:11:31Z,38.195709,21.141453
EVT0009,EVT0009-FC02,12.0,0,2026-01-09T13:11:31Z,38.156675,20.926235
EVT0009,EVT0009-FC02,12.0,0,2026-01-09T13:11:31Z,38.070116,21.023582
EVT0009,EVT0009-FC02,12.0,0,2026-01-09T13:11:31Z,37.89485,20.821242
EVT0009,EVT0009-FC02,12.0,0,2026-01-09T13:11:31Z,38.549141,21.04286
EVT0009,EVT0009-FC02,12.0,0,2026-01-09T13:11:31Z,38.301739,20.929491
EVT0009,EVT0009-FC02,12.0,0,2026-01-09T13:11:31Z,37.837788,21.031916
EVT0009,EVT0009-FC02,12.0,0,2026-01-09T13:11:31Z,38.334043,20.990357
EVT0009,EVT0009-FC02,12.0,0,2026-01-09T13:11:31Z,38.355574,21.067775
EVT0009,EVT0009-FC02,12.0,0,2026-01-09T13:11:31Z,37.972887,21.042373
EVT0009,EVT0009-FC02,12.0,0,2026-01-09T13:11:31Z,38.285006,21.131766
EVT0009,EVT0009-FC02,12.0,0,2026-01-09T13:11:31Z,38.338674,21.028037
EVT0009,EVT0009-FC02,12.0,0,2026-01-09T13:11:31Z,37.960516,20.99225
EVT0009,EVT0009-FC02,12.0,0,2026-01-09T13:11:31Z,37.932818,20.855449
EVT0009,EVT0009-FC02,12.0,0,2026-01-09T13:11:31Z,38.362117,21.121524
EVT0009,EVT0009-FC02,12.0,0,2026-01-09T13:11:31Z,38.227696,21.102094
EVT0009,EVT0009-FC02,12.0,0,2026-01-09T13:11:31Z,38.270861,20.758685
EVT0009,EVT0009-FC02,12.0,0,2026-01-09T13:11:31Z,38.250496,21.131943
EVT0009,EVT0009-FC02,12.0,0,2026-01-09T13:11:31Z,38.265464,21.151073
EVT0009,EVT0009-FC02,12.0,0,2026-01-09T13:11:31Z,38.464171,21.184522
EVT0009,EVT0009-FC02,12.0,0,2026-01-09T13:11:31Z,38.204079,21.007626
EVT0009,EVT0009-FC02,12.0,0,2026-01-09T13:11:31Z,38.217211,21.184855
EVT0009,EVT0009-FC02,12.0,0,2026-01-09T13:11:31Z,38.329302,21.09873
EVT0009,EVT0009-FC02,12.0,0,2026-01-09T13:11:31Z,38.060507,20.974267
EVT0009,EVT0009-FC02,24.0,0,2026-01-10T01:11:31Z,38.206454,21.201083
EVT0009,EVT0009-FC02,24.0,0,2026-01-10T01:11:31Z,38.576303,21.828767
EVT0009,EVT0009-FC02,24.0,0,2026-01-10T01:11:31Z,38.182616,20.705304
EVT0009,EVT0009-FC02,24.0,0,2026-01-10T01:11:31Z,37.982891,20.810675
EVT0009,EVT0009-FC02,24.0,0,2026-01-10T01:11:31Z,38.696624,20.723028
EVT0009,EVT0009-FC02,24.0,0,2026-01-10T01:11:31Z,38.178198,20.769358
EVT0009,EVT0009-FC02,24.0,0,2026-01-10T01:11:31Z,38.33384,21.213278
EVT0009,EVT0009-FC02,24.0,0,2026-01-10T01:11:31Z,38.328054,20.733096
EVT0009,EVT0009-FC02,24.0,0,2026-01-10T01:11:31Z,38.179137,21.243296
EVT0009,EVT0009-FC02,24.0,0,2026-01-10T01:11:31Z,38.022512,21.089404
EVT0009,EVT0009-FC02,24.0,0,2026-01-10T01:11:31Z,38.226768,21.08893
EVT0009,EVT0009-FC02,24.0,0,2026-01-10T01:11:31Z,38.237488,21.344217
EVT0009,EVT0009-FC02,24.0,0,2026-01-10T01:11:31Z,38.526372,20.704217
EVT0009,EVT0009-FC02,24.0,0,2026-01-10T01:11:31Z,38.384691,21.280843
EVT0009,EVT0009-FC02,24.0,0,2026-01-10T01:11:31Z,38.508219,20.846406
EVT0009,EVT0009-FC02,24.0,0,2026-01-10T01:11:31Z,38.302252,21.238849
EVT0009,EVT0009-FC02,24.0,0,2026-01-10T01:11:31Z,38.573676,20.673975
EVT0009,EVT0009-FC02,24.0,0,2026-01-10T01:11:31Z,38.806274,20.892971
EVT0009,EVT0009-FC02,24.0,0,2026-01-10T01:11:31Z,37.911071,21.250073
EVT0009,EVT0009-FC02,24.0,0,2026-01-10T01:11:31Z,38.014249,21.020538
EVT0009,EVT0009-FC02,24.0,0,2026-01-10T01:11:31Z,38.818776,20.830909
EVT0009,EVT0009-FC02,24.0,0,2026-01-10T01:11:31Z,37.977249,21.151259
EVT0009,EVT0009-FC02,24.0,0,2026-01-10T01:11:31Z,38.408036,20.401364
EVT0009,EVT0009-FC02,24.0,0,2026-01-10T01:11:31Z,38.259728,21.323317
EVT0009,EVT0009-FC02,24.0,0,2026-01-10T01:11:31Z,38.386526,21.325119
EVT0009,EVT0009-FC02,24.0,0,2026-01-10T01:11:31Z,38.019118,20.853421
EVT0009,EVT0009-FC02,24.0,0,2026-01-10T01:11:31Z,38.570797,20.896317
EVT0009,EVT0009-FC02,24.0,0,2026-01-10T01:11:31Z,38.298549,20.609229
EVT0009,EVT0009-FC02,24.0,0,2026-01-10T01:11:31Z,38.54606,20.61729
EVT0009,EVT0009-FC02,24.0,0,2026-01-10T01:11:31Z,38.536827,20.666411
EVT0009,EVT0009-FC02,24.0,0,2026-01-10T01:11:31Z,38.120829,20.856298
EVT0009,EVT0009-FC02,24.0,0,2026-01-10T01:11:31Z,38.013221,20.739137
EVT0009,EVT0009-FC02,24.0,0,2026-01-10T01:11:31Z,38.621232,20.751756
EVT0009,EVT0009-FC02,24.0,0,2026-01-10T01:11:31Z,38.073702,20.506906
EVT0009,EVT0009-FC02,24.0,0,2026-01-10T01:11:31Z,38.588962,20.739996
EVT0009,EVT0009-FC02,24.0,0,2026-01-10T01:11:31Z,38.081183,20.835009
EVT0009,EVT0009-FC02,24.0,0,2026-01-10T01:11:31Z,38.190732,21.384561
EVT0009,EVT0009-FC02,24.0,0,2026-01-10T01:11:31Z,38.196125,21.027023
EVT0009,EVT0009-FC02,24.0,0,2026-01-10T01:11:31Z,38.323571,20.949424
EVT0009,EVT0009-FC02,24.0,0,2026-01-10T01:11:31Z,38.019842,20.851375
EVT0009,EVT0009-FC02,48.0,0,2026-01-11T01:11:31Z,38.50178,20.07877
EVT0009,EVT0009-FC02,48.0,0,2026-01-11T01:11:31Z,38.356405,20.874567
EVT0009,EVT0009-FC02,48.0,0,2026-01-11T01:11:31Z,38.926855,20.666
EVT0009,EVT0009-FC02,48.0,0,2026-01-11T01:11:31Z,38.447916,20.92111
EVT0009,EVT0009-FC02,48.0,0,2026-01-11T01:11:31Z,38.330514,21.015827
EVT0009,EVT0009-FC02,48.0,0,2026-01-11T01:11:31Z,38.450966,21.148593
EVT0009,EVT0009-FC02,48.0,0,2026-01-11T01:11:31Z,38.357749,20.828102
EVT0009,EVT0009-FC02,48.0,0,2026-01-11T01:11:31Z,38.641807,20.725674
EVT0009,EVT0009-FC02,48.0,0,2026-01-11T01:11:31Z,38.357192,20.899844
EVT0009,EVT0009-FC02,48.0,0,2026-01-11T01:11:31Z,38.047625,21.260268
EVT0009,EVT0009-FC02,48.0,0,2026-01-11T01:11:31Z,38.520979,20.613186
EVT0009,EVT0009-FC02,48.0,0,2026-01-11T01:11:31Z,38.398307,22.045692
EVT0009,EVT0009-FC02,48.0,0,2026-01-11T01:11:31Z,38.906807,20.563028
EVT0009,EVT0009-FC02,48.0,0,2026-01-11T01:11:31Z,38.146009,21.090191
EVT0009,EVT0009-FC02,48.0,0,2026-01-11T01:11:31Z,38.351563,21.074113
EVT0009,EVT0009-FC02,48.0,0,2026-01-11T01:11:31Z,38.71434,21.230483
EVT0009,EVT0009-FC02,48.0,0,2026-01-11T01:11:31Z,38.783167,20.090204
EVT0009,EVT0009-FC02,48.0,0,2026-01-11T01:11:31Z,38.894743,21.016501
EVT0009,EVT0009-FC02,48.0,0,2026-01-11T01:11:31Z,38.666834,20.60297
EVT0009,EVT0009-FC02,48.0,0,2026-01-11T01:11:31Z,38.803197,20.58646
EVT0009,EVT0009-FC02,48.0,0,2026-01-11T01:11:31Z,38.948408,20.858327
EVT0009,EVT0009-FC02,48.0,0,2026-01-11T01:11:31Z,38.115295,20.335374
EVT0009,EVT0009-FC02,48.0,0,2026-01-11T01:11:31Z,37.883943,20.584644
EVT0009,EVT0009-FC02,48.0,0,2026-01-11T01:11:31Z,38.43011,19.937308
EVT0009,EVT0009-FC02,48.0,0,2026-01-11T01:11:31Z,39.138451,21.014873
EVT0009,EVT0009-FC02,48.0,0,2026-01-11T01:11:31Z,38.17741,20.366334
EVT0009,EVT0009-FC02,48.0,0,2026-01-11T01:11:31Z,38.946178,20.687191
EVT0009,EVT0009-FC02,48.0,0,2026-01-11T01:11:31Z,38.532121,20.442756
EVT0009,EVT0009-FC02,48.0,0,2026-01-11T01:11:31Z,38.33974,20.931961
EVT0009,EVT0009-FC02,48.0,0,2026-01-11T01:11:31Z,38.150771,20.631778
EVT0009,EVT0009-FC02,48.0,0,2026-01-11T01:11:31Z,38.590537,21.174846
EVT0009,EVT0009-FC02,48.0,0,2026-01-11T01:11:31Z,38.029206,20.212163
EVT0009,EVT0009-FC02,48.0,0,2026-01-11T01:11:31Z,38.743405,21.520054
EVT0009,EVT0009-FC02,48.0,0,2026-01-11T01:11:31Z,38.769694,20.785904
EVT0009,EVT0009-FC02,48.0,0,2026-01-11T01:11:31Z,38.247666,20.459533
EVT0009,EVT0009-FC02,48.0,0,2026-01-11T01:11:31Z,38.145907,21.057228
EVT0009,EVT0009-FC02,48.0,0,2026-01-11T01:11:31Z,37.982483,20.594436
EVT0009,EVT0009-FC02,48.0,0,2026-01-11T01:11:31Z,38.876014,19.944996
EVT0009,EVT0009-FC02,48.0,0,2026-01-11T01:11:31Z,38.317741,20.865584
EVT0009,EVT0009-FC02,48.0,0,2026-01-11T01:11:31Z,37.957328,20.43462
EVT0009,EVT0009-FC02,72.0,0,2026-01-12T01:11:31Z,38.553967,20.357521
EVT0009,EVT0009-FC02,72.0,0,2026-01-12T01:11:31Z,39.230911,21.076678
EVT0009,EVT0009-FC02,72.0,0,2026-01-12T01:11:31Z,38.922249,21.046857
EVT0009,EVT0009-FC02,72.0,0,2026-01-12T01:11:31Z,38.543698,21.01052
EVT0009,EVT0009-FC02,72.0,0,2026-01-12T01:11:31Z,39.469431,21.19152
EVT0009,EVT0009-FC02,72.0,0,2026-01-12T01:11:31Z,39.139659,21.052139
EVT0009,EVT0009-FC02,72.0,0,2026-01-12T01:11:31Z,38.437832,21.633
EVT0009,EVT0009-FC02,72.0,0,2026-01-12T01:11:31Z,38.424597,20.784779
EVT0009,EVT0009-FC02,72.0,0,2026-01-12T01:11:31Z,38.09924,20.556679
EVT0009,EVT0009-FC02,72.0,0,2026-01-12T01:11:31Z,38.398557,20.836102
EVT0009,EVT0009-FC02,72.0,0,2026-01-12T01:11:31Z,39.158246,20.612585
EVT0009,EVT0009-FC02,72.0,0,2026-01-12T01:11:31Z,38.825722,20.720862
EVT0009,EVT0009-FC02,72.0,0,2026-01-12T01:11:31Z,38.555142,21.353314
EVT0009,EVT0009-FC02,72.0,0,2026-01-12T01:11:31Z,38.19046,19.599078
EVT0009,EVT0009-FC02,72.0,0,2026-01-12T01:11:31Z,38.432159,20.845138
EVT0009,EVT0009-FC02,72.0,0,2026-01-12T01:11:31Z,38.891136,20.505362
EVT0009,EVT0009-FC02,72.0,0,2026-01-12T01:11:31Z,38.493521,20.877117
EVT0009,EVT0009-FC02,72.0,0,2026-01-12T01:11:31Z,38.675571,20.903332
EVT0009,EVT0009-FC02,72.0,0,2026-01-12T01:11:31Z,38.221684,20.751672
EVT0009,EVT0009-FC02,72.0,0,2026-01-12T01:11:31Z,39.124806,20.530565
EVT0009,EVT0009-FC02,72.0,0,2026-01-12T01:11:31Z,39.129698,21.077304
EVT0009,EVT0009-FC02,72.0,0,2026-01-12T01:11:31Z,37.988326,21.994648
EVT0009,EVT0009-FC02,72.0,0,2026-01-12T01:11:31Z,37.966119,20.050457
EVT0009,EVT0009-FC02,72.0,0,2026-01-12T01:11:31Z,39.236685,20.987374
EVT0009,EVT0009-FC02,72.0,0,2026-01-12T01:11:31Z,38.938498,20.534954
EVT0009,EVT0009-FC02,72.0,0,2026-01-12T01:11:31Z,38.93494,20.579502
EVT0009,EVT0009-FC02,72.0,0,2026-01-12T01:11:31Z,38.927065,20.921456
EVT0009,EVT0009-FC02,72.0,0,2026-01-12T01:11:31Z,38.564085,20.575264
EVT0009,EVT0009-FC02,72.0,0,2026-01-12T01:11:31Z,39.363972,21.325599
EVT0009,EVT0009-FC02,72.0,0,2026-01-12T01:11:31Z,38.11848,20.479597
EVT0009,EVT0009-FC02,72.0,0,2026-01-12T01:11:31Z,38.809215,20.185951
EVT0009,EVT0009-FC02,72.0,0,2026-01-12T01:11:31Z,38.104302,20.677494
EVT0009,EVT0009-FC02,72.0,0,2026-01-12T01:11:31Z,38.190723,20.721036
EVT0009,EVT0009-FC02,72.0,0,2026-01-12T01:11:31Z,38.385286,21.001653
EVT0009,EVT0009-FC02,72.0,0,2026-01-12T01:11:31Z,38.587748,21.386027
EVT0009,EVT0009-FC02,72.0,0,2026-01-12T01:11:31Z,38.398684,20.31921
EVT0009,EVT0009-FC02,72.0,0,2026-01-12T01:11:31Z,38.875555,20.220786
EVT0009,EVT0009-FC02,72.0,0,2026-01-12T01:11:31Z,38.672126,20.125278
EVT0009,EVT0009-FC02,72.0,0,2026-01-12T01:11:31Z,38.659892,20.786897
EVT0009,EVT0009-FC02,72.0,0,2026-01-12T01:11:31Z,38.950906,20.422875
EVT0009,EVT0009-FC02,12.0,1,2026-01-09T13:11:31Z,38.289198,21.320823
EVT0009,EVT0009-FC02,12.0,1,2026-01-09T13:11:31Z,38.112758,20.803001
EVT0009,EVT0009-FC02,12.0,1,2026-01-09T13:11:31Z,37.970807,21.111327
EVT0009,EVT0009-FC02,12.0,1,2026-01-09T13:11:31Z,38.027107,20.962577
EVT0009,EVT0009-FC02,12.0,1,2026-01-09T13:11:31Z,38.255202,21.078395
EVT0009,EVT0009-FC02,12.0,1,2026-01-09T13:11:31Z,37.875123,21.238491
EVT0009,EVT0009-FC02,12.0,1,2026-01-09T13:11:31Z,38.363011,20.858554
EVT0009,EVT0009-FC02,12.0,1,2026-01-09T13:11:31Z,38.188294,21.384287
EVT0009,EVT0009-FC02,12.0,1,2026-01-09T13:11:31Z,38.086857,21.192321
EVT0009,EVT0009-FC02,12.0,1,2026-01-09T13:11:31Z,38.163238,21.062085
EVT0009,EVT0009-FC02,12.0,1,2026-01-09T13:11:31Z,37.976987,20.740887
EVT0009,EVT0009-FC02,12.0,1,2026-01-09T13:11:31Z,38.253297,21.14353
EVT0009,EVT0009-FC02,12.0,1,2026-01-09T13:11:31Z,38.310692,21.14664
EVT0009,EVT0009-FC02,12.0,1,2026-01-09T13:11:31Z,38.373316,21.041025
EVT0009,EVT0009-FC02,12.0,1,2026-01-09T13:11:31Z,38.547657,21.063342
EVT0009,EVT0009-FC02,12.0,1,2026-01-09T13:11:31Z,38.383939,21.089245
EVT0009,EVT0009-FC02,12.0,1,2026-01-09T13:11:31Z,38.152011,21.09696
EVT0009,EVT0009-FC02,12.0,1,2026-01-09T13:11:31Z,38.479922,20.989873
EVT0009,EVT0009-FC02,12.0,1,2026-01-09T13:11:31Z,38.191659,21.04658
EVT0009,EVT0009-FC02,12.0,1,2026-01-09T13:11:31Z,38.389551,21.087411
EVT0009,EVT0009-FC02,12.0,1,2026-01-09T13:11:31Z,38.20222,20.834455
EVT0009,EVT0009-FC02,12.0,1,2026-01-09T13:11:31Z,38.307316,21.117065
EVT0009,EVT0009-FC02,12.0,1,2026-01-09T13:11:31Z,38.177356,21.005954
EVT0009,EVT0009-FC02,12.0,1,2026-01-09T13:11:31Z,38.031194,20.569958
EVT0009,EVT0009-FC02,12.0,1,2026-01-09T13:11:31Z,38.34767,21.009268
EVT0009,EVT0009-FC02,12.0,1,2026-01-09T13:11:31Z,38.368149,21.057322
EVT0009,EVT0009-FC02,12.0,1,2026-01-09T13:11:31Z,38.354964,21.392599
EVT0009,EVT0009-FC02,12.0,1,2026-01-09T13:11:31Z,38.138038,21.165699
EVT0009,EVT0009-FC02,12.0,1,2026-01-09T13:11:31Z,38.223147,21.122707
EVT0009,EVT0009-FC02,12.0,1,2026-01-09T13:11:31Z,38.319993,21.102402
EVT0009,EVT0009-FC02,12.0,1,2026-01-09T13:11:31Z,38.031811,20.595954
EVT0009,EVT0009-FC02,12.0,1,2026-01-09T13:11:31Z,38.2614,20.936273
EVT0009,EVT0009-FC02,12.0,1,2026-01-09T13:11:31Z,38.178808,20.751069
EVT0009,EVT0009-FC02,12.0,1,2026-01-09T13:11:31Z,38.065204,20.922745
EVT0009,EVT0009-FC02,12.0,1,2026-01-09T13:11:31Z,38.150693,21.157618
EVT0009,EVT0009-FC02,12.0,1,2026-01-09T13:11:31Z,38.074653,21.046048
EVT0009,EVT0009-FC02,12.0,1,2026-01-09T13:11:31Z,38.161511,21.15415
EVT0009,EVT0009-FC02,12.0,1,2026-01-09T13:11:31Z,38.335914,21.036009
EVT0009,EVT0009-FC02,12.0,1,2026-01-09T13:11:31Z,37.933453,20.86635
EVT0009,EVT0009-FC02,12.0,1,2026-01-09T13:11:31Z,38.199275,21.163726
EVT0009,EVT0009-FC02,24.0,1,2026-01-10T01:11:31Z,38.619171,20.941299
EVT0009,EVT0009-FC02,24.0,1,2026-01-10T01:11:31Z,38.452044,21.079948
EVT0009,EVT0009-FC02,24.0,1,2026-01-10T01:11:31Z,38.436103,20.743792
EVT0009,EVT0009-FC02,24.0,1,2026-01-10T01:11:31Z,38.420227,20.881501
EVT0009,EVT0009-FC02,24.0,1,2026-01-10T01:11:31Z,38.473023,20.780381
EVT0009,EVT0009-FC02,24.0,1,2026-01-10T01:11:31Z,38.405576,20.954547
EVT0009,EVT0009-FC02,24.0,1,2026-01-10T01:11:31Z,38.195064,20.760372
EVT0009,EVT0009-FC02,24.0,1,2026-01-10T01:11:31Z,38.625796,20.706168
EVT0009,EVT0009-FC02,24.0,1,2026-01-10T01:11:31Z,38.438791,20.888579
EVT0009,EVT0009-FC02,24.0,1,2026-01-10T01:11:31Z,38.583533,20.577382
EVT0009,EVT0009-FC02,24.0,1,2026-01-10T01:11:31Z,38.384906,20.675423
EVT0009,EVT0009-FC02,24.0,1,2026-01-10T01:11:31Z,38.350352,21.151705
EVT0009,EVT0009-FC02,24.0,1,2026-01-10T01:11:31Z,38.663755,20.811974
EVT0009,EVT0009-FC02,24.0,1,2026-01-10T01:11:31Z,38.1116,21.195992
EVT0009,EVT0009-FC02,24.0,1,2026-01-10T01:11:31Z,38.808435,20.745756
EVT0009,EVT0009-FC02,24.0,1,2026-01-10T01:11:31Z,38.531811,20.908577
EVT0009,EVT0009-FC02,24.0,1,2026-01-10T01:11:31Z,38.855674,20.716572
EVT0009,EVT0009-FC02,24.0,1,2026-01-10T01:11:31Z,38.70743,21.017912
EVT0009,EVT0009-FC02,24.0,1,2026-01-10T01:11:31Z,38.191978,20.856782
EVT0009,EVT0009-FC02,24.0,1,2026-01-10T01:11:31Z,38.227098,20.763378
EVT0009,EVT0009-FC02,24.0,1,2026-01-10T01:11:31Z,38.759815,20.816058
EVT0009,EVT0009-FC02,24.0,1,2026-01-10T01:11:31Z,37.962487,20.746586
EVT0009,EVT0009-FC02,24.0,1,2026-01-10T01:11:31Z,37.758288,20.125854
EVT0009,EVT0009-FC02,24.0,1,2026-01-10T01:11:31Z,38.029191,20.647171
EVT0009,EVT0009-FC02,24.0,1,2026-01-10T01:11:31Z,38.304269,21.049823
EVT0009,EVT0009-FC02,24.0,1,2026-01-10T01:11:31Z,38.740594,20.542819
EVT0009,EVT0009-FC02,24.0,1,2026-01-10T01:11:31Z,38.275205,20.788144
EVT0009,EVT0009-FC02,24.0,1,2026-01-10T01:11:31Z,38.229663,20.981016
EVT0009,EVT0009-FC02,24.0,1,2026-01-10T01:11:31Z,38.351275,20.737655
EVT0009,EVT0009-FC02,24.0,1,2026-01-10T01:11:31Z,38.702377,20.762023
EVT0009,EVT0009-FC02,24.0,1,2026-01-10T01:11:31Z,38.767405,20.694816
EVT0009,EVT0009-FC02,24.0,1,2026-01-10T01:11:31Z,38.641466,20.471299
EVT0009,EVT0009-FC02,24.0,1,2026-01-10T01:11:31Z,38.279484,20.817614
EVT0009,EVT0009-FC02,24.0,1,2026-01-10T01:11:31Z,38.746031,20.917961
EVT0009,EVT0009-FC02,24.0,1,2026-01-10T01:11:31Z,38.153747,20.799082
EVT0009,EVT0009-FC02,24.0,1,2026-01-10T01:11:31Z,38.185647,20.9696
EVT0009,EVT0009-FC02,24.0,1,2026-01-10T01:11:31Z,38.166356,21.010344
EVT0009,EVT0009-FC02,24.0,1,2026-01-10T01:11:31Z,38.913596,20.803643
EVT0009,EVT0009-FC02,24.0,1,2026-01-10T01:11:31Z,38.585234,20.758223
EVT0009,EVT0009-FC02,24.0,1,2026-01-10T01:11:31Z,38.584961,20.747228
EVT0009,EVT0009-FC02,48.0,1,2026-01-11T01:11:31Z,38.713179,20.411258
EVT0009,EVT0009-FC02,48.0,1,2026-01-11T01:11:31Z,38.254566,19.817103
EVT0009,EVT0009-FC02,48.0,1,2026-01-11T01:11:31Z,38.375165,20.804529
EVT0009,EVT0009-FC02,48.0,1,2026-01-11T01:11:31Z,38.200678,20.632215
EVT0009,EVT0009-FC02,48.0,1,2026-01-11T01:11:31Z,38.234966,19.691117
EVT0009,EVT0009-FC02,48.0,1,2026-01-11T01:11:31Z,38.735411,20.464015
EVT0009,EVT0009-FC02,48.0,1,2026-01-11T01:11:31Z,38.924387,20.606611
EVT0009,EVT0009-FC02,48.0,1,2026-01-11T01:11:31Z,38.465501,20.790644
EVT0009,EVT0009-FC02,48.0,1,2026-01-11T01:11:31Z,38.328148,21.230945
EVT0009,EVT0009-FC02,48.0,1,2026-01-11T01:11:31Z,38.466926,20.519317
EVT0009,EVT0009-FC02,48.0,1,2026-01-11T01:11:31Z,39.000198,20.826366
EVT0009,EVT0009-FC02,48.0,1,2026-01-11T01:11:31Z,38.816019,20.868329
EVT0009,EVT0009-FC02,48.0,1,2026-01-11T01:11:31Z,38.219347,21.019159
EVT0009,EVT0009-FC02,48.0,1,2026-01-11T01:11:31Z,38.597909,20.046845
EVT0009,EVT0009-FC02,48.0,1,2026-01-11T01:11:31Z,38.251123,20.379696
EVT0009,EVT0009-FC02,48.0,1,2026-01-11T01:11:31Z,38.187532,20.921474
EVT0009,EVT0009-FC02,48.0,1,2026-01-11T01:11:31Z,38.23312,20.425856
EVT0009,EVT0009-FC02,48.0,1,2026-01-11T01:11:31Z,38.141533,20.495682
EVT0009,EVT0009-FC02,48.0,1,2026-01-11T01:11:31Z,38.303037,19.833015
EVT0009,EVT0009-FC02,48.0,1,2026-01-11T01:11:31Z,38.763168,20.561062
EVT0009,EVT0009-FC02,48.0,1,2026-01-11T01:11:31Z,38.057711,21.953387
EVT0009,EVT0009-FC02,48.0,1,2026-01-11T01:11:31Z,38.481401,20.863952
EVT0009,EVT0009-FC02,48.0,1,2026-01-11T01:11:31Z,38.406675,21.073092
EVT0009,EVT0009-FC02,48.0,1,2026-01-11T01:11:31Z,38.910275,20.606846
EVT0009,EVT0009-FC02,48.0,1,2026-01-11T01:11:31Z,38.338627,20.485942
EVT0009,EVT0009-FC02,48.0,1,2026-01-11T01:11:31Z,38.177893,20.113212
EVT0009,EVT0009-FC02,48.0,1,2026-01-11T01:11:31Z,37.95992,20.153836
EVT0009,EVT0009-FC02,48.0,1,2026-01-11T01:11:31Z,38.123547,20.69439
EVT0009,EVT0009-FC02,48.0,1,2026-01-11T01:11:31Z,38.07414,20.807285
EVT0009,EVT0009-FC02,48.0,1,2026-01-11T01:11:31Z,38.546309,21.101807
EVT0009,EVT0009-FC02,48.0,1,2026-01-11T01:11:31Z,38.125336,20.486336
EVT0009,EVT0009-FC02,48.0,1,2026-01-11T01:11:31Z,38.186222,21.260882
EVT0009,EVT0009-FC02,48.0,1,2026-01-11T01:11:31Z,38.854811,20.461033
EVT0009,EVT0009-FC02,48.0,1,2026-01-11T01:11:31Z,37.713826,21.117827
EVT0009,EVT0009-FC02,48.0,1,2026-01-11T01:11:31Z,38.379347,20.759053
EVT0009,EVT0009-FC02,48.0,1,2026-01-11T01:11:31Z,38.081585,20.356387
EVT0009,EVT0009-FC02,48.0,1,2026-01-11T01:11:31Z,38.810869,19.921365
EVT0009,EVT0009-FC02,48.0,1,2026-01-11T01:11:31Z,38.797664,20.471017
EVT0009,EVT0009-FC02,48.0,1,2026-01-11T01:11:31Z,38.540994,21.153752
EVT0009,EVT0009-FC02,48.0,1,2026-01-11T01:11:31Z,38.511573,20.941268
EVT0009,EVT0009-FC02,72.0,1,2026-01-12T01:11:31Z,38.996164,21.022296
EVT0009,EVT0009-FC02,72.0,1,2026-01-12T01:11:31Z,37.920849,19.294328
EVT0009,EVT0009-FC02,72.0,1,2026-01-12T01:11:31Z,38.983443,20.576198
EVT0009,EVT0009-FC02,72.0,1,2026-01-12T01:11:31Z,38.077594,20.350138
EVT0009,EVT0009-FC02,72.0,1,2026-01-12T01:11:31Z,39.00822,20.642388
EVT0009,EVT0009-FC02,72.0,1,2026-01-12T01:11:31Z,38.610165,20.057356
EVT0009,EVT0009-FC02,72.0,1,2026-01-12T01:11:31Z,39.220816,21.292785
EVT0009,EVT0009-FC02,72.0,1,2026-01-12T01:11:31Z,38.29862,20.98839
EVT0009,EVT0009-FC02,72.0,1,2026-01-12T01:11:31Z,38.140138,20.276346
EVT0009,EVT0009-FC02,72.0,1,2026-01-12T01:11:31Z,37.731397,20.283103
EVT0009,EVT0009-FC02,72.0,1,2026-01-12T01:11:31Z,38.753071,20.224186
EVT0009,EVT0009-FC02,72.0,1,2026-01-12T01:11:31Z,38.791756,20.397359
EVT0009,EVT0009-FC02,72.0,1,2026-01-12T01:11:31Z,38.842271,20.260938
EVT0009,EVT0009-FC02,72.0,1,2026-01-12T01:11:31Z,37.76275,20.62749
EVT0009,EVT0009-FC02,72.0,1,2026-01-12T01:11:31Z,37.970458,20.898599
EVT0009,EVT0009-FC02,72.0,1,2026-01-12T01:11:31Z,39.080113,20.760019
EVT0009,EVT0009-FC02,72.0,1,2026-01-12T01:11:31Z,38.043322,20.87197
EVT0009,EVT0009-FC02,72.0,1,2026-01-12T01:11:31Z,38.639484,21.042639
EVT0009,EVT0009-FC02,72.0,1,2026-01-12T01:11:31Z,38.875178,20.629449
EVT0009,EVT0009-FC02,72.0,1,2026-01-12T01:11:31Z,37.770368,20.339574
EVT0009,EVT0009-FC02,72.0,1,2026-01-12T01:11:31Z,38.665296,21.393467
EVT0009,EVT0009-FC02,72.0,1,2026-01-12T01:11:31Z,37.875869,20.810655
EVT0009,EVT0009-FC02,72.0,1,2026-01-12T01:11:31Z,38.389769,20.134807
EVT0009,EVT0009-FC02,72.0,1,2026-01-12T01:11:31Z,38.016062,20.564381
EVT0009,EVT0009-FC02,72.0,1,2026-01-12T01:11:31Z,39.250401,20.584297
EVT0009,EVT0009-FC02,72.0,1,2026-01-12T01:11:31Z,38.956938,20.520841
EVT0009,EVT0009-FC02,72.0,1,2026-01-12T01:11:31Z,38.754327,20.062349
EVT0009,EVT0009-FC02,72.0,1,2026-01-12T01:11:31Z,38.697721,20.241607
EVT0009,EVT0009-FC02,72.0,1,2026-01-12T01:11:31Z,38.528327,20.319583
EVT0009,EVT0009-FC02,72.0,1,2026-01-12T01:11:31Z,38.099191,19.984517
EVT0009,EVT0009-FC02,72.0,1,2026-01-12T01:11:31Z,38.956262,20.752231
EVT0009,EVT0009-FC02,72.0,1,2026-01-12T01:11:31Z,37.990672,20.067386
EVT0009,EVT0009-FC02,72.0,1,2026-01-12T01:11:31Z,38.82747,20.298201
EVT0009,EVT0009-FC02,72.0,1,2026-01-12T01:11:31Z,38.125545,20.062683
EVT0009,EVT0009-FC02,72.0,1,2026-01-12T01:11:31Z,38.242369,20.673188
EVT0009,EVT0009-FC02,72.0,1,2026-01-12T01:11:31Z,37.995668,20.383357
EVT0009,EVT0009-FC02,72.0,1,2026-01-12T01:11:31Z,38.705847,21.506265
EVT0009,EVT0009-FC02,72.0,1,2026-01-12T01:11:31Z,38.388601,20.472611
EVT0009,EVT0009-FC02,72.0,1,2026-01-12T01:11:31Z,38.484657,21.010511
EVT0009,EVT0009-FC02,72.0,1,2026-01-12T01:11:31Z,38.300554,21.042262
EVT0009,EVT0009-FC02,12.0,2,2026-01-09T13:11:31Z,38.129473,21.340801
EVT0009,EVT0009-FC02,12.0,2,2026-01-09T13:11:31Z,38.029192,21.138768
EVT0009,EVT0009-FC02,12.0,2,2026-01-09T13:11:31Z,38.353428,21.072749
EVT0009,EVT0009-FC02,12.0,2,2026-01-09T13:11:31Z,38.189538,20.985403
EVT0009,EVT0009-FC02,12.0,2,2026-01-09T13:11:31Z,38.269168,21.053036
EVT0009,EVT0009-FC02,12.0,2,2026-01-09T13:11:31Z,38.329808,21.029019
EVT0009,EVT0009-FC02,12.0,2,2026-01-09T13:11:31Z,38.33918,21.256973
EVT0009,EVT0009-FC02,12.0,2,2026-01-09T13:11:31Z,38.066986,20.809595
EVT0009,EVT0009-FC02,12.0,2,2026-01-09T13:11:31Z,38.284802,21.362437
EVT0009,EVT0009-FC02,12.0,2,2026-01-09T13:11:31Z,38.28643,21.067037
EVT0009,EVT0009-FC02,12.0,2,2026-01-09T13:11:31Z,37.872244,20.673481
EVT0009,EVT0009-FC02,12.0,2,2026-01-09T13:11:31Z,38.248052,21.207765
EVT0009,EVT0009-FC02,12.0,2,2026-01-09T13:11:31Z,37.9718,20.964156
EVT0009,EVT0009-FC02,12.0,2,2026-01-09T13:11:31Z,38.3356,20.843659
EVT0009,EVT0009-FC02,12.0,2,2026-01-09T13:11:31Z,38.01398,20.782781
EVT0009,EVT0009-FC02,12.0,2,2026-01-09T13:11:31Z,38.183741,21.256511
EVT0009,EVT0009-FC02,12.0,2,2026-01-09T13:11:31Z,38.284892,21.008468
EVT0009,EVT0009-FC02,12.0,2,2026-01-09T13:11:31Z,38.293496,21.110867
EVT0009,EVT0009-FC02,12.0,2,2026-01-09T13:11:31Z,38.209503,21.087705
EVT0009,EVT0009-FC02,12.0,2,2026-01-09T13:11:31Z,38.250448,21.177242
EVT0009,EVT0009-FC02,12.0,2,2026-01-09T13:11:31Z,38.373396,20.973656
EVT0009,EVT0009-FC02,12.0,2,2026-01-09T13:11:31Z,38.35616,20.793031
EVT0009,EVT0009-FC02,12.0,2,2026-01-09T13:11:31Z,38.455995,21.168287
EVT0009,EVT0009-FC02,12.0,2,2026-01-09T13:11:31Z,38.377767,21.209087
EVT0009,EVT0009-FC02,12.0,2,2026-01-09T13:11:31Z,38.531748,21.044809
EVT0009,EVT0009-FC02,12.0,2,2026-01-09T13:11:31Z,38.110876,20.860291
EVT0009,EVT0009-FC02,12.0,2,2026-01-09T13:11:31Z,38.172645,21.189227
EVT0009,EVT0009-FC02,12.0,2,2026-01-09T13:11:31Z,37.946964,21.220956
EVT0009,EVT0009-FC02,12.0,2,2026-01-09T13:11:31Z,38.524775,21.100127
EVT0009,EVT0009-FC02,12.0,2,2026-01-09T13:11:31Z,38.406479,20.805511
EVT0009,EVT0009-FC02,12.0,2,2026-01-09T13:11:31Z,38.349362,21.093578
EVT0009,EVT0009-FC02,12.0,2,2026-01-09T13:11:31Z,38.344839,21.072653
EVT0009,EVT0009-FC02,12.0,2,2026-01-09T13:11:31Z,38.237508,21.154812
EVT0009,EVT0009-FC02,12.0,2,2026-01-09T13:11:31Z,38.266024,21.095703
EVT0009,EVT0009-FC02,12.0,2,2026-01-09T13:11:31Z,38.140741,21.232168
EVT0009,EVT0009-FC02,12.0,2,2026-01-09T13:11:31Z,38.121804,20.566713
EVT0009,EVT0009-FC02,12.0,2,2026-01-09T13:11:31Z,38.220843,21.078063
EVT0009,EVT0009-FC02,12.0,2,2026-01-09T13:11:31Z,37.99744,21.086909
EVT0009,EVT0009-FC02,12.0,2,2026-01-09T13:11:31Z,38.192865,20.993878
EVT0009,EVT0009-FC02,12.0,2,2026-01-09T13:11:31Z,38.159774,21.001426
EVT0009,EVT0009-FC02,24.0,2,2026-01-10T01:11:31Z,38.675882,20.991597
EVT0009,EVT0009-FC02,24.0,2,2026-01-10T01:11:31Z,38.707516,20.628913
EVT0009,EVT0009-FC02,24.0,2,2026-01-10T01:11:31Z,38.147244,20.946039
EVT0009,EVT0009-FC02,24.0,2,2026-01-10T01:11:31Z,38.211485,21.587717
EVT0009,EVT0009-FC02,24.0,2,2026-01-10T01:11:31Z,38.3468,20.979375
EVT0009,EVT0009-FC02,24.0,2,2026-01-10T01:11:31Z,38.123736,20.675662
EVT0009,EVT0009-FC02,24.0,2,2026-01-10T01:11:31Z,38.249645,20.966283
EVT0009,EVT0009-FC02,24.0,2,2026-01-10T01:11:31Z,38.807646,20.658324
EVT0009,EVT0009-FC02,24.0,2,2026-01-10T01:11:31Z,38.241216,21.123738
EVT0009,EVT0009-FC02,24.0,2,2026-01-10T01:11:31Z,38.598618,20.828917
EVT0009,EVT0009-FC02,24.0,2,2026-01-10T01:11:31Z,38.221376,21.085028
EVT0009,EVT0009-FC02,24.0,2,2026-01-10T01:11:31Z,38.358586,20.496906
EVT0009,EVT0009-FC02,24.0,2,2026-01-10T01:11:31Z,38.693804,20.78725
EVT0009,EVT0009-FC02,24.0,2,2026-01-10T01:11:31Z,38.069652,21.134912
EVT0009,EVT0009-FC02,24.0,2,2026-01-10T01:11:31Z,38.738615,20.761141
EVT0009,EVT0009-FC02,24.0,2,2026-01-10T01:11:31Z,38.490854,21.642169
EVT0009,EVT0009-FC02,24.0,2,2026-01-10T01:11:31Z,38.370812,20.382933
EVT0009,EVT0009-FC02,24.0,2,2026-01-10T01:11:31Z,38.322271,20.86161
EVT0009,EVT0009-FC02,24.0,2,2026-01-10T01:11:31Z,38.276671,21.343413
EVT0009,EVT0009-FC02,24.0,2,2026-01-10T01:11:31Z,38.250569,21.180447
EVT0009,EVT0009-FC02,24.0,2,2026-01-10T01:11:31Z,38.702838,20.848994
EVT0009,EVT0009-FC02,24.0,2,2026-01-10T01:11:31Z,38.25879,21.040407
EVT0009,EVT0009-FC02,24.0,2,2026-01-10T01:11:31Z,38.129447,21.148894
EVT0009,EVT0009-FC02,24.0,2,2026-01-10T01:11:31Z,38.451613,20.721345
EVT0009,EVT0009-FC02,24.0,2,2026-01-10T01:11:31Z,38.949733,20.715208
EVT0009,EVT0009-FC02,24.0,2,2026-01-10T01:11:31Z,38.288272,21.095403
EVT0009,EVT0009-FC02,24.0,2,2026-01-10T01:11:31Z,38.235455,21.447928
EVT0009,EVT0009-FC02,24.0,2,2026-01-10T01:11:31Z,38.50157,20.771852
EVT0009,EVT0009-FC02,24.0,2,2026-01-10T01:11:31Z,38.721521,20.767965
EVT0009,EVT0009-FC02,24.0,2,2026-01-10T01:11:31Z,38.228468,21.174613
EVT0009,EVT0009-FC02,24.0,2,2026-01-10T01:11:31Z,38.577718,21.891741
EVT0009,EVT0009-FC02,24.0,2,2026-01-10T01:11:31Z,38.099884,20.388319
EVT0009,EVT0009-FC02,24.0,2,2026-01-10T01:11:31Z,38.278597,21.150981
EVT0009,EVT0009-FC02,24.0,2,2026-01-10T01:11:31Z,38.546773,20.762827
EVT0009,EVT0009-FC02,24.0,2,2026-01-10T01:11:31Z,38.274944,21.21706
EVT0009,EVT0009-FC02,24.0,2,2026-01-10T01:11:31Z,38.415243,20.645239
EVT0009,EVT0009-FC02,24.0,2,2026-01-10T01:11:31Z,38.416981,20.785555
EVT0009,EVT0009-FC02,24.0,2,2026-01-10T01:11:31Z,38.494951,20.721824
EVT0009,EVT0009-FC02,24.0,2,2026-01-10T01:11:31Z,38.605749,20.850184
EVT0009,EVT0009-FC02,24.0,2,2026-01-10T01:11:31Z,38.173321,21.022835
EVT0009,EVT0009-FC02,48.0,2,2026-01-11T01:11:31Z,38.59384,20.585473
EVT0009,EVT0009-FC02,48.0,2,2026-01-11T01:11:31Z,39.044133,21.183691
EVT0009,EVT0009-FC02,48.0,2,2026-01-11T01:11:31Z,38.856091,20.957851
EVT0009,EVT0009-FC02,48.0,2,2026-01-11T01:11:31Z,38.507827,21.105439
EVT0009,EVT0009-FC02,48.0,2,2026-01-11T01:11:31Z,38.529978,20.608327
EVT0009,EVT0009-FC02,48.0,2,2026-01-11T01:11:31Z,38.543539,21.365292
EVT0009,EVT0009-FC02,48.0,2,2026-01-11T01:11:31Z,38.570384,21.740018
EVT0009,EVT0009-FC02,48.0,2,2026-01-11T01:11:31Z,38.549124,21.08928
EVT0009,EVT0009-FC02,48.0,2,2026-01-11T01:11:31Z,38.870964,20.52136
EVT0009,EVT0009-FC02,48.0,2,2026-01-11T01:11:31Z,38.256238,21.227218
EVT0009,EVT0009-FC02,48.0,2,2026-01-11T01:11:31Z,38.378395,21.107406
EVT0009,EVT0009-FC02,48.0,2,2026-01-11T01:11:31Z,38.885101,20.49384
EVT0009,EVT0009-FC02,48.0,2,2026-01-11T01:11:31Z,38.883863,21.010134
EVT0009,EVT0009-FC02,48.0,2,2026-01-11T01:11:31Z,38.217538,20.296253
EVT0009,EVT0009-FC02,48.0,2,2026-01-11T01:11:31Z,38.920931,21.2677
EVT0009,EVT0009-FC02,48.0,2,2026-01-11T01:11:31Z,39.058546,20.873894
EVT0009,EVT0009-FC02,48.0,2,2026-01-11T01:11:31Z,38.382432,20.992893
EVT0009,EVT0009-FC02,48.0,2,2026-01-11T01:11:31Z,38.928103,20.385175
EVT0009,EVT0009-FC02,48.0,2,2026-01-11T01:11:31Z,38.805781,20.603291
EVT0009,EVT0009-FC02,48.0,2,2026-01-11T01:11:31Z,38.085263,20.374919
EVT0009,EVT0009-FC02,48.0,2,2026-01-11T01:11:31Z,38.594226,21.238013
EVT0009,EVT0009-FC02,48.0,2,2026-01-11T01:11:31Z,38.356505,20.772205
EVT0009,EVT0009-FC02,48.0,2,2026-01-11T01:11:31Z,38.767815,19.987977
EVT0009,EVT0009-FC02,48.0,2,2026-01-11T01:11:31Z,38.778549,20.740429
EVT0009,EVT0009-FC02,48.0,2,2026-01-11T01:11:31Z,38.785111,20.959265
EVT0009,EVT0009-FC02,48.0,2,2026-01-11T01:11:31Z,38.57802,20.963655
EVT0009,EVT0009-FC02,48.0,2,2026-01-11T01:11:31Z,38.552008,20.55351
EVT0009,EVT0009-FC02,48.0,2,2026-01-11T01:11:31Z,37.65868,19.906657
EVT0009,EVT0009-FC02,48.0,2,2026-01-11T01:11:31Z,38.983152,20.504798
EVT0009,EVT0009-FC02,48.0,2,2026-01-11T01:11:31Z,38.24474,19.817425
EVT0009,EVT0009-FC02,48.0,2,2026-01-11T01:11:31Z,38.326289,19.550702
EVT0009,EVT0009-FC02,48.0,2,2026-01-11T01:11:31Z,38.247077,20.837399
EVT0009,EVT0009-FC02,48.0,2,2026-01-11T01:11:31Z,38.505424,20.885421
EVT0009,EVT0009-FC02,48.0,2,2026-01-11T01:11:31Z,38.502787,20.346042
EVT0009,EVT0009-FC02,48.0,2,2026-01-11T01:11:31Z,38.492161,21.273862
EVT0009,EVT0009-FC02,48.0,2,2026-01-11T01:11:31Z,38.120577,21.002121
EVT0009,EVT0009-FC02,48.0,2,2026-01-11T01:11:31Z,38.306512,20.885451
EVT0009,EVT0009-FC02,48.0,2,2026-01-11T01:11:31Z,38.081325,21.243493
EVT0009,EVT0009-FC02,48.0,2,2026-01-11T01:11:31Z,39.082176,21.34346
EVT0009,EVT0009-FC02,48.0,2,2026-01-11T01:11:31Z,38.401142,20.844902
EVT0009,EVT0009-FC02,72.0,2,2026-01-12T01:11:31Z,38.558265,21.409629
EVT0009,EVT0009-FC02,72.0,2,2026-01-12T01:11:31Z,38.442079,21.22882
EVT0009,EVT0009-FC02,72.0,2,2026-01-12T01:11:31Z,37.846026,20.365955
EVT0009,EVT0009-FC02,72.0,2,2026-01-12T01:11:31Z,38.534125,20.954506
EVT0009,EVT0009-FC02,72.0,2,2026-01-12T01:11:31Z,39.704459,20.357061
EVT0009,EVT0009-FC02,72.0,2,2026-01-12T01:11:31Z,38.167619,20.413404
EVT0009,EVT0009-FC02,72.0,2,2026-01-12T01:11:31Z,38.146724,20.411103
EVT0009,EVT0009-FC02,72.0,2,2026-01-12T01:11:31Z,38.257251,20.672342
EVT0009,EVT0009-FC02,72.0,2,2026-01-12T01:11:31Z,38.601926,21.383295
EVT0009,EVT0009-FC02,72.0,2,2026-01-12T01:11:31Z,38.552249,20.813915
EVT0009,EVT0009-FC02,72.0,2,2026-01-12T01:11:31Z,38.375903,21.121707
EVT0009,EVT0009-FC02,72.0,2,2026-01-12T01:11:31Z,38.754623,19.955942
EVT0009,EVT0009-FC02,72.0,2,2026-01-12T01:11:31Z,38.003409,20.528467
EVT0009,EVT0009-FC02,72.0,2,2026-01-12T01:11:31Z,38.767025,21.330303
EVT0009,EVT0009-FC02,72.0,2,2026-01-12T01:11:31Z,39.171297,20.90598
EVT0009,EVT0009-FC02,72.0,2,2026-01-12T01:11:31Z,38.528742,20.972202
EVT0009,EVT0009-FC02,72.0,2,2026-01-12T01:11:31Z,39.15769,21.084348
EVT0009,EVT0009-FC02,72.0,2,2026-01-12T01:11:31Z,38.720874,20.195983
EVT0009,EVT0009-FC02,72.0,2,2026-01-12T01:11:31Z,39.187939,21.259081
EVT0009,EVT0009-FC02,72.0,2,2026-01-12T01:11:31Z,38.334893,20.914622
EVT0009,EVT0009-FC02,72.0,2,2026-01-12T01:11:31Z,38.147328,21.259918
EVT0009,EVT0009-FC02,72.0,2,2026-01-12T01:11:31Z,38.337712,20.688735
EVT0009,EVT0009-FC02,72.0,2,2026-01-12T01:11:31Z,38.090085,20.573492
EVT0009,EVT0009-FC02,72.0,2,2026-01-12T01:11:31Z,39.138324,20.954868
EVT0009,EVT0009-FC02,72.0,2,2026-01-12T01:11:31Z,38.247833,21.063489
EVT0009,EVT0009-FC02,72.0,2,2026-01-12T01:11:31Z,37.950288,21.467692
EVT0009,EVT0009-FC02,72.0,2,2026-01-12T01:11:31Z,38.244284,20.739798
EVT0009,EVT0009-FC02,72.0,2,2026-01-12T01:11:31Z,38.502892,21.019744
EVT0009,EVT0009-FC02,72.0,2,2026-01-12T01:11:31Z,37.736181,20.384556
EVT0009,EVT0009-FC02,72.0,2,2026-01-12T01:11:31Z,38.774107,20.122616
EVT0009,EVT0009-FC02,72.0,2,2026-01-12T01:11:31Z,38.58045,21.559413
EVT0009,EVT0009-FC02,72.0,2,2026-01-12T01:11:31Z,39.329256,20.159461
EVT0009,EVT0009-FC02,72.0,2,2026-01-12T01:11:31Z,37.995822,20.465581
EVT0009,EVT0009-FC02,72.0,2,2026-01-12T01:11:31Z,38.584225,20.059034
EVT0009,EVT0009-FC02,72.0,2,2026-01-12T01:11:31Z,38.544984,21.626594
EVT0009,EVT0009-FC02,72.0,2,2026-01-12T01:11:31Z,38.822934,20.58535
EVT0009,EVT0009-FC02,72.0,2,2026-01-12T01:11:31Z,38.455989,20.869294
EVT0009,EVT0009-FC02,72.0,2,2026-01-12T01:11:31Z,38.855984,20.547683
EVT0009,EVT0009-FC02,72.0,2,2026-01-12T01:11:31Z,38.106284,21.924138
EVT0009,EVT0009-FC02,72.0,2,2026-01-12T01:11:31Z,38.035996,20.80458
EVT0009,EVT0009-FC02,12.0,3,2026-01-09T13:11:31Z,38.16383,21.010398
EVT0009,EVT0009-FC02,12.0,3,2026-01-09T13:11:31Z,38.334877,21.074347
EVT0009,EVT0009-FC02,12.0,3,2026-01-09T13:11:31Z,38.081131,20.607188
EVT0009,EVT0009-FC02,12.0,3,2026-01-09T13:11:31Z,38.21517,20.96287
EVT0009,EVT0009-FC02,12.0,3,2026-01-09T13:11:31Z,38.322275,21.100147
EVT0009,EVT0009-FC02,12.0,3,2026-01-09T13:11:31Z,38.258856,20.966817
EVT0009,EVT0009-FC02,12.0,3,2026-01-09T13:11:31Z,38.398672,21.113387
EVT0009,EVT0009-FC02,12.0,3,2026-01-09T13:11:31Z,38.088755,20.698168
EVT0009,EVT0009-FC02,12.0,3,2026-01-09T13:11:31Z,37.846943,21.192723
EVT0009,EVT0009-FC02,12.0,3,2026-01-09T13:11:31Z,38.242036,21.01081
EVT0009,EVT0009-FC02,12.0,3,2026-01-09T13:11:31Z,38.029002,20.987703
EVT0009,EVT0009-FC02,12.0,3,2026-01-09T13:11:31Z,38.286849,21.040991
EVT0009,EVT0009-FC02,12.0,3,2026-01-09T13:11:31Z,38.344683,20.853219
EVT0009,EVT0009-FC02,12.0,3,2026-01-09T13:11:31Z,38.402573,21.048739
EVT0009,EVT0009-FC02,12.0,3,2026-01-09T13:11:31Z,38.184956,20.937728
EVT0009,EVT0009-FC02,12.0,3,2026-01-09T13:11:31Z,38.037608,20.907046
EVT0009,EVT0009-FC02,12.0,3,2026-01-09T13:11:31Z,38.3166,21.129607
EVT0009,EVT0009-FC02,12.0,3,2026-01-09T13:11:31Z,38.191325,21.03593
EVT0009,EVT0009-FC02,12.0,3,2026-01-09T13:11:31Z,38.137538,21.318461
EVT0009,EVT0009-FC02,12.0,3,2026-01-09T13:11:31Z,37.993889,20.859521
EVT0009,EVT0009-FC02,12.0,3,2026-01-09T13:11:31Z,38.433788,21.058024
EVT0009,EVT0009-FC02,12.0,3,2026-01-09T13:11:31Z,38.224123,21.441811
EVT0009,EVT0009-FC02,12.0,3,2026-01-09T13:11:31Z,38.169567,20.867438
EVT0009,EVT0009-FC02,12.0,3,2026-01-09T13:11:31Z,38.332335,21.048997
EVT0009,EVT0009-FC02,12.0,3,2026-01-09T13:11:31Z,38.498119,20.79925
EVT0009,EVT0009-FC02,12.0,3,2026-01-09T13:11:31Z,38.116661,21.05953
EVT0009,EVT0009-FC02,12.0,3,2026-01-09T13:11:31Z,38.152244,21.229604
EVT0009,EVT0009-FC02,12.0,3,2026-01-09T13:11:31Z,37.942497,20.956741
EVT0009,EVT0009-FC02,12.0,3,2026-01-09T13:11:31Z,38.163906,20.824331
EVT0009,EVT0009-FC02,12.0,3,2026-01-09T13:11:31Z,38.27306,21.032045
EVT0009,EVT0009-FC02,12.0,3,2026-01-09T13:11:31Z,38.191594,20.71062
EVT0009,EVT0009-FC02,12.0,3,2026-01-09T13:11:31Z,37.998434,20.728688
EVT0009,EVT0009-FC02,12.0,3,2026-01-09T13:11:31Z,38.488308,21.102923
EVT0009,EVT0009-FC02,12.0,3,2026-01-09T13:11:31Z,38.445025,21.072809
EVT0009,EVT0009-FC02,12.0,3,2026-01-09T13:11:31Z,38.062322,21.105864
EVT0009,EVT0009-FC02,12.0,3,2026-01-09T13:11:31Z,38.120829,20.945302
EVT0009,EVT0009-FC02,12.0,3,2026-01-09T13:11:31Z,38.357909,21.18483
EVT0009,EVT0009-FC02,12.0,3,2026-01-09T13:11:31Z,38.284283,21.25942
EVT0009,EVT0009-FC02,12.0,3,2026-01-09T13:11:31Z,38.173703,21.299
EVT0009,EVT0009-FC02,12.0,3,2026-01-09T13:11:31Z,38.207812,21.358991
EVT0009,EVT0009-FC02,24.0,3,2026-01-10T01:11:31Z,38.287089,21.835113
EVT0009,EVT0009-FC02,24.0,3,2026-01-10T01:11:31Z,38.836184,20.875771
EVT0009,EVT0009-FC02,24.0,3,2026-01-10T01:11:31Z,38.411492,21.275857
EVT0009,EVT0009-FC02,24.0,3,2026-01-10T01:11:31Z,38.388906,21.18203
EVT0009,EVT0009-FC02,24.0,3,2026-01-10T01:11:31Z,38.356051,21.114325
EVT0009,EVT0009-FC02,24.0,3,2026-01-10T01:11:31Z,38.719935,20.862538
EVT0009,EVT0009-FC02,24.0,3,2026-01-10T01:11:31Z,38.118489,20.564586
EVT0009,EVT0009-FC02,24.0,3,2026-01-10T01:11:31Z,38.12703,21.347673
EVT0009,EVT0009-FC02,24.0,3,2026-01-10T01:11:31Z,38.232329,20.911895
EVT0009,EVT0009-FC02,24.0,3,2026-01-10T01:11:31Z,38.181632,21.098693
EVT0009,EVT0009-FC02,24.0,3,2026-01-10T01:11:31Z,38.739979,20.977922
EVT0009,EVT0009-FC02,24.0,3,2026-01-10T01:11:31Z,38.267256,20.949612
EVT0009,EVT0009-FC02,24.0,3,2026-01-10T01:11:31Z,38.178501,21.106227
EVT0009,EVT0009-FC02,24.0,3,2026-01-10T01:11:31Z,37.977755,20.599467
EVT0009,EVT0009-FC02,24.0,3,2026-01-10T01:11:31Z,38.159957,21.027902
EVT0009,EVT0009-FC02,24.0,3,2026-01-10T01:11:31Z,38.469841,20.70949
EVT0009,EVT0009-FC02,24.0,3,2026-01-10T01:11:31Z,38.239327,20.983002
EVT0009,EVT0009-FC02,24.0,3,2026-01-10T01:11:31Z,38.186892,20.953184
EVT0009,EVT0009-FC02,24.0,3,2026-01-10T01:11:31Z,38.419764,20.711535
EVT0009,EVT0009-FC02,24.0,3,2026-01-10T01:11:31Z,38.020211,21.04065
EVT0009,EVT0009-FC02,24.0,3,2026-01-10T01:11:31Z,38.369973,21.047349
EVT0009,EVT0009-FC02,24.0,3,2026-01-10T01:11:31Z,38.153021,20.949668
EVT0009,EVT0009-FC02,24.0,3,2026-01-10T01:11:31Z,38.367923,21.184254
EVT0009,EVT0009-FC02,24.0,3,2026-01-10T01:11:31Z,39.024126,21.23439
EVT0009,EVT0009-FC02,24.0,3,2026-01-10T01:11:31Z,38.546717,21.643647
EVT0009,EVT0009-FC02,24.0,3,2026-01-10T01:11:31Z,38.346794,21.664531
EVT0009,EVT0009-FC02,24.0,3,2026-01-10T01:11:31Z,38.064217,20.516274
EVT0009,EVT0009-FC02,24.0,3,2026-01-10T01:11:31Z,38.61396,20.695588
EVT0009,EVT0009-FC02,24.0,3,2026-01-10T01:11:31Z,38.110253,20.541931
EVT0009,EVT0009-FC02,24.0,3,2026-01-10T01:11:31Z,38.242541,21.08934
EVT0009,EVT0009-FC02,24.0,3,2026-01-10T01:11:31Z,38.130809,20.503975
EVT0009,EVT0009-FC02,24.0,3,2026-01-10T01:11:31Z,38.141955,20.808825
EVT0009,EVT0009-FC02,24.0,3,2026-01-10T01:11:31Z,38.141385,20.898044
EVT0009,EVT0009-FC02,24.0,3,2026-01-10T01:11:31Z,38.258838,20.81146
EVT0009,EVT0009-FC02,24.0,3,2026-01-10T01:11:31Z,37.957998,20.74511
EVT0009,EVT0009-FC02,24.0,3,2026-01-10T01:11:31Z,38.229855,20.99508
EVT0009,EVT0009-FC02,24.0,3,2026-01-10T01:11:31Z,38.624746,20.680261
EVT0009,EVT0009-FC02,24.0,3,2026-01-10T01:11:31Z,37.863443,20.696104
EVT0009,EVT0009-FC02,24.0,3,2026-01-10T01:11:31Z,37.882978,20.695733
EVT0009,EVT0009-FC02,24.0,3,2026-01-10T01:11:31Z,38.284741,21.15931
EVT0009,EVT0009-FC02,48.0,3,2026-01-11T01:11:31Z,38.079571,20.179422
EVT0009,EVT0009-FC02,48.0,3,2026-01-11T01:11:31Z,38.443013,20.743869
EVT0009,EVT0009-FC02,48.0,3,2026-01-11T01:11:31Z,38.190377,20.735884
EVT0009,EVT0009-FC02,48.0,3,2026-01-11T01:11:31Z,38.51186,21.569363
EVT0009,EVT0009-FC02,48.0,3,2026-01-11T01:11:31Z,38.302924,21.050652
EVT0009,EVT0009-FC02,48.0,3,2026-01-11T01:11:31Z,38.241359,20.881095
EVT0009,EVT0009-FC02,48.0,3,2026-01-11T01:11:31Z,38.300664,20.896341
EVT0009,EVT0009-FC02,48.0,3,2026-01-11T01:11:31Z,38.492318,20.127197
EVT0009,EVT0009-FC02,48.0,3,2026-01-11T01:11:31Z,38.613021,21.295571
EVT0009,EVT0009-FC02,48.0,3,2026-01-11T01:11:31Z,37.865282,20.556993
EVT0009,EVT0009-FC02,48.0,3,2026-01-11T01:11:31Z,38.409022,21.060219
EVT0009,EVT0009-FC02,48.0,3,2026-01-11T01:11:31Z,38.646631,20.166068
EVT0009,EVT0009-FC02,48.0,3,2026-01-11T01:11:31Z,38.740261,20.724867
EVT0009,EVT0009-FC02,48.0,3,2026-01-11T01:11:31Z,38.827537,20.430636
EVT0009,EVT0009-FC02,48.0,3,2026-01-11T01:11:31Z,38.42931,20.539214
EVT0009,EVT0009-FC02,48.0,3,2026-01-11T01:11:31Z,38.280348,20.505462
EVT0009,EVT0009-FC02,48.0,3,2026-01-11T01:11:31Z,38.434634,20.166705
EVT0009,EVT0009-FC02,48.0,3,2026-01-11T01:11:31Z,38.644123,19.889511
EVT0009,EVT0009-FC02,48.0,3,2026-01-11T01:11:31Z,38.131912,20.560374
EVT0009,EVT0009-FC02,48.0,3,2026-01-11T01:11:31Z,38.436652,20.087582
EVT0009,EVT0009-FC02,48.0,3,2026-01-11T01:11:31Z,38.318217,20.084228
EVT0009,EVT0009-FC02,48.0,3,2026-01-11T01:11:31Z,38.753572,20.185327
EVT0009,EVT0009-FC02,48.0,3,2026-01-11T01:11:31Z,38.187291,20.571718
EVT0009,EVT0009-FC02,48.0,3,2026-01-11T01:11:31Z,38.277916,20.712404
EVT0009,EVT0009-FC02,48.0,3,2026-01-11T01:11:31Z,38.433676,20.541135
EVT0009,EVT0009-FC02,48.0,3,2026-01-11T01:11:31Z,38.095982,20.970683
EVT0009,EVT0009-FC02,48.0,3,2026-01-11T01:11:31Z,38.122177,20.311918
EVT0009,EVT0009-FC02,48.0,3,2026-01-11T01:11:31Z,37.876666,20.857708
EVT0009,EVT0009-FC02,48.0,3,2026-01-11T01:11:31Z,38.787754,20.588108
EVT0009,EVT0009-FC02,48.0,3,2026-01-11T01:11:31Z,37.986059,20.854428
EVT0009,EVT0009-FC02,48.0,3,2026-01-11T01:11:31Z,37.809431,19.996279
EVT0009,EVT0009-FC02,48.0,3,2026-01-11T01:11:31Z,38.417702,21.117844
EVT0009,EVT0009-FC02,48.0,3,2026-01-11T01:11:31Z,38.084245,20.590673
EVT0009,EVT0009-FC02,48.0,3,2026-01-11T01:11:31Z,38.552246,20.998451
EVT0009,EVT0009-FC02,48.0,3,2026-01-11T01:11:31Z,38.695257,20.022343
EVT0009,EVT0009-FC02,48.0,3,2026-01-11T01:11:31Z,38.103858,20.389642
EVT0009,EVT0009-FC02,48.0,3,2026-01-11T01:11:31Z,38.617759,20.083835
EVT0009,EVT0009-FC02,48.0,3,2026-01-11T01:11:31Z,38.075679,20.342718
EVT0009,EVT0009-FC02,48.0,3,2026-01-11T01:11:31Z,38.435463,20.877474
EVT0009,EVT0009-FC02,48.0,3,2026-01-11T01:11:31Z,38.90745,20.298146
EVT0009,EVT0009-FC02,72.0,3,2026-01-12T01:11:31Z,39.229551,20.759146
EVT0009,EVT0009-FC02,72.0,3,2026-01-12T01:11:31Z,38.57521,21.556611
EVT0009,EVT0009-FC02,72.0,3,2026-01-12T01:11:31Z,38.295744,20.543568
EVT0009,EVT0009-FC02,72.0,3,2026-01-12T01:11:31Z,38.632542,21.376241
EVT0009,EVT0009-FC02,72.0,3,2026-01-12T01:11:31Z,38.13727,20.297649
EVT0009,EVT0009-FC02,72.0,3,2026-01-12T01:11:31Z,38.60438,21.527791
EVT0009,EVT0009-FC02,72.0,3,2026-01-12T01:11:31Z,39.407379,21.340381
EVT0009,EVT0009-FC02,72.0,3,2026-01-12T01:11:31Z,38.942686,21.298398
EVT0009,EVT0009-FC02,72.0,3,2026-01-12T01:11:31Z,38.172873,20.890662
EVT0009,EVT0009-FC02,72.0,3,2026-01-12T01:11:31Z,38.4042,21.421536
EVT0009,EVT0009-FC02,72.0,3,2026-01-12T01:11:31Z,37.849533,20.63431
EVT0009,EVT0009-FC02,72.0,3,2026-01-12T01:11:31Z,38.133204,20.263442
EVT0009,EVT0009-FC02,72.0,3,2026-01-12T01:11:31Z,38.452596,20.940181
EVT0009,EVT0009-FC02,72.0,3,2026-01-12T01:11:31Z,39.322639,20.202152
EVT0009,EVT0009-FC02,72.0,3,2026-01-12T01:11:31Z,38.601035,21.479089
EVT0009,EVT0009-FC02,72.0,3,2026-01-12T01:11:31Z,38.307979,21.02507
EVT0009,EVT0009-FC02,72.0,3,2026-01-12T01:11:31Z,38.876355,21.756299
EVT0009,EVT0009-FC02,72.0,3,2026-01-12T01:11:31Z,38.090217,20.428752
EVT0009,EVT0009-FC02,72.0,3,2026-01-12T01:11:31Z,38.283337,20.285855
EVT0009,EVT0009-FC02,72.0,3,2026-01-12T01:11:31Z,38.778205,20.604909
EVT0009,EVT0009-FC02,72.0,3,2026-01-12T01:11:31Z,39.172582,20.888508
EVT0009,EVT0009-FC02,72.0,3,2026-01-12T01:11:31Z,38.907055,20.381893
EVT0009,EVT0009-FC02,72.0,3,2026-01-12T01:11:31Z,39.013209,20.929802
EVT0009,EVT0009-FC02,72.0,3,2026-01-12T01:11:31Z,37.846531,20.508919
EVT0009,EVT0009-FC02,72.0,3,2026-01-12T01:11:31Z,38.019505,20.630781
EVT0009,EVT0009-FC02,72.0,3,2026-01-12T01:11:31Z,38.379624,20.990858
EVT0009,EVT0009-FC02,72.0,3,2026-01-12T01:11:31Z,38.786968,20.978004
EVT0009,EVT0009-FC02,72.0,3,2026-01-12T01:11:31Z,37.903415,20.557885
EVT0009,EVT0009-FC02,72.0,3,2026-01-12T01:11:31Z,38.072014,21.14127
EVT0009,EVT0009-FC02,72.0,3,2026-01-12T01:11:31Z,39.157693,21.329583
EVT0009,EVT0009-FC02,72.0,3,2026-01-12T01:11:31Z,38.47304,20.91559
EVT0009,EVT0009-FC02,72.0,3,2026-01-12T01:11:31Z,38.966314,19.321827
EVT0009,EVT0009-FC02,72.0,3,2026-01-12T01:11:31Z,37.679777,20.808602
EVT0009,EVT0009-FC02,72.0,3,2026-01-12T01:11:31Z,38.490428,19.961138
EVT0009,EVT0009-FC02,72.0,3,2026-01-12T01:11:31Z,39.414653,19.869582
EVT0009,EVT0009-FC02,72.0,3,2026-01-12T01:11:31Z,39.20638,21.091601
EVT0009,EVT0009-FC02,72.0,3,2026-01-12T01:11:31Z,38.442638,21.056
EVT0009,EVT0009-FC02,72.0,3,2026-01-12T01:11:31Z,37.967087,20.540273
EVT0009,EVT0009-FC02,72.0,3,2026-01-12T01:11:31Z,38.68426,21.85367
EVT0009,EVT0009-FC02,72.0,3,2026-01-12T01:11:31Z,38.226415,21.247266
EVT0009,EVT0009-FC02,12.0,4,2026-01-09T13:11:31Z,38.107721,20.984691
EVT0009,EVT0009-FC02,12.0,4,2026-01-09T13:11:31Z,37.834739,20.913806
EVT0009,EVT0009-FC02,12.0,4,2026-01-09T13:11:31Z,38.132692,20.66768
EVT0009,EVT0009-FC02,12.0,4,2026-01-09T13:11:31Z,38.45848,21.113624
EVT0009,EVT0009-FC02,12.0,4,2026-01-09T13:11:31Z,38.095551,20.892682
EVT0009,EVT0009-FC02,12.0,4,2026-01-09T13:11:31Z,38.177535,21.078807
EVT0009,EVT0009-FC02,12.0,4,2026-01-09T13:11:31Z,38.088196,21.079721
EVT0009,EVT0009-FC02,12.0,4,2026-01-09T13:11:31Z,38.24339,20.85939
EVT0009,EVT0009-FC02,12.0,4,2026-01-09T13:11:31Z,38.102276,21.228024
EVT0009,EVT0009-FC02,12.0,4,2026-01-09T13:11:31Z,38.405514,21.044399
EVT0009,EVT0009-FC02,12.0,4,2026-01-09T13:11:31Z,38.23967,21.306173
EVT0009,EVT0009-FC02,12.0,4,2026-01-09T13:11:31Z,37.98014,20.804992
EVT0009,EVT0009-FC02,12.0,4,2026-01-09T13:11:31Z,38.162972,21.344452
EVT0009,EVT0009-FC02,12.0,4,2026-01-09T13:11:31Z,38.35171,21.27672
EVT0009,EVT0009-FC02,12.0,4,2026-01-09T13:11:31Z,38.233146,21.181125
EVT0009,EVT0009-FC02,12.0,4,2026-01-09T13:11:31Z,38.180855,20.935705
EVT0009,EVT0009-FC02,12.0,4,2026-01-09T13:11:31Z,38.13647,20.55035
EVT0009,EVT0009-FC02,12.0,4,2026-01-09T13:11:31Z,38.080926,21.100554
EVT0009,EVT0009-FC02,12.0,4,2026-01-09T13:11:31Z,38.032834,21.085751
EVT0009,EVT0009-FC02,12.0,4,2026-01-09T13:11:31Z,37.953459,20.807049
EVT0009,EVT0009-FC02,12.0,4,2026-01-09T13:11:31Z,38.244691,20.960484
EVT0009,EVT0009-FC02,12.0,4,2026-01-09T13:11:31Z,38.099138,21.146402
EVT0009,EVT0009-FC02,12.0,4,2026-01-09T13:11:31Z,38.208836,21.042017
EVT0009,EVT0009-FC02,12.0,4,2026-01-09T13:11:31Z,38.226896,20.976852
EVT0009,EVT0009-FC02,12.0,4,2026-01-09T13:11:31Z,38.228526,20.90944
EVT0009,EVT0009-FC02,12.0,4,2026-01-09T13:11:31Z,38.17837,21.166227
EVT0009,EVT0009-FC02,12.0,4,2026-01-09T13:11:31Z,37.980657,20.746625
EVT0009,EVT0009-FC02,12.0,4,2026-01-09T13:11:31Z,38.164536,21.123414
EVT0009,EVT0009-FC02,12.0,4,2026-01-09T13:11:31Z,38.045868,20.859057
EVT0009,EVT0009-FC02,12.0,4,2026-01-09T13:11:31Z,37.969644,20.780161
EVT0009,EVT0009-FC02,12.0,4,2026-01-09T13:11:31Z,37.862234,20.751564
EVT0009,EVT0009-FC02,12.0,4,2026-01-09T13:11:31Z,37.937597,21.05912
EVT0009,EVT0009-FC02,12.0,4,2026-01-09T13:11:31Z,38.361805,20.96719
EVT0009,EVT0009-FC02,12.0,4,2026-01-09T13:11:31Z,38.111118,20.890731
EVT0009,EVT0009-FC02,12.0,4,2026-01-09T13:11:31Z,38.045374,20.963852
EVT0009,EVT0009-FC02,12.0,4,2026-01-09T13:11:31Z,38.129329,21.098977
EVT0009,EVT0009-FC02,12.0,4,2026-01-09T13:11:31Z,38.413487,21.038662
EVT0009,EVT0009-FC02,12.0,4,2026-01-09T13:11:31Z,38.097229,21.091072
EVT0009,EVT0009-FC02,12.0,4,2026-01-09T13:11:31Z,38.392752,21.046617
EVT0009,EVT0009-FC02,12.0,4,2026-01-09T13:11:31Z,38.442377,21.264381
EVT0009,EVT0009-FC02,24.0,4,2026-01-10T01:11:31Z,38.453795,21.228629
EVT0009,EVT0009-FC02,24.0,4,2026-01-10T01:11:31Z,38.455378,21.087383
EVT0009,EVT0009-FC02,24.0,4,2026-01-10T01:11:31Z,38.184281,20.991905
EVT0009,EVT0009-FC02,24.0,4,2026-01-10T01:11:31Z,38.333733,21.049391
EVT0009,EVT0009-FC02,24.0,4,2026-01-10T01:11:31Z,38.294572,21.200061
EVT0009,EVT0009-FC02,24.0,4,2026-01-10T01:11:31Z,38.004919,21.409384
EVT0009,EVT0009-FC02,24.0,4,2026-01-10T01:11:31Z,38.589112,21.154466
EVT0009,EVT0009-FC02,24.0,4,2026-01-10T01:11:31Z,38.126114,21.066364
EVT0009,EVT0009-FC02,24.0,4,2026-01-10T01:11:31Z,38.489526,20.641908
EVT0009,EVT0009-FC02,24.0,4,2026-01-10T01:11:31Z,38.743029,21.238447
EVT0009,EVT0009-FC02,24.0,4,2026-01-10T01:11:31Z,38.339942,20.87279
EVT0009,EVT0009-FC02,24.0,4,2026-01-10T01:11:31Z,38.004696,20.607029
EVT0009,EVT0009-FC02,24.0,4,2026-01-10T01:11:31Z,38.035904,20.499397
EVT0009,EVT0009-FC02,24.0,4,2026-01-10T01:11:31Z,38.296681,20.826132
EVT0009,EVT0009-FC02,24.0,4,2026-01-10T01:11:31Z,38.321387,21.147251
EVT0009,EVT0009-FC02,24.0,4,2026-01-10T01:11:31Z,38.302765,21.422615
EVT0009,EVT0009-FC02,24.0,4,2026-01-10T01:11:31Z,38.516695,20.460495
EVT0009,EVT0009-FC02,24.0,4,2026-01-10T01:11:31Z,38.177119,21.534199
EVT0009,EVT0009-FC02,24.0,4,2026-01-10T01:11:31Z,38.682916,21.891158
EVT0009,EVT0009-FC02,24.0,4,2026-01-10T01:11:31Z,38.033767,20.985294
EVT0009,EVT0009-FC02,24.0,4,2026-01-10T01:11:31Z,38.258633,21.139614
EVT0009,EVT0009-FC02,24.0,4,2026-01-10T01:11:31Z,38.947845,21.040518
EVT0009,EVT0009-FC02,24.0,4,2026-01-10T01:11:31Z,38.800988,20.422802
EVT0009,EVT0009-FC02,24.0,4,2026-01-10T01:11:31Z,38.231465,21.182551
EVT0009,EVT0009-FC02,24.0,4,2026-01-10T01:11:31Z,38.162272,20.800148
EVT0009,EVT0009-FC02,24.0,4,2026-01-10T01:11:31Z,38.634508,20.89204
EVT0009,EVT0009-FC02,24.0,4,2026-01-10T01:11:31Z,38.360926,20.830676
EVT0009,EVT0009-FC02,24.0,4,2026-01-10T01:11:31Z,38.194481,20.983324
EVT0009,EVT0009-FC02,24.0,4,2026-01-10T01:11:31Z,38.449824,21.121439
EVT0009,EVT0009-FC02,24.0,4,2026-01-10T01:11:31Z,38.27883,21.356575
EVT0009,EVT0009-FC02,24.0,4,2026-01-10T01:11:31Z,38.975167,21.546411
EVT0009,EVT0009-FC02,24.0,4,2026-01-10T01:11:31Z,38.150825,20.942046
EVT0009,EVT0009-FC02,24.0,4,2026-01-10T01:11:31Z,38.761505,20.694116
EVT0009,EVT0009-FC02,24.0,4,2026-01-10T01:11:31Z,38.203277,21.18078
EVT0009,EVT0009-FC02,24.0,4,2026-01-10T01:11:31Z,38.367401,21.149069
EVT0009,EVT0009-FC02,24.0,4,2026-01-10T01:11:31Z,37.90034,20.767597
EVT0009,EVT0009-FC02,24.0,4,2026-01-10T01:11:31Z,38.711792,20.879231
EVT0009,EVT0009-FC02,24.0,4,2026-01-10T01:11:31Z,38.729748,20.722459
EVT0009,EVT0009-FC02,24.0,4,2026-01-10T01:11:31Z,38.171446,20.630274
EVT0009,EVT0009-FC02,24.0,4,2026-01-10T01:11:31Z,38.339315,20.940148
EVT0009,EVT0009-FC02,48.0,4,2026-01-11T01:11:31Z,37.828613,21.086888
EVT0009,EVT0009-FC02,48.0,4,2026-01-11T01:11:31Z,38.043336,21.413095
EVT0009,EVT0009-FC02,48.0,4,2026-01-11T01:11:31Z,38.440264,20.909075
EVT0009,EVT0009-FC02,48.0,4,2026-01-11T01:11:31Z,38.473913,21.107265
EVT0009,EVT0009-FC02,48.0,4,2026-01-11T01:11:31Z,38.099601,20.854297
EVT0009,EVT0009-FC02,48.0,4,2026-01-11T01:11:31Z,38.756673,20.53486
EVT0009,EVT0009-FC02,48.0,4,2026-01-11T01:11:31Z,38.469769,21.07046
EVT0009,EVT0009-FC02,48.0,4,2026-01-11T01:11:31Z,38.492921,20.940053
EVT0009,EVT0009-FC02,48.0,4,2026-01-11T01:11:31Z,38.981252,20.920153
EVT0009,EVT0009-FC02,48.0,4,2026-01-11T01:11:31Z,37.985873,21.009152
EVT0009,EVT0009-FC02,48.0,4,2026-01-11T01:11:31Z,38.008852,20.56839
EVT0009,EVT0009-FC02,48.0,4,2026-01-11T01:11:31Z,38.273128,21.450305
EVT0009,EVT0009-FC02,48.0,4,2026-01-11T01:11:31Z,38.339545,21.174478
EVT0009,EVT0009-FC02,48.0,4,2026-01-11T01:11:31Z,38.565893,21.345861
EVT0009,EVT0009-FC02,48.0,4,2026-01-11T01:11:31Z,38.739341,20.635667
EVT0009,EVT0009-FC02,48.0,4,2026-01-11T01:11:31Z,38.248019,20.529298
EVT0009,EVT0009-FC02,48.0,4,2026-01-11T01:11:31Z,38.865893,22.211751
EVT0009,EVT0009-FC02,48.0,4,2026-01-11T01:11:31Z,38.565011,21.590884
EVT0009,EVT0009-FC02,48.0,4,2026-01-11T01:11:31Z,37.940042,20.149438
EVT0009,EVT0009-FC02,48.0,4,2026-01-11T01:11:31Z,38.269287,21.193499
EVT0009,EVT0009-FC02,48.0,4,2026-01-11T01:11:31Z,37.818397,20.031076
EVT0009,EVT0009-FC02,48.0,4,2026-01-11T01:11:31Z,38.683373,20.255271
EVT0009,EVT0009-FC02,48.0,4,2026-01-11T01:11:31Z,38.542895,21.311244
EVT0009,EVT0009-FC02,48.0,4,2026-01-11T01:11:31Z,38.007429,20.612123
EVT0009,EVT0009-FC02,48.0,4,2026-01-11T01:11:31Z,38.190876,21.001557
EVT0009,EVT0009-FC02,48.0,4,2026-01-11T01:11:31Z,38.310147,19.629623
EVT0009,EVT0009-FC02,48.0,4,2026-01-11T01:11:31Z,38.412829,21.298074
EVT0009,EVT0009-FC02,48.0,4,2026-01-11T01:11:31Z,39.113661,20.792866
EVT0009,EVT0009-FC02,48.0,4,2026-01-11T01:11:31Z,39.184751,20.191495
EVT0009,EVT0009-FC02,48.0,4,2026-01-11T01:11:31Z,38.383447,20.888173
EVT0009,EVT0009-FC02,48.0,4,2026-01-11T01:11:31Z,38.402565,20.753305
EVT0009,EVT0009-FC02,48.0,4,2026-01-11T01:11:31Z,38.396183,21.251848
EVT0009,EVT0009-FC02,48.0,4,2026-01-11T01:11:31Z,38.196534,20.871927
EVT0009,EVT0009-FC02,48.0,4,2026-01-11T01:11:31Z,38.959282,20.335313
EVT0009,EVT0009-FC02,48.0,4,2026-01-11T01:11:31Z,39.146841,20.953592
EVT0009,EVT0009-FC02,48.0,4,2026-01-11T01:11:31Z,38.430001,21.042424
EVT0009,EVT0009-FC02,48.0,4,2026-01-11T01:11:31Z,38.617348,21.644135
EVT0009,EVT0009-FC02,48.0,4,2026-01-11T01:11:31Z,38.584521,20.165821
EVT0009,EVT0009-FC02,48.0,4,2026-01-11T01:11:31Z,38.774185,21.766581
EVT0009,EVT0009-FC02,48.0,4,2026-01-11T01:11:31Z,38.289523,20.986902
EVT0009,EVT0009-FC02,72.0,4,2026-01-12T01:11:31Z,38.659415,21.772879
EVT0009,EVT0009-FC02,72.0,4,2026-01-12T01:11:31Z,39.690929,20.661518
EVT0009,EVT0009-FC02,72.0,4,2026-01-12T01:11:31Z,38.008371,20.604175
EVT0009,EVT0009-FC02,72.0,4,2026-01-12T01:11:31Z,37.809449,21.488274
EVT0009,EVT0009-FC02,72.0,4,2026-01-12T01:11:31Z,38.768308,20.591915
EVT0009,EVT0009-FC02,72.0,4,2026-01-12T01:11:31Z,39.077638,20.698505
EVT0009,EVT0009-FC02,72.0,4,2026-01-12T01:11:31Z,38.11893,20.563006
EVT0009,EVT0009-FC02,72.0,4,2026-01-12T01:11:31Z,39.382946,21.406775
EVT0009,EVT0009-FC02,72.0,4,2026-01-12T01:11:31Z,38.498627,21.140482
EVT0009,EVT0009-FC02,72.0,4,2026-01-12T01:11:31Z,38.689957,20.590506
EVT0009,EVT0009-FC02,72.0,4,2026-01-12T01:11:31Z,38.739443,20.007313
EVT0009,EVT0009-FC02,72.0,4,2026-01-12T01:11:31Z,37.66572,19.280137
EVT0009,EVT0009-FC02,72.0,4,2026-01-12T01:11:31Z,38.463488,20.989924
EVT0009,EVT0009-FC02,72.0,4,2026-01-12T01:11:31Z,38.18531,20.933958
EVT0009,EVT0009-FC02,72.0,4,2026-01-12T01:11:31Z,38.71434,21.43721
EVT0009,EVT0009-FC02,72.0,4,2026-01-12T01:11:31Z,38.476668,20.895782
EVT0009,EVT0009-FC02,72.0,4,2026-01-12T01:11:31Z,38.091647,20.442874
EVT0009,EVT0009-FC02,72.0,4,2026-01-12T01:11:31Z,38.433209,21.000755
EVT0009,EVT0009-FC02,72.0,4,2026-01-12T01:11:31Z,39.139011,21.890506
EVT0009,EVT0009-FC02,72.0,4,2026-01-12T01:11:31Z,39.072162,20.640223
EVT0009,EVT0009-FC02,72.0,4,2026-01-12T01:11:31Z,38.950152,20.575472
EVT0009,EVT0009-FC02,72.0,4,2026-01-12T01:11:31Z,38.569834,20.922938
EVT0009,EVT0009-FC02,72.0,4,2026-01-12T01:11:31Z,38.586089,20.703353
EVT0009,EVT0009-FC02,72.0,4,2026-01-12T01:11:31Z,38.686417,21.246728
EVT0009,EVT0009-FC02,72.0,4,2026-01-12T01:11:31Z,38.439721,21.304752
EVT0009,EVT0009-FC02,72.0,4,2026-01-12T01:11:31Z,38.002882,20.427581
EVT0009,EVT0009-FC02,72.0,4,2026-01-12T01:11:31Z,37.974568,20.548716
EVT0009,EVT0009-FC02,72.0,4,2026-01-12T01:11:31Z,38.41444,20.949453
EVT0009,EVT0009-FC02,72.0,4,2026-01-12T01:11:31Z,38.823982,20.639437
EVT0009,EVT0009-FC02,72.0,4,2026-01-12T01:11:31Z,38.413144,21.00353
EVT0009,EVT0009-FC02,72.0,4,2026-01-12T01:11:31Z,38.271017,21.546425
EVT0009,EVT0009-FC02,72.0,4,2026-01-12T01:11:31Z,38.656841,20.733122
EVT0009,EVT0009-FC02,72.0,4,2026-01-12T01:11:31Z,39.002035,20.798978
EVT0009,EVT0009-FC02,72.0,4,2026-01-12T01:11:31Z,38.245411,20.535297
EVT0009,EVT0009-FC02,72.0,4,2026-01-12T01:11:31Z,39.062455,20.40105
EVT0009,EVT0009-FC02,72.0,4,2026-01-12T01:11:31Z,39.097963,20.630553
EVT0009,EVT0009-FC02,72.0,4,2026-01-12T01:11:31Z,38.424645,21.02535
EVT0009,EVT0009-FC02,72.0,4,2026-01-12T01:11:31Z,38.415606,21.129752
EVT0009,EVT0009-FC02,72.0,4,2026-01-12T01:11:31Z,39.20504,21.056956
EVT0009,EVT0009-FC02,72.0,4,2026-01-12T01:11:31Z,38.165496,20.895305
EVT0009,EVT0009-FC02,12.0,5,2026-01-09T13:11:31Z,38.245757,21.220761
EVT0009,EVT0009-FC02,12.0,5,2026-01-09T13:11:31Z,38.287429,20.952519
EVT0009,EVT0009-FC02,12.0,5,2026-01-09T13:11:31Z,38.131877,21.051039
EVT0009,EVT0009-FC02,12.0,5,2026-01-09T13:11:31Z,38.050189,21.138682
EVT0009,EVT0009-FC02,12.0,5,2026-01-09T13:11:31Z,38.304767,21.183543
EVT0009,EVT0009-FC02,12.0,5,2026-01-09T13:11:31Z,38.371159,21.120494
EVT0009,EVT0009-FC02,12.0,5,2026-01-09T13:11:31Z,37.944799,20.878396
EVT0009,EVT0009-FC02,12.0,5,2026-01-09T13:11:31Z,38.269014,20.986383
EVT0009,EVT0009-FC02,12.0,5,2026-01-09T13:11:31Z,38.373174,20.971246
EVT0009,EVT0009-FC02,12.0,5,2026-01-09T13:11:31Z,38.63742,21.024687
EVT0009,EVT0009-FC02,12.0,5,2026-01-09T13:11:31Z,38.175667,21.163267
EVT0009,EVT0009-FC02,12.0,5,2026-01-09T13:11:31Z,37.890557,20.985697
EVT0009,EVT0009-FC02,12.0,5,2026-01-09T13:11:31Z,38.335451,21.044915
EVT0009,EVT0009-FC02,12.0,5,2026-01-09T13:11:31Z,38.086523,21.335036
EVT0009,EVT0009-FC02,12.0,5,2026-01-09T13:11:31Z,38.26354,20.869975
EVT0009,EVT0009-FC02,12.0,5,2026-01-09T13:11:31Z,38.191703,21.092516
EVT0009,EVT0009-FC02,12.0,5,2026-01-09T13:11:31Z,38.460362,20.869427
EVT0009,EVT0009-FC02,12.0,5,2026-01-09T13:11:31Z,38.288879,20.863802
EVT0009,EVT0009-FC02,12.0,5,2026-01-09T13:11:31Z,38.063287,20.830784
EVT0009,EVT0009-FC02,12.0,5,2026-01-09T13:11:31Z,38.002845,20.859415
EVT0009,EVT0009-FC02,12.0,5,2026-01-09T13:11:31Z,38.177295,21.073988
EVT0009,EVT0009-FC02,12.0,5,2026-01-09T13:11:31Z,38.4394,21.102471
EVT0009,EVT0009-FC02,12.0,5,2026-01-09T13:11:31Z,38.469732,21.070107
EVT0009,EVT0009-FC02,12.0,5,2026-01-09T13:11:31Z,38.273492,21.164097
EVT0009,EVT0009-FC02,12.0,5,2026-01-09T13:11:31Z,38.305768,21.350938
EVT0009,EVT0009-FC02,12.0,5,2026-01-09T13:11:31Z,38.029678,20.897481
EVT0009,EVT0009-FC02,12.0,5,2026-01-09T13:11:31Z,38.340598,21.117971
EVT0009,EVT0009-FC02,12.0,5,2026-01-09T13:11:31Z,38.219796,20.986649
EVT0009,EVT0009-FC02,12.0,5,2026-01-09T13:11:31Z,38.045199,20.907463
EVT0009,EVT0009-FC02,12.0,5,2026-01-09T13:11:31Z,38.167883,20.829201
EVT0009,EVT0009-FC02,12.0,5,2026-01-09T13:11:31Z,38.42869,21.139182
EVT0009,EVT0009-FC02,12.0,5,2026-01-09T13:11:31Z,38.157053,20.667979
EVT0009,EVT0009-FC02,12.0,5,2026-01-09T13:11:31Z,38.161507,21.118511
EVT0009,EVT0009-FC02,12.0,5,2026-01-09T13:11:31Z,38.143473,21.082456
EVT0009,EVT0009-FC02,12.0,5,2026-01-09T13:11:31Z,38.223784,21.045158
EVT0009,EVT0009-FC02,12.0,5,2026-01-09T13:11:31Z,38.349502,20.915913
EVT0009,EVT0009-FC02,12.0,5,2026-01-09T13:11:31Z,38.114529,21.199298
EVT0009,EVT0009-FC02,12.0,5,2026-01-09T13:11:31Z,38.245119,21.21196
EVT0009,EVT0009-FC02,12.0,5,2026-01-09T13:11:31Z,38.367808,20.976764
EVT0009,EVT0009-FC02,12.0,5,2026-01-09T13:11:31Z,38.07565,21.057764
EVT0009,EVT0009-FC02,24.0,5,2026-01-10T01:11:31Z,37.892005,21.095173
EVT0009,EVT0009-FC02,24.0,5,2026-01-10T01:11:31Z,38.316565,21.20677
EVT0009,EVT0009-FC02,24.0,5,2026-01-10T01:11:31Z,38.297037,21.517366
EVT0009,EVT0009-FC02,24.0,5,2026-01-10T01:11:31Z,38.944196,20.811714
EVT0009,EVT0009-FC02,24.0,5,2026-01-10T01:11:31Z,38.824275,20.830994
EVT0009,EVT0009-FC02,24.0,5,2026-01-10T01:11:31Z,38.384177,21.044813
EVT0009,EVT0009-FC02,24.0,5,2026-01-10T01:11:31Z,38.426968,21.071887
EVT0009,EVT0009-FC02,24.0,5,2026-01-10T01:11:31Z,38.095495,20.899123
EVT0009,EVT0009-FC02,24.0,5,2026-01-10T01:11:31Z,38.732861,20.588374
EVT0009,EVT0009-FC02,24.0,5,2026-01-10T01:11:31Z,38.629526,20.839746
EVT0009,EVT0009-FC02,24.0,5,2026-01-10T01:11:31Z,38.804912,20.647009
EVT0009,EVT0009-FC02,24.0,5,2026-01-10T01:11:31Z,38.296447,20.931856
EVT0009,EVT0009-FC02,24.0,5,2026-01-10T01:11:31Z,38.816107,20.609519
EVT0009,EVT0009-FC02,24.0,5,2026-01-10T01:11:31Z,38.461174,20.996503
EVT0009,EVT0009-FC02,24.0,5,2026-01-10T01:11:31Z,38.243636,21.000864
EVT0009,EVT0009-FC02,24.0,5,2026-01-10T01:11:31Z,38.509498,20.899932
EVT0009,EVT0009-FC02,24.0,5,2026-01-10T01:11:31Z,38.066317,20.715451
EVT0009,EVT0009-FC02,24.0,5,2026-01-10T01:11:31Z,38.435274,21.075835
EVT0009,EVT0009-FC02,24.0,5,2026-01-10T01:11:31Z,38.53643,21.596554
EVT0009,EVT0009-FC02,24.0,5,2026-01-10T01:11:31Z,38.153019,20.949751
EVT0009,EVT0009-FC02,24.0,5,2026-01-10T01:11:31Z,38.828634,20.829502
EVT0009,EVT0009-FC02,24.0,5,2026-01-10T01:11:31Z,38.287394,21.08709
EVT0009,EVT0009-FC02,24.0,5,2026-01-10T01:11:31Z,38.640256,20.650388
EVT0009,EVT0009-FC02,24.0,5,2026-01-10T01:11:31Z,38.173735,21.169001
EVT0009,EVT0009-FC02,24.0,5,2026-01-10T01:11:31Z,38.281867,20.497044
EVT0009,EVT0009-FC02,24.0,5,2026-01-10T01:11:31Z,38.651831,20.755586
EVT0009,EVT0009-FC02,24.0,5,2026-01-10T01:11:31Z,38.550708,20.535759
EVT0009,EVT0009-FC02,24.0,5,2026-01-10T01:11:31Z,38.258744,21.220853
EVT0009,EVT0009-FC02,24.0,5,2026-01-10T01:11:31Z,38.266278,21.20084
EVT0009,EVT0009-FC02,24.0,5,2026-01-10T01:11:31Z,38.149274,20.785645
EVT0009,EVT0009-FC02,24.0,5,2026-01-10T01:11:31Z,38.447307,20.68055
EVT0009,EVT0009-FC02,24.0,5,2026-01-10T01:11:31Z,38.639172,20.721184
EVT0009,EVT0009-FC02,24.0,5,2026-01-10T01:11:31Z,38.32512,20.97636
EVT0009,EVT0009-FC02,24.0,5,2026-01-10T01:11:31Z,38.256913,21.158416
EVT0009,EVT0009-FC02,24.0,5,2026-01-10T01:11:31Z,38.142908,20.752178
EVT0009,EVT0009-FC02,24.0,5,2026-01-10T01:11:31Z,38.143343,20.741132
EVT0009,EVT0009-FC02,24.0,5,2026-01-10T01:11:31Z,38.456055,20.894967
EVT0009,EVT0009-FC02,24.0,5,2026-01-10T01:11:31Z,38.132969,20.903272
EVT0009,EVT0009-FC02,24.0,5,2026-01-10T01:11:31Z,38.731362,20.868902
EVT0009,EVT0009-FC02,24.0,5,2026-01-10T01:11:31Z,38.66845,20.732578
EVT0009,EVT0009-FC02,48.0,5,2026-01-11T01:11:31Z,38.987121,20.22572
EVT0009,EVT0009-FC02,48.0,5,2026-01-11T01:11:31Z,38.573651,19.945183
EVT0009,EVT0009-FC02,48.0,5,2026-01-11T01:11:31Z,38.506221,20.534157
EVT0009,EVT0009-FC02,48.0,5,2026-01-11T01:11:31Z,38.395965,20.916778
EVT0009,EVT0009-FC02,48.0,5,2026-01-11T01:11:31Z,38.517127,21.009448
EVT0009,EVT0009-FC02,48.0,5,2026-01-11T01:11:31Z,38.456306,21.030467
EVT0009,EVT0009-FC02,48.0,5,2026-01-11T01:11:31Z,38.689583,19.807778
EVT0009,EVT0009-FC02,48.0,5,2026-01-11T01:11:31Z,38.042526,20.445672
EVT0009,EVT0009-FC02,48.0,5,2026-01-11T01:11:31Z,38.174178,20.854673
EVT0009,EVT0009-FC02,48.0,5,2026-01-11T01:11:31Z,38.588325,20.186116
EVT0009,EVT0009-FC02,48.0,5,2026-01-11T01:11:31Z,38.350785,21.184598
EVT0009,EVT0009-FC02,48.0,5,2026-01-11T01:11:31Z,38.655353,20.459839
EVT0009,EVT0009-FC02,48.0,5,2026-01-11T01:11:31Z,37.966785,20.065474
EVT0009,EVT0009-FC02,48.0,5,2026-01-11T01:11:31Z,38.648892,20.870192
EVT0009,EVT0009-FC02,48.0,5,2026-01-11T01:11:31Z,39.0769,20.27533
EVT0009,EVT0009-FC02,48.0,5,2026-01-11T01:11:31Z,38.230959,20.615931
EVT0009,EVT0009-FC02,48.0,5,2026-01-11T01:11:31Z,38.419219,21.108421
EVT0009,EVT0009-FC02,48.0,5,2026-01-11T01:11:31Z,37.914183,21.07825
EVT0009,EVT0009-FC02,48.0,5,2026-01-11T01:11:31Z,38.466213,20.785528
EVT0009,EVT0009-FC02,48.0,5,2026-01-11T01:11:31Z,38.538135,20.172563
EVT0009,EVT0009-FC02,48.0,5,2026-01-11T01:11:31Z,38.351077,20.046279
EVT0009,EVT0009-FC02,48.0,5,2026-01-11T01:11:31Z,38.297085,20.821729
EVT0009,EVT0009-FC02,48.0,5,2026-01-11T01:11:31Z,38.069468,20.32142
EVT0009,EVT0009-FC02,48.0,5,2026-01-11T01:11:31Z,39.244142,20.884045
EVT0009,EVT0009-FC02,48.0,5,2026-01-11T01:11:31Z,38.700572,20.31893
EVT0009,EVT0009-FC02,48.0,5,2026-01-11T01:11:31Z,38.647967,20.47246
EVT0009,EVT0009-FC02,48.0,5,2026-01-11T01:11:31Z,38.666263,20.415124
EVT0009,EVT0009-FC02,48.0,5,2026-01-11T01:11:31Z,38.213081,21.125968
EVT0009,EVT0009-FC02,48.0,5,2026-01-11T01:11:31Z,38.917613,20.672102
EVT0009,EVT0009-FC02,48.0,5,2026-01-11T01:11:31Z,38.866873,20.860475
EVT0009,EVT0009-FC02,48.0,5,2026-01-11T01:11:31Z,38.73439,20.811207
EVT0009,EVT0009-FC02,48.0,5,2026-01-11T01:11:31Z,38.773668,20.909955
EVT0009,EVT0009-FC02,48.0,5,2026-01-11T01:11:31Z,38.107171,20.84116
EVT0009,EVT0009-FC02,48.0,5,2026-01-11T01:11:31Z,38.604578,19.732931
EVT0009,EVT0009-FC02,48.0,5,2026-01-11T01:11:31Z,38.418839,20.554999
EVT0009,EVT0009-FC02,48.0,5,2026-01-11T01:11:31Z,38.520423,20.803488
EVT0009,EVT0009-FC02,48.0,5,2026-01-11T01:11:31Z,38.432581,20.379604
EVT0009,EVT0009-FC02,48.0,5,2026-01-11T01:11:31Z,38.923958,21.083811
EVT0009,EVT0009-FC02,48.0,5,2026-01-11T01:11:31Z,38.176394,20.445767
EVT0009,EVT0009-FC02,48.0,5,2026-01-11T01:11:31Z,39.101869,20.409028
EVT0009,EVT0009-FC02,72.0,5,2026-01-12T01:11:31Z,38.288636,20.915227
EVT0009,EVT0009-FC02,72.0,5,2026-01-12T01:11:31Z,38.495573,20.945219
EVT0009,EVT0009-FC02,72.0,5,2026-01-12T01:11:31Z,38.984328,21.13431
EVT0009,EVT0009-FC02,72.0,5,2026-01-12T01:11:31Z,38.413537,20.393047
EVT0009,EVT0009-FC02,72.0,5,2026-01-12T01:11:31Z,38.405807,21.319696
EVT0009,EVT0009-FC02,72.0,5,2026-01-12T01:11:31Z,38.355618,21.046873
EVT0009,EVT0009-FC02,72.0,5,2026-01-12T01:11:31Z,38.285078,20.109984
EVT0009,EVT0009-FC02,72.0,5,2026-01-12T01:11:31Z,39.160433,21.155839
EVT0009,EVT0009-FC02,72.0,5,2026-01-12T01:11:31Z,38.38241,20.979031
EVT0009,EVT0009-FC02,72.0,5,2026-01-12T01:11:31Z,38.839464,20.492529
EVT0009,EVT0009-FC02,72.0,5,2026-01-12T01:11:31Z,38.377963,20.896904
EVT0009,EVT0009-FC02,72.0,5,2026-01-12T01:11:31Z,37.862285,20.14129
EVT0009,EVT0009-FC02,72.0,5,2026-01-12T01:11:31Z,38.265015,20.844398
EVT0009,EVT0009-FC02,72.0,5,2026-01-12T01:11:31Z,37.858226,20.343117
EVT0009,EVT0009-FC02,72.0,5,2026-01-12T01:11:31Z,38.040556,20.549896
EVT0009,EVT0009-FC02,72.0,5,2026-01-12T01:11:31Z,39.089779,20.739888
EVT0009,EVT0009-FC02,72.0,5,2026-01-12T01:11:31Z,38.105858,20.488021
EVT0009,EVT0009-FC02,72.0,5,2026-01-12T01:11:31Z,39.029536,20.463328
EVT0009,EVT0009-FC02,72.0,5,2026-01-12T01:11:31Z,38.085307,20.894287
EVT0009,EVT0009-FC02,72.0,5,2026-01-12T01:11:31Z,39.028851,20.881115
EVT0009,EVT0009-FC02,72.0,5,2026-01-12T01:11:31Z,39.248017,21.012966
EVT0009,EVT0009-FC02,72.0,5,2026-01-12T01:11:31Z,37.613171,20.912321
EVT0009,EVT0009-FC02,72.0,5,2026-01-12T01:11:31Z,38.602241,21.664667
EVT0009,EVT0009-FC02,72.0,5,2026-01-12T01:11:31Z,38.441015,19.702139
EVT0009,EVT0009-FC02,72.0,5,2026-01-12T01:11:31Z,38.774602,21.822049
EVT0009,EVT0009-FC02,72.0,5,2026-01-12T01:11:31Z,38.149775,21.559989
EVT0009,EVT0009-FC02,72.0,5,2026-01-12T01:11:31Z,38.67889,21.458534
EVT0009,EVT0009-FC02,72.0,5,2026-01-12T01:11:31Z,38.535133,19.980731
EVT0009,EVT0009-FC02,72.0,5,2026-01-12T01:11:31Z,38.398494,21.066774
EVT0009,EVT0009-FC02,72.0,5,2026-01-12T01:11:31Z,38.678538,20.572399
EVT0009,EVT0009-FC02,72.0,5,2026-01-12T01:11:31Z,39.039724,20.393021
EVT0009,EVT0009-FC02,72.0,5,2026-01-12T01:11:31Z,38.558789,21.246004
EVT0009,EVT0009-FC02,72.0,5,2026-01-12T01:11:31Z,38.814877,20.241046
EVT0009,EVT0009-FC02,72.0,5,2026-01-12T01:11:31Z,38.876767,20.533206
EVT0009,EVT0009-FC02,72.0,5,2026-01-12T01:11:31Z,38.458588,19.485625
EVT0009,EVT0009-FC02,72.0,5,2026-01-12T01:11:31Z,38.634029,20.17391
EVT0009,EVT0009-FC02,72.0,5,2026-01-12T01:11:31Z,38.893998,21.899816
EVT0009,EVT0009-FC02,72.0,5,2026-01-12T01:11:31Z,38.437987,21.062512
EVT0009,EVT0009-FC02,72.0,5,2026-01-12T01:11:31Z,38.261024,21.261037
EVT0009,EVT0009-FC02,72.0,5,2026-01-12T01:11:31Z,38.483992,19.793645
EVT0009,EVT0009-FC02,12.0,6,2026-01-09T13:11:31Z,38.457138,20.964557
EVT0009,EVT0009-FC02,12.0,6,2026-01-09T13:11:31Z,38.192267,20.89778
EVT0009,EVT0009-FC02,12.0,6,2026-01-09T13:11:31Z,38.254695,21.05606
EVT0009,EVT0009-FC02,12.0,6,2026-01-09T13:11:31Z,38.102775,20.721776
EVT0009,EVT0009-FC02,12.0,6,2026-01-09T13:11:31Z,37.832835,20.674718
EVT0009,EVT0009-FC02,12.0,6,2026-01-09T13:11:31Z,38.243311,20.817619
EVT0009,EVT0009-FC02,12.0,6,2026-01-09T13:11:31Z,38.309321,20.932257
EVT0009,EVT0009-FC02,12.0,6,2026-01-09T13:11:31Z,38.195247,21.054354
EVT0009,EVT0009-FC02,12.0,6,2026-01-09T13:11:31Z,37.791839,21.069021
EVT0009,EVT0009-FC02,12.0,6,2026-01-09T13:11:31Z,38.052877,20.875188
EVT0009,EVT0009-FC02,12.0,6,2026-01-09T13:11:31Z,38.351059,21.173492
EVT0009,EVT0009-FC02,12.0,6,2026-01-09T13:11:31Z,38.226352,20.906279
EVT0009,EVT0009-FC02,12.0,6,2026-01-09T13:11:31Z,38.024191,20.825518
EVT0009,EVT0009-FC02,12.0,6,2026-01-09T13:11:31Z,38.229039,21.146386
EVT0009,EVT0009-FC02,12.0,6,2026-01-09T13:11:31Z,38.467047,20.989552
EVT0009,EVT0009-FC02,12.0,6,2026-01-09T13:11:31Z,38.234094,21.204663
EVT0009,EVT0009-FC02,12.0,6,2026-01-09T13:11:31Z,38.096558,21.086945
EVT0009,EVT0009-FC02,12.0,6,2026-01-09T13:11:31Z,38.287732,20.865994
EVT0009,EVT0009-FC02,12.0,6,2026-01-09T13:11:31Z,38.583702,21.179511
EVT0009,EVT0009-FC02,12.0,6,2026-01-09T13:11:31Z,38.215078,20.907561
EVT0009,EVT0009-FC02,12.0,6,2026-01-09T13:11:31Z,38.22148,20.865349
EVT0009,EVT0009-FC02,12.0,6,2026-01-09T13:11:31Z,38.262558,21.090506
EVT0009,EVT0009-FC02,12.0,6,2026-01-09T13:11:31Z,38.345113,20.853836
EVT0009,EVT0009-FC02,12.0,6,2026-01-09T13:11:31Z,38.075212,20.939052
EVT0009,EVT0009-FC02,12.0,6,2026-01-09T13:11:31Z,38.25095,20.74312
EVT0009,EVT0009-FC02,12.0,6,2026-01-09T13:11:31Z,38.093855,21.246726
EVT0009,EVT0009-FC02,12.0,6,2026-01-09T13:11:31Z,38.163693,21.056031
EVT0009,EVT0009-FC02,12.0,6,2026-01-09T13:11:31Z,37.967568,20.779347
EVT0009,EVT0009-FC02,12.0,6,2026-01-09T13:11:31Z,37.865446,21.409461
EVT0009,EVT0009-FC02,12.0,6,2026-01-09T13:11:31Z,38.190043,20.967819
EVT0009,EVT0009-FC02,12.0,6,2026-01-09T13:11:31Z,38.356888,20.703085
EVT0009,EVT0009-FC02,12.0,6,2026-01-09T13:11:31Z,38.002872,21.019696
EVT0009,EVT0009-FC02,12.0,6,2026-01-09T13:11:31Z,38.148012,21.200196
EVT0009,EVT0009-FC02,12.0,6,2026-01-09T13:11:31Z,38.207277,21.242393
EVT0009,EVT0009-FC02,12.0,6,2026-01-09T13:11:31Z,38.234072,21.102961
EVT0009,EVT0009-FC02,12.0,6,2026-01-09T13:11:31Z,38.263696,21.380822
EVT0009,EVT0009-FC02,12.0,6,2026-01-09T13:11:31Z,38.050867,21.12498
EVT0009,EVT0009-FC02,12.0,6,2026-01-09T13:11:31Z,38.152076,21.167785
EVT0009,EVT0009-FC02,12.0,6,2026-01-09T13:11:31Z,38.128288,20.809648
EVT0009,EVT0009-FC02,12.0,6,2026-01-09T13:11:31Z,38.551442,21.133999
EVT0009,EVT0009-FC02,24.0,6,2026-01-10T01:11:31Z,38.105275,20.631562
EVT0009,EVT0009-FC02,24.0,6,2026-01-10T01:11:31Z,38.862634,20.954392
EVT0009,EVT0009-FC02,24.0,6,2026-01-10T01:11:31Z,38.34241,20.974795
EVT0009,EVT0009-FC02,24.0,6,2026-01-10T01:11:31Z,38.39266,20.487439
EVT0009,EVT0009-FC02,24.0,6,2026-01-10T01:11:31Z,38.700995,20.784043
EVT0009,EVT0009-FC02,24.0,6,2026-01-10T01:11:31Z,38.345869,20.763303
EVT0009,EVT0009-FC02,24.0,6,2026-01-10T01:11:31Z,38.470568,20.342032
EVT0009,EVT0009-FC02,24.0,6,2026-01-10T01:11:31Z,38.260679,20.844795
EVT0009,EVT0009-FC02,24.0,6,2026-01-10T01:11:31Z,38.007282,20.930865
EVT0009,EVT0009-FC02,24.0,6,2026-01-10T01:11:31Z,37.977846,21.017997
EVT0009,EVT0009-FC02,24.0,6,2026-01-10T01:11:31Z,38.06799,20.660685
EVT0009,EVT0009-FC02,24.0,6,2026-01-10T01:11:31Z,38.108899,21.183741
EVT0009,EVT0009-FC02,24.0,6,2026-01-10T01:11:31Z,38.117424,20.502823
EVT0009,EVT0009-FC02,24.0,6,2026-01-10T01:11:31Z,38.31656,21.289624
EVT0009,EVT0009-FC02,24.0,6,2026-01-10T01:11:31Z,38.170083,21.136493
EVT0009,EVT0009-FC02,24.0,6,2026-01-10T01:11:31Z,38.125031,21.272902
EVT0009,EVT0009-FC02,24.0,6,2026-01-10T01:11:31Z,38.594813,20.737806
EVT0009,EVT0009-FC02,24.0,6,2026-01-10T01:11:31Z,38.128363,20.804199
EVT0009,EVT0009-FC02,24.0,6,2026-01-10T01:11:31Z,38.336292,20.778735
EVT0009,EVT0009-FC02,24.0,6,2026-01-10T01:11:31Z,38.649955,20.872841
EVT0009,EVT0009-FC02,24.0,6,2026-01-10T01:11:31Z,38.322254,21.176382
EVT0009,EVT0009-FC02,24.0,6,2026-01-10T01:11:31Z,38.095852,20.493263
EVT0009,EVT0009-FC02,24.0,6,2026-01-10T01:11:31Z,38.161446,21.012838
EVT0009,EVT0009-FC02,24.0,6,2026-01-10T01:11:31Z,38.382797,21.341917
EVT0009,EVT0009-FC02,24.0,6,2026-01-10T01:11:31Z,38.287514,20.996586
EVT0009,EVT0009-FC02,24.0,6,2026-01-10T01:11:31Z,38.147015,20.604869
EVT0009,EVT0009-FC02,24.0,6,2026-01-10T01:11:31Z,37.668809,20.829407
EVT0009,EVT0009-FC02,24.0,6,2026-01-10T01:11:31Z,38.56992,21.016518
EVT0009,EVT0009-FC02,24.0,6,2026-01-10T01:11:31Z,38.162118,21.200574
EVT0009,EVT0009-FC02,24.0,6,2026-01-10T01:11:31Z,38.347713,21.141603
EVT0009,EVT0009-FC02,24.0,6,2026-01-10T01:11:31Z,38.323308,21.05707
EVT0009,EVT0009-FC02,24.0,6,2026-01-10T01:11:31Z,37.974943,20.837199
EVT0009,EVT0009-FC02,24.0,6,2026-01-10T01:11:31Z,38.155465,20.869571
EVT0009,EVT0009-FC02,24.0,6,2026-01-10T01:11:31Z,38.598248,20.969115
EVT0009,EVT0009-FC02,24.0,6,2026-01-10T01:11:31Z,38.453465,20.165233
EVT0009,EVT0009-FC02,24.0,6,2026-01-10T01:11:31Z,37.939514,20.477064
EVT0009,EVT0009-FC02,24.0,6,2026-01-10T01:11:31Z,38.023337,20.845124
EVT0009,EVT0009-FC02,24.0,6,2026-01-10T01:11:31Z,38.520206,21.552316
EVT0009,EVT0009-FC02,24.0,6,2026-01-10T01:11:31Z,38.2014,21.186363
EVT0009,EVT0009-FC02,24.0,6,2026-01-10T01:11:31Z,38.546519,20.775078
EVT0009,EVT0009-FC02,48.0,6,2026-01-11T01:11:31Z,38.816678,21.838507
EVT0009,EVT0009-FC02,48.0,6,2026-01-11T01:11:31Z,38.445468,21.161942
EVT0009,EVT0009-FC02,48.0,6,2026-01-11T01:11:31Z,39.163513,20.4104
EVT0009,EVT0009-FC02,48.0,6,2026-01-11T01:11:31Z,38.316893,20.909392
EVT0009,EVT0009-FC02,48.0,6,2026-01-11T01:11:31Z,38.407438,21.149259
EVT0009,EVT0009-FC02,48.0,6,2026-01-11T01:11:31Z,38.69197,20.843745
EVT0009,EVT0009-FC02,48.0,6,2026-01-11T01:11:31Z,38.477354,20.168477
EVT0009,EVT0009-FC02,48.0,6,2026-01-11T01:11:31Z,38.425639,21.076886
EVT0009,EVT0009-FC02,48.0,6,2026-01-11T01:11:31Z,38.491939,20.920092
EVT0009,EVT0009-FC02,48.0,6,2026-01-11T01:11:31Z,38.506997,21.365612
EVT0009,EVT0009-FC02,48.0,6,2026-01-11T01:11:31Z,38.538389,21.015964
EVT0009,EVT0009-FC02,48.0,6,2026-01-11T01:11:31Z,38.428939,20.008419
EVT0009,EVT0009-FC02,48.0,6,2026-01-11T01:11:31Z,38.68017,22.167679
EVT0009,EVT0009-FC02,48.0,6,2026-01-11T01:11:31Z,38.086645,20.713151
EVT0009,EVT0009-FC02,48.0,6,2026-01-11T01:11:31Z,38.501171,21.157781
EVT0009,EVT0009-FC02,48.0,6,2026-01-11T01:11:31Z,38.60363,21.028163
EVT0009,EVT0009-FC02,48.0,6,2026-01-11T01:11:31Z,38.085244,20.120382
EVT0009,EVT0009-FC02,48.0,6,2026-01-11T01:11:31Z,38.660883,21.444508
EVT0009,EVT0009-FC02,48.0,6,2026-01-11T01:11:31Z,38.609271,21.282592
EVT0009,EVT0009-FC02,48.0,6,2026-01-11T01:11:31Z,38.790643,21.666227
EVT0009,EVT0009-FC02,48.0,6,2026-01-11T01:11:31Z,38.432747,20.949327
EVT0009,EVT0009-FC02,48.0,6,2026-01-11T01:11:31Z,38.691219,21.216952
EVT0009,EVT0009-FC02,48.0,6,2026-01-11T01:11:31Z,38.270649,20.194777
EVT0009,EVT0009-FC02,48.0,6,2026-01-11T01:11:31Z,37.922204,20.867937
EVT0009,EVT0009-FC02,48.0,6,2026-01-11T01:11:31Z,38.526131,21.530655
EVT0009,EVT0009-FC02,48.0,6,2026-01-11T01:11:31Z,38.400735,21.114672
EVT0009,EVT0009-FC02,48.0,6,2026-01-11T01:11:31Z,38.645331,21.403422
EVT0009,EVT0009-FC02,48.0,6,2026-01-11T01:11:31Z,37.958151,20.407798
EVT0009,EVT0009-FC02,48.0,6,2026-01-11T01:11:31Z,37.438287,20.448233
EVT0009,EVT0009-FC02,48.0,6,2026-01-11T01:11:31Z,38.705235,20.760832
EVT0009,EVT0009-FC02,48.0,6,2026-01-11T01:11:31Z,38.338709,20.840983
EVT0009,EVT0009-FC02,48.0,6,2026-01-11T01:11:31Z,37.950376,20.212359
EVT0009,EVT0009-FC02,48.0,6,2026-01-11T01:11:31Z,38.715307,21.601247
EVT0009,EVT0009-FC02,48.0,6,2026-01-11T01:11:31Z,37.735764,20.41541
EVT0009,EVT0009-FC02,48.0,6,2026-01-11T01:11:31Z,38.578345,20.88389
EVT0009,EVT0009-FC02,48.0,6,2026-01-11T01:11:31Z,38.506045,20.045095
EVT0009,EVT0009-FC02,48.0,6,2026-01-11T01:11:31Z,38.496693,20.487267
EVT0009,EVT0009-FC02,48.0,6,2026-01-11T01:11:31Z,38.434863,20.00774
EVT0009,EVT0009-FC02,48.0,6,2026-01-11T01:11:31Z,38.867481,20.754284
EVT0009,EVT0009-FC02,48.0,6,2026-01-11T01:11:31Z,38.183018,21.361668
EVT0009,EVT0009-FC02,72.0,6,2026-01-12T01:11:31Z,39.278706,20.963602
EVT0009,EVT0009-FC02,72.0,6,2026-01-12T01:11:31Z,38.581818,21.053971
EVT0009,EVT0009-FC02,72.0,6,2026-01-12T01:11:31Z,37.875127,20.042746
EVT0009,EVT0009-FC02,72.0,6,2026-01-12T01:11:31Z,38.200431,20.430874
EVT0009,EVT0009-FC02,72.0,6,2026-01-12T01:11:31Z,38.490651,20.753597
EVT0009,EVT0009-FC02,72.0,6,2026-01-12T01:11:31Z,38.960546,20.591065
EVT0009,EVT0009-FC02,72.0,6,2026-01-12T01:11:31Z,38.880218,20.724894
EVT0009,EVT0009-FC02,72.0,6,2026-01-12T01:11:31Z,38.180129,20.410834
EVT0009,EVT0009-FC02,72.0,6,2026-01-12T01:11:31Z,38.604492,21.20164
EVT0009,EVT0009-FC02,72.0,6,2026-01-12T01:11:31Z,38.912539,20.427627
EVT0009,EVT0009-FC02,72.0,6,2026-01-12T01:11:31Z,37.9663,21.345947
EVT0009,EVT0009-FC02,72.0,6,2026-01-12T01:11:31Z,38.142816,20.864108
EVT0009,EVT0009-FC02,72.0,6,2026-01-12T01:11:31Z,38.807934,20.203871
EVT0009,EVT0009-FC02,72.0,6,2026-01-12T01:11:31Z,39.131123,20.342543
EVT0009,EVT0009-FC02,72.0,6,2026-01-12T01:11:31Z,38.395494,20.863613
EVT0009,EVT0009-FC02,72.0,6,2026-01-12T01:11:31Z,39.359239,21.397568
EVT0009,EVT0009-FC02,72.0,6,2026-01-12T01:11:31Z,39.346837,21.138178
EVT0009,EVT0009-FC02,72.0,6,2026-01-12T01:11:31Z,38.653845,21.215336
EVT0009,EVT0009-FC02,72.0,6,2026-01-12T01:11:31Z,38.612196,20.90122
EVT0009,EVT0009-FC02,72.0,6,2026-01-12T01:11:31Z,38.087606,20.649469
EVT0009,EVT0009-FC02,72.0,6,2026-01-12T01:11:31Z,38.124281,20.689953
EVT0009,EVT0009-FC02,72.0,6,2026-01-12T01:11:31Z,38.780649,21.608485
EVT0009,EVT0009-FC02,72.0,6,2026-01-12T01:11:31Z,38.867791,20.628098
EVT0009,EVT0009-FC02,72.0,6,2026-01-12T01:11:31Z,37.855602,19.820317
EVT0009,EVT0009-FC02,72.0,6,2026-01-12T01:11:31Z,39.081731,20.373072
EVT0009,EVT0009-FC02,72.0,6,2026-01-12T01:11:31Z,38.087657,20.475014
EVT0009,EVT0009-FC02,72.0,6,2026-01-12T01:11:31Z,39.380522,21.074945
EVT0009,EVT0009-FC02,72.0,6,2026-01-12T01:11:31Z,39.004169,21.868499
EVT0009,EVT0009-FC02,72.0,6,2026-01-12T01:11:31Z,38.938811,20.460652
EVT0009,EVT0009-FC02,72.0,6,2026-01-12T01:11:31Z,38.206007,20.965582
EVT0009,EVT0009-FC02,72.0,6,2026-01-12T01:11:31Z,38.683109,21.581382
EVT0009,EVT0009-FC02,72.0,6,2026-01-12T01:11:31Z,38.773049,20.568
EVT0009,EVT0009-FC02,72.0,6,2026-01-12T01:11:31Z,38.903386,21.778687
EVT0009,EVT0009-FC02,72.0,6,2026-01-12T01:11:31Z,38.521771,21.413146
EVT0009,EVT0009-FC02,72.0,6,2026-01-12T01:11:31Z,38.355912,21.02295
EVT0009,EVT0009-FC02,72.0,6,2026-01-12T01:11:31Z,38.51179,21.721288
EVT0009,EVT0009-FC02,72.0,6,2026-01-12T01:11:31Z,38.696071,21.452086
EVT0009,EVT0009-FC02,72.0,6,2026-01-12T01:11:31Z,39.003522,20.687571
EVT0009,EVT0009-FC02,72.0,6,2026-01-12T01:11:31Z,38.711597,20.281799
EVT0009,EVT0009-FC02,72.0,6,2026-01-12T01:11:31Z,38.290306,20.110037
EVT0009,EVT0009-FC02,12.0,7,2026-01-09T13:11:31Z,38.207755,20.97161
EVT0009,EVT0009-FC02,12.0,7,2026-01-09T13:11:31Z,38.103081,21.38488
EVT0009,EVT0009-FC02,12.0,7,2026-01-09T13:11:31Z,38.173436,21.05458
EVT0009,EVT0009-FC02,12.0,7,2026-01-09T13:11:31Z,38.415259,21.108513
EVT0009,EVT0009-FC02,12.0,7,2026-01-09T13:11:31Z,38.273808,21.037934
EVT0009,EVT0009-FC02,12.0,7,2026-01-09T13:11:31Z,38.124389,21.063471
EVT0009,EVT0009-FC02,12.0,7,2026-01-09T13:11:31Z,38.367246,21.057474
EVT0009,EVT0009-FC02,12.0,7,2026-01-09T13:11:31Z,38.547205,21.195295
EVT0009,EVT0009-FC02,12.0,7,2026-01-09T13:11:31Z,38.221801,21.238526
EVT0009,EVT0009-FC02,12.0,7,2026-01-09T13:11:31Z,38.172787,21.324563
EVT0009,EVT0009-FC02,12.0,7,2026-01-09T13:11:31Z,38.290556,21.212405
EVT0009,EVT0009-FC02,12.0,7,2026-01-09T13:11:31Z,38.372977,20.96751
EVT0009,EVT0009-FC02,12.0,7,2026-01-09T13:11:31Z,38.306373,21.278239
EVT0009,EVT0009-FC02,12.0,7,2026-01-09T13:11:31Z,38.207418,21.424975
EVT0009,EVT0009-FC02,12.0,7,2026-01-09T13:11:31Z,38.168927,21.15433
EVT0009,EVT0009-FC02,12.0,7,2026-01-09T13:11:31Z,38.230871,20.997746
EVT0009,EVT0009-FC02,12.0,7,2026-01-09T13:11:31Z,38.502325,20.878951
EVT0009,EVT0009-FC02,12.0,7,2026-01-09T13:11:31Z,38.302257,21.137163
EVT0009,EVT0009-FC02,12.0,7,2026-01-09T13:11:31Z,38.349143,20.942651
EVT0009,EVT0009-FC02,12.0,7,2026-01-09T13:11:31Z,38.289633,21.170246
EVT0009,EVT0009-FC02,12.0,7,2026-01-09T13:11:31Z,38.402002,21.241257
EVT0009,EVT0009-FC02,12.0,7,2026-01-09T13:11:31Z,38.376632,20.925625
EVT0009,EVT0009-FC02,12.0,7,2026-01-09T13:11:31Z,38.192393,21.122663
EVT0009,EVT0009-FC02,12.0,7,2026-01-09T13:11:31Z,37.79858,20.983572
EVT0009,EVT0009-FC02,12.0,7,2026-01-09T13:11:31Z,38.38603,21.039239
EVT0009,EVT0009-FC02,12.0,7,2026-01-09T13:11:31Z,38.243484,21.325728
EVT0009,EVT0009-FC02,12.0,7,2026-01-09T13:11:31Z,38.058277,21.135242
EVT0009,EVT0009-FC02,12.0,7,2026-01-09T13:11:31Z,38.364247,20.902106
EVT0009,EVT0009-FC02,12.0,7,2026-01-09T13:11:31Z,38.202006,20.669555
EVT0009,EVT0009-FC02,12.0,7,2026-01-09T13:11:31Z,38.263373,21.235107
EVT0009,EVT0009-FC02,12.0,7,2026-01-09T13:11:31Z,38.258973,20.766734
EVT0009,EVT0009-FC02,12.0,7,2026-01-09T13:11:31Z,38.02362,20.995327
EVT0009,EVT0009-FC02,12.0,7,2026-01-09T13:11:31Z,38.536617,21.091882
EVT0009,EVT0009-FC02,12.0,7,2026-01-09T13:11:31Z,38.31429,21.449506
EVT0009,EVT0009-FC02,12.0,7,2026-01-09T13:11:31Z,38.383532,20.799619
EVT0009,EVT0009-FC02,12.0,7,2026-01-09T13:11:31Z,38.291077,21.12216
EVT0009,EVT0009-FC02,12.0,7,2026-01-09T13:11:31Z,38.236813,20.753879
EVT0009,EVT0009-FC02,12.0,7,2026-01-09T13:11:31Z,38.00655,20.887977
EVT0009,EVT0009-FC02,12.0,7,2026-01-09T13:11:31Z,37.921483,21.023839
EVT0009,EVT0009-FC02,12.0,7,2026-01-09T13:11:31Z,38.424202,21.345599
EVT0009,EVT0009-FC02,24.0,7,2026-01-10T01:11:31Z,37.893968,21.133574
EVT0009,EVT0009-FC02,24.0,7,2026-01-10T01:11:31Z,38.497272,21.328806
EVT0009,EVT0009-FC02,24.0,7,2026-01-10T01:11:31Z,38.242336,21.478398
EVT0009,EVT0009-FC02,24.0,7,2026-01-10T01:11:31Z,38.770967,20.739911
EVT0009,EVT0009-FC02,24.0,7,2026-01-10T01:11:31Z,37.943396,20.870199
EVT0009,EVT0009-FC02,24.0,7,2026-01-10T01:11:31Z,38.713378,20.976866
EVT0009,EVT0009-FC02,24.0,7,2026-01-10T01:11:31Z,38.157972,20.914528
EVT0009,EVT0009-FC02,24.0,7,2026-01-10T01:11:31Z,38.304996,21.030118
EVT0009,EVT0009-FC02,24.0,7,2026-01-10T01:11:31Z,38.00353,20.77495
EVT0009,EVT0009-FC02,24.0,7,2026-01-10T01:11:31Z,38.414619,21.483995
EVT0009,EVT0009-FC02,24.0,7,2026-01-10T01:11:31Z,38.385712,21.004503
EVT0009,EVT0009-FC02,24.0,7,2026-01-10T01:11:31Z,38.757353,20.825965
EVT0009,EVT0009-FC02,24.0,7,2026-01-10T01:11:31Z,38.326032,21.375656
EVT0009,EVT0009-FC02,24.0,7,2026-01-10T01:11:31Z,38.139671,20.74882
EVT0009,EVT0009-FC02,24.0,7,2026-01-10T01:11:31Z,38.267324,21.222696
EVT0009,EVT0009-FC02,24.0,7,2026-01-10T01:11:31Z,38.548568,20.695299
EVT0009,EVT0009-FC02,24.0,7,2026-01-10T01:11:31Z,38.370408,20.857387
EVT0009,EVT0009-FC02,24.0,7,2026-01-10T01:11:31Z,38.257413,20.329713
EVT0009,EVT0009-FC02,24.0,7,2026-01-10T01:11:31Z,38.245298,21.161629
EVT0009,EVT0009-FC02,24.0,7,2026-01-10T01:11:31Z,38.168642,20.411871
EVT0009,EVT0009-FC02,24.0,7,2026-01-10T01:11:31Z,38.607781,20.68558
EVT0009,EVT0009-FC02,24.0,7,2026-01-10T01:11:31Z,38.479362,20.849505
EVT0009,EVT0009-FC02,24.0,7,2026-01-10T01:11:31Z,38.375464,21.082129
EVT0009,EVT0009-FC02,24.0,7,2026-01-10T01:11:31Z,38.2668,21.16038
EVT0009,EVT0009-FC02,24.0,7,2026-01-10T01:11:31Z,37.749281,21.211199
EVT0009,EVT0009-FC02,24.0,7,2026-01-10T01:11:31Z,38.118209,20.832276
EVT0009,EVT0009-FC02,24.0,7,2026-01-10T01:11:31Z,38.370087,21.312819
EVT0009,EVT0009-FC02,24.0,7,2026-01-10T01:11:31Z,38.940893,21.133328
EVT0009,EVT0009-FC02,24.0,7,2026-01-10T01:11:31Z,38.802369,20.853191
EVT0009,EVT0009-FC02,24.0,7,2026-01-10T01:11:31Z,38.219992,20.548321
EVT0009,EVT0009-FC02,24.0,7,2026-01-10T01:11:31Z,38.645317,20.527908
EVT0009,EVT0009-FC02,24.0,7,2026-01-10T01:11:31Z,38.839933,20.684265
EVT0009,EVT0009-FC02,24.0,7,2026-01-10T01:11:31Z,38.820535,20.970131
EVT0009,EVT0009-FC02,24.0,7,2026-01-10T01:11:31Z,38.353945,20.797598
EVT0009,EVT0009-FC02,24.0,7,2026-01-10T01:11:31Z,39.056378,21.233868
EVT0009,EVT0009-FC02,24.0,7,2026-01-10T01:11:31Z,38.211328,21.17465
EVT0009,EVT0009-FC02,24.0,7,2026-01-10T01:11:31Z,38.310775,21.05408
EVT0009,EVT0009-FC02,24.0,7,2026-01-10T01:11:31Z,38.694104,20.862119
EVT0009,EVT0009-FC02,24.0,7,2026-01-10T01:11:31Z,38.044958,20.563023
EVT0009,EVT0009-FC02,24.0,7,2026-01-10T01:11:31Z,38.25543,20.968773
EVT0009,EVT0009-FC02,48.0,7,2026-01-11T01:11:31Z,38.465226,20.954698
EVT0009,EVT0009-FC02,48.0,7,2026-01-11T01:11:31Z,38.628938,20.064615
EVT0009,EVT0009-FC02,48.0,7,2026-01-11T01:11:31Z,38.030928,20.344599
EVT0009,EVT0009-FC02,48.0,7,2026-01-11T01:11:31Z,37.889354,21.341346
EVT0009,EVT0009-FC02,48.0,7,2026-01-11T01:11:31Z,38.785516,20.922236
EVT0009,EVT0009-FC02,48.0,7,2026-01-11T01:11:31Z,38.220236,21.175047
EVT0009,EVT0009-FC02,48.0,7,2026-01-11T01:11:31Z,38.34224,20.63354
EVT0009,EVT0009-FC02,48.0,7,2026-01-11T01:11:31Z,38.33218,20.911445
EVT0009,EVT0009-FC02,48.0,7,2026-01-11T01:11:31Z,38.595185,21.407414
EVT0009,EVT0009-FC02,48.0,7,2026-01-11T01:11:31Z,38.378387,20.9179
EVT0009,EVT0009-FC02,48.0,7,2026-01-11T01:11:31Z,37.836898,20.74627
EVT0009,EVT0009-FC02,48.0,7,2026-01-11T01:11:31Z,37.926988,20.742887
EVT0009,EVT0009-FC02,48.0,7,2026-01-11T01:11:31Z,38.719365,20.851991
EVT0009,EVT0009-FC02,48.0,7,2026-01-11T01:11:31Z,38.274398,20.419059
EVT0009,EVT0009-FC02,48.0,7,2026-01-11T01:11:31Z,38.511182,19.96946
EVT0009,EVT0009-FC02,48.0,7,2026-01-11T01:11:31Z,38.793535,20.992234
EVT0009,EVT0009-FC02,48.0,7,2026-01-11T01:11:31Z,39.048537,21.156682
EVT0009,EVT0009-FC02,48.0,7,2026-01-11T01:11:31Z,38.709477,20.686945
EVT0009,EVT0009-FC02,48.0,7,2026-01-11T01:11:31Z,38.903356,20.553519
EVT0009,EVT0009-FC02,48.0,7,2026-01-11T01:11:31Z,38.462114,20.399054
EVT0009,EVT0009-FC02,48.0,7,2026-01-11T01:11:31Z,38.520752,21.060938
EVT0009,EVT0009-FC02,48.0,7,2026-01-11T01:11:31Z,37.859646,20.245159
EVT0009,EVT0009-FC02,48.0,7,2026-01-11T01:11:31Z,37.444611,20.589467
EVT0009,EVT0009-FC02,48.0,7,2026-01-11T01:11:31Z,38.285993,20.901315
EVT0009,EVT0009-FC02,48.0,7,2026-01-11T01:11:31Z,39.216443,20.285667
EVT0009,EVT0009-FC02,48.0,7,2026-01-11T01:11:31Z,38.008196,20.643485
EVT0009,EVT0009-FC02,48.0,7,2026-01-11T01:11:31Z,38.756147,20.59812
EVT0009,EVT0009-FC02,48.0,7,2026-01-11T01:11:31Z,38.570441,21.073283
EVT0009,EVT0009-FC02,48.0,7,2026-01-11T01:11:31Z,38.697734,19.80224
EVT0009,EVT0009-FC02,48.0,7,2026-01-11T01:11:31Z,38.390322,21.432822
EVT0009,EVT0009-FC02,48.0,7,2026-01-11T01:11:31Z,38.576576,21.623783
EVT0009,EVT0009-FC02,48.0,7,2026-01-11T01:11:31Z,39.196341,20.398261
EVT0009,EVT0009-FC02,48.0,7,2026-01-11T01:11:31Z,38.459168,20.76338
EVT0009,EVT0009-FC02,48.0,7,2026-01-11T01:11:31Z,38.283255,21.083333
EVT0009,EVT0009-FC02,48.0,7,2026-01-11T01:11:31Z,38.536644,20.970432
EVT0009,EVT0009-FC02,48.0,7,2026-01-11T01:11:31Z,38.358514,20.92809
EVT0009,EVT0009-FC02,48.0,7,2026-01-11T01:11:31Z,38.973358,21.303302
EVT0009,EVT0009-FC02,48.0,7,2026-01-11T01:11:31Z,38.213767,20.846385
EVT0009,EVT0009-FC02,48.0,7,2026-01-11T01:11:31Z,38.436248,21.143041
EVT0009,EVT0009-FC02,48.0,7,2026-01-11T01:11:31Z,38.482732,21.148879
EVT0009,EVT0009-FC02,72.0,7,2026-01-12T01:11:31Z,37.758773,19.904436
EVT0009,EVT0009-FC02,72.0,7,2026-01-12T01:11:31Z,38.665768,20.2607
EVT0009,EVT0009-FC02,72.0,7,2026-01-12T01:11:31Z,38.301587,21.790034
EVT0009,EVT0009-FC02,72.0,7,2026-01-12T01:11:31Z,38.512098,21.243602
EVT0009,EVT0009-FC02,72.0,7,2026-01-12T01:11:31Z,38.529939,21.235117
EVT0009,EVT0009-FC02,72.0,7,2026-01-12T01:11:31Z,39.019796,20.764072
EVT0009,EVT0009-FC02,72.0,7,2026-01-12T01:11:31Z,39.055347,21.044539
EVT0009,EVT0009-FC02,72.0,7,2026-01-12T01:11:31Z,38.317577,20.878073
EVT0009,EVT0009-FC02,72.0,7,2026-01-12T01:11:31Z,38.850903,21.259518
EVT0009,EVT0009-FC02,72.0,7,2026-01-12T01:11:31Z,39.206829,20.930165
EVT0009,EVT0009-FC02,72.0,7,2026-01-12T01:11:31Z,38.659729,20.908205
EVT0009,EVT0009-FC02,72.0,7,2026-01-12T01:11:31Z,38.947565,20.696965
EVT0009,EVT0009-FC02,72.0,7,2026-01-12T01:11:31Z,39.476191,19.956713
EVT0009,EVT0009-FC02,72.0,7,2026-01-12T01:11:31Z,38.864532,20.35861
EVT0009,EVT0009-FC02,72.0,7,2026-01-12T01:11:31Z,38.766786,21.77897
EVT0009,EVT0009-FC02,72.0,7,2026-01-12T01:11:31Z,38.416658,19.537551
EVT0009,EVT0009-FC02,72.0,7,2026-01-12T01:11:31Z,38.558222,21.416604
EVT0009,EVT0009-FC02,72.0,7,2026-01-12T01:11:31Z,39.503651,20.187083
EVT0009,EVT0009-FC02,72.0,7,2026-01-12T01:11:31Z,38.918267,21.791346
EVT0009,EVT0009-FC02,72.0,7,2026-01-12T01:11:31Z,38.726163,20.487304
EVT0009,EVT0009-FC02,72.0,7,2026-01-12T01:11:31Z,38.445715,20.182586
EVT0009,EVT0009-FC02,72.0,7,2026-01-12T01:11:31Z,38.429763,20.256945
EVT0009,EVT0009-FC02,72.0,7,2026-01-12T01:11:31Z,37.949113,20.282429
EVT0009,EVT0009-FC02,72.0,7,2026-01-12T01:11:31Z,38.470859,21.004796
EVT0009,EVT0009-FC02,72.0,7,2026-01-12T01:11:31Z,38.247819,20.461537
EVT0009,EVT0009-FC02,72.0,7,2026-01-12T01:11:31Z,38.360426,20.189056
EVT0009,EVT0009-FC02,72.0,7,2026-01-12T01:11:31Z,38.467158,20.985526
EVT0009,EVT0009-FC02,72.0,7,2026-01-12T01:11:31Z,38.34755,20.997361
EVT0009,EVT0009-FC02,72.0,7,2026-01-12T01:11:31Z,39.05938,20.983573
EVT0009,EVT0009-FC02,72.0,7,2026-01-12T01:11:31Z,38.914325,20.463438
EVT0009,EVT0009-FC02,72.0,7,2026-01-12T01:11:31Z,38.185942,20.943534
EVT0009,EVT0009-FC02,72.0,7,2026-01-12T01:11:31Z,38.157833,20.285525
EVT0009,EVT0009-FC02,72.0,7,2026-01-12T01:11:31Z,38.48853,21.010009
EVT0009,EVT0009-FC02,72.0,7,2026-01-12T01:11:31Z,38.784769,20.797738
EVT0009,EVT0009-FC02,72.0,7,2026-01-12T01:11:31Z,39.017674,20.519798
EVT0009,EVT0009-FC02,72.0,7,2026-01-12T01:11:31Z,39.037529,20.66702
EVT0009,EVT0009-FC02,72.0,7,2026-01-12T01:11:31Z,38.133594,20.694203
EVT0009,EVT0009-FC02,72.0,7,2026-01-12T01:11:31Z,38.980495,20.350923
EVT0009,EVT0009-FC02,72.0,7,2026-01-12T01:11:31Z,37.813655,20.780178
EVT0009,EVT0009-FC02,72.0,7,2026-01-12T01:11:31Z,38.399768,20.591787
EVT0010,EVT0010-FC02,12.0,0,2026-01-09T07:12:39Z,36.924994,21.66916
EVT0010,EVT0010-FC02,12.0,0,2026-01-09T07:12:39Z,36.968041,21.741242
EVT0010,EVT0010-FC02,12.0,0,2026-01-09T07:12:39Z,37.071888,21.620391
EVT0010,EVT0010-FC02,12.0,0,2026-01-09T07:12:39Z,37.185081,21.655142
EVT0010,EVT0010-FC02,12.0,0,2026-01-09T07:12:39Z,36.907912,21.836273
EVT0010,EVT0010-FC02,12.0,0,2026-01-09T07:12:39Z,36.902224,21.917163
EVT0010,EVT0010-FC02,12.0,0,2026-01-09T07:12:39Z,37.148294,21.790469
EVT0010,EVT0010-FC02,12.0,0,2026-01-09T07:12:39Z,36.871134,21.97281
EVT0010,EVT0010-FC02,12.0,0,2026-01-09T07:12:39Z,36.969951,21.942569
EVT0010,EVT0010-FC02,12.0,0,2026-01-09T07:12:39Z,36.788975,21.707368
EVT0010,EVT0010-FC02,12.0,0,2026-01-09T07:12:39Z,37.107924,21.86122
EVT0010,EVT0010-FC02,12.0,0,2026-01-09T07:12:39Z,37.046301,21.756076
EVT0010,EVT0010-FC02,12.0,0,2026-01-09T07:12:39Z,36.950108,21.602396
EVT0010,EVT0010-FC02,12.0,0,2026-01-09T07:12:39Z,37.007282,21.811299
EVT0010,EVT0010-FC02,12.0,0,2026-01-09T07:12:39Z,36.910866,21.755196
EVT0010,EVT0010-FC02,12.0,0,2026-01-09T07:12:39Z,37.082005,21.820088
EVT0010,EVT0010-FC02,12.0,0,2026-01-09T07:12:39Z,36.900607,21.723967
EVT0010,EVT0010-FC02,12.0,0,2026-01-09T07:12:39Z,36.971572,21.493902
EVT0010,EVT0010-FC02,12.0,0,2026-01-09T07:12:39Z,36.805468,21.69808
EVT0010,EVT0010-FC02,12.0,0,2026-01-09T07:12:39Z,37.107828,21.522497
EVT0010,EVT0010-FC02,12.0,0,2026-01-09T07:12:39Z,36.82623,21.678988
EVT0010,EVT0010-FC02,12.0,0,2026-01-09T07:12:39Z,36.951893,22.053553
EVT0010,EVT0010-FC02,12.0,0,2026-01-09T07:12:39Z,37.002966,21.867906
EVT0010,EVT0010-FC02,12.0,0,2026-01-09T07:12:39Z,36.837603,21.60767
EVT0010,EVT0010-FC02,12.0,0,2026-01-09T07:12:39Z,36.828472,21.937497
EVT0010,EVT0010-FC02,12.0,0,2026-01-09T07:12:39Z,36.635388,21.713012
EVT0010,EVT0010-FC02,12.0,0,2026-01-09T07:12:39Z,36.989818,21.724226
EVT0010,EVT0010-FC02,12.0,0,2026-01-09T07:12:39Z,36.477422,21.803127
EVT0010,EVT0010-FC02,12.0,0,2026-01-09T07:12:39Z,37.304524,21.517623
EVT0010,EVT0010-FC02,12.0,0,2026-01-09T07:12:39Z,37.001193,21.763754
EVT0010,EVT0010-FC02,12.0,0,2026-01-09T07:12:39Z,36.875659,21.94804
EVT0010,EVT0010-FC02,12.0,0,2026-01-09T07:12:39Z,36.823321,21.77122
EVT0010,EVT0010-FC02,12.0,0,2026-01-09T07:12:39Z,36.789212,21.863771
EVT0010,EVT0010-FC02,12.0,0,2026-01-09T07:12:39Z,37.079477,22.008067
EVT0010,EVT0010-FC02,12.0,0,2026-01-09T07:12:39Z,37.145412,22.083078
EVT0010,EVT0010-FC02,12.0,0,2026-01-09T07:12:39Z,37.033966,22.200838
EVT0010,EVT0010-FC02,12.0,0,2026-01-09T07:12:39Z,36.734208,21.548569
EVT0010,EVT0010-FC02,12.0,0,2026-01-09T07:12:39Z,37.064041,21.84557
EVT0010,EVT0010-FC02,12.0,0,2026-01-09T07:12:39Z,36.989368,21.872884
EVT0010,EVT0010-FC02,12.0,0,2026-01-09T07:12:39Z,36.995933,21.631076
EVT0010,EVT0010-FC02,24.0,0,2026-01-09T19:12:39Z,37.289413,21.570445
EVT0010,EVT0010-FC02,24.0,0,2026-01-09T19:12:39Z,37.153977,21.893618
EVT0010,EVT0010-FC02,24.0,0,2026-01-09T19:12:39Z,37.276813,22.102524
EVT0010,EVT0010-FC02,24.0,0,2026-01-09T19:12:39Z,37.108661,21.543431
EVT0010,EVT0010-FC02,24.0,0,2026-01-09T19:12:39Z,37.062379,21.63677
EVT0010,EVT0010-FC02,24.0,0,2026-01-09T19:12:39Z,37.322181,21.76309
EVT0010,EVT0010-FC02,24.0,0,2026-01-09T19:12:39Z,36.969447,21.847189
EVT0010,EVT0010-FC02,24.0,0,2026-01-09T19:12:39Z,36.855561,22.566689
EVT0010,EVT0010-FC02,24.0,0,2026-01-09T19:12:39Z,36.90021,21.602056
EVT0010,EVT0010-FC02,24.0,0,2026-01-09T19:12:39Z,37.233832,21.506269
EVT0010,EVT0010-FC02,24.0,0,2026-01-09T19:12:39Z,36.91608,21.827379
EVT0010,EVT0010-FC02,24.0,0,2026-01-09T19:12:39Z,37.166749,21.808106
EVT0010,EVT0010-FC02,24.0,0,2026-01-09T19:12:39Z,37.128787,21.900324
EVT0010,EVT0010-FC02,24.0,0,2026-01-09T19:12:39Z,37.135781,22.114354
EVT0010,EVT0010-FC02,24.0,0,2026-01-09T19:12:39Z,37.387102,22.225652
EVT0010,EVT0010-FC02,24.0,0,2026-01-09T19:12:39Z,37.396627,21.90464
EVT0010,EVT0010-FC02,24.0,0,2026-01-09T19:12:39Z,37.017478,21.598089
EVT0010,EVT0010-FC02,24.0,0,2026-01-09T19:12:39Z,37.212677,21.97868
EVT0010,EVT0010-FC02,24.0,0,2026-01-09T19:12:39Z,36.904236,21.481749
EVT0010,EVT0010-FC02,24.0,0,2026-01-09T19:12:39Z,37.189646,21.713207
EVT0010,EVT0010-FC02,24.0,0,2026-01-09T19:12:39Z,36.591322,21.536489
EVT0010,EVT0010-FC02,24.0,0,2026-01-09T19:12:39Z,37.220598,21.998516
EVT0010,EVT0010-FC02,24.0,0,2026-01-09T19:12:39Z,37.624137,21.373036
EVT0010,EVT0010-FC02,24.0,0,2026-01-09T19:12:39Z,37.269153,21.980833
EVT0010,EVT0010-FC02,24.0,0,2026-01-09T19:12:39Z,37.305913,21.65849
EVT0010,EVT0010-FC02,24.0,0,2026-01-09T19:12:39Z,36.751441,21.850402
EVT0010,EVT0010-FC02,24.0,0,2026-01-09T19:12:39Z,37.269784,21.604768
EVT0010,EVT0010-FC02,24.0,0,2026-01-09T19:12:39Z,36.943899,21.905795
EVT0010,EVT0010-FC02,24.0,0,2026-01-09T19:12:39Z,37.240599,21.602012
EVT0010,EVT0010-FC02,24.0,0,2026-01-09T19:12:39Z,37.040482,21.64928
EVT0010,EVT0010-FC02,24.0,0,2026-01-09T19:12:39Z,36.620312,21.970768
EVT0010,EVT0010-FC02,24.0,0,2026-01-09T19:12:39Z,37.224016,21.777406
EVT0010,EVT0010-FC02,24.0,0,2026-01-09T19:12:39Z,37.022115,21.793076
EVT0010,EVT0010-FC02,24.0,0,2026-01-09T19:12:39Z,37.415128,22.183453
EVT0010,EVT0010-FC02,24.0,0,2026-01-09T19:12:39Z,36.971936,21.454656
EVT0010,EVT0010-FC02,24.0,0,2026-01-09T19:12:39Z,37.392733,22.132744
EVT0010,EVT0010-FC02,24.0,0,2026-01-09T19:12:39Z,37.231417,21.838955
EVT0010,EVT0010-FC02,24.0,0,2026-01-09T19:12:39Z,37.229764,21.828432
EVT0010,EVT0010-FC02,24.0,0,2026-01-09T19:12:39Z,37.324698,22.025683
EVT0010,EVT0010-FC02,24.0,0,2026-01-09T19:12:39Z,37.259915,21.836103
EVT0010,EVT0010-FC02,48.0,0,2026-01-10T19:12:39Z,37.627753,21.38798
EVT0010,EVT0010-FC02,48.0,0,2026-01-10T19:12:39Z,37.202737,22.163957
EVT0010,EVT0010-FC02,48.0,0,2026-01-10T19:12:39Z,36.809753,22.138302
EVT0010,EVT0010-FC02,48.0,0,2026-01-10T19:12:39Z,37.262064,22.208533
EVT0010,EVT0010-FC02,48.0,0,2026-01-10T19:12:39Z,37.293081,22.16987
EVT0010,EVT0010-FC02,48.0,0,2026-01-10T19:12:39Z,36.830825,21.680845
EVT0010,EVT0010-FC02,48.0,0,2026-01-10T19:12:39Z,37.61149,22.383157
EVT0010,EVT0010-FC02,48.0,0,2026-01-10T19:12:39Z,37.290653,21.194505
EVT0010,EVT0010-FC02,48.0,0,2026-01-10T19:12:39Z,37.383754,21.139693
EVT0010,EVT0010-FC02,48.0,0,2026-01-10T19:12:39Z,37.549934,21.411889
EVT0010,EVT0010-FC02,48.0,0,2026-01-10T19:12:39Z,37.405511,21.596649
EVT0010,EVT0010-FC02,48.0,0,2026-01-10T19:12:39Z,37.341362,22.073636
EVT0010,EVT0010-FC02,48.0,0,2026-01-10T19:12:39Z,37.755123,22.93913
EVT0010,EVT0010-FC02,48.0,0,2026-01-10T19:12:39Z,37.540218,21.650968
EVT0010,EVT0010-FC02,48.0,0,2026-01-10T19:12:39Z,37.175881,22.156363
EVT0010,EVT0010-FC02,48.0,0,2026-01-10T19:12:39Z,37.527721,21.727254
EVT0010,EVT0010-FC02,48.0,0,2026-01-10T19:12:39Z,37.072518,21.789578
EVT0010,EVT0010-FC02,48.0,0,2026-01-10T19:12:39Z,38.017609,21.977997
EVT0010,EVT0010-FC02,48.0,0,2026-01-10T19:12:39Z,37.49391,22.185572
EVT0010,EVT0010-FC02,48.0,0,2026-01-10T19:12:39Z,38.165354,21.977094
EVT0010,EVT0010-FC02,48.0,0,2026-01-10T19:12:39Z,37.205039,21.287222
EVT0010,EVT0010-FC02,48.0,0,2026-01-10T19:12:39Z,37.712415,21.557597
EVT0010,EVT0010-FC02,48.0,0,2026-01-10T19:12:39Z,37.472774,22.058642
EVT0010,EVT0010-FC02,48.0,0,2026-01-10T19:12:39Z,37.640263,21.328255
EVT0010,EVT0010-FC02,48.0,0,2026-01-10T19:12:39Z,37.166437,21.708715
EVT0010,EVT0010-FC02,48.0,0,2026-01-10T19:12:39Z,37.979925,22.997269
EVT0010,EVT0010-FC02,48.0,0,2026-01-10T19:12:39Z,37.094836,21.259212
EVT0010,EVT0010-FC02,48.0,0,2026-01-10T19:12:39Z,37.120123,21.643366
EVT0010,EVT0010-FC02,48.0,0,2026-01-10T19:12:39Z,37.906895,21.244903
EVT0010,EVT0010-FC02,48.0,0,2026-01-10T19:12:39Z,37.429264,22.086707
EVT0010,EVT0010-FC02,48.0,0,2026-01-10T19:12:39Z,37.437824,21.988686
EVT0010,EVT0010-FC02,48.0,0,2026-01-10T19:12:39Z,37.402097,21.333595
EVT0010,EVT0010-FC02,48.0,0,2026-01-10T19:12:39Z,37.617114,21.696644
EVT0010,EVT0010-FC02,48.0,0,2026-01-10T19:12:39Z,37.016621,22.145415
EVT0010,EVT0010-FC02,48.0,0,2026-01-10T19:12:39Z,37.241077,22.172178
EVT0010,EVT0010-FC02,48.0,0,2026-01-10T19:12:39Z,37.730705,21.393741
EVT0010,EVT0010-FC02,48.0,0,2026-01-10T19:12:39Z,37.17016,21.832613
EVT0010,EVT0010-FC02,48.0,0,2026-01-10T19:12:39Z,36.920551,22.166131
EVT0010,EVT0010-FC02,48.0,0,2026-01-10T19:12:39Z,37.315958,21.896572
EVT0010,EVT0010-FC02,48.0,0,2026-01-10T19:12:39Z,37.285106,22.022604
EVT0010,EVT0010-FC02,72.0,0,2026-01-11T19:12:39Z,36.701412,21.876033
EVT0010,EVT0010-FC02,72.0,0,2026-01-11T19:12:39Z,37.277775,21.319698
EVT0010,EVT0010-FC02,72.0,0,2026-01-11T19:12:39Z,37.251679,21.369056
EVT0010,EVT0010-FC02,72.0,0,2026-01-11T19:12:39Z,37.479278,22.229436
EVT0010,EVT0010-FC02,72.0,0,2026-01-11T19:12:39Z,37.476748,21.924946
EVT0010,EVT0010-FC02,72.0,0,2026-01-11T19:12:39Z,37.119166,21.298338
EVT0010,EVT0010-FC02,72.0,0,2026-01-11T19:12:39Z,38.082288,22.826655
EVT0010,EVT0010-FC02,72.0,0,2026-01-11T19:12:39Z,37.485613,21.454567
EVT0010,EVT0010-FC02,72.0,0,2026-01-11T19:12:39Z,37.904382,20.921875
EVT0010,EVT0010-FC02,72.0,0,2026-01-11T19:12:39Z,37.070618,20.83407
EVT0010,EVT0010-FC02,72.0,0,2026-01-11T19:12:39Z,37.779234,21.190165
EVT0010,EVT0010-FC02,72.0,0,2026-01-11T19:12:39Z,36.876911,20.968216
EVT0010,EVT0010-FC02,72.0,0,2026-01-11T19:12:39Z,37.748578,22.027292
EVT0010,EVT0010-FC02,72.0,0,2026-01-11T19:12:39Z,37.223329,21.262375
EVT0010,EVT0010-FC02,72.0,0,2026-01-11T19:12:39Z,37.243695,21.255082
EVT0010,EVT0010-FC02,72.0,0,2026-01-11T19:12:39Z,38.121123,22.067649
EVT0010,EVT0010-FC02,72.0,0,2026-01-11T19:12:39Z,38.307664,21.065019
EVT0010,EVT0010-FC02,72.0,0,2026-01-11T19:12:39Z,37.591352,20.990579
EVT0010,EVT0010-FC02,72.0,0,2026-01-11T19:12:39Z,36.978532,21.229017
EVT0010,EVT0010-FC02,72.0,0,2026-01-11T19:12:39Z,37.341197,21.216718
EVT0010,EVT0010-FC02,72.0,0,2026-01-11T19:12:39Z,37.233287,21.372942
EVT0010,EVT0010-FC02,72.0,0,2026-01-11T19:12:39Z,36.708893,21.79025
EVT0010,EVT0010-FC02,72.0,0,2026-01-11T19:12:39Z,37.32239,21.449911
EVT0010,EVT0010-FC02,72.0,0,2026-01-11T19:12:39Z,37.440709,21.358987
EVT0010,EVT0010-FC02,72.0,0,2026-01-11T19:12:39Z,37.119636,21.855835
EVT0010,EVT0010-FC02,72.0,0,2026-01-11T19:12:39Z,37.451943,21.320686
EVT0010,EVT0010-FC02,72.0,0,2026-01-11T19:12:39Z,37.248196,20.272919
EVT0010,EVT0010-FC02,72.0,0,2026-01-11T19:12:39Z,37.297803,21.880673
EVT0010,EVT0010-FC02,72.0,0,2026-01-11T19:12:39Z,37.367672,21.754759
EVT0010,EVT0010-FC02,72.0,0,2026-01-11T19:12:39Z,37.126664,21.289906
EVT0010,EVT0010-FC02,72.0,0,2026-01-11T19:12:39Z,38.398539,22.367054
EVT0010,EVT0010-FC02,72.0,0,2026-01-11T19:12:39Z,37.13577,21.021001
EVT0010,EVT0010-FC02,72.0,0,2026-01-11T19:12:39Z,37.371605,22.058127
EVT0010,EVT0010-FC02,72.0,0,2026-01-11T19:12:39Z,38.01022,21.2114
EVT0010,EVT0010-FC02,72.0,0,2026-01-11T19:12:39Z,37.103427,21.193176
EVT0010,EVT0010-FC02,72.0,0,2026-01-11T19:12:39Z,37.760425,21.29126
EVT0010,EVT0010-FC02,72.0,0,2026-01-11T19:12:39Z,37.466997,21.864841
EVT0010,EVT0010-FC02,72.0,0,2026-01-11T19:12:39Z,37.835496,21.239539
EVT0010,EVT0010-FC02,72.0,0,2026-01-11T19:12:39Z,38.317636,20.78721
EVT0010,EVT0010-FC02,72.0,0,2026-01-11T19:12:39Z,36.907027,20.580666
EVT0010,EVT0010-FC02,12.0,1,2026-01-09T07:12:39Z,37.017382,21.637726
EVT0010,EVT0010-FC02,12.0,1,2026-01-09T07:12:39Z,37.046269,21.721293
EVT0010,EVT0010-FC02,12.0,1,2026-01-09T07:12:39Z,36.892073,21.816904
EVT0010,EVT0010-FC02,12.0,1,2026-01-09T07:12:39Z,37.257006,21.373076
EVT0010,EVT0010-FC02,12.0,1,2026-01-09T07:12:39Z,36.770484,21.842584
EVT0010,EVT0010-FC02,12.0,1,2026-01-09T07:12:39Z,36.996667,21.779837
EVT0010,EVT0010-FC02,12.0,1,2026-01-09T07:12:39Z,36.929479,21.553056
EVT0010,EVT0010-FC02,12.0,1,2026-01-09T07:12:39Z,36.77907,21.682269
EVT0010,EVT0010-FC02,12.0,1,2026-01-09T07:12:39Z,37.085016,22.041652
EVT0010,EVT0010-FC02,12.0,1,2026-01-09T07:12:39Z,36.808999,21.836874
EVT0010,EVT0010-FC02,12.0,1,2026-01-09T07:12:39Z,37.030141,21.788807
EVT0010,EVT0010-FC02,12.0,1,2026-01-09T07:12:39Z,37.019992,22.038329
EVT0010,EVT0010-FC02,12.0,1,2026-01-09T07:12:39Z,37.116207,22.048899
EVT0010,EVT0010-FC02,12.0,1,2026-01-09T07:12:39Z,36.942954,21.844197
EVT0010,EVT0010-FC02,12.0,1,2026-01-09T07:12:39Z,36.603321,21.570664
EVT0010,EVT0010-FC02,12.0,1,2026-01-09T07:12:39Z,36.882922,21.841083
EVT0010,EVT0010-FC02,12.0,1,2026-01-09T07:12:39Z,36.518972,21.921339
EVT0010,EVT0010-FC02,12.0,1,2026-01-09T07:12:39Z,37.066123,21.725798
EVT0010,EVT0010-FC02,12.0,1,2026-01-09T07:12:39Z,36.591159,22.001172
EVT0010,EVT0010-FC02,12.0,1,2026-01-09T07:12:39Z,37.095705,21.886458
EVT0010,EVT0010-FC02,12.0,1,2026-01-09T07:12:39Z,36.932406,21.685635
EVT0010,EVT0010-FC02,12.0,1,2026-01-09T07:12:39Z,36.985402,21.651826
EVT0010,EVT0010-FC02,12.0,1,2026-01-09T07:12:39Z,36.90494,21.699592
EVT0010,EVT0010-FC02,12.0,1,2026-01-09T07:12:39Z,37.008945,21.948144
EVT0010,EVT0010-FC02,12.0,1,2026-01-09T07:12:39Z,36.947119,21.864238
EVT0010,EVT0010-FC02,12.0,1,2026-01-09T07:12:39Z,37.247003,22.07742
EVT0010,EVT0010-FC02,12.0,1,2026-01-09T07:12:39Z,36.852148,21.958799
EVT0010,EVT0010-FC02,12.0,1,2026-01-09T07:12:39Z,36.98282,21.872101
EVT0010,EVT0010-FC02,12.0,1,2026-01-09T07:12:39Z,37.214382,21.461401
EVT0010,EVT0010-FC02,12.0,1,2026-01-09T07:12:39Z,37.138592,22.013278
EVT0010,EVT0010-FC02,12.0,1,2026-01-09T07:12:39Z,37.028667,21.769313
EVT0010,EVT0010-FC02,12.0,1,2026-01-09T07:12:39Z,37.046777,21.762321
EVT0010,EVT0010-FC02,12.0,1,2026-01-09T07:12:39Z,36.839322,21.836188
EVT0010,EVT0010-FC02,12.0,1,2026-01-09T07:12:39Z,36.987214,21.921679
EVT0010,EVT0010-FC02,12.0,1,2026-01-09T07:12:39Z,37.062212,21.74473
EVT0010,EVT0010-FC02,12.0,1,2026-01-09T07:12:39Z,36.816132,21.587491
EVT0010,EVT0010-FC02,12.0,1,2026-01-09T07:12:39Z,37.206733,21.375826
EVT0010,EVT0010-FC02,12.0,1,2026-01-09T07:12:39Z,37.069622,22.15779
EVT0010,EVT0010-FC02,12.0,1,2026-01-09T07:12:39Z,37.138514,21.739214
EVT0010,EVT0010-FC02,12.0,1,2026-01-09T07:12:39Z,36.703862,21.765351
EVT0010,EVT0010-FC02,24.0,1,2026-01-09T19:12:39Z,37.347228,21.936397
EVT0010,EVT0010-FC02,24.0,1,2026-01-09T19:12:39Z,37.220259,21.261584
EVT0010,EVT0010-FC02,24.0,1,2026-01-09T19:12:39Z,36.993888,21.73855
EVT0010,EVT0010-FC02,24.0,1,2026-01-09T19:12:39Z,37.051352,21.757098
EVT0010,EVT0010-FC02,24.0,1,2026-01-09T19:12:39Z,37.219908,21.868881
EVT0010,EVT0010-FC02,24.0,1,2026-01-09T19:12:39Z,37.126567,21.607466
EVT0010,EVT0010-FC02,24.0,1,2026-01-09T19:12:39Z,37.130646,21.94921
EVT0010,EVT0010-FC02,24.0,1,2026-01-09T19:12:39Z,37.198256,21.646889
EVT0010,EVT0010-FC02,24.0,1,2026-01-09T19:12:39Z,37.050321,21.438589
EVT0010,EVT0010-FC02,24.0,1,2026-01-09T19:12:39Z,37.457451,21.882258
EVT0010,EVT0010-FC02,24.0,1,2026-01-09T19:12:39Z,37.401407,21.637888
EVT0010,EVT0010-FC02,24.0,1,2026-01-09T19:12:39Z,36.459708,21.735009
EVT0010,EVT0010-FC02,24.0,1,2026-01-09T19:12:39Z,36.955862,21.733433
EVT0010,EVT0010-FC02,24.0,1,2026-01-09T19:12:39Z,36.980328,21.790022
EVT0010,EVT0010-FC02,24.0,1,2026-01-09T19:12:39Z,37.385815,22.301196
EVT0010,EVT0010-FC02,24.0,1,2026-01-09T19:12:39Z,37.303466,22.180025
EVT0010,EVT0010-FC02,24.0,1,2026-01-09T19:12:39Z,37.100554,21.573989
EVT0010,EVT0010-FC02,24.0,1,2026-01-09T19:12:39Z,36.925938,21.912893
EVT0010,EVT0010-FC02,24.0,1,2026-01-09T19:12:39Z,36.86714,21.826701
EVT0010,EVT0010-FC02,24.0,1,2026-01-09T19:12:39Z,36.727,22.043629
EVT0010,EVT0010-FC02,24.0,1,2026-01-09T19:12:39Z,37.412783,21.984778
EVT0010,EVT0010-FC02,24.0,1,2026-01-09T19:12:39Z,36.865428,21.310132
EVT0010,EVT0010-FC02,24.0,1,2026-01-09T19:12:39Z,37.132901,21.466005
EVT0010,EVT0010-FC02,24.0,1,2026-01-09T19:12:39Z,36.678935,22.152053
EVT0010,EVT0010-FC02,24.0,1,2026-01-09T19:12:39Z,37.013552,21.617319
EVT0010,EVT0010-FC02,24.0,1,2026-01-09T19:12:39Z,37.451303,21.052748
EVT0010,EVT0010-FC02,24.0,1,2026-01-09T19:12:39Z,37.379492,21.760999
EVT0010,EVT0010-FC02,24.0,1,2026-01-09T19:12:39Z,37.345061,21.865401
EVT0010,EVT0010-FC02,24.0,1,2026-01-09T19:12:39Z,37.162223,21.98271
EVT0010,EVT0010-FC02,24.0,1,2026-01-09T19:12:39Z,37.207459,21.467362
EVT0010,EVT0010-FC02,24.0,1,2026-01-09T19:12:39Z,37.075256,21.782542
EVT0010,EVT0010-FC02,24.0,1,2026-01-09T19:12:39Z,37.294967,21.866236
EVT0010,EVT0010-FC02,24.0,1,2026-01-09T19:12:39Z,36.997527,21.779171
EVT0010,EVT0010-FC02,24.0,1,2026-01-09T19:12:39Z,37.173265,21.690652
EVT0010,EVT0010-FC02,24.0,1,2026-01-09T19:12:39Z,37.497505,22.067987
EVT0010,EVT0010-FC02,24.0,1,2026-01-09T19:12:39Z,37.528096,21.862218
EVT0010,EVT0010-FC02,24.0,1,2026-01-09T19:12:39Z,36.551384,21.850432
EVT0010,EVT0010-FC02,24.0,1,2026-01-09T19:12:39Z,36.899794,21.970979
EVT0010,EVT0010-FC02,24.0,1,2026-01-09T19:12:39Z,37.324569,22.462981
EVT0010,EVT0010-FC02,24.0,1,2026-01-09T19:12:39Z,37.183379,21.643655
EVT0010,EVT0010-FC02,48.0,1,2026-01-10T19:12:39Z,37.190083,21.039373
EVT0010,EVT0010-FC02,48.0,1,2026-01-10T19:12:39Z,38.076005,20.91077
EVT0010,EVT0010-FC02,48.0,1,2026-01-10T19:12:39Z,37.76747,21.393899
EVT0010,EVT0010-FC02,48.0,1,2026-01-10T19:12:39Z,37.702414,22.488292
EVT0010,EVT0010-FC02,48.0,1,2026-01-10T19:12:39Z,37.156357,21.884728
EVT0010,EVT0010-FC02,48.0,1,2026-01-10T19:12:39Z,37.790779,22.222548
EVT0010,EVT0010-FC02,48.0,1,2026-01-10T19:12:39Z,37.336377,21.18829
EVT0010,EVT0010-FC02,48.0,1,2026-01-10T19:12:39Z,37.136488,21.399428
EVT0010,EVT0010-FC02,48.0,1,2026-01-10T19:12:39Z,37.122445,21.50034
EVT0010,EVT0010-FC02,48.0,1,2026-01-10T19:12:39Z,36.53318,22.155835
EVT0010,EVT0010-FC02,48.0,1,2026-01-10T19:12:39Z,37.060224,22.08887
EVT0010,EVT0010-FC02,48.0,1,2026-01-10T19:12:39Z,37.509158,21.187205
EVT0010,EVT0010-FC02,48.0,1,2026-01-10T19:12:39Z,37.779879,21.593817
EVT0010,EVT0010-FC02,48.0,1,2026-01-10T19:12:39Z,36.964905,21.213122
EVT0010,EVT0010-FC02,48.0,1,2026-01-10T19:12:39Z,36.805679,21.572212
EVT0010,EVT0010-FC02,48.0,1,2026-01-10T19:12:39Z,37.271875,21.901959
EVT0010,EVT0010-FC02,48.0,1,2026-01-10T19:12:39Z,37.044315,21.396259
EVT0010,EVT0010-FC02,48.0,1,2026-01-10T19:12:39Z,36.558672,21.067653
EVT0010,EVT0010-FC02,48.0,1,2026-01-10T19:12:39Z,36.859476,20.644976
EVT0010,EVT0010-FC02,48.0,1,2026-01-10T19:12:39Z,37.30594,22.073233
EVT0010,EVT0010-FC02,48.0,1,2026-01-10T19:12:39Z,36.436136,20.865388
EVT0010,EVT0010-FC02,48.0,1,2026-01-10T19:12:39Z,37.402222,21.870878
EVT0010,EVT0010-FC02,48.0,1,2026-01-10T19:12:39Z,37.30248,21.795784
EVT0010,EVT0010-FC02,48.0,1,2026-01-10T19:12:39Z,37.54518,21.507245
EVT0010,EVT0010-FC02,48.0,1,2026-01-10T19:12:39Z,37.138153,21.216236
EVT0010,EVT0010-FC02,48.0,1,2026-01-10T19:12:39Z,37.145434,21.004013
EVT0010,EVT0010-FC02,48.0,1,2026-01-10T19:12:39Z,37.244577,21.828382
EVT0010,EVT0010-FC02,48.0,1,2026-01-10T19:12:39Z,38.108445,22.060422
EVT0010,EVT0010-FC02,48.0,1,2026-01-10T19:12:39Z,37.537929,21.916534
EVT0010,EVT0010-FC02,48.0,1,2026-01-10T19:12:39Z,37.230499,21.35194
EVT0010,EVT0010-FC02,48.0,1,2026-01-10T19:12:39Z,37.312684,21.897089
EVT0010,EVT0010-FC02,48.0,1,2026-01-10T19:12:39Z,37.198958,21.819265
EVT0010,EVT0010-FC02,48.0,1,2026-01-10T19:12:39Z,37.278577,22.091523
EVT0010,EVT0010-FC02,48.0,1,2026-01-10T19:12:39Z,37.083346,21.202789
EVT0010,EVT0010-FC02,48.0,1,2026-01-10T19:12:39Z,36.5206,22.024122
EVT0010,EVT0010-FC02,48.0,1,2026-01-10T19:12:39Z,37.650454,22.48097
EVT0010,EVT0010-FC02,48.0,1,2026-01-10T19:12:39Z,37.473558,21.043752
EVT0010,EVT0010-FC02,48.0,1,2026-01-10T19:12:39Z,37.4831,21.211616
EVT0010,EVT0010-FC02,48.0,1,2026-01-10T19:12:39Z,37.707737,21.397818
EVT0010,EVT0010-FC02,48.0,1,2026-01-10T19:12:39Z,37.366008,21.216173
EVT0010,EVT0010-FC02,72.0,1,2026-01-11T19:12:39Z,37.346517,22.332003
EVT0010,EVT0010-FC02,72.0,1,2026-01-11T19:12:39Z,37.540072,22.401507
EVT0010,EVT0010-FC02,72.0,1,2026-01-11T19:12:39Z,37.685855,21.533497
EVT0010,EVT0010-FC02,72.0,1,2026-01-11T19:12:39Z,37.872992,21.604092
EVT0010,EVT0010-FC02,72.0,1,2026-01-11T19:12:39Z,37.698059,22.226118
EVT0010,EVT0010-FC02,72.0,1,2026-01-11T19:12:39Z,37.52469,22.062654
EVT0010,EVT0010-FC02,72.0,1,2026-01-11T19:12:39Z,37.656682,22.117452
EVT0010,EVT0010-FC02,72.0,1,2026-01-11T19:12:39Z,37.817752,22.379635
EVT0010,EVT0010-FC02,72.0,1,2026-01-11T19:12:39Z,37.850791,21.367483
EVT0010,EVT0010-FC02,72.0,1,2026-01-11T19:12:39Z,36.969269,21.183818
EVT0010,EVT0010-FC02,72.0,1,2026-01-11T19:12:39Z,37.948464,21.221872
EVT0010,EVT0010-FC02,72.0,1,2026-01-11T19:12:39Z,38.02237,21.893925
EVT0010,EVT0010-FC02,72.0,1,2026-01-11T19:12:39Z,37.903962,21.108242
EVT0010,EVT0010-FC02,72.0,1,2026-01-11T19:12:39Z,37.658153,22.165191
EVT0010,EVT0010-FC02,72.0,1,2026-01-11T19:12:39Z,37.641713,22.325587
EVT0010,EVT0010-FC02,72.0,1,2026-01-11T19:12:39Z,38.146141,21.462258
EVT0010,EVT0010-FC02,72.0,1,2026-01-11T19:12:39Z,37.247301,21.287422
EVT0010,EVT0010-FC02,72.0,1,2026-01-11T19:12:39Z,37.366546,21.42843
EVT0010,EVT0010-FC02,72.0,1,2026-01-11T19:12:39Z,37.887393,21.411891
EVT0010,EVT0010-FC02,72.0,1,2026-01-11T19:12:39Z,37.937422,21.294155
EVT0010,EVT0010-FC02,72.0,1,2026-01-11T19:12:39Z,37.228667,22.250074
EVT0010,EVT0010-FC02,72.0,1,2026-01-11T19:12:39Z,37.769939,22.267985
EVT0010,EVT0010-FC02,72.0,1,2026-01-11T19:12:39Z,37.139065,21.366473
EVT0010,EVT0010-FC02,72.0,1,2026-01-11T19:12:39Z,37.750438,21.694825
EVT0010,EVT0010-FC02,72.0,1,2026-01-11T19:12:39Z,37.83075,22.402544
EVT0010,EVT0010-FC02,72.0,1,2026-01-11T19:12:39Z,37.507338,21.409471
EVT0010,EVT0010-FC02,72.0,1,2026-01-11T19:12:39Z,38.032331,22.179026
EVT0010,EVT0010-FC02,72.0,1,2026-01-11T19:12:39Z,37.298633,21.389506
EVT0010,EVT0010-FC02,72.0,1,2026-01-11T19:12:39Z,37.873327,21.188422
EVT0010,EVT0010-FC02,72.0,1,2026-01-11T19:12:39Z,37.598064,20.385286
EVT0010,EVT0010-FC02,72.0,1,2026-01-11T19:12:39Z,37.527525,22.425948
EVT0010,EVT0010-FC02,72.0,1,2026-01-11T19:12:39Z,37.183428,21.097919
EVT0010,EVT0010-FC02,72.0,1,2026-01-11T19:12:39Z,37.686161,21.086635
EVT0010,EVT0010-FC02,72.0,1,2026-01-11T19:12:39Z,37.687551,22.153979
EVT0010,EVT0010-FC02,72.0,1,2026-01-11T19:12:39Z,38.043189,21.468692
EVT0010,EVT0010-FC02,72.0,1,2026-01-11T19:12:39Z,37.252755,21.402444
EVT0010,EVT0010-FC02,72.0,1,2026-01-11T19:12:39Z,37.61254,21.214844
EVT0010,EVT0010-FC02,72.0,1,2026-01-11T19:12:39Z,37.961398,21.143315
EVT0010,EVT0010-FC02,72.0,1,2026-01-11T19:12:39Z,37.159025,21.238406
EVT0010,EVT0010-FC02,72.0,1,2026-01-11T19:12:39Z,37.21652,22.621151
EVT0010,EVT0010-FC02,12.0,2,2026-01-09T07:12:39Z,36.95929,21.760345
EVT0010,EVT0010-FC02,12.0,2,2026-01-09T07:12:39Z,36.929324,21.693365
EVT0010,EVT0010-FC02,12.0,2,2026-01-09T07:12:39Z,36.939277,21.814211
EVT0010,EVT0010-FC02,12.0,2,2026-01-09T07:12:39Z,36.990103,21.89433
EVT0010,EVT0010-FC02,12.0,2,2026-01-09T07:12:39Z,37.039291,21.610169
EVT0010,EVT0010-FC02,12.0,2,2026-01-09T07:12:39Z,37.054933,21.750962
EVT0010,EVT0010-FC02,12.0,2,2026-01-09T07:12:39Z,37.115623,22.278409
EVT0010,EVT0010-FC02,12.0,2,2026-01-09T07:12:39Z,37.158639,21.392185
EVT0010,EVT0010-FC02,12.0,2,2026-01-09T07:12:39Z,37.021344,21.72938
EVT0010,EVT0010-FC02,12.0,2,2026-01-09T07:12:39Z,36.979806,21.655745
EVT0010,EVT0010-FC02,12.0,2,2026-01-09T07:12:39Z,36.762103,21.942809
EVT0010,EVT0010-FC02,12.0,2,2026-01-09T07:12:39Z,36.756986,21.560606
EVT0010,EVT0010-FC02,12.0,2,2026-01-09T07:12:39Z,37.035951,21.824051
EVT0010,EVT0010-FC02,12.0,2,2026-01-09T07:12:39Z,37.054302,22.177204
EVT0010,EVT0010-FC02,12.0,2,2026-01-09T07:12:39Z,36.968709,21.738955
EVT0010,EVT0010-FC02,12.0,2,2026-01-09T07:12:39Z,37.238628,21.870192
EVT0010,EVT0010-FC02,12.0,2,2026-01-09T07:12:39Z,36.954095,22.176962
EVT0010,EVT0010-FC02,12.0,2,2026-01-09T07:12:39Z,37.282367,21.491949
EVT0010,EVT0010-FC02,12.0,2,2026-01-09T07:12:39Z,36.844208,21.763247
EVT0010,EVT0010-FC02,12.0,2,2026-01-09T07:12:39Z,36.940269,21.910387
EVT0010,EVT0010-FC02,12.0,2,2026-01-09T07:12:39Z,37.033399,21.679417
EVT0010,EVT0010-FC02,12.0,2,2026-01-09T07:12:39Z,36.868166,21.59697
EVT0010,EVT0010-FC02,12.0,2,2026-01-09T07:12:39Z,37.027483,21.617997
EVT0010,EVT0010-FC02,12.0,2,2026-01-09T07:12:39Z,37.129827,21.712757
EVT0010,EVT0010-FC02,12.0,2,2026-01-09T07:12:39Z,37.178768,21.924507
EVT0010,EVT0010-FC02,12.0,2,2026-01-09T07:12:39Z,36.935254,21.715919
EVT0010,EVT0010-FC02,12.0,2,2026-01-09T07:12:39Z,36.806816,21.970496
EVT0010,EVT0010-FC02,12.0,2,2026-01-09T07:12:39Z,37.044966,22.109046
EVT0010,EVT0010-FC02,12.0,2,2026-01-09T07:12:39Z,37.015454,21.889624
EVT0010,EVT0010-FC02,12.0,2,2026-01-09T07:12:39Z,36.918695,21.861806
EVT0010,EVT0010-FC02,12.0,2,2026-01-09T07:12:39Z,37.286655,21.455181
EVT0010,EVT0010-FC02,12.0,2,2026-01-09T07:12:39Z,36.932518,21.716855
EVT0010,EVT0010-FC02,12.0,2,2026-01-09T07:12:39Z,36.955146,21.571801
EVT0010,EVT0010-FC02,12.0,2,2026-01-09T07:12:39Z,37.240008,22.240354
EVT0010,EVT0010-FC02,12.0,2,2026-01-09T07:12:39Z,37.060631,21.698749
EVT0010,EVT0010-FC02,12.0,2,2026-01-09T07:12:39Z,37.111982,21.948764
EVT0010,EVT0010-FC02,12.0,2,2026-01-09T07:12:39Z,36.976918,21.994029
EVT0010,EVT0010-FC02,12.0,2,2026-01-09T07:12:39Z,37.135619,21.600166
EVT0010,EVT0010-FC02,12.0,2,2026-01-09T07:12:39Z,36.820604,21.814989
EVT0010,EVT0010-FC02,12.0,2,2026-01-09T07:12:39Z,37.335758,22.102269
EVT0010,EVT0010-FC02,24.0,2,2026-01-09T19:12:39Z,37.012706,21.63322
EVT0010,EVT0010-FC02,24.0,2,2026-01-09T19:12:39Z,37.02042,21.554174
EVT0010,EVT0010-FC02,24.0,2,2026-01-09T19:12:39Z,36.662216,21.598006
EVT0010,EVT0010-FC02,24.0,2,2026-01-09T19:12:39Z,37.40517,22.503117
EVT0010,EVT0010-FC02,24.0,2,2026-01-09T19:12:39Z,37.540909,21.500356
EVT0010,EVT0010-FC02,24.0,2,2026-01-09T19:12:39Z,36.999248,21.668107
EVT0010,EVT0010-FC02,24.0,2,2026-01-09T19:12:39Z,37.340976,21.990918
EVT0010,EVT0010-FC02,24.0,2,2026-01-09T19:12:39Z,36.910114,21.672238
EVT0010,EVT0010-FC02,24.0,2,2026-01-09T19:12:39Z,36.850108,21.919285
EVT0010,EVT0010-FC02,24.0,2,2026-01-09T19:12:39Z,36.77927,21.484373
EVT0010,EVT0010-FC02,24.0,2,2026-01-09T19:12:39Z,37.247627,21.779044
EVT0010,EVT0010-FC02,24.0,2,2026-01-09T19:12:39Z,37.391782,21.729473
EVT0010,EVT0010-FC02,24.0,2,2026-01-09T19:12:39Z,37.38572,22.118493
EVT0010,EVT0010-FC02,24.0,2,2026-01-09T19:12:39Z,37.304996,21.976198
EVT0010,EVT0010-FC02,24.0,2,2026-01-09T19:12:39Z,37.267247,21.797801
EVT0010,EVT0010-FC02,24.0,2,2026-01-09T19:12:39Z,37.182505,22.049621
EVT0010,EVT0010-FC02,24.0,2,2026-01-09T19:12:39Z,37.205315,22.137524
EVT0010,EVT0010-FC02,24.0,2,2026-01-09T19:12:39Z,37.056441,21.897889
EVT0010,EVT0010-FC02,24.0,2,2026-01-09T19:12:39Z,37.125337,21.843724
EVT0010,EVT0010-FC02,24.0,2,2026-01-09T19:12:39Z,37.097377,21.755234
EVT0010,EVT0010-FC02,24.0,2,2026-01-09T19:12:39Z,37.053191,21.736314
EVT0010,EVT0010-FC02,24.0,2,2026-01-09T19:12:39Z,37.148841,21.989965
EVT0010,EVT0010-FC02,24.0,2,2026-01-09T19:12:39Z,37.153204,21.678082
EVT0010,EVT0010-FC02,24.0,2,2026-01-09T19:12:39Z,37.356299,21.939539
EVT0010,EVT0010-FC02,24.0,2,2026-01-09T19:12:39Z,37.342408,21.351903
EVT0010,EVT0010-FC02,24.0,2,2026-01-09T19:12:39Z,36.92572,21.778781
EVT0010,EVT0010-FC02,24.0,2,2026-01-09T19:12:39Z,37.062673,21.419168
EVT0010,EVT0010-FC02,24.0,2,2026-01-09T19:12:39Z,37.396265,21.800109
EVT0010,EVT0010-FC02,24.0,2,2026-01-09T19:12:39Z,36.965996,21.68625
EVT0010,EVT0010-FC02,24.0,2,2026-01-09T19:12:39Z,37.158398,21.924654
EVT0010,EVT0010-FC02,24.0,2,2026-01-09T19:12:39Z,36.860946,21.363958
EVT0010,EVT0010-FC02,24.0,2,2026-01-09T19:12:39Z,37.080574,21.668352
EVT0010,EVT0010-FC02,24.0,2,2026-01-09T19:12:39Z,37.645901,21.511226
EVT0010,EVT0010-FC02,24.0,2,2026-01-09T19:12:39Z,37.203511,21.923123
EVT0010,EVT0010-FC02,24.0,2,2026-01-09T19:12:39Z,36.945865,21.529341
EVT0010,EVT0010-FC02,24.0,2,2026-01-09T19:12:39Z,37.334519,21.919711
EVT0010,EVT0010-FC02,24.0,2,2026-01-09T19:12:39Z,37.239504,22.093638
EVT0010,EVT0010-FC02,24.0,2,2026-01-09T19:12:39Z,37.183792,21.918799
EVT0010,EVT0010-FC02,24.0,2,2026-01-09T19:12:39Z,37.36351,22.247759
EVT0010,EVT0010-FC02,24.0,2,2026-01-09T19:12:39Z,37.303472,22.182731
EVT0010,EVT0010-FC02,48.0,2,2026-01-10T19:12:39Z,37.531153,22.441886
EVT0010,EVT0010-FC02,48.0,2,2026-01-10T19:12:39Z,37.503739,22.001697
EVT0010,EVT0010-FC02,48.0,2,2026-01-10T19:12:39Z,37.775617,21.4168
EVT0010,EVT0010-FC02,48.0,2,2026-01-10T19:12:39Z,37.912802,21.375609
EVT0010,EVT0010-FC02,48.0,2,2026-01-10T19:12:39Z,37.802677,21.212585
EVT0010,EVT0010-FC02,48.0,2,2026-01-10T19:12:39Z,37.017174,21.48546
EVT0010,EVT0010-FC02,48.0,2,2026-01-10T19:12:39Z,37.483969,21.480247
EVT0010,EVT0010-FC02,48.0,2,2026-01-10T19:12:39Z,37.189947,21.450545
EVT0010,EVT0010-FC02,48.0,2,2026-01-10T19:12:39Z,37.374203,21.209894
EVT0010,EVT0010-FC02,48.0,2,2026-01-10T19:12:39Z,37.340555,22.010131
EVT0010,EVT0010-FC02,48.0,2,2026-01-10T19:12:39Z,37.294101,20.81905
EVT0010,EVT0010-FC02,48.0,2,2026-01-10T19:12:39Z,37.633121,22.454338
EVT0010,EVT0010-FC02,48.0,2,2026-01-10T19:12:39Z,36.822648,22.730152
EVT0010,EVT0010-FC02,48.0,2,2026-01-10T19:12:39Z,37.682788,22.539457
EVT0010,EVT0010-FC02,48.0,2,2026-01-10T19:12:39Z,37.790485,22.008965
EVT0010,EVT0010-FC02,48.0,2,2026-01-10T19:12:39Z,37.462525,20.653033
EVT0010,EVT0010-FC02,48.0,2,2026-01-10T19:12:39Z,37.448212,22.368887
EVT0010,EVT0010-FC02,48.0,2,2026-01-10T19:12:39Z,36.679526,22.072414
EVT0010,EVT0010-FC02,48.0,2,2026-01-10T19:12:39Z,37.638433,22.248329
EVT0010,EVT0010-FC02,48.0,2,2026-01-10T19:12:39Z,37.142735,22.895438
EVT0010,EVT0010-FC02,48.0,2,2026-01-10T19:12:39Z,37.226582,21.973244
EVT0010,EVT0010-FC02,48.0,2,2026-01-10T19:12:39Z,37.061946,21.59292
EVT0010,EVT0010-FC02,48.0,2,2026-01-10T19:12:39Z,37.541252,21.968432
EVT0010,EVT0010-FC02,48.0,2,2026-01-10T19:12:39Z,37.766548,21.578125
EVT0010,EVT0010-FC02,48.0,2,2026-01-10T19:12:39Z,37.901544,21.465984
EVT0010,EVT0010-FC02,48.0,2,2026-01-10T19:12:39Z,37.292537,21.300899
EVT0010,EVT0010-FC02,48.0,2,2026-01-10T19:12:39Z,37.333178,21.585588
EVT0010,EVT0010-FC02,48.0,2,2026-01-10T19:12:39Z,37.239286,21.665124
EVT0010,EVT0010-FC02,48.0,2,2026-01-10T19:12:39Z,37.432906,21.127536
EVT0010,EVT0010-FC02,48.0,2,2026-01-10T19:12:39Z,37.271989,21.359466
EVT0010,EVT0010-FC02,48.0,2,2026-01-10T19:12:39Z,37.068907,21.200644
EVT0010,EVT0010-FC02,48.0,2,2026-01-10T19:12:39Z,37.056505,21.792926
EVT0010,EVT0010-FC02,48.0,2,2026-01-10T19:12:39Z,37.444681,21.014077
EVT0010,EVT0010-FC02,48.0,2,2026-01-10T19:12:39Z,37.311156,22.070547
EVT0010,EVT0010-FC02,48.0,2,2026-01-10T19:12:39Z,37.161408,20.923092
EVT0010,EVT0010-FC02,48.0,2,2026-01-10T19:12:39Z,37.175396,21.252667
EVT0010,EVT0010-FC02,48.0,2,2026-01-10T19:12:39Z,37.114159,21.743278
EVT0010,EVT0010-FC02,48.0,2,2026-01-10T19:12:39Z,37.797043,21.368251
EVT0010,EVT0010-FC02,48.0,2,2026-01-10T19:12:39Z,37.416802,22.218543
EVT0010,EVT0010-FC02,48.0,2,2026-01-10T19:12:39Z,37.303877,21.956693
EVT0010,EVT0010-FC02,72.0,2,2026-01-11T19:12:39Z,37.30038,20.664479
EVT0010,EVT0010-FC02,72.0,2,2026-01-11T19:12:39Z,37.874507,21.239688
EVT0010,EVT0010-FC02,72.0,2,2026-01-11T19:12:39Z,37.720905,21.103596
EVT0010,EVT0010-FC02,72.0,2,2026-01-11T19:12:39Z,37.824764,21.346933
EVT0010,EVT0010-FC02,72.0,2,2026-01-11T19:12:39Z,37.394614,20.866172
EVT0010,EVT0010-FC02,72.0,2,2026-01-11T19:12:39Z,37.548308,21.335387
EVT0010,EVT0010-FC02,72.0,2,2026-01-11T19:12:39Z,37.29496,21.173177
EVT0010,EVT0010-FC02,72.0,2,2026-01-11T19:12:39Z,37.50341,21.65582
EVT0010,EVT0010-FC02,72.0,2,2026-01-11T19:12:39Z,38.179718,22.983391
EVT0010,EVT0010-FC02,72.0,2,2026-01-11T19:12:39Z,37.486865,21.812126
EVT0010,EVT0010-FC02,72.0,2,2026-01-11T19:12:39Z,38.033954,22.863702
EVT0010,EVT0010-FC02,72.0,2,2026-01-11T19:12:39Z,37.881045,22.124866
EVT0010,EVT0010-FC02,72.0,2,2026-01-11T19:12:39Z,37.689756,21.282535
EVT0010,EVT0010-FC02,72.0,2,2026-01-11T19:12:39Z,37.221051,21.165009
EVT0010,EVT0010-FC02,72.0,2,2026-01-11T19:12:39Z,37.094116,21.305095
EVT0010,EVT0010-FC02,72.0,2,2026-01-11T19:12:39Z,37.503796,20.886094
EVT0010,EVT0010-FC02,72.0,2,2026-01-11T19:12:39Z,37.718123,22.445353
EVT0010,EVT0010-FC02,72.0,2,2026-01-11T19:12:39Z,37.339244,21.475472
EVT0010,EVT0010-FC02,72.0,2,2026-01-11T19:12:39Z,37.40734,21.806511
EVT0010,EVT0010-FC02,72.0,2,2026-01-11T19:12:39Z,37.830945,22.018475
EVT0010,EVT0010-FC02,72.0,2,2026-01-11T19:12:39Z,36.674124,21.745866
EVT0010,EVT0010-FC02,72.0,2,2026-01-11T19:12:39Z,37.741915,22.356452
EVT0010,EVT0010-FC02,72.0,2,2026-01-11T19:12:39Z,37.885074,22.1675
EVT0010,EVT0010-FC02,72.0,2,2026-01-11T19:12:39Z,38.304106,21.97295
EVT0010,EVT0010-FC02,72.0,2,2026-01-11T19:12:39Z,38.048183,21.835127
EVT0010,EVT0010-FC02,72.0,2,2026-01-11T19:12:39Z,37.184932,20.824407
EVT0010,EVT0010-FC02,72.0,2,2026-01-11T19:12:39Z,37.830405,21.515176
EVT0010,EVT0010-FC02,72.0,2,2026-01-11T19:12:39Z,37.597507,21.875565
EVT0010,EVT0010-FC02,72.0,2,2026-01-11T19:12:39Z,36.276709,21.45441
EVT0010,EVT0010-FC02,72.0,2,2026-01-11T19:12:39Z,37.322098,21.287889
EVT0010,EVT0010-FC02,72.0,2,2026-01-11T19:12:39Z,37.871353,22.277403
EVT0010,EVT0010-FC02,72.0,2,2026-01-11T19:12:39Z,37.920653,21.104941
EVT0010,EVT0010-FC02,72.0,2,2026-01-11T19:12:39Z,37.272068,20.992696
EVT0010,EVT0010-FC02,72.0,2,2026-01-11T19:12:39Z,38.250848,21.789829
EVT0010,EVT0010-FC02,72.0,2,2026-01-11T19:12:39Z,37.695159,22.694002
EVT0010,EVT0010-FC02,72.0,2,2026-01-11T19:12:39Z,37.515548,21.54416
EVT0010,EVT0010-FC02,72.0,2,2026-01-11T19:12:39Z,37.510533,22.147374
EVT0010,EVT0010-FC02,72.0,2,2026-01-11T19:12:39Z,37.608156,20.526403
EVT0010,EVT0010-FC02,72.0,2,2026-01-11T19:12:39Z,37.16973,20.808808
EVT0010,EVT0010-FC02,72.0,2,2026-01-11T19:12:39Z,37.658852,21.700051
EVT0010,EVT0010-FC02,12.0,3,2026-01-09T07:12:39Z,36.80161,21.966509
EVT0010,EVT0010-FC02,12.0,3,2026-01-09T07:12:39Z,36.988134,21.681334
EVT0010,EVT0010-FC02,12.0,3,2026-01-09T07:12:39Z,36.978947,21.733695
EVT0010,EVT0010-FC02,12.0,3,2026-01-09T07:12:39Z,36.909256,21.662642
EVT0010,EVT0010-FC02,12.0,3,2026-01-09T07:12:39Z,36.944564,21.777018
EVT0010,EVT0010-FC02,12.0,3,2026-01-09T07:12:39Z,36.945615,21.947485
EVT0010,EVT0010-FC02,12.0,3,2026-01-09T07:12:39Z,36.916769,22.065366
EVT0010,EVT0010-FC02,12.0,3,2026-01-09T07:12:39Z,36.895087,21.601436
EVT0010,EVT0010-FC02,12.0,3,2026-01-09T07:12:39Z,37.011503,21.816282
EVT0010,EVT0010-FC02,12.0,3,2026-01-09T07:12:39Z,36.794329,21.928376
EVT0010,EVT0010-FC02,12.0,3,2026-01-09T07:12:39Z,36.681861,22.117997
EVT0010,EVT0010-FC02,12.0,3,2026-01-09T07:12:39Z,36.933326,21.623527
EVT0010,EVT0010-FC02,12.0,3,2026-01-09T07:12:39Z,36.864247,21.836949
EVT0010,EVT0010-FC02,12.0,3,2026-01-09T07:12:39Z,36.968681,21.748515
EVT0010,EVT0010-FC02,12.0,3,2026-01-09T07:12:39Z,37.042361,22.03777
EVT0010,EVT0010-FC02,12.0,3,2026-01-09T07:12:39Z,37.108377,21.84872
EVT0010,EVT0010-FC02,12.0,3,2026-01-09T07:12:39Z,36.894034,21.840455
EVT0010,EVT0010-FC02,12.0,3,2026-01-09T07:12:39Z,36.821704,21.752606
EVT0010,EVT0010-FC02,12.0,3,2026-01-09T07:12:39Z,36.922544,21.567017
EVT0010,EVT0010-FC02,12.0,3,2026-01-09T07:12:39Z,36.958703,21.938905
EVT0010,EVT0010-FC02,12.0,3,2026-01-09T07:12:39Z,36.965155,21.541492
EVT0010,EVT0010-FC02,12.0,3,2026-01-09T07:12:39Z,36.983705,21.695708
EVT0010,EVT0010-FC02,12.0,3,2026-01-09T07:12:39Z,36.872206,21.638288
EVT0010,EVT0010-FC02,12.0,3,2026-01-09T07:12:39Z,36.840887,21.766501
EVT0010,EVT0010-FC02,12.0,3,2026-01-09T07:12:39Z,36.999605,21.768857
EVT0010,EVT0010-FC02,12.0,3,2026-01-09T07:12:39Z,37.003368,21.596833
EVT0010,EVT0010-FC02,12.0,3,2026-01-09T07:12:39Z,36.881379,21.659166
EVT0010,EVT0010-FC02,12.0,3,2026-01-09T07:12:39Z,36.984028,21.668094
EVT0010,EVT0010-FC02,12.0,3,2026-01-09T07:12:39Z,37.04048,21.965391
EVT0010,EVT0010-FC02,12.0,3,2026-01-09T07:12:39Z,36.922293,21.829512
EVT0010,EVT0010-FC02,12.0,3,2026-01-09T07:12:39Z,36.950359,21.941929
EVT0010,EVT0010-FC02,12.0,3,2026-01-09T07:12:39Z,37.129547,21.663609
EVT0010,EVT0010-FC02,12.0,3,2026-01-09T07:12:39Z,37.024983,22.276667
EVT0010,EVT0010-FC02,12.0,3,2026-01-09T07:12:39Z,37.059664,21.974388
EVT0010,EVT0010-FC02,12.0,3,2026-01-09T07:12:39Z,36.972172,21.613344
EVT0010,EVT0010-FC02,12.0,3,2026-01-09T07:12:39Z,36.989938,21.806442
EVT0010,EVT0010-FC02,12.0,3,2026-01-09T07:12:39Z,36.732081,21.963184
EVT0010,EVT0010-FC02,12.0,3,2026-01-09T07:12:39Z,36.763395,21.932574
EVT0010,EVT0010-FC02,12.0,3,2026-01-09T07:12:39Z,37.098553,21.881321
EVT0010,EVT0010-FC02,12.0,3,2026-01-09T07:12:39Z,37.035217,21.515691
EVT0010,EVT0010-FC02,24.0,3,2026-01-09T19:12:39Z,37.130574,21.604545
EVT0010,EVT0010-FC02,24.0,3,2026-01-09T19:12:39Z,36.853365,21.358815
EVT0010,EVT0010-FC02,24.0,3,2026-01-09T19:12:39Z,37.344965,22.131117
EVT0010,EVT0010-FC02,24.0,3,2026-01-09T19:12:39Z,36.964076,21.633315
EVT0010,EVT0010-FC02,24.0,3,2026-01-09T19:12:39Z,37.302871,21.360141
EVT0010,EVT0010-FC02,24.0,3,2026-01-09T19:12:39Z,37.256152,21.667497
EVT0010,EVT0010-FC02,24.0,3,2026-01-09T19:12:39Z,37.371225,22.238772
EVT0010,EVT0010-FC02,24.0,3,2026-01-09T19:12:39Z,37.39249,22.159962
EVT0010,EVT0010-FC02,24.0,3,2026-01-09T19:12:39Z,37.114226,22.146627
EVT0010,EVT0010-FC02,24.0,3,2026-01-09T19:12:39Z,37.400457,21.575203
EVT0010,EVT0010-FC02,24.0,3,2026-01-09T19:12:39Z,37.069448,21.166924
EVT0010,EVT0010-FC02,24.0,3,2026-01-09T19:12:39Z,36.969195,21.882353
EVT0010,EVT0010-FC02,24.0,3,2026-01-09T19:12:39Z,37.325896,21.632323
EVT0010,EVT0010-FC02,24.0,3,2026-01-09T19:12:39Z,37.067864,21.43778
EVT0010,EVT0010-FC02,24.0,3,2026-01-09T19:12:39Z,37.148159,21.68623
EVT0010,EVT0010-FC02,24.0,3,2026-01-09T19:12:39Z,37.187114,21.588718
EVT0010,EVT0010-FC02,24.0,3,2026-01-09T19:12:39Z,37.304224,21.80655
EVT0010,EVT0010-FC02,24.0,3,2026-01-09T19:12:39Z,36.99277,21.642858
EVT0010,EVT0010-FC02,24.0,3,2026-01-09T19:12:39Z,37.411811,22.386759
EVT0010,EVT0010-FC02,24.0,3,2026-01-09T19:12:39Z,37.133403,21.83136
EVT0010,EVT0010-FC02,24.0,3,2026-01-09T19:12:39Z,37.057759,21.613179
EVT0010,EVT0010-FC02,24.0,3,2026-01-09T19:12:39Z,36.783683,22.512473
EVT0010,EVT0010-FC02,24.0,3,2026-01-09T19:12:39Z,37.280096,21.960717
EVT0010,EVT0010-FC02,24.0,3,2026-01-09T19:12:39Z,37.052505,22.51894
EVT0010,EVT0010-FC02,24.0,3,2026-01-09T19:12:39Z,37.192713,22.038312
EVT0010,EVT0010-FC02,24.0,3,2026-01-09T19:12:39Z,37.240046,21.478073
EVT0010,EVT0010-FC02,24.0,3,2026-01-09T19:12:39Z,37.119462,21.980363
EVT0010,EVT0010-FC02,24.0,3,2026-01-09T19:12:39Z,36.951576,21.798987
EVT0010,EVT0010-FC02,24.0,3,2026-01-09T19:12:39Z,37.093466,21.721415
EVT0010,EVT0010-FC02,24.0,3,2026-01-09T19:12:39Z,37.099334,21.666563
EVT0010,EVT0010-FC02,24.0,3,2026-01-09T19:12:39Z,37.193447,21.675723
EVT0010,EVT0010-FC02,24.0,3,2026-01-09T19:12:39Z,36.875249,21.853415
EVT0010,EVT0010-FC02,24.0,3,2026-01-09T19:12:39Z,37.042501,21.582418
EVT0010,EVT0010-FC02,24.0,3,2026-01-09T19:12:39Z,36.999523,21.564291
EVT0010,EVT0010-FC02,24.0,3,2026-01-09T19:12:39Z,37.159926,21.944752
EVT0010,EVT0010-FC02,24.0,3,2026-01-09T19:12:39Z,37.10773,21.868042
EVT0010,EVT0010-FC02,24.0,3,2026-01-09T19:12:39Z,37.505637,21.534108
EVT0010,EVT0010-FC02,24.0,3,2026-01-09T19:12:39Z,37.043028,21.476642
EVT0010,EVT0010-FC02,24.0,3,2026-01-09T19:12:39Z,37.139689,22.097352
EVT0010,EVT0010-FC02,24.0,3,2026-01-09T19:12:39Z,37.251499,21.906531
EVT0010,EVT0010-FC02,48.0,3,2026-01-10T19:12:39Z,36.804082,22.455528
EVT0010,EVT0010-FC02,48.0,3,2026-01-10T19:12:39Z,37.184153,21.635071
EVT0010,EVT0010-FC02,48.0,3,2026-01-10T19:12:39Z,38.142664,21.96755
EVT0010,EVT0010-FC02,48.0,3,2026-01-10T19:12:39Z,37.782631,23.231859
EVT0010,EVT0010-FC02,48.0,3,2026-01-10T19:12:39Z,37.43362,22.05383
EVT0010,EVT0010-FC02,48.0,3,2026-01-10T19:12:39Z,37.698771,21.954693
EVT0010,EVT0010-FC02,48.0,3,2026-01-10T19:12:39Z,37.443514,21.94868
EVT0010,EVT0010-FC02,48.0,3,2026-01-10T19:12:39Z,37.550149,22.412253
EVT0010,EVT0010-FC02,48.0,3,2026-01-10T19:12:39Z,37.711748,21.724404
EVT0010,EVT0010-FC02,48.0,3,2026-01-10T19:12:39Z,37.128342,21.207918
EVT0010,EVT0010-FC02,48.0,3,2026-01-10T19:12:39Z,37.303718,22.844911
EVT0010,EVT0010-FC02,48.0,3,2026-01-10T19:12:39Z,37.328617,21.370089
EVT0010,EVT0010-FC02,48.0,3,2026-01-10T19:12:39Z,36.98937,21.181775
EVT0010,EVT0010-FC02,48.0,3,2026-01-10T19:12:39Z,37.51746,22.377751
EVT0010,EVT0010-FC02,48.0,3,2026-01-10T19:12:39Z,37.432628,21.854955
EVT0010,EVT0010-FC02,48.0,3,2026-01-10T19:12:39Z,37.127989,21.453079
EVT0010,EVT0010-FC02,48.0,3,2026-01-10T19:12:39Z,37.394065,22.204399
EVT0010,EVT0010-FC02,48.0,3,2026-01-10T19:12:39Z,37.206439,20.989201
EVT0010,EVT0010-FC02,48.0,3,2026-01-10T19:12:39Z,37.112235,21.885997
EVT0010,EVT0010-FC02,48.0,3,2026-01-10T19:12:39Z,37.898633,21.602221
EVT0010,EVT0010-FC02,48.0,3,2026-01-10T19:12:39Z,37.11646,22.204154
EVT0010,EVT0010-FC02,48.0,3,2026-01-10T19:12:39Z,37.001587,22.076828
EVT0010,EVT0010-FC02,48.0,3,2026-01-10T19:12:39Z,36.690957,22.08573
EVT0010,EVT0010-FC02,48.0,3,2026-01-10T19:12:39Z,37.312653,22.076615
EVT0010,EVT0010-FC02,48.0,3,2026-01-10T19:12:39Z,37.582142,22.232451
EVT0010,EVT0010-FC02,48.0,3,2026-01-10T19:12:39Z,37.061038,21.555731
EVT0010,EVT0010-FC02,48.0,3,2026-01-10T19:12:39Z,37.548883,21.108958
EVT0010,EVT0010-FC02,48.0,3,2026-01-10T19:12:39Z,37.365638,21.367787
EVT0010,EVT0010-FC02,48.0,3,2026-01-10T19:12:39Z,38.040677,22.136097
EVT0010,EVT0010-FC02,48.0,3,2026-01-10T19:12:39Z,37.213668,21.753092
EVT0010,EVT0010-FC02,48.0,3,2026-01-10T19:12:39Z,37.106421,21.229441
EVT0010,EVT0010-FC02,48.0,3,2026-01-10T19:12:39Z,37.145909,21.938159
EVT0010,EVT0010-FC02,48.0,3,2026-01-10T19:12:39Z,37.278669,21.913142
EVT0010,EVT0010-FC02,48.0,3,2026-01-10T19:12:39Z,37.475185,21.371859
EVT0010,EVT0010-FC02,48.0,3,2026-01-10T19:12:39Z,37.396381,22.443564
EVT0010,EVT0010-FC02,48.0,3,2026-01-10T19:12:39Z,37.277601,22.1812
EVT0010,EVT0010-FC02,48.0,3,2026-01-10T19:12:39Z,37.219657,22.362408
EVT0010,EVT0010-FC02,48.0,3,2026-01-10T19:12:39Z,37.287806,21.438848
EVT0010,EVT0010-FC02,48.0,3,2026-01-10T19:12:39Z,37.4401,21.792286
EVT0010,EVT0010-FC02,48.0,3,2026-01-10T19:12:39Z,37.377383,22.51014
EVT0010,EVT0010-FC02,72.0,3,2026-01-11T19:12:39Z,37.027995,22.611741
EVT0010,EVT0010-FC02,72.0,3,2026-01-11T19:12:39Z,38.720454,21.924848
EVT0010,EVT0010-FC02,72.0,3,2026-01-11T19:12:39Z,37.809535,22.91822
EVT0010,EVT0010-FC02,72.0,3,2026-01-11T19:12:39Z,37.37206,21.505187
EVT0010,EVT0010-FC02,72.0,3,2026-01-11T19:12:39Z,37.401258,21.409845
EVT0010,EVT0010-FC02,72.0,3,2026-01-11T19:12:39Z,37.527618,21.004762
EVT0010,EVT0010-FC02,72.0,3,2026-01-11T19:12:39Z,37.028614,21.490012
EVT0010,EVT0010-FC02,72.0,3,2026-01-11T19:12:39Z,37.217869,21.974527
EVT0010,EVT0010-FC02,72.0,3,2026-01-11T19:12:39Z,38.330916,21.092416
EVT0010,EVT0010-FC02,72.0,3,2026-01-11T19:12:39Z,37.876428,21.169555
EVT0010,EVT0010-FC02,72.0,3,2026-01-11T19:12:39Z,37.269015,21.339955
EVT0010,EVT0010-FC02,72.0,3,2026-01-11T19:12:39Z,37.448729,22.036153
EVT0010,EVT0010-FC02,72.0,3,2026-01-11T19:12:39Z,37.001095,20.937323
EVT0010,EVT0010-FC02,72.0,3,2026-01-11T19:12:39Z,37.120919,21.596654
EVT0010,EVT0010-FC02,72.0,3,2026-01-11T19:12:39Z,37.542507,21.635723
EVT0010,EVT0010-FC02,72.0,3,2026-01-11T19:12:39Z,37.221903,20.530298
EVT0010,EVT0010-FC02,72.0,3,2026-01-11T19:12:39Z,37.462337,21.162461
EVT0010,EVT0010-FC02,72.0,3,2026-01-11T19:12:39Z,37.873361,21.162899
EVT0010,EVT0010-FC02,72.0,3,2026-01-11T19:12:39Z,37.257802,21.616447
EVT0010,EVT0010-FC02,72.0,3,2026-01-11T19:12:39Z,37.253058,21.41665
EVT0010,EVT0010-FC02,72.0,3,2026-01-11T19:12:39Z,36.958135,21.343249
EVT0010,EVT0010-FC02,72.0,3,2026-01-11T19:12:39Z,37.346598,20.865408
EVT0010,EVT0010-FC02,72.0,3,2026-01-11T19:12:39Z,37.448112,21.701016
EVT0010,EVT0010-FC02,72.0,3,2026-01-11T19:12:39Z,37.357828,21.412119
EVT0010,EVT0010-FC02,72.0,3,2026-01-11T19:12:39Z,37.176716,21.489389
EVT0010,EVT0010-FC02,72.0,3,2026-01-11T19:12:39Z,37.146962,20.800683
EVT0010,EVT0010-FC02,72.0,3,2026-01-11T19:12:39Z,37.970401,21.941709
EVT0010,EVT0010-FC02,72.0,3,2026-01-11T19:12:39Z,37.876399,22.125661
EVT0010,EVT0010-FC02,72.0,3,2026-01-11T19:12:39Z,37.483688,21.933267
EVT0010,EVT0010-FC02,72.0,3,2026-01-11T19:12:39Z,37.794779,21.334384
EVT0010,EVT0010-FC02,72.0,3,2026-01-11T19:12:39Z,37.725599,21.85621
EVT0010,EVT0010-FC02,72.0,3,2026-01-11T19:12:39Z,37.124087,22.004413
EVT0010,EVT0010-FC02,72.0,3,2026-01-11T19:12:39Z,37.789723,21.427708
EVT0010,EVT0010-FC02,72.0,3,2026-01-11T19:12:39Z,37.88888,22.356394
EVT0010,EVT0010-FC02,72.0,3,2026-01-11T19:12:39Z,38.029359,21.037281
EVT0010,EVT0010-FC02,72.0,3,2026-01-11T19:12:39Z,38.003528,22.911939
EVT0010,EVT0010-FC02,72.0,3,2026-01-11T19:12:39Z,37.078781,21.475767
EVT0010,EVT0010-FC02,72.0,3,2026-01-11T19:12:39Z,37.440871,20.954464
EVT0010,EVT0010-FC02,72.0,3,2026-01-11T19:12:39Z,37.774733,22.860603
EVT0010,EVT0010-FC02,72.0,3,2026-01-11T19:12:39Z,37.417077,22.889052
EVT0010,EVT0010-FC02,12.0,4,2026-01-09T07:12:39Z,37.024362,21.672376
EVT0010,EVT0010-FC02,12.0,4,2026-01-09T07:12:39Z,36.99285,21.541076
EVT0010,EVT0010-FC02,12.0,4,2026-01-09T07:12:39Z,36.757818,21.464101
EVT0010,EVT0010-FC02,12.0,4,2026-01-09T07:12:39Z,36.952884,21.565424
EVT0010,EVT0010-FC02,12.0,4,2026-01-09T07:12:39Z,36.99514,21.791362
EVT0010,EVT0010-FC02,12.0,4,2026-01-09T07:12:39Z,36.717334,21.747453
EVT0010,EVT0010-FC02,12.0,4,2026-01-09T07:12:39Z,36.888133,22.01943
EVT0010,EVT0010-FC02,12.0,4,2026-01-09T07:12:39Z,36.956146,21.812599
EVT0010,EVT0010-FC02,12.0,4,2026-01-09T07:12:39Z,36.874602,21.526422
EVT0010,EVT0010-FC02,12.0,4,2026-01-09T07:12:39Z,36.92191,21.892396
EVT0010,EVT0010-FC02,12.0,4,2026-01-09T07:12:39Z,37.033932,21.776045
EVT0010,EVT0010-FC02,12.0,4,2026-01-09T07:12:39Z,36.978164,21.569909
EVT0010,EVT0010-FC02,12.0,4,2026-01-09T07:12:39Z,36.659484,21.65232
EVT0010,EVT0010-FC02,12.0,4,2026-01-09T07:12:39Z,36.876328,22.036269
EVT0010,EVT0010-FC02,12.0,4,2026-01-09T07:12:39Z,37.004179,21.726061
EVT0010,EVT0010-FC02,12.0,4,2026-01-09T07:12:39Z,37.04057,21.962882
EVT0010,EVT0010-FC02,12.0,4,2026-01-09T07:12:39Z,36.742092,21.64567
EVT0010,EVT0010-FC02,12.0,4,2026-01-09T07:12:39Z,37.051326,21.911316
EVT0010,EVT0010-FC02,12.0,4,2026-01-09T07:12:39Z,37.007964,21.861813
EVT0010,EVT0010-FC02,12.0,4,2026-01-09T07:12:39Z,37.003014,21.603179
EVT0010,EVT0010-FC02,12.0,4,2026-01-09T07:12:39Z,36.970563,21.784565
EVT0010,EVT0010-FC02,12.0,4,2026-01-09T07:12:39Z,36.620544,21.398924
EVT0010,EVT0010-FC02,12.0,4,2026-01-09T07:12:39Z,36.71784,21.850392
EVT0010,EVT0010-FC02,12.0,4,2026-01-09T07:12:39Z,36.972737,21.770255
EVT0010,EVT0010-FC02,12.0,4,2026-01-09T07:12:39Z,36.637568,21.682163
EVT0010,EVT0010-FC02,12.0,4,2026-01-09T07:12:39Z,37.020625,21.599709
EVT0010,EVT0010-FC02,12.0,4,2026-01-09T07:12:39Z,37.033222,21.871518
EVT0010,EVT0010-FC02,12.0,4,2026-01-09T07:12:39Z,36.796845,21.544342
EVT0010,EVT0010-FC02,12.0,4,2026-01-09T07:12:39Z,37.000026,21.642851
EVT0010,EVT0010-FC02,12.0,4,2026-01-09T07:12:39Z,36.882106,21.949923
EVT0010,EVT0010-FC02,12.0,4,2026-01-09T07:12:39Z,37.034216,21.855748
EVT0010,EVT0010-FC02,12.0,4,2026-01-09T07:12:39Z,36.972428,21.69001
EVT0010,EVT0010-FC02,12.0,4,2026-01-09T07:12:39Z,36.896524,22.097225
EVT0010,EVT0010-FC02,12.0,4,2026-01-09T07:12:39Z,37.16896,22.144413
EVT0010,EVT0010-FC02,12.0,4,2026-01-09T07:12:39Z,37.170274,22.03382
EVT0010,EVT0010-FC02,12.0,4,2026-01-09T07:12:39Z,36.944698,21.727867
EVT0010,EVT0010-FC02,12.0,4,2026-01-09T07:12:39Z,36.979537,21.720486
EVT0010,EVT0010-FC02,12.0,4,2026-01-09T07:12:39Z,36.938125,21.729792
EVT0010,EVT0010-FC02,12.0,4,2026-01-09T07:12:39Z,36.95286,21.538231
EVT0010,EVT0010-FC02,12.0,4,2026-01-09T07:12:39Z,36.904919,21.48737
EVT0010,EVT0010-FC02,24.0,4,2026-01-09T19:12:39Z,36.828293,21.781917
EVT0010,EVT0010-FC02,24.0,4,2026-01-09T19:12:39Z,37.112932,21.734787
EVT0010,EVT0010-FC02,24.0,4,2026-01-09T19:12:39Z,37.205696,21.599274
EVT0010,EVT0010-FC02,24.0,4,2026-01-09T19:12:39Z,37.098623,21.7345
EVT0010,EVT0010-FC02,24.0,4,2026-01-09T19:12:39Z,37.221423,22.086168
EVT0010,EVT0010-FC02,24.0,4,2026-01-09T19:12:39Z,37.116004,21.811398
EVT0010,EVT0010-FC02,24.0,4,2026-01-09T19:12:39Z,37.099479,22.21573
EVT0010,EVT0010-FC02,24.0,4,2026-01-09T19:12:39Z,37.272324,22.119146
EVT0010,EVT0010-FC02,24.0,4,2026-01-09T19:12:39Z,37.324255,22.171821
EVT0010,EVT0010-FC02,24.0,4,2026-01-09T19:12:39Z,37.231304,22.078326
EVT0010,EVT0010-FC02,24.0,4,2026-01-09T19:12:39Z,37.330553,22.004128
EVT0010,EVT0010-FC02,24.0,4,2026-01-09T19:12:39Z,36.926447,21.547088
EVT0010,EVT0010-FC02,24.0,4,2026-01-09T19:12:39Z,37.154421,21.786273
EVT0010,EVT0010-FC02,24.0,4,2026-01-09T19:12:39Z,36.892898,22.0734
EVT0010,EVT0010-FC02,24.0,4,2026-01-09T19:12:39Z,37.67567,21.348815
EVT0010,EVT0010-FC02,24.0,4,2026-01-09T19:12:39Z,37.323074,21.561227
EVT0010,EVT0010-FC02,24.0,4,2026-01-09T19:12:39Z,36.85983,21.498206
EVT0010,EVT0010-FC02,24.0,4,2026-01-09T19:12:39Z,37.217589,21.920342
EVT0010,EVT0010-FC02,24.0,4,2026-01-09T19:12:39Z,37.108618,21.744195
EVT0010,EVT0010-FC02,24.0,4,2026-01-09T19:12:39Z,36.99996,21.652185
EVT0010,EVT0010-FC02,24.0,4,2026-01-09T19:12:39Z,37.187026,21.701986
EVT0010,EVT0010-FC02,24.0,4,2026-01-09T19:12:39Z,37.109803,21.780007
EVT0010,EVT0010-FC02,24.0,4,2026-01-09T19:12:39Z,37.156559,21.743571
EVT0010,EVT0010-FC02,24.0,4,2026-01-09T19:12:39Z,37.067226,21.243618
EVT0010,EVT0010-FC02,24.0,4,2026-01-09T19:12:39Z,37.233594,21.93277
EVT0010,EVT0010-FC02,24.0,4,2026-01-09T19:12:39Z,37.238608,22.066503
EVT0010,EVT0010-FC02,24.0,4,2026-01-09T19:12:39Z,37.332782,21.976818
EVT0010,EVT0010-FC02,24.0,4,2026-01-09T19:12:39Z,37.215325,21.777537
EVT0010,EVT0010-FC02,24.0,4,2026-01-09T19:12:39Z,37.06244,21.653847
EVT0010,EVT0010-FC02,24.0,4,2026-01-09T19:12:39Z,37.332956,22.177967
EVT0010,EVT0010-FC02,24.0,4,2026-01-09T19:12:39Z,37.07719,21.879306
EVT0010,EVT0010-FC02,24.0,4,2026-01-09T19:12:39Z,37.022488,21.808554
EVT0010,EVT0010-FC02,24.0,4,2026-01-09T19:12:39Z,37.264303,21.670507
EVT0010,EVT0010-FC02,24.0,4,2026-01-09T19:12:39Z,37.027921,21.695506
EVT0010,EVT0010-FC02,24.0,4,2026-01-09T19:12:39Z,36.945927,21.435462
EVT0010,EVT0010-FC02,24.0,4,2026-01-09T19:12:39Z,37.564372,21.450566
EVT0010,EVT0010-FC02,24.0,4,2026-01-09T19:12:39Z,37.102019,21.541751
EVT0010,EVT0010-FC02,24.0,4,2026-01-09T19:12:39Z,36.983648,21.525179
EVT0010,EVT0010-FC02,24.0,4,2026-01-09T19:12:39Z,37.321697,22.21754
EVT0010,EVT0010-FC02,24.0,4,2026-01-09T19:12:39Z,37.08203,21.262504
EVT0010,EVT0010-FC02,48.0,4,2026-01-10T19:12:39Z,38.059833,21.950233
EVT0010,EVT0010-FC02,48.0,4,2026-01-10T19:12:39Z,37.006908,21.568851
EVT0010,EVT0010-FC02,48.0,4,2026-01-10T19:12:39Z,36.847676,22.45109
EVT0010,EVT0010-FC02,48.0,4,2026-01-10T19:12:39Z,37.635113,21.078856
EVT0010,EVT0010-FC02,48.0,4,2026-01-10T19:12:39Z,36.64081,21.779876
EVT0010,EVT0010-FC02,48.0,4,2026-01-10T19:12:39Z,37.953155,22.000493
EVT0010,EVT0010-FC02,48.0,4,2026-01-10T19:12:39Z,37.475843,21.060256
EVT0010,EVT0010-FC02,48.0,4,2026-01-10T19:12:39Z,37.336525,22.027621
EVT0010,EVT0010-FC02,48.0,4,2026-01-10T19:12:39Z,37.280268,22.588309
EVT0010,EVT0010-FC02,48.0,4,2026-01-10T19:12:39Z,37.254418,21.232491
EVT0010,EVT0010-FC02,48.0,4,2026-01-10T19:12:39Z,37.419019,22.077271
EVT0010,EVT0010-FC02,48.0,4,2026-01-10T19:12:39Z,37.468741,21.045883
EVT0010,EVT0010-FC02,48.0,4,2026-01-10T19:12:39Z,37.180123,21.586087
EVT0010,EVT0010-FC02,48.0,4,2026-01-10T19:12:39Z,37.773966,21.449264
EVT0010,EVT0010-FC02,48.0,4,2026-01-10T19:12:39Z,37.417613,22.019449
EVT0010,EVT0010-FC02,48.0,4,2026-01-10T19:12:39Z,37.105536,21.622518
EVT0010,EVT0010-FC02,48.0,4,2026-01-10T19:12:39Z,37.280429,21.746496
EVT0010,EVT0010-FC02,48.0,4,2026-01-10T19:12:39Z,37.506109,22.531543
EVT0010,EVT0010-FC02,48.0,4,2026-01-10T19:12:39Z,37.36357,22.30637
EVT0010,EVT0010-FC02,48.0,4,2026-01-10T19:12:39Z,37.091497,21.405659
EVT0010,EVT0010-FC02,48.0,4,2026-01-10T19:12:39Z,37.009748,21.626251
EVT0010,EVT0010-FC02,48.0,4,2026-01-10T19:12:39Z,37.01164,21.552398
EVT0010,EVT0010-FC02,48.0,4,2026-01-10T19:12:39Z,37.304814,22.084728
EVT0010,EVT0010-FC02,48.0,4,2026-01-10T19:12:39Z,37.462168,22.149717
EVT0010,EVT0010-FC02,48.0,4,2026-01-10T19:12:39Z,37.413607,21.810541
EVT0010,EVT0010-FC02,48.0,4,2026-01-10T19:12:39Z,36.981987,21.396301
EVT0010,EVT0010-FC02,48.0,4,2026-01-10T19:12:39Z,37.3748,21.270785
EVT0010,EVT0010-FC02,48.0,4,2026-01-10T19:12:39Z,37.498099,21.229763
EVT0010,EVT0010-FC02,48.0,4,2026-01-10T19:12:39Z,37.436224,21.140726
EVT0010,EVT0010-FC02,48.0,4,2026-01-10T19:12:39Z,37.431539,21.364659
EVT0010,EVT0010-FC02,48.0,4,2026-01-10T19:12:39Z,37.636257,21.318127
EVT0010,EVT0010-FC02,48.0,4,2026-01-10T19:12:39Z,37.38773,22.088247
EVT0010,EVT0010-FC02,48.0,4,2026-01-10T19:12:39Z,36.831229,21.721527
EVT0010,EVT0010-FC02,48.0,4,2026-01-10T19:12:39Z,37.235196,21.459963
EVT0010,EVT0010-FC02,48.0,4,2026-01-10T19:12:39Z,37.052782,21.740856
EVT0010,EVT0010-FC02,48.0,4,2026-01-10T19:12:39Z,37.389958,21.385173
EVT0010,EVT0010-FC02,48.0,4,2026-01-10T19:12:39Z,37.296692,22.413133
EVT0010,EVT0010-FC02,48.0,4,2026-01-10T19:12:39Z,37.393893,20.867607
EVT0010,EVT0010-FC02,48.0,4,2026-01-10T19:12:39Z,37.253536,22.103149
EVT0010,EVT0010-FC02,48.0,4,2026-01-10T19:12:39Z,37.631098,21.5848
EVT0010,EVT0010-FC02,72.0,4,2026-01-11T19:12:39Z,37.158265,21.3932
EVT0010,EVT0010-FC02,72.0,4,2026-01-11T19:12:39Z,37.61878,21.46971
EVT0010,EVT0010-FC02,72.0,4,2026-01-11T19:12:39Z,37.315177,21.433021
EVT0010,EVT0010-FC02,72.0,4,2026-01-11T19:12:39Z,37.943984,21.942735
EVT0010,EVT0010-FC02,72.0,4,2026-01-11T19:12:39Z,37.877359,22.977567
EVT0010,EVT0010-FC02,72.0,4,2026-01-11T19:12:39Z,38.012563,22.597564
EVT0010,EVT0010-FC02,72.0,4,2026-01-11T19:12:39Z,37.437684,21.345757
EVT0010,EVT0010-FC02,72.0,4,2026-01-11T19:12:39Z,37.207494,21.344911
EVT0010,EVT0010-FC02,72.0,4,2026-01-11T19:12:39Z,36.983612,20.963653
EVT0010,EVT0010-FC02,72.0,4,2026-01-11T19:12:39Z,37.375819,20.75136
EVT0010,EVT0010-FC02,72.0,4,2026-01-11T19:12:39Z,37.808375,22.20795
EVT0010,EVT0010-FC02,72.0,4,2026-01-11T19:12:39Z,38.472419,21.541747
EVT0010,EVT0010-FC02,72.0,4,2026-01-11T19:12:39Z,37.80602,21.26452
EVT0010,EVT0010-FC02,72.0,4,2026-01-11T19:12:39Z,37.917696,22.463511
EVT0010,EVT0010-FC02,72.0,4,2026-01-11T19:12:39Z,38.581235,22.212744
EVT0010,EVT0010-FC02,72.0,4,2026-01-11T19:12:39Z,37.798713,21.465683
EVT0010,EVT0010-FC02,72.0,4,2026-01-11T19:12:39Z,37.742479,22.402075
EVT0010,EVT0010-FC02,72.0,4,2026-01-11T19:12:39Z,37.824351,21.832527
EVT0010,EVT0010-FC02,72.0,4,2026-01-11T19:12:39Z,38.290338,21.478324
EVT0010,EVT0010-FC02,72.0,4,2026-01-11T19:12:39Z,37.558591,21.532929
EVT0010,EVT0010-FC02,72.0,4,2026-01-11T19:12:39Z,38.184507,21.118516
EVT0010,EVT0010-FC02,72.0,4,2026-01-11T19:12:39Z,37.662115,20.924617
EVT0010,EVT0010-FC02,72.0,4,2026-01-11T19:12:39Z,37.647043,20.698414
EVT0010,EVT0010-FC02,72.0,4,2026-01-11T19:12:39Z,37.163616,21.781296
EVT0010,EVT0010-FC02,72.0,4,2026-01-11T19:12:39Z,37.030451,20.14568
EVT0010,EVT0010-FC02,72.0,4,2026-01-11T19:12:39Z,37.431375,21.633386
EVT0010,EVT0010-FC02,72.0,4,2026-01-11T19:12:39Z,37.126551,21.008666
EVT0010,EVT0010-FC02,72.0,4,2026-01-11T19:12:39Z,37.78657,21.34091
EVT0010,EVT0010-FC02,72.0,4,2026-01-11T19:12:39Z,37.556062,20.166155
EVT0010,EVT0010-FC02,72.0,4,2026-01-11T19:12:39Z,37.589502,20.982574
EVT0010,EVT0010-FC02,72.0,4,2026-01-11T19:12:39Z,37.369432,21.826431
EVT0010,EVT0010-FC02,72.0,4,2026-01-11T19:12:39Z,36.622347,20.993992
EVT0010,EVT0010-FC02,72.0,4,2026-01-11T19:12:39Z,38.012165,21.111436
EVT0010,EVT0010-FC02,72.0,4,2026-01-11T19:12:39Z,37.625017,22.340092
EVT0010,EVT0010-FC02,72.0,4,2026-01-11T19:12:39Z,37.500755,21.95974
EVT0010,EVT0010-FC02,72.0,4,2026-01-11T19:12:39Z,37.85108,20.389407
EVT0010,EVT0010-FC02,72.0,4,2026-01-11T19:12:39Z,37.065724,21.174155
EVT0010,EVT0010-FC02,72.0,4,2026-01-11T19:12:39Z,38.470642,22.4438
EVT0010,EVT0010-FC02,72.0,4,2026-01-11T19:12:39Z,36.739481,21.945376
EVT0010,EVT0010-FC02,72.0,4,2026-01-11T19:12:39Z,37.113978,22.260472
EVT0010,EVT0010-FC02,12.0,5,2026-01-09T07:12:39Z,36.814252,21.387073
EVT0010,EVT0010-FC02,12.0,5,2026-01-09T07:12:39Z,36.943746,21.771095
EVT0010,EVT0010-FC02,12.0,5,2026-01-09T07:12:39Z,36.944303,21.824803
EVT0010,EVT0010-FC02,12.0,5,2026-01-09T07:12:39Z,37.082958,21.731298
EVT0010,EVT0010-FC02,12.0,5,2026-01-09T07:12:39Z,36.715052,21.208085
EVT0010,EVT0010-FC02,12.0,5,2026-01-09T07:12:39Z,36.842544,21.851353
EVT0010,EVT0010-FC02,12.0,5,2026-01-09T07:12:39Z,37.028309,21.495632
EVT0010,EVT0010-FC02,12.0,5,2026-01-09T07:12:39Z,36.911622,21.979245
EVT0010,EVT0010-FC02,12.0,5,2026-01-09T07:12:39Z,36.756323,21.694625
EVT0010,EVT0010-FC02,12.0,5,2026-01-09T07:12:39Z,36.84797,21.853908
EVT0010,EVT0010-FC02,12.0,5,2026-01-09T07:12:39Z,36.866915,21.58191
EVT0010,EVT0010-FC02,12.0,5,2026-01-09T07:12:39Z,36.9258,21.753693
EVT0010,EVT0010-FC02,12.0,5,2026-01-09T07:12:39Z,36.990983,21.722576
EVT0010,EVT0010-FC02,12.0,5,2026-01-09T07:12:39Z,36.936052,21.372839
EVT0010,EVT0010-FC02,12.0,5,2026-01-09T07:12:39Z,36.76413,21.72157
EVT0010,EVT0010-FC02,12.0,5,2026-01-09T07:12:39Z,36.891514,21.772835
EVT0010,EVT0010-FC02,12.0,5,2026-01-09T07:12:39Z,36.949771,21.961094
EVT0010,EVT0010-FC02,12.0,5,2026-01-09T07:12:39Z,36.985179,21.743248
EVT0010,EVT0010-FC02,12.0,5,2026-01-09T07:12:39Z,36.716915,21.726164
EVT0010,EVT0010-FC02,12.0,5,2026-01-09T07:12:39Z,36.945083,21.763886
EVT0010,EVT0010-FC02,12.0,5,2026-01-09T07:12:39Z,36.789949,21.648586
EVT0010,EVT0010-FC02,12.0,5,2026-01-09T07:12:39Z,37.136084,21.729134
EVT0010,EVT0010-FC02,12.0,5,2026-01-09T07:12:39Z,36.851813,21.631358
EVT0010,EVT0010-FC02,12.0,5,2026-01-09T07:12:39Z,37.078,22.051781
EVT0010,EVT0010-FC02,12.0,5,2026-01-09T07:12:39Z,36.917033,21.745094
EVT0010,EVT0010-FC02,12.0,5,2026-01-09T07:12:39Z,36.959127,22.079503
EVT0010,EVT0010-FC02,12.0,5,2026-01-09T07:12:39Z,37.000129,21.678454
EVT0010,EVT0010-FC02,12.0,5,2026-01-09T07:12:39Z,36.993723,21.418561
EVT0010,EVT0010-FC02,12.0,5,2026-01-09T07:12:39Z,36.961254,21.999336
EVT0010,EVT0010-FC02,12.0,5,2026-01-09T07:12:39Z,37.032733,21.688032
EVT0010,EVT0010-FC02,12.0,5,2026-01-09T07:12:39Z,37.226586,22.107293
EVT0010,EVT0010-FC02,12.0,5,2026-01-09T07:12:39Z,36.92381,21.734984
EVT0010,EVT0010-FC02,12.0,5,2026-01-09T07:12:39Z,37.208972,22.307299
EVT0010,EVT0010-FC02,12.0,5,2026-01-09T07:12:39Z,37.164005,22.186305
EVT0010,EVT0010-FC02,12.0,5,2026-01-09T07:12:39Z,36.929793,21.728371
EVT0010,EVT0010-FC02,12.0,5,2026-01-09T07:12:39Z,36.832345,21.586494
EVT0010,EVT0010-FC02,12.0,5,2026-01-09T07:12:39Z,36.923021,21.807317
EVT0010,EVT0010-FC02,12.0,5,2026-01-09T07:12:39Z,36.995787,21.567308
EVT0010,EVT0010-FC02,12.0,5,2026-01-09T07:12:39Z,37.106878,22.073759
EVT0010,EVT0010-FC02,12.0,5,2026-01-09T07:12:39Z,37.12517,21.919002
EVT0010,EVT0010-FC02,24.0,5,2026-01-09T19:12:39Z,37.167619,22.074482
EVT0010,EVT0010-FC02,24.0,5,2026-01-09T19:12:39Z,37.183557,21.843966
EVT0010,EVT0010-FC02,24.0,5,2026-01-09T19:12:39Z,37.316299,22.086279
EVT0010,EVT0010-FC02,24.0,5,2026-01-09T19:12:39Z,37.060627,21.570289
EVT0010,EVT0010-FC02,24.0,5,2026-01-09T19:12:39Z,37.205413,21.658673
EVT0010,EVT0010-FC02,24.0,5,2026-01-09T19:12:39Z,37.199494,22.007009
EVT0010,EVT0010-FC02,24.0,5,2026-01-09T19:12:39Z,36.868868,21.845692
EVT0010,EVT0010-FC02,24.0,5,2026-01-09T19:12:39Z,36.888059,21.256577
EVT0010,EVT0010-FC02,24.0,5,2026-01-09T19:12:39Z,37.06779,21.996592
EVT0010,EVT0010-FC02,24.0,5,2026-01-09T19:12:39Z,37.437735,21.174143
EVT0010,EVT0010-FC02,24.0,5,2026-01-09T19:12:39Z,36.976899,21.564708
EVT0010,EVT0010-FC02,24.0,5,2026-01-09T19:12:39Z,37.397613,22.064457
EVT0010,EVT0010-FC02,24.0,5,2026-01-09T19:12:39Z,37.09046,21.735136
EVT0010,EVT0010-FC02,24.0,5,2026-01-09T19:12:39Z,37.252747,22.155824
EVT0010,EVT0010-FC02,24.0,5,2026-01-09T19:12:39Z,37.066648,21.582923
EVT0010,EVT0010-FC02,24.0,5,2026-01-09T19:12:39Z,37.133581,21.832559
EVT0010,EVT0010-FC02,24.0,5,2026-01-09T19:12:39Z,37.35766,22.071666
EVT0010,EVT0010-FC02,24.0,5,2026-01-09T19:12:39Z,37.062832,21.673478
EVT0010,EVT0010-FC02,24.0,5,2026-01-09T19:12:39Z,36.530212,22.106728
EVT0010,EVT0010-FC02,24.0,5,2026-01-09T19:12:39Z,37.006751,22.091225
EVT0010,EVT0010-FC02,24.0,5,2026-01-09T19:12:39Z,37.368047,21.741243
EVT0010,EVT0010-FC02,24.0,5,2026-01-09T19:12:39Z,37.198844,21.803768
EVT0010,EVT0010-FC02,24.0,5,2026-01-09T19:12:39Z,37.154323,21.806121
EVT0010,EVT0010-FC02,24.0,5,2026-01-09T19:12:39Z,37.288814,22.182426
EVT0010,EVT0010-FC02,24.0,5,2026-01-09T19:12:39Z,37.136722,21.631134
EVT0010,EVT0010-FC02,24.0,5,2026-01-09T19:12:39Z,37.181991,21.706402
EVT0010,EVT0010-FC02,24.0,5,2026-01-09T19:12:39Z,37.362492,21.617108
EVT0010,EVT0010-FC02,24.0,5,2026-01-09T19:12:39Z,37.047376,21.833895
EVT0010,EVT0010-FC02,24.0,5,2026-01-09T19:12:39Z,37.11255,21.809001
EVT0010,EVT0010-FC02,24.0,5,2026-01-09T19:12:39Z,37.106885,21.582563
EVT0010,EVT0010-FC02,24.0,5,2026-01-09T19:12:39Z,37.116194,21.798584
EVT0010,EVT0010-FC02,24.0,5,2026-01-09T19:12:39Z,36.858986,21.348352
EVT0010,EVT0010-FC02,24.0,5,2026-01-09T19:12:39Z,37.009102,21.649306
EVT0010,EVT0010-FC02,24.0,5,2026-01-09T19:12:39Z,37.402132,21.978497
EVT0010,EVT0010-FC02,24.0,5,2026-01-09T19:12:39Z,37.051469,21.794262
EVT0010,EVT0010-FC02,24.0,5,2026-01-09T19:12:39Z,37.184632,21.761091
EVT0010,EVT0010-FC02,24.0,5,2026-01-09T19:12:39Z,37.374746,21.882821
EVT0010,EVT0010-FC02,24.0,5,2026-01-09T19:12:39Z,37.487967,22.39093
EVT0010,EVT0010-FC02,24.0,5,2026-01-09T19:12:39Z,36.785646,22.505374
EVT0010,EVT0010-FC02,24.0,5,2026-01-09T19:12:39Z,37.184608,21.726443
EVT0010,EVT0010-FC02,48.0,5,2026-01-10T19:12:39Z,37.382988,21.017158
EVT0010,EVT0010-FC02,48.0,5,2026-01-10T19:12:39Z,37.686361,21.456499
EVT0010,EVT0010-FC02,48.0,5,2026-01-10T19:12:39Z,37.120936,21.465485
EVT0010,EVT0010-FC02,48.0,5,2026-01-10T19:12:39Z,37.549116,22.370169
EVT0010,EVT0010-FC02,48.0,5,2026-01-10T19:12:39Z,37.48023,22.077658
EVT0010,EVT0010-FC02,48.0,5,2026-01-10T19:12:39Z,37.301692,21.569715
EVT0010,EVT0010-FC02,48.0,5,2026-01-10T19:12:39Z,37.532111,22.36641
EVT0010,EVT0010-FC02,48.0,5,2026-01-10T19:12:39Z,37.375655,21.257654
EVT0010,EVT0010-FC02,48.0,5,2026-01-10T19:12:39Z,36.955154,20.722966
EVT0010,EVT0010-FC02,48.0,5,2026-01-10T19:12:39Z,37.938112,21.535489
EVT0010,EVT0010-FC02,48.0,5,2026-01-10T19:12:39Z,37.257226,21.57194
EVT0010,EVT0010-FC02,48.0,5,2026-01-10T19:12:39Z,37.297317,21.977335
EVT0010,EVT0010-FC02,48.0,5,2026-01-10T19:12:39Z,38.204484,22.259208
EVT0010,EVT0010-FC02,48.0,5,2026-01-10T19:12:39Z,37.882407,21.445248
EVT0010,EVT0010-FC02,48.0,5,2026-01-10T19:12:39Z,37.312914,22.02612
EVT0010,EVT0010-FC02,48.0,5,2026-01-10T19:12:39Z,37.133155,21.348014
EVT0010,EVT0010-FC02,48.0,5,2026-01-10T19:12:39Z,37.677682,21.715919
EVT0010,EVT0010-FC02,48.0,5,2026-01-10T19:12:39Z,37.88861,21.470191
EVT0010,EVT0010-FC02,48.0,5,2026-01-10T19:12:39Z,37.946821,21.362146
EVT0010,EVT0010-FC02,48.0,5,2026-01-10T19:12:39Z,37.090498,21.984176
EVT0010,EVT0010-FC02,48.0,5,2026-01-10T19:12:39Z,37.246956,22.067523
EVT0010,EVT0010-FC02,48.0,5,2026-01-10T19:12:39Z,37.738101,21.423723
EVT0010,EVT0010-FC02,48.0,5,2026-01-10T19:12:39Z,37.372035,21.856544
EVT0010,EVT0010-FC02,48.0,5,2026-01-10T19:12:39Z,37.038163,22.146899
EVT0010,EVT0010-FC02,48.0,5,2026-01-10T19:12:39Z,37.358428,20.909219
EVT0010,EVT0010-FC02,48.0,5,2026-01-10T19:12:39Z,37.583243,22.229497
EVT0010,EVT0010-FC02,48.0,5,2026-01-10T19:12:39Z,37.631843,22.864891
EVT0010,EVT0010-FC02,48.0,5,2026-01-10T19:12:39Z,37.485124,22.208917
EVT0010,EVT0010-FC02,48.0,5,2026-01-10T19:12:39Z,37.225453,21.86365
EVT0010,EVT0010-FC02,48.0,5,2026-01-10T19:12:39Z,36.586312,22.033945
EVT0010,EVT0010-FC02,48.0,5,2026-01-10T19:12:39Z,37.727264,21.337541
EVT0010,EVT0010-FC02,48.0,5,2026-01-10T19:12:39Z,37.078184,21.93905
EVT0010,EVT0010-FC02,48.0,5,2026-01-10T19:12:39Z,37.068417,22.791163
EVT0010,EVT0010-FC02,48.0,5,2026-01-10T19:12:39Z,37.184118,21.807085
EVT0010,EVT0010-FC02,48.0,5,2026-01-10T19:12:39Z,37.649528,20.868076
EVT0010,EVT0010-FC02,48.0,5,2026-01-10T19:12:39Z,37.413613,22.166258
EVT0010,EVT0010-FC02,48.0,5,2026-01-10T19:12:39Z,37.037079,21.549958
EVT0010,EVT0010-FC02,48.0,5,2026-01-10T19:12:39Z,37.505617,22.198591
EVT0010,EVT0010-FC02,48.0,5,2026-01-10T19:12:39Z,37.138038,21.927191
EVT0010,EVT0010-FC02,48.0,5,2026-01-10T19:12:39Z,37.952361,21.148884
EVT0010,EVT0010-FC02,72.0,5,2026-01-11T19:12:39Z,37.352683,21.011931
EVT0010,EVT0010-FC02,72.0,5,2026-01-11T19:12:39Z,37.198072,21.323152
EVT0010,EVT0010-FC02,72.0,5,2026-01-11T19:12:39Z,37.739486,22.246096
EVT0010,EVT0010-FC02,72.0,5,2026-01-11T19:12:39Z,37.701569,22.382488
EVT0010,EVT0010-FC02,72.0,5,2026-01-11T19:12:39Z,37.951138,21.314532
EVT0010,EVT0010-FC02,72.0,5,2026-01-11T19:12:39Z,36.803846,21.588302
EVT0010,EVT0010-FC02,72.0,5,2026-01-11T19:12:39Z,38.268581,21.110549
EVT0010,EVT0010-FC02,72.0,5,2026-01-11T19:12:39Z,37.353508,21.523686
EVT0010,EVT0010-FC02,72.0,5,2026-01-11T19:12:39Z,37.89807,22.514918
EVT0010,EVT0010-FC02,72.0,5,2026-01-11T19:12:39Z,37.71396,21.063208
EVT0010,EVT0010-FC02,72.0,5,2026-01-11T19:12:39Z,37.003949,21.28222
EVT0010,EVT0010-FC02,72.0,5,2026-01-11T19:12:39Z,37.62348,21.044427
EVT0010,EVT0010-FC02,72.0,5,2026-01-11T19:12:39Z,37.728093,22.377363
EVT0010,EVT0010-FC02,72.0,5,2026-01-11T19:12:39Z,37.874033,22.317275
EVT0010,EVT0010-FC02,72.0,5,2026-01-11T19:12:39Z,37.191462,21.196705
EVT0010,EVT0010-FC02,72.0,5,2026-01-11T19:12:39Z,37.968031,20.769044
EVT0010,EVT0010-FC02,72.0,5,2026-01-11T19:12:39Z,37.587572,21.537508
EVT0010,EVT0010-FC02,72.0,5,2026-01-11T19:12:39Z,37.511025,22.251137
EVT0010,EVT0010-FC02,72.0,5,2026-01-11T19:12:39Z,37.822085,21.936102
EVT0010,EVT0010-FC02,72.0,5,2026-01-11T19:12:39Z,37.683154,22.168801
EVT0010,EVT0010-FC02,72.0,5,2026-01-11T19:12:39Z,37.598429,21.928521
EVT0010,EVT0010-FC02,72.0,5,2026-01-11T19:12:39Z,37.65857,21.964676
EVT0010,EVT0010-FC02,72.0,5,2026-01-11T19:12:39Z,37.362084,22.008844
EVT0010,EVT0010-FC02,72.0,5,2026-01-11T19:12:39Z,37.309163,22.271045
EVT0010,EVT0010-FC02,72.0,5,2026-01-11T19:12:39Z,37.413816,21.903506
EVT0010,EVT0010-FC02,72.0,5,2026-01-11T19:12:39Z,37.775046,22.56821
EVT0010,EVT0010-FC02,72.0,5,2026-01-11T19:12:39Z,37.759033,22.175665
EVT0010,EVT0010-FC02,72.0,5,2026-01-11T19:12:39Z,38.260094,22.120211
EVT0010,EVT0010-FC02,72.0,5,2026-01-11T19:12:39Z,37.50776,21.83171
EVT0010,EVT0010-FC02,72.0,5,2026-01-11T19:12:39Z,37.564008,21.834124
EVT0010,EVT0010-FC02,72.0,5,2026-01-11T19:12:39Z,37.721482,21.520933
EVT0010,EVT0010-FC02,72.0,5,2026-01-11T19:12:39Z,37.67648,20.547287
EVT0010,EVT0010-FC02,72.0,5,2026-01-11T19:12:39Z,37.97679,21.349948
EVT0010,EVT0010-FC02,72.0,5,2026-01-11T19:12:39Z,37.951655,22.005063
EVT0010,EVT0010-FC02,72.0,5,2026-01-11T19:12:39Z,37.679709,22.424283
EVT0010,EVT0010-FC02,72.0,5,2026-01-11T19:12:39Z,37.782391,21.387513
EVT0010,EVT0010-FC02,72.0,5,2026-01-11T19:12:39Z,36.745929,20.52395
EVT0010,EVT0010-FC02,72.0,5,2026-01-11T19:12:39Z,37.176428,21.402636
EVT0010,EVT0010-FC02,72.0,5,2026-01-11T19:12:39Z,37.366412,21.795247
EVT0010,EVT0010-FC02,72.0,5,2026-01-11T19:12:39Z,37.484394,21.917661
EVT0010,EVT0010-FC02,12.0,6,2026-01-09T07:12:39Z,37.103804,21.620996
EVT0010,EVT0010-FC02,12.0,6,2026-01-09T07:12:39Z,36.966801,22.052394
EVT0010,EVT0010-FC02,12.0,6,2026-01-09T07:12:39Z,36.954966,21.711008
EVT0010,EVT0010-FC02,12.0,6,2026-01-09T07:12:39Z,36.791439,21.997599
EVT0010,EVT0010-FC02,12.0,6,2026-01-09T07:12:39Z,36.941013,22.011777
EVT0010,EVT0010-FC02,12.0,6,2026-01-09T07:12:39Z,36.763737,21.811723
EVT0010,EVT0010-FC02,12.0,6,2026-01-09T07:12:39Z,36.874384,21.504174
EVT0010,EVT0010-FC02,12.0,6,2026-01-09T07:12:39Z,36.875987,21.697832
EVT0010,EVT0010-FC02,12.0,6,2026-01-09T07:12:39Z,37.028571,21.509792
EVT0010,EVT0010-FC02,12.0,6,2026-01-09T07:12:39Z,37.175219,22.00568
EVT0010,EVT0010-FC02,12.0,6,2026-01-09T07:12:39Z,36.823302,21.59113
EVT0010,EVT0010-FC02,12.0,6,2026-01-09T07:12:39Z,36.956506,21.75097
EVT0010,EVT0010-FC02,12.0,6,2026-01-09T07:12:39Z,37.067539,21.829084
EVT0010,EVT0010-FC02,12.0,6,2026-01-09T07:12:39Z,36.772786,21.682849
EVT0010,EVT0010-FC02,12.0,6,2026-01-09T07:12:39Z,36.797967,21.581574
EVT0010,EVT0010-FC02,12.0,6,2026-01-09T07:12:39Z,37.188291,22.000636
EVT0010,EVT0010-FC02,12.0,6,2026-01-09T07:12:39Z,37.15491,21.889748
EVT0010,EVT0010-FC02,12.0,6,2026-01-09T07:12:39Z,36.874481,21.691063
EVT0010,EVT0010-FC02,12.0,6,2026-01-09T07:12:39Z,37.112158,21.941519
EVT0010,EVT0010-FC02,12.0,6,2026-01-09T07:12:39Z,37.116733,21.828618
EVT0010,EVT0010-FC02,12.0,6,2026-01-09T07:12:39Z,36.848474,21.768079
EVT0010,EVT0010-FC02,12.0,6,2026-01-09T07:12:39Z,36.912077,21.794411
EVT0010,EVT0010-FC02,12.0,6,2026-01-09T07:12:39Z,36.948395,21.718318
EVT0010,EVT0010-FC02,12.0,6,2026-01-09T07:12:39Z,36.838511,21.562751
EVT0010,EVT0010-FC02,12.0,6,2026-01-09T07:12:39Z,36.989345,21.717066
EVT0010,EVT0010-FC02,12.0,6,2026-01-09T07:12:39Z,37.014423,21.922278
EVT0010,EVT0010-FC02,12.0,6,2026-01-09T07:12:39Z,36.943007,21.852199
EVT0010,EVT0010-FC02,12.0,6,2026-01-09T07:12:39Z,36.862734,21.507659
EVT0010,EVT0010-FC02,12.0,6,2026-01-09T07:12:39Z,36.850682,21.871843
EVT0010,EVT0010-FC02,12.0,6,2026-01-09T07:12:39Z,36.890857,21.840402
EVT0010,EVT0010-FC02,12.0,6,2026-01-09T07:12:39Z,37.007781,22.020717
EVT0010,EVT0010-FC02,12.0,6,2026-01-09T07:12:39Z,36.994522,22.038908
EVT0010,EVT0010-FC02,12.0,6,2026-01-09T07:12:39Z,36.806139,21.966223
EVT0010,EVT0010-FC02,12.0,6,2026-01-09T07:12:39Z,36.819092,21.55816
EVT0010,EVT0010-FC02,12.0,6,2026-01-09T07:12:39Z,36.880981,21.868304
EVT0010,EVT0010-FC02,12.0,6,2026-01-09T07:12:39Z,37.189882,22.306444
EVT0010,EVT0010-FC02,12.0,6,2026-01-09T07:12:39Z,37.133186,21.506164
EVT0010,EVT0010-FC02,12.0,6,2026-01-09T07:12:39Z,36.998025,21.771488
EVT0010,EVT0010-FC02,12.0,6,2026-01-09T07:12:39Z,36.761973,21.51563
EVT0010,EVT0010-FC02,12.0,6,2026-01-09T07:12:39Z,37.006278,22.154672
EVT0010,EVT0010-FC02,24.0,6,2026-01-09T19:12:39Z,37.237287,21.975418
EVT0010,EVT0010-FC02,24.0,6,2026-01-09T19:12:39Z,37.12507,22.300115
EVT0010,EVT0010-FC02,24.0,6,2026-01-09T19:12:39Z,37.052399,21.462366
EVT0010,EVT0010-FC02,24.0,6,2026-01-09T19:12:39Z,37.085365,21.695826
EVT0010,EVT0010-FC02,24.0,6,2026-01-09T19:12:39Z,36.91715,21.83595
EVT0010,EVT0010-FC02,24.0,6,2026-01-09T19:12:39Z,37.10799,21.838311
EVT0010,EVT0010-FC02,24.0,6,2026-01-09T19:12:39Z,37.059278,21.603092
EVT0010,EVT0010-FC02,24.0,6,2026-01-09T19:12:39Z,37.104843,22.252713
EVT0010,EVT0010-FC02,24.0,6,2026-01-09T19:12:39Z,37.63466,22.257291
EVT0010,EVT0010-FC02,24.0,6,2026-01-09T19:12:39Z,37.360008,21.602822
EVT0010,EVT0010-FC02,24.0,6,2026-01-09T19:12:39Z,36.932692,22.035025
EVT0010,EVT0010-FC02,24.0,6,2026-01-09T19:12:39Z,37.175892,22.035078
EVT0010,EVT0010-FC02,24.0,6,2026-01-09T19:12:39Z,37.116508,22.181745
EVT0010,EVT0010-FC02,24.0,6,2026-01-09T19:12:39Z,37.291806,21.939096
EVT0010,EVT0010-FC02,24.0,6,2026-01-09T19:12:39Z,37.356175,21.904538
EVT0010,EVT0010-FC02,24.0,6,2026-01-09T19:12:39Z,37.23804,21.427247
EVT0010,EVT0010-FC02,24.0,6,2026-01-09T19:12:39Z,37.088335,21.870863
EVT0010,EVT0010-FC02,24.0,6,2026-01-09T19:12:39Z,37.027909,21.900109
EVT0010,EVT0010-FC02,24.0,6,2026-01-09T19:12:39Z,37.066158,21.414431
EVT0010,EVT0010-FC02,24.0,6,2026-01-09T19:12:39Z,37.223288,21.841849
EVT0010,EVT0010-FC02,24.0,6,2026-01-09T19:12:39Z,37.29112,21.92877
EVT0010,EVT0010-FC02,24.0,6,2026-01-09T19:12:39Z,36.715857,21.708568
EVT0010,EVT0010-FC02,24.0,6,2026-01-09T19:12:39Z,37.016879,21.55011
EVT0010,EVT0010-FC02,24.0,6,2026-01-09T19:12:39Z,36.875586,21.850021
EVT0010,EVT0010-FC02,24.0,6,2026-01-09T19:12:39Z,37.105736,21.493848
EVT0010,EVT0010-FC02,24.0,6,2026-01-09T19:12:39Z,37.089124,21.449255
EVT0010,EVT0010-FC02,24.0,6,2026-01-09T19:12:39Z,37.32648,22.036117
EVT0010,EVT0010-FC02,24.0,6,2026-01-09T19:12:39Z,36.956346,21.651635
EVT0010,EVT0010-FC02,24.0,6,2026-01-09T19:12:39Z,37.371054,21.942904
EVT0010,EVT0010-FC02,24.0,6,2026-01-09T19:12:39Z,37.477393,21.423692
EVT0010,EVT0010-FC02,24.0,6,2026-01-09T19:12:39Z,36.968321,21.428074
EVT0010,EVT0010-FC02,24.0,6,2026-01-09T19:12:39Z,37.300008,21.758075
EVT0010,EVT0010-FC02,24.0,6,2026-01-09T19:12:39Z,37.380302,21.874483
EVT0010,EVT0010-FC02,24.0,6,2026-01-09T19:12:39Z,37.455163,21.632799
EVT0010,EVT0010-FC02,24.0,6,2026-01-09T19:12:39Z,37.17468,21.892928
EVT0010,EVT0010-FC02,24.0,6,2026-01-09T19:12:39Z,37.286028,22.157841
EVT0010,EVT0010-FC02,24.0,6,2026-01-09T19:12:39Z,37.238617,22.050528
EVT0010,EVT0010-FC02,24.0,6,2026-01-09T19:12:39Z,37.057036,22.050827
EVT0010,EVT0010-FC02,24.0,6,2026-01-09T19:12:39Z,36.765245,22.088383
EVT0010,EVT0010-FC02,24.0,6,2026-01-09T19:12:39Z,36.897549,21.646102
EVT0010,EVT0010-FC02,48.0,6,2026-01-10T19:12:39Z,37.349013,20.574758
EVT0010,EVT0010-FC02,48.0,6,2026-01-10T19:12:39Z,36.926596,21.159998
EVT0010,EVT0010-FC02,48.0,6,2026-01-10T19:12:39Z,37.307437,22.04461
EVT0010,EVT0010-FC02,48.0,6,2026-01-10T19:12:39Z,37.681638,22.909012
EVT0010,EVT0010-FC02,48.0,6,2026-01-10T19:12:39Z,37.014752,21.602933
EVT0010,EVT0010-FC02,48.0,6,2026-01-10T19:12:39Z,37.69223,22.759456
EVT0010,EVT0010-FC02,48.0,6,2026-01-10T19:12:39Z,37.134224,21.588516
EVT0010,EVT0010-FC02,48.0,6,2026-01-10T19:12:39Z,37.245017,21.747092
EVT0010,EVT0010-FC02,48.0,6,2026-01-10T19:12:39Z,37.491891,21.249136
EVT0010,EVT0010-FC02,48.0,6,2026-01-10T19:12:39Z,37.418437,22.391937
EVT0010,EVT0010-FC02,48.0,6,2026-01-10T19:12:39Z,37.594423,22.614358
EVT0010,EVT0010-FC02,48.0,6,2026-01-10T19:12:39Z,37.406691,21.845844
EVT0010,EVT0010-FC02,48.0,6,2026-01-10T19:12:39Z,37.452089,22.532248
EVT0010,EVT0010-FC02,48.0,6,2026-01-10T19:12:39Z,37.442378,21.591549
EVT0010,EVT0010-FC02,48.0,6,2026-01-10T19:12:39Z,37.347373,22.359936
EVT0010,EVT0010-FC02,48.0,6,2026-01-10T19:12:39Z,37.296743,21.242038
EVT0010,EVT0010-FC02,48.0,6,2026-01-10T19:12:39Z,37.187422,22.839634
EVT0010,EVT0010-FC02,48.0,6,2026-01-10T19:12:39Z,37.758972,22.007468
EVT0010,EVT0010-FC02,48.0,6,2026-01-10T19:12:39Z,37.794473,21.976466
EVT0010,EVT0010-FC02,48.0,6,2026-01-10T19:12:39Z,37.184883,21.922963
EVT0010,EVT0010-FC02,48.0,6,2026-01-10T19:12:39Z,37.078827,21.101078
EVT0010,EVT0010-FC02,48.0,6,2026-01-10T19:12:39Z,37.389152,22.286128
EVT0010,EVT0010-FC02,48.0,6,2026-01-10T19:12:39Z,37.465189,21.185841
EVT0010,EVT0010-FC02,48.0,6,2026-01-10T19:12:39Z,37.618526,22.439022
EVT0010,EVT0010-FC02,48.0,6,2026-01-10T19:12:39Z,37.363525,21.943468
EVT0010,EVT0010-FC02,48.0,6,2026-01-10T19:12:39Z,37.539541,22.49802
EVT0010,EVT0010-FC02,48.0,6,2026-01-10T19:12:39Z,37.912644,23.214477
EVT0010,EVT0010-FC02,48.0,6,2026-01-10T19:12:39Z,37.304055,21.901373
EVT0010,EVT0010-FC02,48.0,6,2026-01-10T19:12:39Z,37.074294,21.854959
EVT0010,EVT0010-FC02,48.0,6,2026-01-10T19:12:39Z,37.342764,22.165296
EVT0010,EVT0010-FC02,48.0,6,2026-01-10T19:12:39Z,37.106972,21.488486
EVT0010,EVT0010-FC02,48.0,6,2026-01-10T19:12:39Z,37.89564,21.637604
EVT0010,EVT0010-FC02,48.0,6,2026-01-10T19:12:39Z,37.167214,21.327941
EVT0010,EVT0010-FC02,48.0,6,2026-01-10T19:12:39Z,37.272,21.969071
EVT0010,EVT0010-FC02,48.0,6,2026-01-10T19:12:39Z,37.203323,21.578137
EVT0010,EVT0010-FC02,48.0,6,2026-01-10T19:12:39Z,37.513387,21.916545
EVT0010,EVT0010-FC02,48.0,6,2026-01-10T19:12:39Z,37.429023,22.265865
EVT0010,EVT0010-FC02,48.0,6,2026-01-10T19:12:39Z,37.591777,22.427288
EVT0010,EVT0010-FC02,48.0,6,2026-01-10T19:12:39Z,38.159266,21.963199
EVT0010,EVT0010-FC02,48.0,6,2026-01-10T19:12:39Z,37.8758,21.625447
EVT0010,EVT0010-FC02,72.0,6,2026-01-11T19:12:39Z,37.975798,23.097636
EVT0010,EVT0010-FC02,72.0,6,2026-01-11T19:12:39Z,37.279372,21.417253
EVT0010,EVT0010-FC02,72.0,6,2026-01-11T19:12:39Z,37.823136,22.200053
EVT0010,EVT0010-FC02,72.0,6,2026-01-11T19:12:39Z,37.364556,21.643857
EVT0010,EVT0010-FC02,72.0,6,2026-01-11T19:12:39Z,37.170039,21.936943
EVT0010,EVT0010-FC02,72.0,6,2026-01-11T19:12:39Z,37.382659,21.227336
EVT0010,EVT0010-FC02,72.0,6,2026-01-11T19:12:39Z,37.688154,22.957646
EVT0010,EVT0010-FC02,72.0,6,2026-01-11T19:12:39Z,37.712999,20.710035
EVT0010,EVT0010-FC02,72.0,6,2026-01-11T19:12:39Z,37.649644,21.464596
EVT0010,EVT0010-FC02,72.0,6,2026-01-11T19:12:39Z,37.450615,21.945081
EVT0010,EVT0010-FC02,72.0,6,2026-01-11T19:12:39Z,36.809814,20.609351
EVT0010,EVT0010-FC02,72.0,6,2026-01-11T19:12:39Z,37.631261,20.910397
EVT0010,EVT0010-FC02,72.0,6,2026-01-11T19:12:39Z,37.854891,22.313576
EVT0010,EVT0010-FC02,72.0,6,2026-01-11T19:12:39Z,37.968901,21.167389
EVT0010,EVT0010-FC02,72.0,6,2026-01-11T19:12:39Z,37.104384,21.399478
EVT0010,EVT0010-FC02,72.0,6,2026-01-11T19:12:39Z,37.860133,21.113653
EVT0010,EVT0010-FC02,72.0,6,2026-01-11T19:12:39Z,37.265982,21.521917
EVT0010,EVT0010-FC02,72.0,6,2026-01-11T19:12:39Z,37.512136,21.186433
EVT0010,EVT0010-FC02,72.0,6,2026-01-11T19:12:39Z,37.524754,20.538266
EVT0010,EVT0010-FC02,72.0,6,2026-01-11T19:12:39Z,36.933349,21.79114
EVT0010,EVT0010-FC02,72.0,6,2026-01-11T19:12:39Z,37.702056,21.619876
EVT0010,EVT0010-FC02,72.0,6,2026-01-11T19:12:39Z,37.528175,21.892903
EVT0010,EVT0010-FC02,72.0,6,2026-01-11T19:12:39Z,37.709636,22.325438
EVT0010,EVT0010-FC02,72.0,6,2026-01-11T19:12:39Z,37.803381,20.862661
EVT0010,EVT0010-FC02,72.0,6,2026-01-11T19:12:39Z,37.045222,20.866465
EVT0010,EVT0010-FC02,72.0,6,2026-01-11T19:12:39Z,37.524464,22.356646
EVT0010,EVT0010-FC02,72.0,6,2026-01-11T19:12:39Z,37.013518,22.232998
EVT0010,EVT0010-FC02,72.0,6,2026-01-11T19:12:39Z,37.083719,22.516356
EVT0010,EVT0010-FC02,72.0,6,2026-01-11T19:12:39Z,37.311933,21.732733
EVT0010,EVT0010-FC02,72.0,6,2026-01-11T19:12:39Z,37.766626,22.357767
EVT0010,EVT0010-FC02,72.0,6,2026-01-11T19:12:39Z,37.161756,20.386021
EVT0010,EVT0010-FC02,72.0,6,2026-01-11T19:12:39Z,37.675059,21.262268
EVT0010,EVT0010-FC02,72.0,6,2026-01-11T19:12:39Z,37.750016,21.338245
EVT0010,EVT0010-FC02,72.0,6,2026-01-11T19:12:39Z,37.62863,21.263136
EVT0010,EVT0010-FC02,72.0,6,2026-01-11T19:12:39Z,37.247601,21.100193
EVT0010,EVT0010-FC02,72.0,6,2026-01-11T19:12:39Z,37.0486,21.228259
EVT0010,EVT0010-FC02,72.0,6,2026-01-11T19:12:39Z,37.06712,21.447968
EVT0010,EVT0010-FC02,72.0,6,2026-01-11T19:12:39Z,37.435121,20.989936
EVT0010,EVT0010-FC02,72.0,6,2026-01-11T19:12:39Z,37.586915,21.794362
EVT0010,EVT0010-FC02,72.0,6,2026-01-11T19:12:39Z,37.42774,21.733195
EVT0010,EVT0010-FC02,12.0,7,2026-01-09T07:12:39Z,36.95313,21.958868
EVT0010,EVT0010-FC02,12.0,7,2026-01-09T07:12:39Z,36.959592,21.891758
EVT0010,EVT0010-FC02,12.0,7,2026-01-09T07:12:39Z,37.146233,21.345793
EVT0010,EVT0010-FC02,12.0,7,2026-01-09T07:12:39Z,37.18238,22.109677
EVT0010,EVT0010-FC02,12.0,7,2026-01-09T07:12:39Z,36.855341,21.747198
EVT0010,EVT0010-FC02,12.0,7,2026-01-09T07:12:39Z,37.025837,22.050785
EVT0010,EVT0010-FC02,12.0,7,2026-01-09T07:12:39Z,36.867091,21.786798
EVT0010,EVT0010-FC02,12.0,7,2026-01-09T07:12:39Z,36.946852,21.750858
EVT0010,EVT0010-FC02,12.0,7,2026-01-09T07:12:39Z,36.941054,21.475216
EVT0010,EVT0010-FC02,12.0,7,2026-01-09T07:12:39Z,37.06363,21.804478
EVT0010,EVT0010-FC02,12.0,7,2026-01-09T07:12:39Z,37.051584,21.625271
EVT0010,EVT0010-FC02,12.0,7,2026-01-09T07:12:39Z,36.968267,21.777836
EVT0010,EVT0010-FC02,12.0,7,2026-01-09T07:12:39Z,36.711475,21.780232
EVT0010,EVT0010-FC02,12.0,7,2026-01-09T07:12:39Z,36.91645,21.800256
EVT0010,EVT0010-FC02,12.0,7,2026-01-09T07:12:39Z,36.749224,21.596206
EVT0010,EVT0010-FC02,12.0,7,2026-01-09T07:12:39Z,37.09852,21.781838
EVT0010,EVT0010-FC02,12.0,7,2026-01-09T07:12:39Z,36.741617,21.573011
EVT0010,EVT0010-FC02,12.0,7,2026-01-09T07:12:39Z,37.258247,21.67529
EVT0010,EVT0010-FC02,12.0,7,2026-01-09T07:12:39Z,36.907906,21.404573
EVT0010,EVT0010-FC02,12.0,7,2026-01-09T07:12:39Z,36.911659,21.588736
EVT0010,EVT0010-FC02,12.0,7,2026-01-09T07:12:39Z,36.950956,21.994533
EVT0010,EVT0010-FC02,12.0,7,2026-01-09T07:12:39Z,36.853413,21.684592
EVT0010,EVT0010-FC02,12.0,7,2026-01-09T07:12:39Z,36.909972,21.887237
EVT0010,EVT0010-FC02,12.0,7,2026-01-09T07:12:39Z,36.737514,21.890954
EVT0010,EVT0010-FC02,12.0,7,2026-01-09T07:12:39Z,36.911378,21.704683
EVT0010,EVT0010-FC02,12.0,7,2026-01-09T07:12:39Z,36.969563,22.189453
EVT0010,EVT0010-FC02,12.0,7,2026-01-09T07:12:39Z,37.085434,22.174104
EVT0010,EVT0010-FC02,12.0,7,2026-01-09T07:12:39Z,36.983882,21.984113
EVT0010,EVT0010-FC02,12.0,7,2026-01-09T07:12:39Z,36.701525,21.597253
EVT0010,EVT0010-FC02,12.0,7,2026-01-09T07:12:39Z,37.206402,21.624841
EVT0010,EVT0010-FC02,12.0,7,2026-01-09T07:12:39Z,36.696659,21.856663
EVT0010,EVT0010-FC02,12.0,7,2026-01-09T07:12:39Z,37.021815,21.729933
EVT0010,EVT0010-FC02,12.0,7,2026-01-09T07:12:39Z,36.918946,21.861234
EVT0010,EVT0010-FC02,12.0,7,2026-01-09T07:12:39Z,36.929477,21.722951
EVT0010,EVT0010-FC02,12.0,7,2026-01-09T07:12:39Z,37.031983,21.87349
EVT0010,EVT0010-FC02,12.0,7,2026-01-09T07:12:39Z,37.022552,21.894029
EVT0010,EVT0010-FC02,12.0,7,2026-01-09T07:12:39Z,36.833315,21.876466
EVT0010,EVT0010-FC02,12.0,7,2026-01-09T07:12:39Z,36.963865,21.836831
EVT0010,EVT0010-FC02,12.0,7,2026-01-09T07:12:39Z,36.926165,21.56035
EVT0010,EVT0010-FC02,12.0,7,2026-01-09T07:12:39Z,36.722721,21.874683
EVT0010,EVT0010-FC02,24.0,7,2026-01-09T19:12:39Z,37.227032,21.466145
EVT0010,EVT0010-FC02,24.0,7,2026-01-09T19:12:39Z,37.267208,21.664147
EVT0010,EVT0010-FC02,24.0,7,2026-01-09T19:12:39Z,37.247041,21.574716
EVT0010,EVT0010-FC02,24.0,7,2026-01-09T19:12:39Z,37.106833,21.377748
EVT0010,EVT0010-FC02,24.0,7,2026-01-09T19:12:39Z,37.347346,21.27825
EVT0010,EVT0010-FC02,24.0,7,2026-01-09T19:12:39Z,37.186207,21.963653
EVT0010,EVT0010-FC02,24.0,7,2026-01-09T19:12:39Z,36.949449,21.610309
EVT0010,EVT0010-FC02,24.0,7,2026-01-09T19:12:39Z,37.088709,21.37716
EVT0010,EVT0010-FC02,24.0,7,2026-01-09T19:12:39Z,37.217982,22.16034
EVT0010,EVT0010-FC02,24.0,7,2026-01-09T19:12:39Z,36.965325,22.027729
EVT0010,EVT0010-FC02,24.0,7,2026-01-09T19:12:39Z,37.0642,21.571809
EVT0010,EVT0010-FC02,24.0,7,2026-01-09T19:12:39Z,36.950193,21.496546
EVT0010,EVT0010-FC02,24.0,7,2026-01-09T19:12:39Z,37.185252,21.864889
EVT0010,EVT0010-FC02,24.0,7,2026-01-09T19:12:39Z,36.977419,21.684615
EVT0010,EVT0010-FC02,24.0,7,2026-01-09T19:12:39Z,37.345248,21.915501
EVT0010,EVT0010-FC02,24.0,7,2026-01-09T19:12:39Z,37.159832,21.651802
EVT0010,EVT0010-FC02,24.0,7,2026-01-09T19:12:39Z,37.198785,21.74201
EVT0010,EVT0010-FC02,24.0,7,2026-01-09T19:12:39Z,37.115548,21.942321
EVT0010,EVT0010-FC02,24.0,7,2026-01-09T19:12:39Z,36.780774,21.623091
EVT0010,EVT0010-FC02,24.0,7,2026-01-09T19:12:39Z,37.093669,21.695168
EVT0010,EVT0010-FC02,24.0,7,2026-01-09T19:12:39Z,37.346288,22.026774
EVT0010,EVT0010-FC02,24.0,7,2026-01-09T19:12:39Z,37.130707,21.588912
EVT0010,EVT0010-FC02,24.0,7,2026-01-09T19:12:39Z,36.983629,21.777723
EVT0010,EVT0010-FC02,24.0,7,2026-01-09T19:12:39Z,37.222202,21.752542
EVT0010,EVT0010-FC02,24.0,7,2026-01-09T19:12:39Z,37.04523,21.611796
EVT0010,EVT0010-FC02,24.0,7,2026-01-09T19:12:39Z,37.424747,22.063213
EVT0010,EVT0010-FC02,24.0,7,2026-01-09T19:12:39Z,37.080166,21.762838
EVT0010,EVT0010-FC02,24.0,7,2026-01-09T19:12:39Z,37.102344,21.643146
EVT0010,EVT0010-FC02,24.0,7,2026-01-09T19:12:39Z,37.232751,21.799516
EVT0010,EVT0010-FC02,24.0,7,2026-01-09T19:12:39Z,37.091338,21.613921
EVT0010,EVT0010-FC02,24.0,7,2026-01-09T19:12:39Z,37.145326,21.518516
EVT0010,EVT0010-FC02,24.0,7,2026-01-09T19:12:39Z,37.303507,21.725092
EVT0010,EVT0010-FC02,24.0,7,2026-01-09T19:12:39Z,36.318328,21.464455
EVT0010,EVT0010-FC02,24.0,7,2026-01-09T19:12:39Z,37.126866,21.571365
EVT0010,EVT0010-FC02,24.0,7,2026-01-09T19:12:39Z,37.156484,21.90537
EVT0010,EVT0010-FC02,24.0,7,2026-01-09T19:12:39Z,37.376909,22.150006
EVT0010,EVT0010-FC02,24.0,7,2026-01-09T19:12:39Z,37.088641,21.993262
EVT0010,EVT0010-FC02,24.0,7,2026-01-09T19:12:39Z,37.368375,22.110518
EVT0010,EVT0010-FC02,24.0,7,2026-01-09T19:12:39Z,37.112406,21.958908
EVT0010,EVT0010-FC02,24.0,7,2026-01-09T19:12:39Z,37.188098,21.746611
EVT0010,EVT0010-FC02,48.0,7,2026-01-10T19:12:39Z,37.16092,21.586708
EVT0010,EVT0010-FC02,48.0,7,2026-01-10T19:12:39Z,37.530438,21.969585
EVT0010,EVT0010-FC02,48.0,7,2026-01-10T19:12:39Z,37.228718,21.950123
EVT0010,EVT0010-FC02,48.0,7,2026-01-10T19:12:39Z,37.173289,21.317383
EVT0010,EVT0010-FC02,48.0,7,2026-01-10T19:12:39Z,36.471505,21.38056
EVT0010,EVT0010-FC02,48.0,7,2026-01-10T19:12:39Z,37.552485,22.218798
EVT0010,EVT0010-FC02,48.0,7,2026-01-10T19:12:39Z,37.310987,20.891943
EVT0010,EVT0010-FC02,48.0,7,2026-01-10T19:12:39Z,37.15767,21.77096
EVT0010,EVT0010-FC02,48.0,7,2026-01-10T19:12:39Z,37.478266,21.23354
EVT0010,EVT0010-FC02,48.0,7,2026-01-10T19:12:39Z,37.662043,21.329763
EVT0010,EVT0010-FC02,48.0,7,2026-01-10T19:12:39Z,37.323336,22.218238
EVT0010,EVT0010-FC02,48.0,7,2026-01-10T19:12:39Z,37.745135,21.534967
EVT0010,EVT0010-FC02,48.0,7,2026-01-10T19:12:39Z,37.168097,21.471758
EVT0010,EVT0010-FC02,48.0,7,2026-01-10T19:12:39Z,37.332591,22.265109
EVT0010,EVT0010-FC02,48.0,7,2026-01-10T19:12:39Z,37.730172,22.841607
EVT0010,EVT0010-FC02,48.0,7,2026-01-10T19:12:39Z,37.831612,21.341629
EVT0010,EVT0010-FC02,48.0,7,2026-01-10T19:12:39Z,37.191015,21.392366
EVT0010,EVT0010-FC02,48.0,7,2026-01-10T19:12:39Z,37.467221,21.971439
EVT0010,EVT0010-FC02,48.0,7,2026-01-10T19:12:39Z,37.287209,21.628332
EVT0010,EVT0010-FC02,48.0,7,2026-01-10T19:12:39Z,37.926703,22.289963
EVT0010,EVT0010-FC02,48.0,7,2026-01-10T19:12:39Z,37.363185,22.008452
EVT0010,EVT0010-FC02,48.0,7,2026-01-10T19:12:39Z,37.149736,21.853631
EVT0010,EVT0010-FC02,48.0,7,2026-01-10T19:12:39Z,37.437905,22.33529
EVT0010,EVT0010-FC02,48.0,7,2026-01-10T19:12:39Z,37.925606,21.546494
EVT0010,EVT0010-FC02,48.0,7,2026-01-10T19:12:39Z,37.766501,21.914212
EVT0010,EVT0010-FC02,48.0,7,2026-01-10T19:12:39Z,37.506525,22.315518
EVT0010,EVT0010-FC02,48.0,7,2026-01-10T19:12:39Z,37.421053,21.846058
EVT0010,EVT0010-FC02,48.0,7,2026-01-10T19:12:39Z,37.529829,20.863051
EVT0010,EVT0010-FC02,48.0,7,2026-01-10T19:12:39Z,37.320754,21.42655
EVT0010,EVT0010-FC02,48.0,7,2026-01-10T19:12:39Z,37.781412,21.775519
EVT0010,EVT0010-FC02,48.0,7,2026-01-10T19:12:39Z,37.743945,21.588384
EVT0010,EVT0010-FC02,48.0,7,2026-01-10T19:12:39Z,36.812135,22.259984
EVT0010,EVT0010-FC02,48.0,7,2026-01-10T19:12:39Z,36.884907,20.660336
EVT0010,EVT0010-FC02,48.0,7,2026-01-10T19:12:39Z,37.356423,20.623008
EVT0010,EVT0010-FC02,48.0,7,2026-01-10T19:12:39Z,37.537497,21.229099
EVT0010,EVT0010-FC02,48.0,7,2026-01-10T19:12:39Z,37.732923,21.534655
EVT0010,EVT0010-FC02,48.0,7,2026-01-10T19:12:39Z,37.155122,21.70117
EVT0010,EVT0010-FC02,48.0,7,2026-01-10T19:12:39Z,37.897134,21.490327
EVT0010,EVT0010-FC02,48.0,7,2026-01-10T19:12:39Z,37.3621,21.376525
EVT0010,EVT0010-FC02,48.0,7,2026-01-10T19:12:39Z,38.066516,22.217244
EVT0010,EVT0010-FC02,72.0,7,2026-01-11T19:12:39Z,37.4542,21.601652
EVT0010,EVT0010-FC02,72.0,7,2026-01-11T19:12:39Z,37.354835,21.477952
EVT0010,EVT0010-FC02,72.0,7,2026-01-11T19:12:39Z,37.404209,21.621699
EVT0010,EVT0010-FC02,72.0,7,2026-01-11T19:12:39Z,37.818549,20.823619
EVT0010,EVT0010-FC02,72.0,7,2026-01-11T19:12:39Z,37.270181,21.879435
EVT0010,EVT0010-FC02,72.0,7,2026-01-11T19:12:39Z,37.329906,21.372504
EVT0010,EVT0010-FC02,72.0,7,2026-01-11T19:12:39Z,37.876739,22.561075
EVT0010,EVT0010-FC02,72.0,7,2026-01-11T19:12:39Z,37.13966,21.14614
EVT0010,EVT0010-FC02,72.0,7,2026-01-11T19:12:39Z,37.753022,20.871696
EVT0010,EVT0010-FC02,72.0,7,2026-01-11T19:12:39Z,37.606738,22.245307
EVT0010,EVT0010-FC02,72.0,7,2026-01-11T19:12:39Z,37.395349,20.675215
EVT0010,EVT0010-FC02,72.0,7,2026-01-11T19:12:39Z,37.843206,22.217734
EVT0010,EVT0010-FC02,72.0,7,2026-01-11T19:12:39Z,38.159298,22.098438
EVT0010,EVT0010-FC02,72.0,7,2026-01-11T19:12:39Z,37.444248,21.513188
EVT0010,EVT0010-FC02,72.0,7,2026-01-11T19:12:39Z,37.419967,21.497304
EVT0010,EVT0010-FC02,72.0,7,2026-01-11T19:12:39Z,37.909333,21.041089
EVT0010,EVT0010-FC02,72.0,7,2026-01-11T19:12:39Z,37.307383,22.484301
EVT0010,EVT0010-FC02,72.0,7,2026-01-11T19:12:39Z,37.64003,21.017904
EVT0010,EVT0010-FC02,72.0,7,2026-01-11T19:12:39Z,37.375711,21.711265
EVT0010,EVT0010-FC02,72.0,7,2026-01-11T19:12:39Z,37.646583,21.294643
EVT0010,EVT0010-FC02,72.0,7,2026-01-11T19:12:39Z,38.086111,21.970695
EVT0010,EVT0010-FC02,72.0,7,2026-01-11T19:12:39Z,38.027712,21.22329
EVT0010,EVT0010-FC02,72.0,7,2026-01-11T19:12:39Z,38.031882,22.69153
EVT0010,EVT0010-FC02,72.0,7,2026-01-11T19:12:39Z,37.344593,21.48743
EVT0010,EVT0010-FC02,72.0,7,2026-01-11T19:12:39Z,37.715724,21.411745
EVT0010,EVT0010-FC02,72.0,7,2026-01-11T19:12:39Z,37.361958,20.977424
EVT0010,EVT0010-FC02,72.0,7,2026-01-11T19:12:39Z,37.187979,21.152231
EVT0010,EVT0010-FC02,72.0,7,2026-01-11T19:12:39Z,37.39933,21.905213
EVT0010,EVT0010-FC02,72.0,7,2026-01-11T19:12:39Z,37.057125,21.451931
EVT0010,EVT0010-FC02,72.0,7,2026-01-11T19:12:39Z,37.67131,20.635441
EVT0010,EVT0010-FC02,72.0,7,2026-01-11T19:12:39Z,37.459484,22.060041
EVT0010,EVT0010-FC02,72.0,7,2026-01-11T19:12:39Z,37.427185,21.71082
EVT0010,EVT0010-FC02,72.0,7,2026-01-11T19:12:39Z,37.773189,21.401036
EVT0010,EVT0010-FC02,72.0,7,2026-01-11T19:12:39Z,37.781376,21.14472
EVT0010,EVT0010-FC02,72.0,7,2026-01-11T19:12:39Z,38.246223,22.049696
EVT0010,EVT0010-FC02,72.0,7,2026-01-11T19:12:39Z,37.473872,21.941772
EVT0010,EVT0010-FC02,72.0,7,2026-01-11T19:12:39Z,37.168037,21.236311
EVT0010,EVT0010-FC02,72.0,7,2026-01-11T19:12:39Z,37.500778,21.624192
EVT0010,EVT0010-FC02,72.0,7,2026-01-11T19:12:39Z,37.340281,21.286467
EVT0010,EVT0010-FC02,72.0,7,2026-01-11T19:12:39Z,37.957827,21.657992
EVT0011,EVT0011-FC02,12.0,0,2026-01-10T12:11:50Z,37.92234,19.352953
EVT0011,EVT0011-FC02,12.0,0,2026-01-10T12:11:50Z,38.307902,19.68927
EVT0011,EVT0011-FC02,12.0,0,2026-01-10T12:11:50Z,38.053755,19.818234
EVT0011,EVT0011-FC02,12.0,0,2026-01-10T12:11:50Z,38.25425,19.692723
EVT0011,EVT0011-FC02,12.0,0,2026-01-10T12:11:50Z,38.142351,19.500423
EVT0011,EVT0011-FC02,12.0,0,2026-01-10T12:11:50Z,38.231289,19.454427
EVT0011,EVT0011-FC02,12.0,0,2026-01-10T12:11:50Z,38.370636,19.706456
EVT0011,EVT0011-FC02,12.0,0,2026-01-10T12:11:50Z,38.290711,19.78381
EVT0011,EVT0011-FC02,12.0,0,2026-01-10T12:11:50Z,38.026207,19.395339
EVT0011,EVT0011-FC02,12.0,0,2026-01-10T12:11:50Z,38.108128,19.393958
EVT0011,EVT0011-FC02,12.0,0,2026-01-10T12:11:50Z,38.083623,19.636808
EVT0011,EVT0011-FC02,12.0,0,2026-01-10T12:11:50Z,38.133201,19.682715
EVT0011,EVT0011-FC02,12.0,0,2026-01-10T12:11:50Z,38.179652,19.669309
EVT0011,EVT0011-FC02,12.0,0,2026-01-10T12:11:50Z,38.179812,19.636629
EVT0011,EVT0011-FC02,12.0,0,2026-01-10T12:11:50Z,37.981323,19.942255
EVT0011,EVT0011-FC02,12.0,0,2026-01-10T12:11:50Z,38.028567,19.250884
EVT0011,EVT0011-FC02,12.0,0,2026-01-10T12:11:50Z,38.177353,19.661005
EVT0011,EVT0011-FC02,12.0,0,2026-01-10T12:11:50Z,38.095274,19.551369
EVT0011,EVT0011-FC02,12.0,0,2026-01-10T12:11:50Z,38.414655,19.632866
EVT0011,EVT0011-FC02,12.0,0,2026-01-10T12:11:50Z,38.139143,19.602485
EVT0011,EVT0011-FC02,12.0,0,2026-01-10T12:11:50Z,38.165733,19.582831
EVT0011,EVT0011-FC02,12.0,0,2026-01-10T12:11:50Z,38.202312,19.594682
EVT0011,EVT0011-FC02,12.0,0,2026-01-10T12:11:50Z,37.974584,19.781648
EVT0011,EVT0011-FC02,12.0,0,2026-01-10T12:11:50Z,38.162978,19.568235
EVT0011,EVT0011-FC02,12.0,0,2026-01-10T12:11:50Z,38.083569,19.405612
EVT0011,EVT0011-FC02,12.0,0,2026-01-10T12:11:50Z,38.201961,19.68007
EVT0011,EVT0011-FC02,12.0,0,2026-01-10T12:11:50Z,38.278544,19.637347
EVT0011,EVT0011-FC02,12.0,0,2026-01-10T12:11:50Z,38.376376,19.59501
EVT0011,EVT0011-FC02,12.0,0,2026-01-10T12:11:50Z,38.055258,19.365127
EVT0011,EVT0011-FC02,12.0,0,2026-01-10T12:11:50Z,38.23068,19.637199
EVT0011,EVT0011-FC02,12.0,0,2026-01-10T12:11:50Z,38.019825,19.37107
EVT0011,EVT0011-FC02,12.0,0,2026-01-10T12:11:50Z,38.122521,19.572383
EVT0011,EVT0011-FC02,12.0,0,2026-01-10T12:11:50Z,38.357353,19.664918
EVT0011,EVT0011-FC02,12.0,0,2026-01-10T12:11:50Z,38.367209,19.624077
EVT0011,EVT0011-FC02,12.0,0,2026-01-10T12:11:50Z,38.076741,19.513206
EVT0011,EVT0011-FC02,12.0,0,2026-01-10T12:11:50Z,37.885958,19.77221
EVT0011,EVT0011-FC02,12.0,0,2026-01-10T12:11:50Z,38.229564,19.928178
EVT0011,EVT0011-FC02,12.0,0,2026-01-10T12:11:50Z,37.9131,19.667764
EVT0011,EVT0011-FC02,12.0,0,2026-01-10T12:11:50Z,38.085019,19.565719
EVT0011,EVT0011-FC02,12.0,0,2026-01-10T12:11:50Z,38.168314,19.348692
EVT0011,EVT0011-FC02,24.0,0,2026-01-11T00:11:50Z,38.295519,20.029501
EVT0011,EVT0011-FC02,24.0,0,2026-01-11T00:11:50Z,38.135013,19.034088
EVT0011,EVT0011-FC02,24.0,0,2026-01-11T00:11:50Z,38.096261,19.256818
EVT0011,EVT0011-FC02,24.0,0,2026-01-11T00:11:50Z,38.368804,19.481862
EVT0011,EVT0011-FC02,24.0,0,2026-01-11T00:11:50Z,37.776413,19.949405
EVT0011,EVT0011-FC02,24.0,0,2026-01-11T00:11:50Z,38.261453,19.159235
EVT0011,EVT0011-FC02,24.0,0,2026-01-11T00:11:50Z,38.31376,19.375113
EVT0011,EVT0011-FC02,24.0,0,2026-01-11T00:11:50Z,38.373169,19.472616
EVT0011,EVT0011-FC02,24.0,0,2026-01-11T00:11:50Z,38.348611,19.594062
EVT0011,EVT0011-FC02,24.0,0,2026-01-11T00:11:50Z,38.072621,19.680747
EVT0011,EVT0011-FC02,24.0,0,2026-01-11T00:11:50Z,38.195022,19.333477
EVT0011,EVT0011-FC02,24.0,0,2026-01-11T00:11:50Z,38.164065,19.343024
EVT0011,EVT0011-FC02,24.0,0,2026-01-11T00:11:50Z,38.407605,19.709229
EVT0011,EVT0011-FC02,24.0,0,2026-01-11T00:11:50Z,37.72887,19.272986
EVT0011,EVT0011-FC02,24.0,0,2026-01-11T00:11:50Z,37.705255,19.712976
EVT0011,EVT0011-FC02,24.0,0,2026-01-11T00:11:50Z,38.261516,19.535168
EVT0011,EVT0011-FC02,24.0,0,2026-01-11T00:11:50Z,38.334858,19.882538
EVT0011,EVT0011-FC02,24.0,0,2026-01-11T00:11:50Z,38.703862,19.304404
EVT0011,EVT0011-FC02,24.0,0,2026-01-11T00:11:50Z,38.306798,20.013957
EVT0011,EVT0011-FC02,24.0,0,2026-01-11T00:11:50Z,37.75909,19.26021
EVT0011,EVT0011-FC02,24.0,0,2026-01-11T00:11:50Z,38.474701,19.444066
EVT0011,EVT0011-FC02,24.0,0,2026-01-11T00:11:50Z,38.182484,19.064705
EVT0011,EVT0011-FC02,24.0,0,2026-01-11T00:11:50Z,38.1305,19.556926
EVT0011,EVT0011-FC02,24.0,0,2026-01-11T00:11:50Z,38.3308,19.630353
EVT0011,EVT0011-FC02,24.0,0,2026-01-11T00:11:50Z,38.659496,20.121022
EVT0011,EVT0011-FC02,24.0,0,2026-01-11T00:11:50Z,38.456077,19.302604
EVT0011,EVT0011-FC02,24.0,0,2026-01-11T00:11:50Z,38.055507,18.995714
EVT0011,EVT0011-FC02,24.0,0,2026-01-11T00:11:50Z,37.97775,18.803007
EVT0011,EVT0011-FC02,24.0,0,2026-01-11T00:11:50Z,38.238904,19.822351
EVT0011,EVT0011-FC02,24.0,0,2026-01-11T00:11:50Z,38.024091,19.74705
EVT0011,EVT0011-FC02,24.0,0,2026-01-11T00:11:50Z,37.696587,19.883093
EVT0011,EVT0011-FC02,24.0,0,2026-01-11T00:11:50Z,37.938204,19.108123
EVT0011,EVT0011-FC02,24.0,0,2026-01-11T00:11:50Z,38.357096,19.586271
EVT0011,EVT0011-FC02,24.0,0,2026-01-11T00:11:50Z,38.330151,19.611969
EVT0011,EVT0011-FC02,24.0,0,2026-01-11T00:11:50Z,38.143649,19.359438
EVT0011,EVT0011-FC02,24.0,0,2026-01-11T00:11:50Z,38.55122,19.86246
EVT0011,EVT0011-FC02,24.0,0,2026-01-11T00:11:50Z,38.588488,19.489294
EVT0011,EVT0011-FC02,24.0,0,2026-01-11T00:11:50Z,38.22253,19.290221
EVT0011,EVT0011-FC02,24.0,0,2026-01-11T00:11:50Z,38.34242,19.654013
EVT0011,EVT0011-FC02,24.0,0,2026-01-11T00:11:50Z,38.298012,19.097297
EVT0011,EVT0011-FC02,48.0,0,2026-01-12T00:11:50Z,38.397317,19.441621
EVT0011,EVT0011-FC02,48.0,0,2026-01-12T00:11:50Z,38.517975,19.062388
EVT0011,EVT0011-FC02,48.0,0,2026-01-12T00:11:50Z,37.869529,19.289497
EVT0011,EVT0011-FC02,48.0,0,2026-01-12T00:11:50Z,38.204822,19.449144
EVT0011,EVT0011-FC02,48.0,0,2026-01-12T00:11:50Z,38.428202,19.321816
EVT0011,EVT0011-FC02,48.0,0,2026-01-12T00:11:50Z,38.529411,19.267455
EVT0011,EVT0011-FC02,48.0,0,2026-01-12T00:11:50Z,38.383403,19.476859
EVT0011,EVT0011-FC02,48.0,0,2026-01-12T00:11:50Z,38.335514,19.344301
EVT0011,EVT0011-FC02,48.0,0,2026-01-12T00:11:50Z,38.676431,20.215556
EVT0011,EVT0011-FC02,48.0,0,2026-01-12T00:11:50Z,38.095161,19.267592
EVT0011,EVT0011-FC02,48.0,0,2026-01-12T00:11:50Z,38.370542,19.503289
EVT0011,EVT0011-FC02,48.0,0,2026-01-12T00:11:50Z,38.905613,19.301416
EVT0011,EVT0011-FC02,48.0,0,2026-01-12T00:11:50Z,37.807769,19.574372
EVT0011,EVT0011-FC02,48.0,0,2026-01-12T00:11:50Z,38.381467,19.665157
EVT0011,EVT0011-FC02,48.0,0,2026-01-12T00:11:50Z,38.084966,18.983793
EVT0011,EVT0011-FC02,48.0,0,2026-01-12T00:11:50Z,37.715223,19.534981
EVT0011,EVT0011-FC02,48.0,0,2026-01-12T00:11:50Z,37.94141,19.68065
EVT0011,EVT0011-FC02,48.0,0,2026-01-12T00:11:50Z,38.25958,19.505193
EVT0011,EVT0011-FC02,48.0,0,2026-01-12T00:11:50Z,38.373503,19.723418
EVT0011,EVT0011-FC02,48.0,0,2026-01-12T00:11:50Z,38.344903,18.752696
EVT0011,EVT0011-FC02,48.0,0,2026-01-12T00:11:50Z,37.995122,19.291821
EVT0011,EVT0011-FC02,48.0,0,2026-01-12T00:11:50Z,37.92432,19.742809
EVT0011,EVT0011-FC02,48.0,0,2026-01-12T00:11:50Z,38.36502,19.406423
EVT0011,EVT0011-FC02,48.0,0,2026-01-12T00:11:50Z,39.037373,19.050845
EVT0011,EVT0011-FC02,48.0,0,2026-01-12T00:11:50Z,38.358179,19.479875
EVT0011,EVT0011-FC02,48.0,0,2026-01-12T00:11:50Z,38.461508,19.397216
EVT0011,EVT0011-FC02,48.0,0,2026-01-12T00:11:50Z,38.749347,19.965781
EVT0011,EVT0011-FC02,48.0,0,2026-01-12T00:11:50Z,38.501106,19.732167
EVT0011,EVT0011-FC02,48.0,0,2026-01-12T00:11:50Z,38.771307,19.83788
EVT0011,EVT0011-FC02,48.0,0,2026-01-12T00:11:50Z,37.665986,19.781286
EVT0011,EVT0011-FC02,48.0,0,2026-01-12T00:11:50Z,37.645614,19.417354
EVT0011,EVT0011-FC02,48.0,0,2026-01-12T00:11:50Z,38.394009,19.564679
EVT0011,EVT0011-FC02,48.0,0,2026-01-12T00:11:50Z,38.672678,20.104661
EVT0011,EVT0011-FC02,48.0,0,2026-01-12T00:11:50Z,38.548719,19.726531
EVT0011,EVT0011-FC02,48.0,0,2026-01-12T00:11:50Z,38.050576,19.391232
EVT0011,EVT0011-FC02,48.0,0,2026-01-12T00:11:50Z,37.948646,19.231984
EVT0011,EVT0011-FC02,48.0,0,2026-01-12T00:11:50Z,38.025724,19.650339
EVT0011,EVT0011-FC02,48.0,0,2026-01-12T00:11:50Z,38.050782,20.265086
EVT0011,EVT0011-FC02,48.0,0,2026-01-12T00:11:50Z,37.917954,19.418452
EVT0011,EVT0011-FC02,48.0,0,2026-01-12T00:11:50Z,37.633344,19.537147
EVT0011,EVT0011-FC02,72.0,0,2026-01-13T00:11:50Z,38.064404,19.252757
EVT0011,EVT0011-FC02,72.0,0,2026-01-13T00:11:50Z,38.608032,20.638206
EVT0011,EVT0011-FC02,72.0,0,2026-01-13T00:11:50Z,38.125982,19.467805
EVT0011,EVT0011-FC02,72.0,0,2026-01-13T00:11:50Z,39.027795,19.928286
EVT0011,EVT0011-FC02,72.0,0,2026-01-13T00:11:50Z,39.188155,19.605876
EVT0011,EVT0011-FC02,72.0,0,2026-01-13T00:11:50Z,38.716881,18.98272
EVT0011,EVT0011-FC02,72.0,0,2026-01-13T00:11:50Z,38.441024,19.459834
EVT0011,EVT0011-FC02,72.0,0,2026-01-13T00:11:50Z,38.239722,18.9618
EVT0011,EVT0011-FC02,72.0,0,2026-01-13T00:11:50Z,38.14187,20.034978
EVT0011,EVT0011-FC02,72.0,0,2026-01-13T00:11:50Z,38.24153,18.822881
EVT0011,EVT0011-FC02,72.0,0,2026-01-13T00:11:50Z,39.484724,20.165698
EVT0011,EVT0011-FC02,72.0,0,2026-01-13T00:11:50Z,38.729122,20.037052
EVT0011,EVT0011-FC02,72.0,0,2026-01-13T00:11:50Z,39.013882,18.652068
EVT0011,EVT0011-FC02,72.0,0,2026-01-13T00:11:50Z,38.590073,19.254668
EVT0011,EVT0011-FC02,72.0,0,2026-01-13T00:11:50Z,39.014456,20.645344
EVT0011,EVT0011-FC02,72.0,0,2026-01-13T00:11:50Z,38.08309,20.092175
EVT0011,EVT0011-FC02,72.0,0,2026-01-13T00:11:50Z,38.06294,19.606404
EVT0011,EVT0011-FC02,72.0,0,2026-01-13T00:11:50Z,39.411976,19.667006
EVT0011,EVT0011-FC02,72.0,0,2026-01-13T00:11:50Z,37.99027,18.491278
EVT0011,EVT0011-FC02,72.0,0,2026-01-13T00:11:50Z,38.936458,20.034391
EVT0011,EVT0011-FC02,72.0,0,2026-01-13T00:11:50Z,38.387969,19.661327
EVT0011,EVT0011-FC02,72.0,0,2026-01-13T00:11:50Z,39.042578,19.767124
EVT0011,EVT0011-FC02,72.0,0,2026-01-13T00:11:50Z,38.282816,19.27747
EVT0011,EVT0011-FC02,72.0,0,2026-01-13T00:11:50Z,38.657988,19.96891
EVT0011,EVT0011-FC02,72.0,0,2026-01-13T00:11:50Z,37.949368,19.121678
EVT0011,EVT0011-FC02,72.0,0,2026-01-13T00:11:50Z,37.67529,19.078083
EVT0011,EVT0011-FC02,72.0,0,2026-01-13T00:11:50Z,38.365343,19.599841
EVT0011,EVT0011-FC02,72.0,0,2026-01-13T00:11:50Z,38.96147,19.285236
EVT0011,EVT0011-FC02,72.0,0,2026-01-13T00:11:50Z,38.998768,20.386969
EVT0011,EVT0011-FC02,72.0,0,2026-01-13T00:11:50Z,38.54113,18.917278
EVT0011,EVT0011-FC02,72.0,0,2026-01-13T00:11:50Z,38.424803,19.233193
EVT0011,EVT0011-FC02,72.0,0,2026-01-13T00:11:50Z,38.301436,20.49207
EVT0011,EVT0011-FC02,72.0,0,2026-01-13T00:11:50Z,38.211151,19.089455
EVT0011,EVT0011-FC02,72.0,0,2026-01-13T00:11:50Z,38.135956,19.133362
EVT0011,EVT0011-FC02,72.0,0,2026-01-13T00:11:50Z,38.448973,20.015023
EVT0011,EVT0011-FC02,72.0,0,2026-01-13T00:11:50Z,38.469402,19.502814
EVT0011,EVT0011-FC02,72.0,0,2026-01-13T00:11:50Z,38.448589,20.346077
EVT0011,EVT0011-FC02,72.0,0,2026-01-13T00:11:50Z,38.206611,19.6941
EVT0011,EVT0011-FC02,72.0,0,2026-01-13T00:11:50Z,39.346765,19.627726
EVT0011,EVT0011-FC02,72.0,0,2026-01-13T00:11:50Z,38.654299,19.338168
EVT0011,EVT0011-FC02,12.0,1,2026-01-10T12:11:50Z,38.041941,19.832587
EVT0011,EVT0011-FC02,12.0,1,2026-01-10T12:11:50Z,38.210287,19.66508
EVT0011,EVT0011-FC02,12.0,1,2026-01-10T12:11:50Z,37.943166,19.798601
EVT0011,EVT0011-FC02,12.0,1,2026-01-10T12:11:50Z,38.147825,19.563078
EVT0011,EVT0011-FC02,12.0,1,2026-01-10T12:11:50Z,38.176134,19.953622
EVT0011,EVT0011-FC02,12.0,1,2026-01-10T12:11:50Z,38.272582,19.69729
EVT0011,EVT0011-FC02,12.0,1,2026-01-10T12:11:50Z,38.289683,19.610782
EVT0011,EVT0011-FC02,12.0,1,2026-01-10T12:11:50Z,38.11026,19.439976
EVT0011,EVT0011-FC02,12.0,1,2026-01-10T12:11:50Z,38.487504,19.651465
EVT0011,EVT0011-FC02,12.0,1,2026-01-10T12:11:50Z,38.039888,19.647399
EVT0011,EVT0011-FC02,12.0,1,2026-01-10T12:11:50Z,37.955875,19.500207
EVT0011,EVT0011-FC02,12.0,1,2026-01-10T12:11:50Z,38.308308,19.77123
EVT0011,EVT0011-FC02,12.0,1,2026-01-10T12:11:50Z,38.234503,19.757216
EVT0011,EVT0011-FC02,12.0,1,2026-01-10T12:11:50Z,38.381252,19.606355
EVT0011,EVT0011-FC02,12.0,1,2026-01-10T12:11:50Z,38.1345,19.576187
EVT0011,EVT0011-FC02,12.0,1,2026-01-10T12:11:50Z,38.08564,19.221201
EVT0011,EVT0011-FC02,12.0,1,2026-01-10T12:11:50Z,38.213959,19.674967
EVT0011,EVT0011-FC02,12.0,1,2026-01-10T12:11:50Z,38.297552,19.478848
EVT0011,EVT0011-FC02,12.0,1,2026-01-10T12:11:50Z,38.087495,19.38729
EVT0011,EVT0011-FC02,12.0,1,2026-01-10T12:11:50Z,38.268423,19.931326
EVT0011,EVT0011-FC02,12.0,1,2026-01-10T12:11:50Z,38.201349,19.763409
EVT0011,EVT0011-FC02,12.0,1,2026-01-10T12:11:50Z,38.11914,19.363901
EVT0011,EVT0011-FC02,12.0,1,2026-01-10T12:11:50Z,38.05063,19.426594
EVT0011,EVT0011-FC02,12.0,1,2026-01-10T12:11:50Z,38.053912,19.56635
EVT0011,EVT0011-FC02,12.0,1,2026-01-10T12:11:50Z,38.237854,19.743701
EVT0011,EVT0011-FC02,12.0,1,2026-01-10T12:11:50Z,37.985607,19.501504
EVT0011,EVT0011-FC02,12.0,1,2026-01-10T12:11:50Z,38.054447,19.402464
EVT0011,EVT0011-FC02,12.0,1,2026-01-10T12:11:50Z,37.655249,19.542811
EVT0011,EVT0011-FC02,12.0,1,2026-01-10T12:11:50Z,38.124642,19.737771
EVT0011,EVT0011-FC02,12.0,1,2026-01-10T12:11:50Z,38.198239,19.754069
EVT0011,EVT0011-FC02,12.0,1,2026-01-10T12:11:50Z,38.026961,19.522104
EVT0011,EVT0011-FC02,12.0,1,2026-01-10T12:11:50Z,38.442,20.180279
EVT0011,EVT0011-FC02,12.0,1,2026-01-10T12:11:50Z,38.221068,19.692062
EVT0011,EVT0011-FC02,12.0,1,2026-01-10T12:11:50Z,38.32531,19.731653
EVT0011,EVT0011-FC02,12.0,1,2026-01-10T12:11:50Z,38.143234,19.733315
EVT0011,EVT0011-FC02,12.0,1,2026-01-10T12:11:50Z,38.35321,19.818828
EVT0011,EVT0011-FC02,12.0,1,2026-01-10T12:11:50Z,37.994616,19.648701
EVT0011,EVT0011-FC02,12.0,1,2026-01-10T12:11:50Z,38.447884,19.788235
EVT0011,EVT0011-FC02,12.0,1,2026-01-10T12:11:50Z,38.276021,19.524662
EVT0011,EVT0011-FC02,12.0,1,2026-01-10T12:11:50Z,38.213836,19.570506
EVT0011,EVT0011-FC02,24.0,1,2026-01-11T00:11:50Z,38.369415,19.320692
EVT0011,EVT0011-FC02,24.0,1,2026-01-11T00:11:50Z,38.430069,19.583638
EVT0011,EVT0011-FC02,24.0,1,2026-01-11T00:11:50Z,38.506138,19.513437
EVT0011,EVT0011-FC02,24.0,1,2026-01-11T00:11:50Z,37.873154,19.027996
EVT0011,EVT0011-FC02,24.0,1,2026-01-11T00:11:50Z,38.429585,19.43627
EVT0011,EVT0011-FC02,24.0,1,2026-01-11T00:11:50Z,38.301145,19.596499
EVT0011,EVT0011-FC02,24.0,1,2026-01-11T00:11:50Z,38.39888,19.883751
EVT0011,EVT0011-FC02,24.0,1,2026-01-11T00:11:50Z,37.951009,19.103298
EVT0011,EVT0011-FC02,24.0,1,2026-01-11T00:11:50Z,38.295276,19.191661
EVT0011,EVT0011-FC02,24.0,1,2026-01-11T00:11:50Z,38.040702,19.926025
EVT0011,EVT0011-FC02,24.0,1,2026-01-11T00:11:50Z,38.505383,19.439021
EVT0011,EVT0011-FC02,24.0,1,2026-01-11T00:11:50Z,38.339822,19.735486
EVT0011,EVT0011-FC02,24.0,1,2026-01-11T00:11:50Z,38.427586,19.579267
EVT0011,EVT0011-FC02,24.0,1,2026-01-11T00:11:50Z,38.202562,19.405
EVT0011,EVT0011-FC02,24.0,1,2026-01-11T00:11:50Z,38.457125,19.525315
EVT0011,EVT0011-FC02,24.0,1,2026-01-11T00:11:50Z,38.288396,19.469099
EVT0011,EVT0011-FC02,24.0,1,2026-01-11T00:11:50Z,38.375336,19.512003
EVT0011,EVT0011-FC02,24.0,1,2026-01-11T00:11:50Z,38.237174,19.211075
EVT0011,EVT0011-FC02,24.0,1,2026-01-11T00:11:50Z,38.18255,19.335556
EVT0011,EVT0011-FC02,24.0,1,2026-01-11T00:11:50Z,38.685954,20.089343
EVT0011,EVT0011-FC02,24.0,1,2026-01-11T00:11:50Z,38.891099,19.796872
EVT0011,EVT0011-FC02,24.0,1,2026-01-11T00:11:50Z,38.168378,19.202392
EVT0011,EVT0011-FC02,24.0,1,2026-01-11T00:11:50Z,38.240005,19.813138
EVT0011,EVT0011-FC02,24.0,1,2026-01-11T00:11:50Z,37.894958,20.023193
EVT0011,EVT0011-FC02,24.0,1,2026-01-11T00:11:50Z,38.21046,19.810659
EVT0011,EVT0011-FC02,24.0,1,2026-01-11T00:11:50Z,38.258081,19.41245
EVT0011,EVT0011-FC02,24.0,1,2026-01-11T00:11:50Z,38.364396,19.279552
EVT0011,EVT0011-FC02,24.0,1,2026-01-11T00:11:50Z,38.254999,19.645572
EVT0011,EVT0011-FC02,24.0,1,2026-01-11T00:11:50Z,38.318217,19.271393
EVT0011,EVT0011-FC02,24.0,1,2026-01-11T00:11:50Z,38.169771,19.855375
EVT0011,EVT0011-FC02,24.0,1,2026-01-11T00:11:50Z,38.109691,19.243278
EVT0011,EVT0011-FC02,24.0,1,2026-01-11T00:11:50Z,38.398014,19.575408
EVT0011,EVT0011-FC02,24.0,1,2026-01-11T00:11:50Z,38.386371,19.40318
EVT0011,EVT0011-FC02,24.0,1,2026-01-11T00:11:50Z,38.354854,19.674667
EVT0011,EVT0011-FC02,24.0,1,2026-01-11T00:11:50Z,38.302077,19.555847
EVT0011,EVT0011-FC02,24.0,1,2026-01-11T00:11:50Z,38.279649,19.527113
EVT0011,EVT0011-FC02,24.0,1,2026-01-11T00:11:50Z,37.793507,19.582558
EVT0011,EVT0011-FC02,24.0,1,2026-01-11T00:11:50Z,38.353199,19.669272
EVT0011,EVT0011-FC02,24.0,1,2026-01-11T00:11:50Z,37.915221,18.9474
EVT0011,EVT0011-FC02,24.0,1,2026-01-11T00:11:50Z,38.20644,19.833288
EVT0011,EVT0011-FC02,48.0,1,2026-01-12T00:11:50Z,38.320876,19.566876
EVT0011,EVT0011-FC02,48.0,1,2026-01-12T00:11:50Z,38.448562,19.708659
EVT0011,EVT0011-FC02,48.0,1,2026-01-12T00:11:50Z,38.956478,19.219886
EVT0011,EVT0011-FC02,48.0,1,2026-01-12T00:11:50Z,38.212478,19.379377
EVT0011,EVT0011-FC02,48.0,1,2026-01-12T00:11:50Z,38.30845,19.363217
EVT0011,EVT0011-FC02,48.0,1,2026-01-12T00:11:50Z,38.492391,20.139662
EVT0011,EVT0011-FC02,48.0,1,2026-01-12T00:11:50Z,38.368706,19.57372
EVT0011,EVT0011-FC02,48.0,1,2026-01-12T00:11:50Z,38.579947,20.310447
EVT0011,EVT0011-FC02,48.0,1,2026-01-12T00:11:50Z,38.378274,19.562277
EVT0011,EVT0011-FC02,48.0,1,2026-01-12T00:11:50Z,37.271734,19.343757
EVT0011,EVT0011-FC02,48.0,1,2026-01-12T00:11:50Z,38.092074,18.980934
EVT0011,EVT0011-FC02,48.0,1,2026-01-12T00:11:50Z,38.203912,19.59255
EVT0011,EVT0011-FC02,48.0,1,2026-01-12T00:11:50Z,38.14074,19.498401
EVT0011,EVT0011-FC02,48.0,1,2026-01-12T00:11:50Z,38.576736,19.749276
EVT0011,EVT0011-FC02,48.0,1,2026-01-12T00:11:50Z,38.296055,19.368424
EVT0011,EVT0011-FC02,48.0,1,2026-01-12T00:11:50Z,38.310791,19.414948
EVT0011,EVT0011-FC02,48.0,1,2026-01-12T00:11:50Z,38.641836,19.788692
EVT0011,EVT0011-FC02,48.0,1,2026-01-12T00:11:50Z,38.473246,20.07019
EVT0011,EVT0011-FC02,48.0,1,2026-01-12T00:11:50Z,38.21164,18.853318
EVT0011,EVT0011-FC02,48.0,1,2026-01-12T00:11:50Z,38.48881,19.315241
EVT0011,EVT0011-FC02,48.0,1,2026-01-12T00:11:50Z,38.171432,19.281401
EVT0011,EVT0011-FC02,48.0,1,2026-01-12T00:11:50Z,37.818026,19.261813
EVT0011,EVT0011-FC02,48.0,1,2026-01-12T00:11:50Z,38.694834,19.980492
EVT0011,EVT0011-FC02,48.0,1,2026-01-12T00:11:50Z,38.346181,19.981672
EVT0011,EVT0011-FC02,48.0,1,2026-01-12T00:11:50Z,37.752585,19.302251
EVT0011,EVT0011-FC02,48.0,1,2026-01-12T00:11:50Z,38.501179,19.747637
EVT0011,EVT0011-FC02,48.0,1,2026-01-12T00:11:50Z,38.104995,18.876928
EVT0011,EVT0011-FC02,48.0,1,2026-01-12T00:11:50Z,38.27444,19.436845
EVT0011,EVT0011-FC02,48.0,1,2026-01-12T00:11:50Z,37.985102,18.794584
EVT0011,EVT0011-FC02,48.0,1,2026-01-12T00:11:50Z,38.592751,19.982104
EVT0011,EVT0011-FC02,48.0,1,2026-01-12T00:11:50Z,37.444797,19.270933
EVT0011,EVT0011-FC02,48.0,1,2026-01-12T00:11:50Z,38.140263,19.662663
EVT0011,EVT0011-FC02,48.0,1,2026-01-12T00:11:50Z,38.274038,19.289046
EVT0011,EVT0011-FC02,48.0,1,2026-01-12T00:11:50Z,38.334345,19.606528
EVT0011,EVT0011-FC02,48.0,1,2026-01-12T00:11:50Z,38.054783,19.26586
EVT0011,EVT0011-FC02,48.0,1,2026-01-12T00:11:50Z,38.218988,19.924082
EVT0011,EVT0011-FC02,48.0,1,2026-01-12T00:11:50Z,38.690812,20.167277
EVT0011,EVT0011-FC02,48.0,1,2026-01-12T00:11:50Z,37.941643,19.33834
EVT0011,EVT0011-FC02,48.0,1,2026-01-12T00:11:50Z,37.994702,19.688009
EVT0011,EVT0011-FC02,48.0,1,2026-01-12T00:11:50Z,38.444059,19.60045
EVT0011,EVT0011-FC02,72.0,1,2026-01-13T00:11:50Z,38.764289,19.504348
EVT0011,EVT0011-FC02,72.0,1,2026-01-13T00:11:50Z,38.721691,20.079734
EVT0011,EVT0011-FC02,72.0,1,2026-01-13T00:11:50Z,38.611559,19.543645
EVT0011,EVT0011-FC02,72.0,1,2026-01-13T00:11:50Z,38.416301,19.072584
EVT0011,EVT0011-FC02,72.0,1,2026-01-13T00:11:50Z,37.845555,19.605971
EVT0011,EVT0011-FC02,72.0,1,2026-01-13T00:11:50Z,38.914269,20.384721
EVT0011,EVT0011-FC02,72.0,1,2026-01-13T00:11:50Z,38.543949,19.322611
EVT0011,EVT0011-FC02,72.0,1,2026-01-13T00:11:50Z,38.1637,19.368
EVT0011,EVT0011-FC02,72.0,1,2026-01-13T00:11:50Z,37.925217,20.144994
EVT0011,EVT0011-FC02,72.0,1,2026-01-13T00:11:50Z,37.924932,20.414389
EVT0011,EVT0011-FC02,72.0,1,2026-01-13T00:11:50Z,38.960273,20.311175
EVT0011,EVT0011-FC02,72.0,1,2026-01-13T00:11:50Z,38.126646,19.640027
EVT0011,EVT0011-FC02,72.0,1,2026-01-13T00:11:50Z,38.771807,20.180363
EVT0011,EVT0011-FC02,72.0,1,2026-01-13T00:11:50Z,38.959981,20.381946
EVT0011,EVT0011-FC02,72.0,1,2026-01-13T00:11:50Z,38.114046,20.224308
EVT0011,EVT0011-FC02,72.0,1,2026-01-13T00:11:50Z,38.12148,20.348265
EVT0011,EVT0011-FC02,72.0,1,2026-01-13T00:11:50Z,39.032714,19.357788
EVT0011,EVT0011-FC02,72.0,1,2026-01-13T00:11:50Z,38.193924,20.462368
EVT0011,EVT0011-FC02,72.0,1,2026-01-13T00:11:50Z,38.472054,19.015269
EVT0011,EVT0011-FC02,72.0,1,2026-01-13T00:11:50Z,38.209797,19.702916
EVT0011,EVT0011-FC02,72.0,1,2026-01-13T00:11:50Z,38.881863,19.595959
EVT0011,EVT0011-FC02,72.0,1,2026-01-13T00:11:50Z,38.07738,20.190749
EVT0011,EVT0011-FC02,72.0,1,2026-01-13T00:11:50Z,38.406318,19.684255
EVT0011,EVT0011-FC02,72.0,1,2026-01-13T00:11:50Z,38.300143,19.167167
EVT0011,EVT0011-FC02,72.0,1,2026-01-13T00:11:50Z,38.550074,19.33245
EVT0011,EVT0011-FC02,72.0,1,2026-01-13T00:11:50Z,38.051998,19.747404
EVT0011,EVT0011-FC02,72.0,1,2026-01-13T00:11:50Z,37.840319,19.43826
EVT0011,EVT0011-FC02,72.0,1,2026-01-13T00:11:50Z,38.533935,19.995559
EVT0011,EVT0011-FC02,72.0,1,2026-01-13T00:11:50Z,38.965368,18.924799
EVT0011,EVT0011-FC02,72.0,1,2026-01-13T00:11:50Z,38.386946,19.217929
EVT0011,EVT0011-FC02,72.0,1,2026-01-13T00:11:50Z,38.498307,19.234104
EVT0011,EVT0011-FC02,72.0,1,2026-01-13T00:11:50Z,38.299751,19.720153
EVT0011,EVT0011-FC02,72.0,1,2026-01-13T00:11:50Z,38.841385,20.178775
EVT0011,EVT0011-FC02,72.0,1,2026-01-13T00:11:50Z,37.975121,18.354858
EVT0011,EVT0011-FC02,72.0,1,2026-01-13T00:11:50Z,38.905258,19.071548
EVT0011,EVT0011-FC02,72.0,1,2026-01-13T00:11:50Z,38.659527,19.341129
EVT0011,EVT0011-FC02,72.0,1,2026-01-13T00:11:50Z,38.291719,20.307923
EVT0011,EVT0011-FC02,72.0,1,2026-01-13T00:11:50Z,38.677195,19.256193
EVT0011,EVT0011-FC02,72.0,1,2026-01-13T00:11:50Z,38.164322,20.335086
EVT0011,EVT0011-FC02,72.0,1,2026-01-13T00:11:50Z,38.192348,20.32124
EVT0011,EVT0011-FC02,12.0,2,2026-01-10T12:11:50Z,38.304019,19.648443
EVT0011,EVT0011-FC02,12.0,2,2026-01-10T12:11:50Z,38.080608,19.430217
EVT0011,EVT0011-FC02,12.0,2,2026-01-10T12:11:50Z,38.101751,19.495263
EVT0011,EVT0011-FC02,12.0,2,2026-01-10T12:11:50Z,38.137821,19.425628
EVT0011,EVT0011-FC02,12.0,2,2026-01-10T12:11:50Z,38.441012,19.816617
EVT0011,EVT0011-FC02,12.0,2,2026-01-10T12:11:50Z,38.206069,19.728325
EVT0011,EVT0011-FC02,12.0,2,2026-01-10T12:11:50Z,38.177579,19.421148
EVT0011,EVT0011-FC02,12.0,2,2026-01-10T12:11:50Z,38.269551,19.687574
EVT0011,EVT0011-FC02,12.0,2,2026-01-10T12:11:50Z,37.440555,19.40003
EVT0011,EVT0011-FC02,12.0,2,2026-01-10T12:11:50Z,38.169409,19.727176
EVT0011,EVT0011-FC02,12.0,2,2026-01-10T12:11:50Z,37.893708,19.243753
EVT0011,EVT0011-FC02,12.0,2,2026-01-10T12:11:50Z,38.33881,19.789998
EVT0011,EVT0011-FC02,12.0,2,2026-01-10T12:11:50Z,37.904997,19.862458
EVT0011,EVT0011-FC02,12.0,2,2026-01-10T12:11:50Z,38.32628,19.755702
EVT0011,EVT0011-FC02,12.0,2,2026-01-10T12:11:50Z,38.255085,19.792084
EVT0011,EVT0011-FC02,12.0,2,2026-01-10T12:11:50Z,38.151768,19.676017
EVT0011,EVT0011-FC02,12.0,2,2026-01-10T12:11:50Z,38.178469,19.323898
EVT0011,EVT0011-FC02,12.0,2,2026-01-10T12:11:50Z,37.833855,19.784959
EVT0011,EVT0011-FC02,12.0,2,2026-01-10T12:11:50Z,38.231428,19.654677
EVT0011,EVT0011-FC02,12.0,2,2026-01-10T12:11:50Z,37.921541,19.540367
EVT0011,EVT0011-FC02,12.0,2,2026-01-10T12:11:50Z,37.920676,19.418348
EVT0011,EVT0011-FC02,12.0,2,2026-01-10T12:11:50Z,37.898583,19.215059
EVT0011,EVT0011-FC02,12.0,2,2026-01-10T12:11:50Z,38.018295,19.49508
EVT0011,EVT0011-FC02,12.0,2,2026-01-10T12:11:50Z,38.19344,19.498453
EVT0011,EVT0011-FC02,12.0,2,2026-01-10T12:11:50Z,37.97811,19.463955
EVT0011,EVT0011-FC02,12.0,2,2026-01-10T12:11:50Z,38.05164,19.823993
EVT0011,EVT0011-FC02,12.0,2,2026-01-10T12:11:50Z,38.018634,19.319621
EVT0011,EVT0011-FC02,12.0,2,2026-01-10T12:11:50Z,38.284663,19.713273
EVT0011,EVT0011-FC02,12.0,2,2026-01-10T12:11:50Z,38.113613,19.626344
EVT0011,EVT0011-FC02,12.0,2,2026-01-10T12:11:50Z,38.072867,19.416366
EVT0011,EVT0011-FC02,12.0,2,2026-01-10T12:11:50Z,38.285528,19.652805
EVT0011,EVT0011-FC02,12.0,2,2026-01-10T12:11:50Z,38.131143,19.555573
EVT0011,EVT0011-FC02,12.0,2,2026-01-10T12:11:50Z,38.080234,19.360662
EVT0011,EVT0011-FC02,12.0,2,2026-01-10T12:11:50Z,38.047735,19.280429
EVT0011,EVT0011-FC02,12.0,2,2026-01-10T12:11:50Z,38.072045,19.665737
EVT0011,EVT0011-FC02,12.0,2,2026-01-10T12:11:50Z,38.277236,19.566989
EVT0011,EVT0011-FC02,12.0,2,2026-01-10T12:11:50Z,38.158213,19.570456
EVT0011,EVT0011-FC02,12.0,2,2026-01-10T12:11:50Z,38.14289,19.772012
EVT0011,EVT0011-FC02,12.0,2,2026-01-10T12:11:50Z,38.049617,19.312517
EVT0011,EVT0011-FC02,12.0,2,2026-01-10T12:11:50Z,37.892032,19.008659
EVT0011,EVT0011-FC02,24.0,2,2026-01-11T00:11:50Z,38.386399,19.493937
EVT0011,EVT0011-FC02,24.0,2,2026-01-11T00:11:50Z,38.149444,19.032601
EVT0011,EVT0011-FC02,24.0,2,2026-01-11T00:11:50Z,38.409082,19.222595
EVT0011,EVT0011-FC02,24.0,2,2026-01-11T00:11:50Z,38.485937,19.495258
EVT0011,EVT0011-FC02,24.0,2,2026-01-11T00:11:50Z,38.417467,19.385536
EVT0011,EVT0011-FC02,24.0,2,2026-01-11T00:11:50Z,38.192997,19.46198
EVT0011,EVT0011-FC02,24.0,2,2026-01-11T00:11:50Z,37.881186,19.22048
EVT0011,EVT0011-FC02,24.0,2,2026-01-11T00:11:50Z,38.254291,19.654795
EVT0011,EVT0011-FC02,24.0,2,2026-01-11T00:11:50Z,38.189526,19.173197
EVT0011,EVT0011-FC02,24.0,2,2026-01-11T00:11:50Z,38.340426,19.559479
EVT0011,EVT0011-FC02,24.0,2,2026-01-11T00:11:50Z,38.340998,19.600228
EVT0011,EVT0011-FC02,24.0,2,2026-01-11T00:11:50Z,38.488315,19.377756
EVT0011,EVT0011-FC02,24.0,2,2026-01-11T00:11:50Z,38.371837,19.249261
EVT0011,EVT0011-FC02,24.0,2,2026-01-11T00:11:50Z,38.428794,19.707959
EVT0011,EVT0011-FC02,24.0,2,2026-01-11T00:11:50Z,38.198592,19.323378
EVT0011,EVT0011-FC02,24.0,2,2026-01-11T00:11:50Z,38.277674,19.22007
EVT0011,EVT0011-FC02,24.0,2,2026-01-11T00:11:50Z,38.059511,19.265526
EVT0011,EVT0011-FC02,24.0,2,2026-01-11T00:11:50Z,38.552574,19.89399
EVT0011,EVT0011-FC02,24.0,2,2026-01-11T00:11:50Z,38.30206,19.542731
EVT0011,EVT0011-FC02,24.0,2,2026-01-11T00:11:50Z,38.071206,19.207832
EVT0011,EVT0011-FC02,24.0,2,2026-01-11T00:11:50Z,38.079198,19.227625
EVT0011,EVT0011-FC02,24.0,2,2026-01-11T00:11:50Z,38.213162,19.160286
EVT0011,EVT0011-FC02,24.0,2,2026-01-11T00:11:50Z,38.285163,19.716473
EVT0011,EVT0011-FC02,24.0,2,2026-01-11T00:11:50Z,38.329168,19.516703
EVT0011,EVT0011-FC02,24.0,2,2026-01-11T00:11:50Z,38.480232,19.903421
EVT0011,EVT0011-FC02,24.0,2,2026-01-11T00:11:50Z,38.467648,19.769469
EVT0011,EVT0011-FC02,24.0,2,2026-01-11T00:11:50Z,37.663194,19.356513
EVT0011,EVT0011-FC02,24.0,2,2026-01-11T00:11:50Z,38.098765,19.390718
EVT0011,EVT0011-FC02,24.0,2,2026-01-11T00:11:50Z,38.14722,19.180272
EVT0011,EVT0011-FC02,24.0,2,2026-01-11T00:11:50Z,37.715282,19.51362
EVT0011,EVT0011-FC02,24.0,2,2026-01-11T00:11:50Z,37.910643,19.695612
EVT0011,EVT0011-FC02,24.0,2,2026-01-11T00:11:50Z,38.207013,19.60244
EVT0011,EVT0011-FC02,24.0,2,2026-01-11T00:11:50Z,38.302186,19.466359
EVT0011,EVT0011-FC02,24.0,2,2026-01-11T00:11:50Z,37.92067,19.26677
EVT0011,EVT0011-FC02,24.0,2,2026-01-11T00:11:50Z,38.236364,18.962019
EVT0011,EVT0011-FC02,24.0,2,2026-01-11T00:11:50Z,38.338727,19.462304
EVT0011,EVT0011-FC02,24.0,2,2026-01-11T00:11:50Z,38.157768,19.50573
EVT0011,EVT0011-FC02,24.0,2,2026-01-11T00:11:50Z,38.485574,19.382852
EVT0011,EVT0011-FC02,24.0,2,2026-01-11T00:11:50Z,38.228739,19.658964
EVT0011,EVT0011-FC02,24.0,2,2026-01-11T00:11:50Z,38.26186,19.419968
EVT0011,EVT0011-FC02,48.0,2,2026-01-12T00:11:50Z,38.414742,19.53576
EVT0011,EVT0011-FC02,48.0,2,2026-01-12T00:11:50Z,38.134665,19.604545
EVT0011,EVT0011-FC02,48.0,2,2026-01-12T00:11:50Z,38.451755,19.787344
EVT0011,EVT0011-FC02,48.0,2,2026-01-12T00:11:50Z,38.237398,19.425252
EVT0011,EVT0011-FC02,48.0,2,2026-01-12T00:11:50Z,38.637971,19.993978
EVT0011,EVT0011-FC02,48.0,2,2026-01-12T00:11:50Z,38.475958,19.512245
EVT0011,EVT0011-FC02,48.0,2,2026-01-12T00:11:50Z,38.07118,19.083054
EVT0011,EVT0011-FC02,48.0,2,2026-01-12T00:11:50Z,37.606715,19.402084
EVT0011,EVT0011-FC02,48.0,2,2026-01-12T00:11:50Z,38.22129,19.801646
EVT0011,EVT0011-FC02,48.0,2,2026-01-12T00:11:50Z,38.054545,18.980448
EVT0011,EVT0011-FC02,48.0,2,2026-01-12T00:11:50Z,38.695474,20.150067
EVT0011,EVT0011-FC02,48.0,2,2026-01-12T00:11:50Z,38.536287,20.360254
EVT0011,EVT0011-FC02,48.0,2,2026-01-12T00:11:50Z,37.975948,18.90141
EVT0011,EVT0011-FC02,48.0,2,2026-01-12T00:11:50Z,38.628891,19.601167
EVT0011,EVT0011-FC02,48.0,2,2026-01-12T00:11:50Z,38.152968,19.022401
EVT0011,EVT0011-FC02,48.0,2,2026-01-12T00:11:50Z,38.165598,19.00527
EVT0011,EVT0011-FC02,48.0,2,2026-01-12T00:11:50Z,37.574033,19.38887
EVT0011,EVT0011-FC02,48.0,2,2026-01-12T00:11:50Z,38.273284,19.449375
EVT0011,EVT0011-FC02,48.0,2,2026-01-12T00:11:50Z,38.226993,19.245418
EVT0011,EVT0011-FC02,48.0,2,2026-01-12T00:11:50Z,38.327229,19.192713
EVT0011,EVT0011-FC02,48.0,2,2026-01-12T00:11:50Z,38.556512,19.61228
EVT0011,EVT0011-FC02,48.0,2,2026-01-12T00:11:50Z,38.053257,20.467332
EVT0011,EVT0011-FC02,48.0,2,2026-01-12T00:11:50Z,38.048425,19.533496
EVT0011,EVT0011-FC02,48.0,2,2026-01-12T00:11:50Z,37.823052,19.788859
EVT0011,EVT0011-FC02,48.0,2,2026-01-12T00:11:50Z,38.62634,20.108415
EVT0011,EVT0011-FC02,48.0,2,2026-01-12T00:11:50Z,38.649777,20.03081
EVT0011,EVT0011-FC02,48.0,2,2026-01-12T00:11:50Z,38.113783,19.16968
EVT0011,EVT0011-FC02,48.0,2,2026-01-12T00:11:50Z,37.914634,19.428232
EVT0011,EVT0011-FC02,48.0,2,2026-01-12T00:11:50Z,38.18441,19.305395
EVT0011,EVT0011-FC02,48.0,2,2026-01-12T00:11:50Z,38.653746,18.931389
EVT0011,EVT0011-FC02,48.0,2,2026-01-12T00:11:50Z,38.262991,19.097966
EVT0011,EVT0011-FC02,48.0,2,2026-01-12T00:11:50Z,38.443262,20.046286
EVT0011,EVT0011-FC02,48.0,2,2026-01-12T00:11:50Z,37.690444,19.418306
EVT0011,EVT0011-FC02,48.0,2,2026-01-12T00:11:50Z,38.328276,19.033437
EVT0011,EVT0011-FC02,48.0,2,2026-01-12T00:11:50Z,38.902734,20.267785
EVT0011,EVT0011-FC02,48.0,2,2026-01-12T00:11:50Z,38.717404,20.034168
EVT0011,EVT0011-FC02,48.0,2,2026-01-12T00:11:50Z,38.391993,20.14158
EVT0011,EVT0011-FC02,48.0,2,2026-01-12T00:11:50Z,38.136557,19.051886
EVT0011,EVT0011-FC02,48.0,2,2026-01-12T00:11:50Z,37.903966,19.486378
EVT0011,EVT0011-FC02,48.0,2,2026-01-12T00:11:50Z,38.278742,19.45434
EVT0011,EVT0011-FC02,72.0,2,2026-01-13T00:11:50Z,38.026475,19.060611
EVT0011,EVT0011-FC02,72.0,2,2026-01-13T00:11:50Z,38.86921,20.090706
EVT0011,EVT0011-FC02,72.0,2,2026-01-13T00:11:50Z,38.927439,20.536379
EVT0011,EVT0011-FC02,72.0,2,2026-01-13T00:11:50Z,38.24899,20.105928
EVT0011,EVT0011-FC02,72.0,2,2026-01-13T00:11:50Z,38.959835,19.780567
EVT0011,EVT0011-FC02,72.0,2,2026-01-13T00:11:50Z,38.558753,20.120077
EVT0011,EVT0011-FC02,72.0,2,2026-01-13T00:11:50Z,39.257759,19.654612
EVT0011,EVT0011-FC02,72.0,2,2026-01-13T00:11:50Z,38.593335,19.724123
EVT0011,EVT0011-FC02,72.0,2,2026-01-13T00:11:50Z,37.851244,19.952394
EVT0011,EVT0011-FC02,72.0,2,2026-01-13T00:11:50Z,38.875812,20.415798
EVT0011,EVT0011-FC02,72.0,2,2026-01-13T00:11:50Z,39.671222,20.388003
EVT0011,EVT0011-FC02,72.0,2,2026-01-13T00:11:50Z,38.341191,19.824824
EVT0011,EVT0011-FC02,72.0,2,2026-01-13T00:11:50Z,38.202974,19.646066
EVT0011,EVT0011-FC02,72.0,2,2026-01-13T00:11:50Z,38.444071,19.049697
EVT0011,EVT0011-FC02,72.0,2,2026-01-13T00:11:50Z,38.100726,19.986453
EVT0011,EVT0011-FC02,72.0,2,2026-01-13T00:11:50Z,38.536107,20.003303
EVT0011,EVT0011-FC02,72.0,2,2026-01-13T00:11:50Z,39.012368,20.680896
EVT0011,EVT0011-FC02,72.0,2,2026-01-13T00:11:50Z,38.072633,19.378253
EVT0011,EVT0011-FC02,72.0,2,2026-01-13T00:11:50Z,38.588942,20.554743
EVT0011,EVT0011-FC02,72.0,2,2026-01-13T00:11:50Z,38.557236,19.455838
EVT0011,EVT0011-FC02,72.0,2,2026-01-13T00:11:50Z,38.885411,19.798142
EVT0011,EVT0011-FC02,72.0,2,2026-01-13T00:11:50Z,38.588966,19.295128
EVT0011,EVT0011-FC02,72.0,2,2026-01-13T00:11:50Z,38.342268,19.936916
EVT0011,EVT0011-FC02,72.0,2,2026-01-13T00:11:50Z,38.707739,19.77691
EVT0011,EVT0011-FC02,72.0,2,2026-01-13T00:11:50Z,38.405108,19.089609
EVT0011,EVT0011-FC02,72.0,2,2026-01-13T00:11:50Z,38.504722,20.665418
EVT0011,EVT0011-FC02,72.0,2,2026-01-13T00:11:50Z,37.55095,20.035547
EVT0011,EVT0011-FC02,72.0,2,2026-01-13T00:11:50Z,38.611866,19.627035
EVT0011,EVT0011-FC02,72.0,2,2026-01-13T00:11:50Z,37.95614,18.242027
EVT0011,EVT0011-FC02,72.0,2,2026-01-13T00:11:50Z,38.262502,20.081309
EVT0011,EVT0011-FC02,72.0,2,2026-01-13T00:11:50Z,39.070793,18.861619
EVT0011,EVT0011-FC02,72.0,2,2026-01-13T00:11:50Z,38.047127,20.371893
EVT0011,EVT0011-FC02,72.0,2,2026-01-13T00:11:50Z,39.077647,20.35429
EVT0011,EVT0011-FC02,72.0,2,2026-01-13T00:11:50Z,38.744455,19.543094
EVT0011,EVT0011-FC02,72.0,2,2026-01-13T00:11:50Z,38.528356,20.252522
EVT0011,EVT0011-FC02,72.0,2,2026-01-13T00:11:50Z,37.967869,19.158569
EVT0011,EVT0011-FC02,72.0,2,2026-01-13T00:11:50Z,38.392015,20.747606
EVT0011,EVT0011-FC02,72.0,2,2026-01-13T00:11:50Z,38.662523,18.514706
EVT0011,EVT0011-FC02,72.0,2,2026-01-13T00:11:50Z,38.826412,20.188585
EVT0011,EVT0011-FC02,72.0,2,2026-01-13T00:11:50Z,38.122243,18.94093
EVT0011,EVT0011-FC02,12.0,3,2026-01-10T12:11:50Z,38.166332,19.696786
EVT0011,EVT0011-FC02,12.0,3,2026-01-10T12:11:50Z,37.961347,19.66792
EVT0011,EVT0011-FC02,12.0,3,2026-01-10T12:11:50Z,38.406396,19.751613
EVT0011,EVT0011-FC02,12.0,3,2026-01-10T12:11:50Z,38.076686,19.446072
EVT0011,EVT0011-FC02,12.0,3,2026-01-10T12:11:50Z,38.097382,19.394239
EVT0011,EVT0011-FC02,12.0,3,2026-01-10T12:11:50Z,38.217536,19.502833
EVT0011,EVT0011-FC02,12.0,3,2026-01-10T12:11:50Z,38.37796,19.925911
EVT0011,EVT0011-FC02,12.0,3,2026-01-10T12:11:50Z,38.340646,19.948223
EVT0011,EVT0011-FC02,12.0,3,2026-01-10T12:11:50Z,38.074502,19.439175
EVT0011,EVT0011-FC02,12.0,3,2026-01-10T12:11:50Z,38.122034,19.649063
EVT0011,EVT0011-FC02,12.0,3,2026-01-10T12:11:50Z,38.116476,19.323815
EVT0011,EVT0011-FC02,12.0,3,2026-01-10T12:11:50Z,38.060989,19.285114
EVT0011,EVT0011-FC02,12.0,3,2026-01-10T12:11:50Z,38.096572,19.377196
EVT0011,EVT0011-FC02,12.0,3,2026-01-10T12:11:50Z,38.306695,19.735477
EVT0011,EVT0011-FC02,12.0,3,2026-01-10T12:11:50Z,38.161972,19.402277
EVT0011,EVT0011-FC02,12.0,3,2026-01-10T12:11:50Z,37.837219,19.218575
EVT0011,EVT0011-FC02,12.0,3,2026-01-10T12:11:50Z,38.110323,19.307233
EVT0011,EVT0011-FC02,12.0,3,2026-01-10T12:11:50Z,38.20003,19.556249
EVT0011,EVT0011-FC02,12.0,3,2026-01-10T12:11:50Z,38.041884,19.389505
EVT0011,EVT0011-FC02,12.0,3,2026-01-10T12:11:50Z,38.13904,19.950199
EVT0011,EVT0011-FC02,12.0,3,2026-01-10T12:11:50Z,37.745376,19.310634
EVT0011,EVT0011-FC02,12.0,3,2026-01-10T12:11:50Z,38.025609,19.528569
EVT0011,EVT0011-FC02,12.0,3,2026-01-10T12:11:50Z,37.95031,19.460024
EVT0011,EVT0011-FC02,12.0,3,2026-01-10T12:11:50Z,38.003641,19.499719
EVT0011,EVT0011-FC02,12.0,3,2026-01-10T12:11:50Z,38.426103,19.895574
EVT0011,EVT0011-FC02,12.0,3,2026-01-10T12:11:50Z,38.278895,19.439369
EVT0011,EVT0011-FC02,12.0,3,2026-01-10T12:11:50Z,38.121642,19.504671
EVT0011,EVT0011-FC02,12.0,3,2026-01-10T12:11:50Z,38.044215,19.543486
EVT0011,EVT0011-FC02,12.0,3,2026-01-10T12:11:50Z,38.154239,19.391767
EVT0011,EVT0011-FC02,12.0,3,2026-01-10T12:11:50Z,37.936408,19.511552
EVT0011,EVT0011-FC02,12.0,3,2026-01-10T12:11:50Z,38.020028,19.638861
EVT0011,EVT0011-FC02,12.0,3,2026-01-10T12:11:50Z,37.891618,19.567369
EVT0011,EVT0011-FC02,12.0,3,2026-01-10T12:11:50Z,38.198724,19.606552
EVT0011,EVT0011-FC02,12.0,3,2026-01-10T12:11:50Z,38.02864,19.542198
EVT0011,EVT0011-FC02,12.0,3,2026-01-10T12:11:50Z,38.357986,19.782765
EVT0011,EVT0011-FC02,12.0,3,2026-01-10T12:11:50Z,38.121661,19.396092
EVT0011,EVT0011-FC02,12.0,3,2026-01-10T12:11:50Z,38.185326,19.541137
EVT0011,EVT0011-FC02,12.0,3,2026-01-10T12:11:50Z,38.152593,19.570095
EVT0011,EVT0011-FC02,12.0,3,2026-01-10T12:11:50Z,38.284198,19.653431
EVT0011,EVT0011-FC02,12.0,3,2026-01-10T12:11:50Z,38.203148,19.588641
EVT0011,EVT0011-FC02,24.0,3,2026-01-11T00:11:50Z,38.194888,19.747908
EVT0011,EVT0011-FC02,24.0,3,2026-01-11T00:11:50Z,38.331463,19.700365
EVT0011,EVT0011-FC02,24.0,3,2026-01-11T00:11:50Z,38.240388,18.922172
EVT0011,EVT0011-FC02,24.0,3,2026-01-11T00:11:50Z,38.495209,19.848145
EVT0011,EVT0011-FC02,24.0,3,2026-01-11T00:11:50Z,38.04359,19.443779
EVT0011,EVT0011-FC02,24.0,3,2026-01-11T00:11:50Z,38.408054,19.441163
EVT0011,EVT0011-FC02,24.0,3,2026-01-11T00:11:50Z,38.574727,19.695492
EVT0011,EVT0011-FC02,24.0,3,2026-01-11T00:11:50Z,38.534958,19.510054
EVT0011,EVT0011-FC02,24.0,3,2026-01-11T00:11:50Z,38.187574,19.519342
EVT0011,EVT0011-FC02,24.0,3,2026-01-11T00:11:50Z,38.246961,19.762909
EVT0011,EVT0011-FC02,24.0,3,2026-01-11T00:11:50Z,38.016502,19.386618
EVT0011,EVT0011-FC02,24.0,3,2026-01-11T00:11:50Z,38.276731,20.230409
EVT0011,EVT0011-FC02,24.0,3,2026-01-11T00:11:50Z,38.176786,19.568868
EVT0011,EVT0011-FC02,24.0,3,2026-01-11T00:11:50Z,38.264406,19.772058
EVT0011,EVT0011-FC02,24.0,3,2026-01-11T00:11:50Z,38.151692,19.205671
EVT0011,EVT0011-FC02,24.0,3,2026-01-11T00:11:50Z,37.981363,19.323448
EVT0011,EVT0011-FC02,24.0,3,2026-01-11T00:11:50Z,38.012876,19.189395
EVT0011,EVT0011-FC02,24.0,3,2026-01-11T00:11:50Z,38.221039,19.056114
EVT0011,EVT0011-FC02,24.0,3,2026-01-11T00:11:50Z,38.142479,19.581325
EVT0011,EVT0011-FC02,24.0,3,2026-01-11T00:11:50Z,37.670288,19.51721
EVT0011,EVT0011-FC02,24.0,3,2026-01-11T00:11:50Z,37.917534,19.010848
EVT0011,EVT0011-FC02,24.0,3,2026-01-11T00:11:50Z,38.054103,19.120773
EVT0011,EVT0011-FC02,24.0,3,2026-01-11T00:11:50Z,38.163105,19.042198
EVT0011,EVT0011-FC02,24.0,3,2026-01-11T00:11:50Z,38.155146,19.384632
EVT0011,EVT0011-FC02,24.0,3,2026-01-11T00:11:50Z,37.790569,19.876178
EVT0011,EVT0011-FC02,24.0,3,2026-01-11T00:11:50Z,38.338787,19.372863
EVT0011,EVT0011-FC02,24.0,3,2026-01-11T00:11:50Z,38.483621,19.301906
EVT0011,EVT0011-FC02,24.0,3,2026-01-11T00:11:50Z,38.092955,19.555492
EVT0011,EVT0011-FC02,24.0,3,2026-01-11T00:11:50Z,37.990242,19.478285
EVT0011,EVT0011-FC02,24.0,3,2026-01-11T00:11:50Z,38.318261,19.73415
EVT0011,EVT0011-FC02,24.0,3,2026-01-11T00:11:50Z,38.243972,19.425804
EVT0011,EVT0011-FC02,24.0,3,2026-01-11T00:11:50Z,38.377728,19.560496
EVT0011,EVT0011-FC02,24.0,3,2026-01-11T00:11:50Z,38.307058,19.383547
EVT0011,EVT0011-FC02,24.0,3,2026-01-11T00:11:50Z,38.093686,19.616695
EVT0011,EVT0011-FC02,24.0,3,2026-01-11T00:11:50Z,38.195882,19.439399
EVT0011,EVT0011-FC02,24.0,3,2026-01-11T00:11:50Z,37.770842,19.566602
EVT0011,EVT0011-FC02,24.0,3,2026-01-11T00:11:50Z,38.088724,19.579306
EVT0011,EVT0011-FC02,24.0,3,2026-01-11T00:11:50Z,38.399743,19.532031
EVT0011,EVT0011-FC02,24.0,3,2026-01-11T00:11:50Z,38.334664,19.625866
EVT0011,EVT0011-FC02,24.0,3,2026-01-11T00:11:50Z,38.220638,19.869674
EVT0011,EVT0011-FC02,48.0,3,2026-01-12T00:11:50Z,38.491537,19.970364
EVT0011,EVT0011-FC02,48.0,3,2026-01-12T00:11:50Z,37.741505,19.865861
EVT0011,EVT0011-FC02,48.0,3,2026-01-12T00:11:50Z,37.813079,19.990715
EVT0011,EVT0011-FC02,48.0,3,2026-01-12T00:11:50Z,38.11321,19.098378
EVT0011,EVT0011-FC02,48.0,3,2026-01-12T00:11:50Z,38.729062,20.03494
EVT0011,EVT0011-FC02,48.0,3,2026-01-12T00:11:50Z,38.32998,19.175395
EVT0011,EVT0011-FC02,48.0,3,2026-01-12T00:11:50Z,37.664228,19.70125
EVT0011,EVT0011-FC02,48.0,3,2026-01-12T00:11:50Z,38.597175,19.728021
EVT0011,EVT0011-FC02,48.0,3,2026-01-12T00:11:50Z,38.103589,19.605035
EVT0011,EVT0011-FC02,48.0,3,2026-01-12T00:11:50Z,38.119121,19.104375
EVT0011,EVT0011-FC02,48.0,3,2026-01-12T00:11:50Z,38.466207,19.726844
EVT0011,EVT0011-FC02,48.0,3,2026-01-12T00:11:50Z,38.52618,19.051136
EVT0011,EVT0011-FC02,48.0,3,2026-01-12T00:11:50Z,38.132161,19.236882
EVT0011,EVT0011-FC02,48.0,3,2026-01-12T00:11:50Z,37.772761,20.075451
EVT0011,EVT0011-FC02,48.0,3,2026-01-12T00:11:50Z,38.255129,19.582998
EVT0011,EVT0011-FC02,48.0,3,2026-01-12T00:11:50Z,38.05231,19.323441
EVT0011,EVT0011-FC02,48.0,3,2026-01-12T00:11:50Z,38.600406,19.483741
EVT0011,EVT0011-FC02,48.0,3,2026-01-12T00:11:50Z,38.39649,19.66652
EVT0011,EVT0011-FC02,48.0,3,2026-01-12T00:11:50Z,37.893468,19.856888
EVT0011,EVT0011-FC02,48.0,3,2026-01-12T00:11:50Z,38.017524,18.822269
EVT0011,EVT0011-FC02,48.0,3,2026-01-12T00:11:50Z,38.765134,19.895829
EVT0011,EVT0011-FC02,48.0,3,2026-01-12T00:11:50Z,37.991512,19.700053
EVT0011,EVT0011-FC02,48.0,3,2026-01-12T00:11:50Z,38.296267,19.348589
EVT0011,EVT0011-FC02,48.0,3,2026-01-12T00:11:50Z,37.897695,19.16408
EVT0011,EVT0011-FC02,48.0,3,2026-01-12T00:11:50Z,38.704833,19.800704
EVT0011,EVT0011-FC02,48.0,3,2026-01-12T00:11:50Z,38.033854,19.025428
EVT0011,EVT0011-FC02,48.0,3,2026-01-12T00:11:50Z,37.555912,19.605317
EVT0011,EVT0011-FC02,48.0,3,2026-01-12T00:11:50Z,38.352165,19.13551
EVT0011,EVT0011-FC02,48.0,3,2026-01-12T00:11:50Z,37.778639,19.836644
EVT0011,EVT0011-FC02,48.0,3,2026-01-12T00:11:50Z,38.358028,19.954349
EVT0011,EVT0011-FC02,48.0,3,2026-01-12T00:11:50Z,38.242069,19.389854
EVT0011,EVT0011-FC02,48.0,3,2026-01-12T00:11:50Z,37.577983,19.367748
EVT0011,EVT0011-FC02,48.0,3,2026-01-12T00:11:50Z,38.178926,20.05833
EVT0011,EVT0011-FC02,48.0,3,2026-01-12T00:11:50Z,38.080486,19.771731
EVT0011,EVT0011-FC02,48.0,3,2026-01-12T00:11:50Z,38.256867,18.282635
EVT0011,EVT0011-FC02,48.0,3,2026-01-12T00:11:50Z,38.251007,19.862152
EVT0011,EVT0011-FC02,48.0,3,2026-01-12T00:11:50Z,38.099187,19.581294
EVT0011,EVT0011-FC02,48.0,3,2026-01-12T00:11:50Z,37.820807,19.776604
EVT0011,EVT0011-FC02,48.0,3,2026-01-12T00:11:50Z,38.180866,19.2219
EVT0011,EVT0011-FC02,48.0,3,2026-01-12T00:11:50Z,38.182637,19.126923
EVT0011,EVT0011-FC02,72.0,3,2026-01-13T00:11:50Z,37.599595,19.254341
EVT0011,EVT0011-FC02,72.0,3,2026-01-13T00:11:50Z,38.616079,19.756599
EVT0011,EVT0011-FC02,72.0,3,2026-01-13T00:11:50Z,38.516203,19.214791
EVT0011,EVT0011-FC02,72.0,3,2026-01-13T00:11:50Z,38.07575,20.022758
EVT0011,EVT0011-FC02,72.0,3,2026-01-13T00:11:50Z,39.10132,19.588498
EVT0011,EVT0011-FC02,72.0,3,2026-01-13T00:11:50Z,38.374777,20.341073
EVT0011,EVT0011-FC02,72.0,3,2026-01-13T00:11:50Z,38.424848,19.287696
EVT0011,EVT0011-FC02,72.0,3,2026-01-13T00:11:50Z,37.80266,19.353391
EVT0011,EVT0011-FC02,72.0,3,2026-01-13T00:11:50Z,39.137699,19.07605
EVT0011,EVT0011-FC02,72.0,3,2026-01-13T00:11:50Z,37.790368,19.67524
EVT0011,EVT0011-FC02,72.0,3,2026-01-13T00:11:50Z,38.278786,20.977592
EVT0011,EVT0011-FC02,72.0,3,2026-01-13T00:11:50Z,38.126683,19.137476
EVT0011,EVT0011-FC02,72.0,3,2026-01-13T00:11:50Z,38.271219,19.849578
EVT0011,EVT0011-FC02,72.0,3,2026-01-13T00:11:50Z,38.379443,18.996019
EVT0011,EVT0011-FC02,72.0,3,2026-01-13T00:11:50Z,38.382193,18.915517
EVT0011,EVT0011-FC02,72.0,3,2026-01-13T00:11:50Z,38.953591,19.879129
EVT0011,EVT0011-FC02,72.0,3,2026-01-13T00:11:50Z,38.233974,20.341789
EVT0011,EVT0011-FC02,72.0,3,2026-01-13T00:11:50Z,38.703629,18.947376
EVT0011,EVT0011-FC02,72.0,3,2026-01-13T00:11:50Z,38.689939,19.775122
EVT0011,EVT0011-FC02,72.0,3,2026-01-13T00:11:50Z,37.718019,19.609595
EVT0011,EVT0011-FC02,72.0,3,2026-01-13T00:11:50Z,38.957501,20.036522
EVT0011,EVT0011-FC02,72.0,3,2026-01-13T00:11:50Z,38.665886,19.775497
EVT0011,EVT0011-FC02,72.0,3,2026-01-13T00:11:50Z,38.570789,19.64954
EVT0011,EVT0011-FC02,72.0,3,2026-01-13T00:11:50Z,38.369358,20.052618
EVT0011,EVT0011-FC02,72.0,3,2026-01-13T00:11:50Z,38.738477,19.542907
EVT0011,EVT0011-FC02,72.0,3,2026-01-13T00:11:50Z,38.474828,19.854773
EVT0011,EVT0011-FC02,72.0,3,2026-01-13T00:11:50Z,37.751935,19.403704
EVT0011,EVT0011-FC02,72.0,3,2026-01-13T00:11:50Z,38.706882,18.345364
EVT0011,EVT0011-FC02,72.0,3,2026-01-13T00:11:50Z,39.003204,19.970683
EVT0011,EVT0011-FC02,72.0,3,2026-01-13T00:11:50Z,38.630026,19.455105
EVT0011,EVT0011-FC02,72.0,3,2026-01-13T00:11:50Z,38.594448,19.719584
EVT0011,EVT0011-FC02,72.0,3,2026-01-13T00:11:50Z,37.973565,19.983041
EVT0011,EVT0011-FC02,72.0,3,2026-01-13T00:11:50Z,38.325815,20.148101
EVT0011,EVT0011-FC02,72.0,3,2026-01-13T00:11:50Z,38.942757,18.259085
EVT0011,EVT0011-FC02,72.0,3,2026-01-13T00:11:50Z,38.721293,20.80771
EVT0011,EVT0011-FC02,72.0,3,2026-01-13T00:11:50Z,38.828715,19.883566
EVT0011,EVT0011-FC02,72.0,3,2026-01-13T00:11:50Z,38.175619,19.948131
EVT0011,EVT0011-FC02,72.0,3,2026-01-13T00:11:50Z,38.52362,19.208237
EVT0011,EVT0011-FC02,72.0,3,2026-01-13T00:11:50Z,38.290414,20.274387
EVT0011,EVT0011-FC02,72.0,3,2026-01-13T00:11:50Z,37.970701,19.436185
EVT0011,EVT0011-FC02,12.0,4,2026-01-10T12:11:50Z,38.049107,19.66746
EVT0011,EVT0011-FC02,12.0,4,2026-01-10T12:11:50Z,38.070205,19.397233
EVT0011,EVT0011-FC02,12.0,4,2026-01-10T12:11:50Z,38.188452,19.689284
EVT0011,EVT0011-FC02,12.0,4,2026-01-10T12:11:50Z,38.262726,19.556891
EVT0011,EVT0011-FC02,12.0,4,2026-01-10T12:11:50Z,38.27398,19.955129
EVT0011,EVT0011-FC02,12.0,4,2026-01-10T12:11:50Z,38.259366,19.631506
EVT0011,EVT0011-FC02,12.0,4,2026-01-10T12:11:50Z,38.24742,19.544152
EVT0011,EVT0011-FC02,12.0,4,2026-01-10T12:11:50Z,38.070944,19.570936
EVT0011,EVT0011-FC02,12.0,4,2026-01-10T12:11:50Z,38.335563,19.568432
EVT0011,EVT0011-FC02,12.0,4,2026-01-10T12:11:50Z,38.467464,19.664605
EVT0011,EVT0011-FC02,12.0,4,2026-01-10T12:11:50Z,37.906817,19.397987
EVT0011,EVT0011-FC02,12.0,4,2026-01-10T12:11:50Z,37.651085,19.304584
EVT0011,EVT0011-FC02,12.0,4,2026-01-10T12:11:50Z,37.90173,19.572276
EVT0011,EVT0011-FC02,12.0,4,2026-01-10T12:11:50Z,37.789671,19.452137
EVT0011,EVT0011-FC02,12.0,4,2026-01-10T12:11:50Z,38.523301,19.925774
EVT0011,EVT0011-FC02,12.0,4,2026-01-10T12:11:50Z,38.298779,19.502114
EVT0011,EVT0011-FC02,12.0,4,2026-01-10T12:11:50Z,38.140507,19.680584
EVT0011,EVT0011-FC02,12.0,4,2026-01-10T12:11:50Z,38.183009,19.548873
EVT0011,EVT0011-FC02,12.0,4,2026-01-10T12:11:50Z,38.315075,19.264429
EVT0011,EVT0011-FC02,12.0,4,2026-01-10T12:11:50Z,38.21789,19.741094
EVT0011,EVT0011-FC02,12.0,4,2026-01-10T12:11:50Z,38.208318,19.546886
EVT0011,EVT0011-FC02,12.0,4,2026-01-10T12:11:50Z,38.332484,19.61572
EVT0011,EVT0011-FC02,12.0,4,2026-01-10T12:11:50Z,38.249292,19.687125
EVT0011,EVT0011-FC02,12.0,4,2026-01-10T12:11:50Z,38.093208,19.611363
EVT0011,EVT0011-FC02,12.0,4,2026-01-10T12:11:50Z,38.127518,19.83784
EVT0011,EVT0011-FC02,12.0,4,2026-01-10T12:11:50Z,37.993972,19.584662
EVT0011,EVT0011-FC02,12.0,4,2026-01-10T12:11:50Z,37.985016,19.325567
EVT0011,EVT0011-FC02,12.0,4,2026-01-10T12:11:50Z,38.113412,19.222274
EVT0011,EVT0011-FC02,12.0,4,2026-01-10T12:11:50Z,38.224673,19.842692
EVT0011,EVT0011-FC02,12.0,4,2026-01-10T12:11:50Z,38.131304,19.487131
EVT0011,EVT0011-FC02,12.0,4,2026-01-10T12:11:50Z,38.153693,19.080952
EVT0011,EVT0011-FC02,12.0,4,2026-01-10T12:11:50Z,38.01035,19.353294
EVT0011,EVT0011-FC02,12.0,4,2026-01-10T12:11:50Z,38.295178,19.969838
EVT0011,EVT0011-FC02,12.0,4,2026-01-10T12:11:50Z,38.185356,19.698337
EVT0011,EVT0011-FC02,12.0,4,2026-01-10T12:11:50Z,38.349265,19.573411
EVT0011,EVT0011-FC02,12.0,4,2026-01-10T12:11:50Z,38.228568,19.431381
EVT0011,EVT0011-FC02,12.0,4,2026-01-10T12:11:50Z,38.22034,19.602238
EVT0011,EVT0011-FC02,12.0,4,2026-01-10T12:11:50Z,38.118405,19.710718
EVT0011,EVT0011-FC02,12.0,4,2026-01-10T12:11:50Z,38.282603,19.632325
EVT0011,EVT0011-FC02,12.0,4,2026-01-10T12:11:50Z,38.307285,19.503569
EVT0011,EVT0011-FC02,24.0,4,2026-01-11T00:11:50Z,38.185535,19.683266
EVT0011,EVT0011-FC02,24.0,4,2026-01-11T00:11:50Z,38.054496,19.755351
EVT0011,EVT0011-FC02,24.0,4,2026-01-11T00:11:50Z,38.172311,19.416871
EVT0011,EVT0011-FC02,24.0,4,2026-01-11T00:11:50Z,38.225217,19.502219
EVT0011,EVT0011-FC02,24.0,4,2026-01-11T00:11:50Z,38.139579,19.394235
EVT0011,EVT0011-FC02,24.0,4,2026-01-11T00:11:50Z,38.117265,19.754845
EVT0011,EVT0011-FC02,24.0,4,2026-01-11T00:11:50Z,38.029118,19.273206
EVT0011,EVT0011-FC02,24.0,4,2026-01-11T00:11:50Z,38.181913,20.326511
EVT0011,EVT0011-FC02,24.0,4,2026-01-11T00:11:50Z,38.330264,19.933443
EVT0011,EVT0011-FC02,24.0,4,2026-01-11T00:11:50Z,38.42655,19.293418
EVT0011,EVT0011-FC02,24.0,4,2026-01-11T00:11:50Z,38.261503,19.555753
EVT0011,EVT0011-FC02,24.0,4,2026-01-11T00:11:50Z,38.188699,19.517735
EVT0011,EVT0011-FC02,24.0,4,2026-01-11T00:11:50Z,38.265202,19.393313
EVT0011,EVT0011-FC02,24.0,4,2026-01-11T00:11:50Z,38.049423,19.35534
EVT0011,EVT0011-FC02,24.0,4,2026-01-11T00:11:50Z,37.992829,19.962905
EVT0011,EVT0011-FC02,24.0,4,2026-01-11T00:11:50Z,38.007338,19.037
EVT0011,EVT0011-FC02,24.0,4,2026-01-11T00:11:50Z,38.416006,19.696473
EVT0011,EVT0011-FC02,24.0,4,2026-01-11T00:11:50Z,38.107229,19.402793
EVT0011,EVT0011-FC02,24.0,4,2026-01-11T00:11:50Z,38.528964,19.485322
EVT0011,EVT0011-FC02,24.0,4,2026-01-11T00:11:50Z,37.894604,19.08829
EVT0011,EVT0011-FC02,24.0,4,2026-01-11T00:11:50Z,37.987038,19.169987
EVT0011,EVT0011-FC02,24.0,4,2026-01-11T00:11:50Z,38.298759,19.449546
EVT0011,EVT0011-FC02,24.0,4,2026-01-11T00:11:50Z,38.32212,19.474954
EVT0011,EVT0011-FC02,24.0,4,2026-01-11T00:11:50Z,38.212027,19.56726
EVT0011,EVT0011-FC02,24.0,4,2026-01-11T00:11:50Z,38.550862,20.082773
EVT0011,EVT0011-FC02,24.0,4,2026-01-11T00:11:50Z,38.285673,19.66214
EVT0011,EVT0011-FC02,24.0,4,2026-01-11T00:11:50Z,38.209445,19.563521
EVT0011,EVT0011-FC02,24.0,4,2026-01-11T00:11:50Z,38.058181,19.105383
EVT0011,EVT0011-FC02,24.0,4,2026-01-11T00:11:50Z,38.398431,19.787101
EVT0011,EVT0011-FC02,24.0,4,2026-01-11T00:11:50Z,38.361261,19.592001
EVT0011,EVT0011-FC02,24.0,4,2026-01-11T00:11:50Z,38.210625,19.683226
EVT0011,EVT0011-FC02,24.0,4,2026-01-11T00:11:50Z,38.324831,19.794742
EVT0011,EVT0011-FC02,24.0,4,2026-01-11T00:11:50Z,38.61564,19.873587
EVT0011,EVT0011-FC02,24.0,4,2026-01-11T00:11:50Z,38.129786,19.649049
EVT0011,EVT0011-FC02,24.0,4,2026-01-11T00:11:50Z,37.844139,19.817272
EVT0011,EVT0011-FC02,24.0,4,2026-01-11T00:11:50Z,38.339166,19.681488
EVT0011,EVT0011-FC02,24.0,4,2026-01-11T00:11:50Z,38.418206,19.502957
EVT0011,EVT0011-FC02,24.0,4,2026-01-11T00:11:50Z,38.503501,19.389395
EVT0011,EVT0011-FC02,24.0,4,2026-01-11T00:11:50Z,37.916117,19.701491
EVT0011,EVT0011-FC02,24.0,4,2026-01-11T00:11:50Z,38.221577,19.373743
EVT0011,EVT0011-FC02,48.0,4,2026-01-12T00:11:50Z,38.331011,19.743942
EVT0011,EVT0011-FC02,48.0,4,2026-01-12T00:11:50Z,38.261812,19.794524
EVT0011,EVT0011-FC02,48.0,4,2026-01-12T00:11:50Z,38.76089,18.82447
EVT0011,EVT0011-FC02,48.0,4,2026-01-12T00:11:50Z,38.265577,19.269959
EVT0011,EVT0011-FC02,48.0,4,2026-01-12T00:11:50Z,38.543439,19.523197
EVT0011,EVT0011-FC02,48.0,4,2026-01-12T00:11:50Z,38.439134,18.621613
EVT0011,EVT0011-FC02,48.0,4,2026-01-12T00:11:50Z,38.619287,20.089708
EVT0011,EVT0011-FC02,48.0,4,2026-01-12T00:11:50Z,38.406889,19.58483
EVT0011,EVT0011-FC02,48.0,4,2026-01-12T00:11:50Z,37.84545,19.698764
EVT0011,EVT0011-FC02,48.0,4,2026-01-12T00:11:50Z,37.762004,19.271715
EVT0011,EVT0011-FC02,48.0,4,2026-01-12T00:11:50Z,38.232286,19.30579
EVT0011,EVT0011-FC02,48.0,4,2026-01-12T00:11:50Z,38.518659,19.994494
EVT0011,EVT0011-FC02,48.0,4,2026-01-12T00:11:50Z,38.096034,19.503265
EVT0011,EVT0011-FC02,48.0,4,2026-01-12T00:11:50Z,38.103573,18.997361
EVT0011,EVT0011-FC02,48.0,4,2026-01-12T00:11:50Z,38.300907,19.772004
EVT0011,EVT0011-FC02,48.0,4,2026-01-12T00:11:50Z,38.566543,20.075448
EVT0011,EVT0011-FC02,48.0,4,2026-01-12T00:11:50Z,38.650918,19.940559
EVT0011,EVT0011-FC02,48.0,4,2026-01-12T00:11:50Z,38.569536,19.699232
EVT0011,EVT0011-FC02,48.0,4,2026-01-12T00:11:50Z,38.325998,19.204537
EVT0011,EVT0011-FC02,48.0,4,2026-01-12T00:11:50Z,38.374862,19.590135
EVT0011,EVT0011-FC02,48.0,4,2026-01-12T00:11:50Z,38.652204,19.606447
EVT0011,EVT0011-FC02,48.0,4,2026-01-12T00:11:50Z,37.957968,19.190929
EVT0011,EVT0011-FC02,48.0,4,2026-01-12T00:11:50Z,38.390173,19.765199
EVT0011,EVT0011-FC02,48.0,4,2026-01-12T00:11:50Z,37.798952,19.833905
EVT0011,EVT0011-FC02,48.0,4,2026-01-12T00:11:50Z,38.53994,18.556811
EVT0011,EVT0011-FC02,48.0,4,2026-01-12T00:11:50Z,38.23067,19.812696
EVT0011,EVT0011-FC02,48.0,4,2026-01-12T00:11:50Z,38.068941,19.161725
EVT0011,EVT0011-FC02,48.0,4,2026-01-12T00:11:50Z,37.694786,19.317501
EVT0011,EVT0011-FC02,48.0,4,2026-01-12T00:11:50Z,38.398829,19.115189
EVT0011,EVT0011-FC02,48.0,4,2026-01-12T00:11:50Z,38.376844,19.534911
EVT0011,EVT0011-FC02,48.0,4,2026-01-12T00:11:50Z,38.828501,20.05583
EVT0011,EVT0011-FC02,48.0,4,2026-01-12T00:11:50Z,38.631848,19.949542
EVT0011,EVT0011-FC02,48.0,4,2026-01-12T00:11:50Z,38.240756,19.052941
EVT0011,EVT0011-FC02,48.0,4,2026-01-12T00:11:50Z,38.341553,19.567978
EVT0011,EVT0011-FC02,48.0,4,2026-01-12T00:11:50Z,37.846036,19.976061
EVT0011,EVT0011-FC02,48.0,4,2026-01-12T00:11:50Z,38.331177,19.670263
EVT0011,EVT0011-FC02,48.0,4,2026-01-12T00:11:50Z,38.413051,19.424195
EVT0011,EVT0011-FC02,48.0,4,2026-01-12T00:11:50Z,38.414286,19.552071
EVT0011,EVT0011-FC02,48.0,4,2026-01-12T00:11:50Z,38.523407,20.078908
EVT0011,EVT0011-FC02,48.0,4,2026-01-12T00:11:50Z,37.87128,19.838549
EVT0011,EVT0011-FC02,72.0,4,2026-01-13T00:11:50Z,38.822151,19.260925
EVT0011,EVT0011-FC02,72.0,4,2026-01-13T00:11:50Z,38.642449,19.246124
EVT0011,EVT0011-FC02,72.0,4,2026-01-13T00:11:50Z,38.537443,20.059672
EVT0011,EVT0011-FC02,72.0,4,2026-01-13T00:11:50Z,38.20092,20.034469
EVT0011,EVT0011-FC02,72.0,4,2026-01-13T00:11:50Z,38.493055,19.501198
EVT0011,EVT0011-FC02,72.0,4,2026-01-13T00:11:50Z,37.795491,19.938367
EVT0011,EVT0011-FC02,72.0,4,2026-01-13T00:11:50Z,38.369877,19.458852
EVT0011,EVT0011-FC02,72.0,4,2026-01-13T00:11:50Z,38.752785,19.767079
EVT0011,EVT0011-FC02,72.0,4,2026-01-13T00:11:50Z,38.291787,20.233549
EVT0011,EVT0011-FC02,72.0,4,2026-01-13T00:11:50Z,39.227541,18.933853
EVT0011,EVT0011-FC02,72.0,4,2026-01-13T00:11:50Z,38.353869,19.506269
EVT0011,EVT0011-FC02,72.0,4,2026-01-13T00:11:50Z,39.165127,20.775251
EVT0011,EVT0011-FC02,72.0,4,2026-01-13T00:11:50Z,38.347422,19.3628
EVT0011,EVT0011-FC02,72.0,4,2026-01-13T00:11:50Z,38.508318,19.040841
EVT0011,EVT0011-FC02,72.0,4,2026-01-13T00:11:50Z,38.784049,19.928864
EVT0011,EVT0011-FC02,72.0,4,2026-01-13T00:11:50Z,38.018979,19.972693
EVT0011,EVT0011-FC02,72.0,4,2026-01-13T00:11:50Z,38.074723,19.889276
EVT0011,EVT0011-FC02,72.0,4,2026-01-13T00:11:50Z,38.584944,20.466266
EVT0011,EVT0011-FC02,72.0,4,2026-01-13T00:11:50Z,38.053881,20.134395
EVT0011,EVT0011-FC02,72.0,4,2026-01-13T00:11:50Z,38.454477,18.809107
EVT0011,EVT0011-FC02,72.0,4,2026-01-13T00:11:50Z,38.138535,20.107535
EVT0011,EVT0011-FC02,72.0,4,2026-01-13T00:11:50Z,39.092401,19.192799
EVT0011,EVT0011-FC02,72.0,4,2026-01-13T00:11:50Z,38.705813,18.265851
EVT0011,EVT0011-FC02,72.0,4,2026-01-13T00:11:50Z,37.862352,19.5093
EVT0011,EVT0011-FC02,72.0,4,2026-01-13T00:11:50Z,38.352484,19.57888
EVT0011,EVT0011-FC02,72.0,4,2026-01-13T00:11:50Z,39.063909,19.22041
EVT0011,EVT0011-FC02,72.0,4,2026-01-13T00:11:50Z,38.572608,19.96494
EVT0011,EVT0011-FC02,72.0,4,2026-01-13T00:11:50Z,38.603391,19.289036
EVT0011,EVT0011-FC02,72.0,4,2026-01-13T00:11:50Z,38.255827,19.732289
EVT0011,EVT0011-FC02,72.0,4,2026-01-13T00:11:50Z,37.63301,19.996758
EVT0011,EVT0011-FC02,72.0,4,2026-01-13T00:11:50Z,38.817941,19.251376
EVT0011,EVT0011-FC02,72.0,4,2026-01-13T00:11:50Z,38.578921,19.73151
EVT0011,EVT0011-FC02,72.0,4,2026-01-13T00:11:50Z,38.974454,19.493844
EVT0011,EVT0011-FC02,72.0,4,2026-01-13T00:11:50Z,38.702093,19.84036
EVT0011,EVT0011-FC02,72.0,4,2026-01-13T00:11:50Z,39.058402,19.280513
EVT0011,EVT0011-FC02,72.0,4,2026-01-13T00:11:50Z,38.957663,19.799392
EVT0011,EVT0011-FC02,72.0,4,2026-01-13T00:11:50Z,38.459647,19.900786
EVT0011,EVT0011-FC02,72.0,4,2026-01-13T00:11:50Z,38.097158,19.67977
EVT0011,EVT0011-FC02,72.0,4,2026-01-13T00:11:50Z,38.565319,19.146019
EVT0011,EVT0011-FC02,72.0,4,2026-01-13T00:11:50Z,38.049403,19.509956
EVT0011,EVT0011-FC02,12.0,5,2026-01-10T12:11:50Z,38.089293,19.452904
EVT0011,EVT0011-FC02,12.0,5,2026-01-10T12:11:50Z,38.101629,19.273259
EVT0011,EVT0011-FC02,12.0,5,2026-01-10T12:11:50Z,37.672508,19.45626
EVT0011,EVT0011-FC02,12.0,5,2026-01-10T12:11:50Z,37.806114,19.451203
EVT0011,EVT0011-FC02,12.0,5,2026-01-10T12:11:50Z,38.292063,19.707126
EVT0011,EVT0011-FC02,12.0,5,2026-01-10T12:11:50Z,37.968533,19.512755
EVT0011,EVT0011-FC02,12.0,5,2026-01-10T12:11:50Z,38.30484,19.809561
EVT0011,EVT0011-FC02,12.0,5,2026-01-10T12:11:50Z,38.2634,19.40892
EVT0011,EVT0011-FC02,12.0,5,2026-01-10T12:11:50Z,38.0763,19.34211
EVT0011,EVT0011-FC02,12.0,5,2026-01-10T12:11:50Z,38.165336,19.678704
EVT0011,EVT0011-FC02,12.0,5,2026-01-10T12:11:50Z,38.333799,19.711255
EVT0011,EVT0011-FC02,12.0,5,2026-01-10T12:11:50Z,38.066938,19.701364
EVT0011,EVT0011-FC02,12.0,5,2026-01-10T12:11:50Z,37.981988,19.360093
EVT0011,EVT0011-FC02,12.0,5,2026-01-10T12:11:50Z,38.209854,19.337769
EVT0011,EVT0011-FC02,12.0,5,2026-01-10T12:11:50Z,38.143587,19.702862
EVT0011,EVT0011-FC02,12.0,5,2026-01-10T12:11:50Z,38.167243,19.551424
EVT0011,EVT0011-FC02,12.0,5,2026-01-10T12:11:50Z,37.949648,19.264804
EVT0011,EVT0011-FC02,12.0,5,2026-01-10T12:11:50Z,38.195251,19.633144
EVT0011,EVT0011-FC02,12.0,5,2026-01-10T12:11:50Z,38.239278,19.774927
EVT0011,EVT0011-FC02,12.0,5,2026-01-10T12:11:50Z,38.032446,19.18437
EVT0011,EVT0011-FC02,12.0,5,2026-01-10T12:11:50Z,38.140062,19.597207
EVT0011,EVT0011-FC02,12.0,5,2026-01-10T12:11:50Z,38.168899,19.643716
EVT0011,EVT0011-FC02,12.0,5,2026-01-10T12:11:50Z,38.068271,19.442582
EVT0011,EVT0011-FC02,12.0,5,2026-01-10T12:11:50Z,37.687436,19.448645
EVT0011,EVT0011-FC02,12.0,5,2026-01-10T12:11:50Z,38.238776,19.268152
EVT0011,EVT0011-FC02,12.0,5,2026-01-10T12:11:50Z,38.127153,19.316011
EVT0011,EVT0011-FC02,12.0,5,2026-01-10T12:11:50Z,38.225847,19.44928
EVT0011,EVT0011-FC02,12.0,5,2026-01-10T12:11:50Z,38.152878,19.662851
EVT0011,EVT0011-FC02,12.0,5,2026-01-10T12:11:50Z,37.808914,19.37146
EVT0011,EVT0011-FC02,12.0,5,2026-01-10T12:11:50Z,38.18229,19.299178
EVT0011,EVT0011-FC02,12.0,5,2026-01-10T12:11:50Z,38.351339,19.725367
EVT0011,EVT0011-FC02,12.0,5,2026-01-10T12:11:50Z,38.130807,19.417513
EVT0011,EVT0011-FC02,12.0,5,2026-01-10T12:11:50Z,37.858199,19.288806
EVT0011,EVT0011-FC02,12.0,5,2026-01-10T12:11:50Z,38.072704,19.412115
EVT0011,EVT0011-FC02,12.0,5,2026-01-10T12:11:50Z,38.00576,19.141181
EVT0011,EVT0011-FC02,12.0,5,2026-01-10T12:11:50Z,38.173344,19.779712
EVT0011,EVT0011-FC02,12.0,5,2026-01-10T12:11:50Z,37.983935,19.215756
EVT0011,EVT0011-FC02,12.0,5,2026-01-10T12:11:50Z,37.973184,19.527463
EVT0011,EVT0011-FC02,12.0,5,2026-01-10T12:11:50Z,37.953486,19.331944
EVT0011,EVT0011-FC02,12.0,5,2026-01-10T12:11:50Z,38.147445,19.514161
EVT0011,EVT0011-FC02,24.0,5,2026-01-11T00:11:50Z,37.977887,19.412402
EVT0011,EVT0011-FC02,24.0,5,2026-01-11T00:11:50Z,37.81635,19.294206
EVT0011,EVT0011-FC02,24.0,5,2026-01-11T00:11:50Z,37.933592,18.974319
EVT0011,EVT0011-FC02,24.0,5,2026-01-11T00:11:50Z,38.449773,19.503571
EVT0011,EVT0011-FC02,24.0,5,2026-01-11T00:11:50Z,37.964231,19.145852
EVT0011,EVT0011-FC02,24.0,5,2026-01-11T00:11:50Z,38.121298,19.619403
EVT0011,EVT0011-FC02,24.0,5,2026-01-11T00:11:50Z,38.330067,19.048974
EVT0011,EVT0011-FC02,24.0,5,2026-01-11T00:11:50Z,37.572068,19.873745
EVT0011,EVT0011-FC02,24.0,5,2026-01-11T00:11:50Z,37.763619,18.974604
EVT0011,EVT0011-FC02,24.0,5,2026-01-11T00:11:50Z,38.141278,19.345682
EVT0011,EVT0011-FC02,24.0,5,2026-01-11T00:11:50Z,38.28525,19.504223
EVT0011,EVT0011-FC02,24.0,5,2026-01-11T00:11:50Z,37.760809,19.814868
EVT0011,EVT0011-FC02,24.0,5,2026-01-11T00:11:50Z,38.611334,19.977649
EVT0011,EVT0011-FC02,24.0,5,2026-01-11T00:11:50Z,38.3074,19.592633
EVT0011,EVT0011-FC02,24.0,5,2026-01-11T00:11:50Z,38.370896,19.37506
EVT0011,EVT0011-FC02,24.0,5,2026-01-11T00:11:50Z,38.201903,19.699192
EVT0011,EVT0011-FC02,24.0,5,2026-01-11T00:11:50Z,37.801753,19.376795
EVT0011,EVT0011-FC02,24.0,5,2026-01-11T00:11:50Z,37.97484,19.383417
EVT0011,EVT0011-FC02,24.0,5,2026-01-11T00:11:50Z,38.171456,19.689928
EVT0011,EVT0011-FC02,24.0,5,2026-01-11T00:11:50Z,38.360129,19.221485
EVT0011,EVT0011-FC02,24.0,5,2026-01-11T00:11:50Z,38.154747,19.206361
EVT0011,EVT0011-FC02,24.0,5,2026-01-11T00:11:50Z,38.326329,19.710689
EVT0011,EVT0011-FC02,24.0,5,2026-01-11T00:11:50Z,38.50507,19.572392
EVT0011,EVT0011-FC02,24.0,5,2026-01-11T00:11:50Z,37.738802,19.440444
EVT0011,EVT0011-FC02,24.0,5,2026-01-11T00:11:50Z,38.452259,19.863426
EVT0011,EVT0011-FC02,24.0,5,2026-01-11T00:11:50Z,38.359652,19.769387
EVT0011,EVT0011-FC02,24.0,5,2026-01-11T00:11:50Z,37.587701,19.46497
EVT0011,EVT0011-FC02,24.0,5,2026-01-11T00:11:50Z,38.264266,19.522633
EVT0011,EVT0011-FC02,24.0,5,2026-01-11T00:11:50Z,38.308652,19.311768
EVT0011,EVT0011-FC02,24.0,5,2026-01-11T00:11:50Z,37.945745,19.369987
EVT0011,EVT0011-FC02,24.0,5,2026-01-11T00:11:50Z,38.25512,19.546668
EVT0011,EVT0011-FC02,24.0,5,2026-01-11T00:11:50Z,38.498809,19.588272
EVT0011,EVT0011-FC02,24.0,5,2026-01-11T00:11:50Z,38.416918,19.519554
EVT0011,EVT0011-FC02,24.0,5,2026-01-11T00:11:50Z,38.050804,19.465836
EVT0011,EVT0011-FC02,24.0,5,2026-01-11T00:11:50Z,38.50529,19.385989
EVT0011,EVT0011-FC02,24.0,5,2026-01-11T00:11:50Z,38.467173,19.562064
EVT0011,EVT0011-FC02,24.0,5,2026-01-11T00:11:50Z,38.433163,19.547294
EVT0011,EVT0011-FC02,24.0,5,2026-01-11T00:11:50Z,38.089312,19.183162
EVT0011,EVT0011-FC02,24.0,5,2026-01-11T00:11:50Z,38.436349,19.570767
EVT0011,EVT0011-FC02,24.0,5,2026-01-11T00:11:50Z,38.259832,19.557124
EVT0011,EVT0011-FC02,48.0,5,2026-01-12T00:11:50Z,38.583166,19.710669
EVT0011,EVT0011-FC02,48.0,5,2026-01-12T00:11:50Z,38.18731,20.582211
EVT0011,EVT0011-FC02,48.0,5,2026-01-12T00:11:50Z,37.995295,20.026299
EVT0011,EVT0011-FC02,48.0,5,2026-01-12T00:11:50Z,38.586495,19.732453
EVT0011,EVT0011-FC02,48.0,5,2026-01-12T00:11:50Z,38.489126,19.844671
EVT0011,EVT0011-FC02,48.0,5,2026-01-12T00:11:50Z,37.515958,19.396294
EVT0011,EVT0011-FC02,48.0,5,2026-01-12T00:11:50Z,37.915639,19.871531
EVT0011,EVT0011-FC02,48.0,5,2026-01-12T00:11:50Z,37.233102,18.928198
EVT0011,EVT0011-FC02,48.0,5,2026-01-12T00:11:50Z,37.950814,19.404466
EVT0011,EVT0011-FC02,48.0,5,2026-01-12T00:11:50Z,38.569782,19.735321
EVT0011,EVT0011-FC02,48.0,5,2026-01-12T00:11:50Z,38.596122,19.961987
EVT0011,EVT0011-FC02,48.0,5,2026-01-12T00:11:50Z,38.167275,19.227704
EVT0011,EVT0011-FC02,48.0,5,2026-01-12T00:11:50Z,38.45249,19.786778
EVT0011,EVT0011-FC02,48.0,5,2026-01-12T00:11:50Z,38.25823,19.876482
EVT0011,EVT0011-FC02,48.0,5,2026-01-12T00:11:50Z,37.80658,19.723102
EVT0011,EVT0011-FC02,48.0,5,2026-01-12T00:11:50Z,38.241923,19.780423
EVT0011,EVT0011-FC02,48.0,5,2026-01-12T00:11:50Z,38.000358,19.945842
EVT0011,EVT0011-FC02,48.0,5,2026-01-12T00:11:50Z,38.33133,19.978866
EVT0011,EVT0011-FC02,48.0,5,2026-01-12T00:11:50Z,37.896929,19.485194
EVT0011,EVT0011-FC02,48.0,5,2026-01-12T00:11:50Z,38.256557,19.422826
EVT0011,EVT0011-FC02,48.0,5,2026-01-12T00:11:50Z,37.405484,19.5062
EVT0011,EVT0011-FC02,48.0,5,2026-01-12T00:11:50Z,38.379791,19.591575
EVT0011,EVT0011-FC02,48.0,5,2026-01-12T00:11:50Z,37.990129,19.963924
EVT0011,EVT0011-FC02,48.0,5,2026-01-12T00:11:50Z,38.604686,20.254605
EVT0011,EVT0011-FC02,48.0,5,2026-01-12T00:11:50Z,38.442061,19.719616
EVT0011,EVT0011-FC02,48.0,5,2026-01-12T00:11:50Z,38.707039,19.354526
EVT0011,EVT0011-FC02,48.0,5,2026-01-12T00:11:50Z,37.418482,19.401515
EVT0011,EVT0011-FC02,48.0,5,2026-01-12T00:11:50Z,38.327382,19.244867
EVT0011,EVT0011-FC02,48.0,5,2026-01-12T00:11:50Z,38.617569,20.047486
EVT0011,EVT0011-FC02,48.0,5,2026-01-12T00:11:50Z,37.849919,19.856656
EVT0011,EVT0011-FC02,48.0,5,2026-01-12T00:11:50Z,38.67958,20.078565
EVT0011,EVT0011-FC02,48.0,5,2026-01-12T00:11:50Z,38.436918,19.496339
EVT0011,EVT0011-FC02,48.0,5,2026-01-12T00:11:50Z,38.289687,18.141397
EVT0011,EVT0011-FC02,48.0,5,2026-01-12T00:11:50Z,38.094294,18.986278
EVT0011,EVT0011-FC02,48.0,5,2026-01-12T00:11:50Z,38.119112,19.572896
EVT0011,EVT0011-FC02,48.0,5,2026-01-12T00:11:50Z,38.401516,19.700903
EVT0011,EVT0011-FC02,48.0,5,2026-01-12T00:11:50Z,39.068407,19.579736
EVT0011,EVT0011-FC02,48.0,5,2026-01-12T00:11:50Z,38.050874,20.216695
EVT0011,EVT0011-FC02,48.0,5,2026-01-12T00:11:50Z,37.969301,19.562271
EVT0011,EVT0011-FC02,48.0,5,2026-01-12T00:11:50Z,38.357354,19.475275
EVT0011,EVT0011-FC02,72.0,5,2026-01-13T00:11:50Z,38.51524,18.907124
EVT0011,EVT0011-FC02,72.0,5,2026-01-13T00:11:50Z,38.983854,19.44764
EVT0011,EVT0011-FC02,72.0,5,2026-01-13T00:11:50Z,38.699589,19.268048
EVT0011,EVT0011-FC02,72.0,5,2026-01-13T00:11:50Z,38.167561,19.46642
EVT0011,EVT0011-FC02,72.0,5,2026-01-13T00:11:50Z,38.564641,19.634374
EVT0011,EVT0011-FC02,72.0,5,2026-01-13T00:11:50Z,38.361392,20.493511
EVT0011,EVT0011-FC02,72.0,5,2026-01-13T00:11:50Z,38.513172,19.664592
EVT0011,EVT0011-FC02,72.0,5,2026-01-13T00:11:50Z,38.643264,19.044205
EVT0011,EVT0011-FC02,72.0,5,2026-01-13T00:11:50Z,38.552706,19.901545
EVT0011,EVT0011-FC02,72.0,5,2026-01-13T00:11:50Z,38.940223,19.206047
EVT0011,EVT0011-FC02,72.0,5,2026-01-13T00:11:50Z,38.613133,19.961845
EVT0011,EVT0011-FC02,72.0,5,2026-01-13T00:11:50Z,38.891185,20.359017
EVT0011,EVT0011-FC02,72.0,5,2026-01-13T00:11:50Z,38.481771,19.389785
EVT0011,EVT0011-FC02,72.0,5,2026-01-13T00:11:50Z,38.377948,19.438493
EVT0011,EVT0011-FC02,72.0,5,2026-01-13T00:11:50Z,38.776472,19.980033
EVT0011,EVT0011-FC02,72.0,5,2026-01-13T00:11:50Z,39.095837,20.477071
EVT0011,EVT0011-FC02,72.0,5,2026-01-13T00:11:50Z,39.065382,20.15353
EVT0011,EVT0011-FC02,72.0,5,2026-01-13T00:11:50Z,38.82791,19.947395
EVT0011,EVT0011-FC02,72.0,5,2026-01-13T00:11:50Z,38.729004,19.869166
EVT0011,EVT0011-FC02,72.0,5,2026-01-13T00:11:50Z,38.071368,18.62767
EVT0011,EVT0011-FC02,72.0,5,2026-01-13T00:11:50Z,38.385934,19.852701
EVT0011,EVT0011-FC02,72.0,5,2026-01-13T00:11:50Z,38.67009,19.652871
EVT0011,EVT0011-FC02,72.0,5,2026-01-13T00:11:50Z,38.299421,20.304305
EVT0011,EVT0011-FC02,72.0,5,2026-01-13T00:11:50Z,38.740201,19.980206
EVT0011,EVT0011-FC02,72.0,5,2026-01-13T00:11:50Z,38.534916,19.284241
EVT0011,EVT0011-FC02,72.0,5,2026-01-13T00:11:50Z,38.282254,19.583017
EVT0011,EVT0011-FC02,72.0,5,2026-01-13T00:11:50Z,37.610873,19.668059
EVT0011,EVT0011-FC02,72.0,5,2026-01-13T00:11:50Z,38.315161,18.854119
EVT0011,EVT0011-FC02,72.0,5,2026-01-13T00:11:50Z,38.515571,20.650517
EVT0011,EVT0011-FC02,72.0,5,2026-01-13T00:11:50Z,38.31137,19.588533
EVT0011,EVT0011-FC02,72.0,5,2026-01-13T00:11:50Z,38.256613,18.972269
EVT0011,EVT0011-FC02,72.0,5,2026-01-13T00:11:50Z,39.390077,19.273696
EVT0011,EVT0011-FC02,72.0,5,2026-01-13T00:11:50Z,38.182629,19.438247
EVT0011,EVT0011-FC02,72.0,5,2026-01-13T00:11:50Z,38.821875,20.023941
EVT0011,EVT0011-FC02,72.0,5,2026-01-13T00:11:50Z,38.207528,20.20284
EVT0011,EVT0011-FC02,72.0,5,2026-01-13T00:11:50Z,38.045292,19.720156
EVT0011,EVT0011-FC02,72.0,5,2026-01-13T00:11:50Z,37.675836,20.378662
EVT0011,EVT0011-FC02,72.0,5,2026-01-13T00:11:50Z,38.728661,19.839916
EVT0011,EVT0011-FC02,72.0,5,2026-01-13T00:11:50Z,38.958069,20.00962
EVT0011,EVT0011-FC02,72.0,5,2026-01-13T00:11:50Z,37.802205,19.367199
EVT0011,EVT0011-FC02,12.0,6,2026-01-10T12:11:50Z,38.147641,19.413123
EVT0011,EVT0011-FC02,12.0,6,2026-01-10T12:11:50Z,37.921981,19.784881
EVT0011,EVT0011-FC02,12.0,6,2026-01-10T12:11:50Z,38.202642,19.58871
EVT0011,EVT0011-FC02,12.0,6,2026-01-10T12:11:50Z,38.453932,19.700031
EVT0011,EVT0011-FC02,12.0,6,2026-01-10T12:11:50Z,38.13513,19.547088
EVT0011,EVT0011-FC02,12.0,6,2026-01-10T12:11:50Z,38.102263,19.664329
EVT0011,EVT0011-FC02,12.0,6,2026-01-10T12:11:50Z,38.360693,19.727627
EVT0011,EVT0011-FC02,12.0,6,2026-01-10T12:11:50Z,38.343134,19.949137
EVT0011,EVT0011-FC02,12.0,6,2026-01-10T12:11:50Z,38.031331,19.587055
EVT0011,EVT0011-FC02,12.0,6,2026-01-10T12:11:50Z,38.112372,19.463282
EVT0011,EVT0011-FC02,12.0,6,2026-01-10T12:11:50Z,37.867256,19.5681
EVT0011,EVT0011-FC02,12.0,6,2026-01-10T12:11:50Z,38.219048,19.69688
EVT0011,EVT0011-FC02,12.0,6,2026-01-10T12:11:50Z,38.121246,19.748987
EVT0011,EVT0011-FC02,12.0,6,2026-01-10T12:11:50Z,38.041869,19.383295
EVT0011,EVT0011-FC02,12.0,6,2026-01-10T12:11:50Z,37.975022,19.540243
EVT0011,EVT0011-FC02,12.0,6,2026-01-10T12:11:50Z,37.781971,19.475702
EVT0011,EVT0011-FC02,12.0,6,2026-01-10T12:11:50Z,37.603495,19.566315
EVT0011,EVT0011-FC02,12.0,6,2026-01-10T12:11:50Z,38.027848,19.66403
EVT0011,EVT0011-FC02,12.0,6,2026-01-10T12:11:50Z,38.207924,19.632784
EVT0011,EVT0011-FC02,12.0,6,2026-01-10T12:11:50Z,38.275416,19.651702
EVT0011,EVT0011-FC02,12.0,6,2026-01-10T12:11:50Z,38.366801,19.878653
EVT0011,EVT0011-FC02,12.0,6,2026-01-10T12:11:50Z,37.937684,19.394084
EVT0011,EVT0011-FC02,12.0,6,2026-01-10T12:11:50Z,37.901165,19.333894
EVT0011,EVT0011-FC02,12.0,6,2026-01-10T12:11:50Z,38.228285,19.654262
EVT0011,EVT0011-FC02,12.0,6,2026-01-10T12:11:50Z,38.108275,19.680007
EVT0011,EVT0011-FC02,12.0,6,2026-01-10T12:11:50Z,37.974707,19.338177
EVT0011,EVT0011-FC02,12.0,6,2026-01-10T12:11:50Z,38.252665,19.737236
EVT0011,EVT0011-FC02,12.0,6,2026-01-10T12:11:50Z,38.022899,19.452911
EVT0011,EVT0011-FC02,12.0,6,2026-01-10T12:11:50Z,38.206351,19.874074
EVT0011,EVT0011-FC02,12.0,6,2026-01-10T12:11:50Z,38.262267,19.356764
EVT0011,EVT0011-FC02,12.0,6,2026-01-10T12:11:50Z,38.057051,19.465759
EVT0011,EVT0011-FC02,12.0,6,2026-01-10T12:11:50Z,38.444079,19.724867
EVT0011,EVT0011-FC02,12.0,6,2026-01-10T12:11:50Z,38.171785,19.80348
EVT0011,EVT0011-FC02,12.0,6,2026-01-10T12:11:50Z,38.122522,19.631199
EVT0011,EVT0011-FC02,12.0,6,2026-01-10T12:11:50Z,37.846981,19.246516
EVT0011,EVT0011-FC02,12.0,6,2026-01-10T12:11:50Z,37.767676,19.296994
EVT0011,EVT0011-FC02,12.0,6,2026-01-10T12:11:50Z,38.178845,19.320022
EVT0011,EVT0011-FC02,12.0,6,2026-01-10T12:11:50Z,37.971253,19.602997
EVT0011,EVT0011-FC02,12.0,6,2026-01-10T12:11:50Z,38.1243,19.424702
EVT0011,EVT0011-FC02,12.0,6,2026-01-10T12:11:50Z,38.081877,19.665119
EVT0011,EVT0011-FC02,24.0,6,2026-01-11T00:11:50Z,38.265471,19.663949
EVT0011,EVT0011-FC02,24.0,6,2026-01-11T00:11:50Z,38.03064,19.640866
EVT0011,EVT0011-FC02,24.0,6,2026-01-11T00:11:50Z,37.598532,19.815643
EVT0011,EVT0011-FC02,24.0,6,2026-01-11T00:11:50Z,37.941732,19.291715
EVT0011,EVT0011-FC02,24.0,6,2026-01-11T00:11:50Z,38.243628,19.973056
EVT0011,EVT0011-FC02,24.0,6,2026-01-11T00:11:50Z,38.771541,19.905495
EVT0011,EVT0011-FC02,24.0,6,2026-01-11T00:11:50Z,38.084065,19.692741
EVT0011,EVT0011-FC02,24.0,6,2026-01-11T00:11:50Z,38.549008,19.334507
EVT0011,EVT0011-FC02,24.0,6,2026-01-11T00:11:50Z,38.124893,18.934096
EVT0011,EVT0011-FC02,24.0,6,2026-01-11T00:11:50Z,38.256298,19.614238
EVT0011,EVT0011-FC02,24.0,6,2026-01-11T00:11:50Z,37.751279,19.714946
EVT0011,EVT0011-FC02,24.0,6,2026-01-11T00:11:50Z,37.608167,19.597816
EVT0011,EVT0011-FC02,24.0,6,2026-01-11T00:11:50Z,38.386443,19.562507
EVT0011,EVT0011-FC02,24.0,6,2026-01-11T00:11:50Z,38.345274,19.613147
EVT0011,EVT0011-FC02,24.0,6,2026-01-11T00:11:50Z,38.442041,19.059456
EVT0011,EVT0011-FC02,24.0,6,2026-01-11T00:11:50Z,38.106977,19.61889
EVT0011,EVT0011-FC02,24.0,6,2026-01-11T00:11:50Z,38.65841,19.968022
EVT0011,EVT0011-FC02,24.0,6,2026-01-11T00:11:50Z,37.93629,19.725314
EVT0011,EVT0011-FC02,24.0,6,2026-01-11T00:11:50Z,38.597536,19.955401
EVT0011,EVT0011-FC02,24.0,6,2026-01-11T00:11:50Z,38.257389,19.081428
EVT0011,EVT0011-FC02,24.0,6,2026-01-11T00:11:50Z,38.525548,19.464729
EVT0011,EVT0011-FC02,24.0,6,2026-01-11T00:11:50Z,38.279268,19.502854
EVT0011,EVT0011-FC02,24.0,6,2026-01-11T00:11:50Z,37.779879,19.063157
EVT0011,EVT0011-FC02,24.0,6,2026-01-11T00:11:50Z,38.00978,19.10478
EVT0011,EVT0011-FC02,24.0,6,2026-01-11T00:11:50Z,38.322784,19.488881
EVT0011,EVT0011-FC02,24.0,6,2026-01-11T00:11:50Z,38.344173,19.40489
EVT0011,EVT0011-FC02,24.0,6,2026-01-11T00:11:50Z,37.955043,19.286542
EVT0011,EVT0011-FC02,24.0,6,2026-01-11T00:11:50Z,38.369004,19.64721
EVT0011,EVT0011-FC02,24.0,6,2026-01-11T00:11:50Z,38.91985,19.942937
EVT0011,EVT0011-FC02,24.0,6,2026-01-11T00:11:50Z,37.578213,19.770293
EVT0011,EVT0011-FC02,24.0,6,2026-01-11T00:11:50Z,38.710803,20.017462
EVT0011,EVT0011-FC02,24.0,6,2026-01-11T00:11:50Z,37.838996,18.906201
EVT0011,EVT0011-FC02,24.0,6,2026-01-11T00:11:50Z,38.340991,19.766893
EVT0011,EVT0011-FC02,24.0,6,2026-01-11T00:11:50Z,38.102261,19.273707
EVT0011,EVT0011-FC02,24.0,6,2026-01-11T00:11:50Z,38.275709,19.630796
EVT0011,EVT0011-FC02,24.0,6,2026-01-11T00:11:50Z,38.110942,19.285985
EVT0011,EVT0011-FC02,24.0,6,2026-01-11T00:11:50Z,38.389921,19.294362
EVT0011,EVT0011-FC02,24.0,6,2026-01-11T00:11:50Z,38.369998,19.332359
EVT0011,EVT0011-FC02,24.0,6,2026-01-11T00:11:50Z,37.823666,19.20762
EVT0011,EVT0011-FC02,24.0,6,2026-01-11T00:11:50Z,37.531435,19.628286
EVT0011,EVT0011-FC02,48.0,6,2026-01-12T00:11:50Z,38.288519,19.762633
EVT0011,EVT0011-FC02,48.0,6,2026-01-12T00:11:50Z,38.261386,19.762987
EVT0011,EVT0011-FC02,48.0,6,2026-01-12T00:11:50Z,38.279069,19.657153
EVT0011,EVT0011-FC02,48.0,6,2026-01-12T00:11:50Z,38.443409,19.715817
EVT0011,EVT0011-FC02,48.0,6,2026-01-12T00:11:50Z,38.487144,19.573432
EVT0011,EVT0011-FC02,48.0,6,2026-01-12T00:11:50Z,38.591847,19.842517
EVT0011,EVT0011-FC02,48.0,6,2026-01-12T00:11:50Z,38.461951,19.836811
EVT0011,EVT0011-FC02,48.0,6,2026-01-12T00:11:50Z,38.933113,18.958424
EVT0011,EVT0011-FC02,48.0,6,2026-01-12T00:11:50Z,38.168198,19.247825
EVT0011,EVT0011-FC02,48.0,6,2026-01-12T00:11:50Z,38.145827,19.089984
EVT0011,EVT0011-FC02,48.0,6,2026-01-12T00:11:50Z,38.365207,19.490387
EVT0011,EVT0011-FC02,48.0,6,2026-01-12T00:11:50Z,38.423262,19.398345
EVT0011,EVT0011-FC02,48.0,6,2026-01-12T00:11:50Z,38.090086,19.075907
EVT0011,EVT0011-FC02,48.0,6,2026-01-12T00:11:50Z,38.713791,20.124003
EVT0011,EVT0011-FC02,48.0,6,2026-01-12T00:11:50Z,38.565124,20.071572
EVT0011,EVT0011-FC02,48.0,6,2026-01-12T00:11:50Z,38.588933,20.142829
EVT0011,EVT0011-FC02,48.0,6,2026-01-12T00:11:50Z,38.078403,19.165507
EVT0011,EVT0011-FC02,48.0,6,2026-01-12T00:11:50Z,38.156323,19.527041
EVT0011,EVT0011-FC02,48.0,6,2026-01-12T00:11:50Z,38.307915,19.690972
EVT0011,EVT0011-FC02,48.0,6,2026-01-12T00:11:50Z,38.192616,18.187549
EVT0011,EVT0011-FC02,48.0,6,2026-01-12T00:11:50Z,38.128789,19.792155
EVT0011,EVT0011-FC02,48.0,6,2026-01-12T00:11:50Z,38.476973,19.845013
EVT0011,EVT0011-FC02,48.0,6,2026-01-12T00:11:50Z,37.775126,19.496225
EVT0011,EVT0011-FC02,48.0,6,2026-01-12T00:11:50Z,38.697607,20.142874
EVT0011,EVT0011-FC02,48.0,6,2026-01-12T00:11:50Z,38.390576,19.295943
EVT0011,EVT0011-FC02,48.0,6,2026-01-12T00:11:50Z,37.618111,18.661246
EVT0011,EVT0011-FC02,48.0,6,2026-01-12T00:11:50Z,38.12278,18.959741
EVT0011,EVT0011-FC02,48.0,6,2026-01-12T00:11:50Z,37.873525,19.856825
EVT0011,EVT0011-FC02,48.0,6,2026-01-12T00:11:50Z,37.126611,19.72832
EVT0011,EVT0011-FC02,48.0,6,2026-01-12T00:11:50Z,38.395233,19.838142
EVT0011,EVT0011-FC02,48.0,6,2026-01-12T00:11:50Z,38.435378,19.695363
EVT0011,EVT0011-FC02,48.0,6,2026-01-12T00:11:50Z,38.986519,19.190991
EVT0011,EVT0011-FC02,48.0,6,2026-01-12T00:11:50Z,38.702462,20.066606
EVT0011,EVT0011-FC02,48.0,6,2026-01-12T00:11:50Z,38.178162,19.355722
EVT0011,EVT0011-FC02,48.0,6,2026-01-12T00:11:50Z,38.700484,20.002568
EVT0011,EVT0011-FC02,48.0,6,2026-01-12T00:11:50Z,38.591748,19.829288
EVT0011,EVT0011-FC02,48.0,6,2026-01-12T00:11:50Z,38.06191,19.305256
EVT0011,EVT0011-FC02,48.0,6,2026-01-12T00:11:50Z,38.311886,19.273281
EVT0011,EVT0011-FC02,48.0,6,2026-01-12T00:11:50Z,38.480573,19.818212
EVT0011,EVT0011-FC02,48.0,6,2026-01-12T00:11:50Z,38.325241,19.495444
EVT0011,EVT0011-FC02,72.0,6,2026-01-13T00:11:50Z,38.634863,19.443718
EVT0011,EVT0011-FC02,72.0,6,2026-01-13T00:11:50Z,38.829619,20.04285
EVT0011,EVT0011-FC02,72.0,6,2026-01-13T00:11:50Z,38.151125,19.704266
EVT0011,EVT0011-FC02,72.0,6,2026-01-13T00:11:50Z,39.158277,19.436227
EVT0011,EVT0011-FC02,72.0,6,2026-01-13T00:11:50Z,38.226503,20.197869
EVT0011,EVT0011-FC02,72.0,6,2026-01-13T00:11:50Z,38.786529,19.848147
EVT0011,EVT0011-FC02,72.0,6,2026-01-13T00:11:50Z,38.647366,19.560197
EVT0011,EVT0011-FC02,72.0,6,2026-01-13T00:11:50Z,38.792573,20.202491
EVT0011,EVT0011-FC02,72.0,6,2026-01-13T00:11:50Z,38.748353,20.030653
EVT0011,EVT0011-FC02,72.0,6,2026-01-13T00:11:50Z,38.543196,19.144193
EVT0011,EVT0011-FC02,72.0,6,2026-01-13T00:11:50Z,38.629118,19.694438
EVT0011,EVT0011-FC02,72.0,6,2026-01-13T00:11:50Z,38.335644,20.448931
EVT0011,EVT0011-FC02,72.0,6,2026-01-13T00:11:50Z,38.800376,20.177999
EVT0011,EVT0011-FC02,72.0,6,2026-01-13T00:11:50Z,37.974108,20.21399
EVT0011,EVT0011-FC02,72.0,6,2026-01-13T00:11:50Z,38.767236,20.138479
EVT0011,EVT0011-FC02,72.0,6,2026-01-13T00:11:50Z,38.490794,20.282628
EVT0011,EVT0011-FC02,72.0,6,2026-01-13T00:11:50Z,39.367112,19.509538
EVT0011,EVT0011-FC02,72.0,6,2026-01-13T00:11:50Z,38.066154,19.01879
EVT0011,EVT0011-FC02,72.0,6,2026-01-13T00:11:50Z,38.986273,20.710144
EVT0011,EVT0011-FC02,72.0,6,2026-01-13T00:11:50Z,38.749379,20.050632
EVT0011,EVT0011-FC02,72.0,6,2026-01-13T00:11:50Z,38.379354,19.973757
EVT0011,EVT0011-FC02,72.0,6,2026-01-13T00:11:50Z,38.090337,20.159777
EVT0011,EVT0011-FC02,72.0,6,2026-01-13T00:11:50Z,38.33493,20.369456
EVT0011,EVT0011-FC02,72.0,6,2026-01-13T00:11:50Z,38.714021,19.865787
EVT0011,EVT0011-FC02,72.0,6,2026-01-13T00:11:50Z,37.770525,19.739788
EVT0011,EVT0011-FC02,72.0,6,2026-01-13T00:11:50Z,38.834852,19.924699
EVT0011,EVT0011-FC02,72.0,6,2026-01-13T00:11:50Z,39.587053,18.737365
EVT0011,EVT0011-FC02,72.0,6,2026-01-13T00:11:50Z,38.074829,20.117421
EVT0011,EVT0011-FC02,72.0,6,2026-01-13T00:11:50Z,38.889813,18.844235
EVT0011,EVT0011-FC02,72.0,6,2026-01-13T00:11:50Z,38.662901,18.669016
EVT0011,EVT0011-FC02,72.0,6,2026-01-13T00:11:50Z,38.584682,19.525041
EVT0011,EVT0011-FC02,72.0,6,2026-01-13T00:11:50Z,38.940346,20.063105
EVT0011,EVT0011-FC02,72.0,6,2026-01-13T00:11:50Z,38.244063,19.897357
EVT0011,EVT0011-FC02,72.0,6,2026-01-13T00:11:50Z,38.072803,19.955336
EVT0011,EVT0011-FC02,72.0,6,2026-01-13T00:11:50Z,37.886054,19.700273
EVT0011,EVT0011-FC02,72.0,6,2026-01-13T00:11:50Z,38.40018,19.163801
EVT0011,EVT0011-FC02,72.0,6,2026-01-13T00:11:50Z,38.76774,19.831036
EVT0011,EVT0011-FC02,72.0,6,2026-01-13T00:11:50Z,37.745396,19.502421
EVT0011,EVT0011-FC02,72.0,6,2026-01-13T00:11:50Z,38.758057,19.868877
EVT0011,EVT0011-FC02,72.0,6,2026-01-13T00:11:50Z,39.357785,20.117075
EVT0011,EVT0011-FC02,12.0,7,2026-01-10T12:11:50Z,38.174345,19.643573
EVT0011,EVT0011-FC02,12.0,7,2026-01-10T12:11:50Z,37.680538,19.165677
EVT0011,EVT0011-FC02,12.0,7,2026-01-10T12:11:50Z,38.342769,19.81477
EVT0011,EVT0011-FC02,12.0,7,2026-01-10T12:11:50Z,38.107686,19.434073
EVT0011,EVT0011-FC02,12.0,7,2026-01-10T12:11:50Z,38.089068,19.696385
EVT0011,EVT0011-FC02,12.0,7,2026-01-10T12:11:50Z,37.966106,19.642777
EVT0011,EVT0011-FC02,12.0,7,2026-01-10T12:11:50Z,38.335544,19.954456
EVT0011,EVT0011-FC02,12.0,7,2026-01-10T12:11:50Z,38.172407,19.555313
EVT0011,EVT0011-FC02,12.0,7,2026-01-10T12:11:50Z,38.191555,19.483378
EVT0011,EVT0011-FC02,12.0,7,2026-01-10T12:11:50Z,37.998458,19.639786
EVT0011,EVT0011-FC02,12.0,7,2026-01-10T12:11:50Z,37.951769,19.438448
EVT0011,EVT0011-FC02,12.0,7,2026-01-10T12:11:50Z,38.308548,19.958637
EVT0011,EVT0011-FC02,12.0,7,2026-01-10T12:11:50Z,37.94154,19.352567
EVT0011,EVT0011-FC02,12.0,7,2026-01-10T12:11:50Z,37.96676,19.15189
EVT0011,EVT0011-FC02,12.0,7,2026-01-10T12:11:50Z,38.211867,19.722791
EVT0011,EVT0011-FC02,12.0,7,2026-01-10T12:11:50Z,38.170816,19.121099
EVT0011,EVT0011-FC02,12.0,7,2026-01-10T12:11:50Z,38.102769,19.388247
EVT0011,EVT0011-FC02,12.0,7,2026-01-10T12:11:50Z,38.162219,19.719132
EVT0011,EVT0011-FC02,12.0,7,2026-01-10T12:11:50Z,38.28418,19.344825
EVT0011,EVT0011-FC02,12.0,7,2026-01-10T12:11:50Z,38.157926,19.421919
EVT0011,EVT0011-FC02,12.0,7,2026-01-10T12:11:50Z,37.867018,19.445618
EVT0011,EVT0011-FC02,12.0,7,2026-01-10T12:11:50Z,37.923627,19.859677
EVT0011,EVT0011-FC02,12.0,7,2026-01-10T12:11:50Z,37.980413,19.579499
EVT0011,EVT0011-FC02,12.0,7,2026-01-10T12:11:50Z,38.249607,19.606455
EVT0011,EVT0011-FC02,12.0,7,2026-01-10T12:11:50Z,38.090743,19.704819
EVT0011,EVT0011-FC02,12.0,7,2026-01-10T12:11:50Z,38.071909,19.416978
EVT0011,EVT0011-FC02,12.0,7,2026-01-10T12:11:50Z,38.2878,19.530129
EVT0011,EVT0011-FC02,12.0,7,2026-01-10T12:11:50Z,38.080448,19.553957
EVT0011,EVT0011-FC02,12.0,7,2026-01-10T12:11:50Z,38.120723,19.370164
EVT0011,EVT0011-FC02,12.0,7,2026-01-10T12:11:50Z,38.100024,19.311905
EVT0011,EVT0011-FC02,12.0,7,2026-01-10T12:11:50Z,37.640639,19.56063
EVT0011,EVT0011-FC02,12.0,7,2026-01-10T12:11:50Z,38.152536,19.51551
EVT0011,EVT0011-FC02,12.0,7,2026-01-10T12:11:50Z,37.774859,19.642081
EVT0011,EVT0011-FC02,12.0,7,2026-01-10T12:11:50Z,37.952586,19.574301
EVT0011,EVT0011-FC02,12.0,7,2026-01-10T12:11:50Z,38.265585,19.662269
EVT0011,EVT0011-FC02,12.0,7,2026-01-10T12:11:50Z,37.950156,19.526147
EVT0011,EVT0011-FC02,12.0,7,2026-01-10T12:11:50Z,38.396636,19.737325
EVT0011,EVT0011-FC02,12.0,7,2026-01-10T12:11:50Z,38.103158,19.541732
EVT0011,EVT0011-FC02,12.0,7,2026-01-10T12:11:50Z,38.167191,19.73157
EVT0011,EVT0011-FC02,12.0,7,2026-01-10T12:11:50Z,38.117671,19.445843
EVT0011,EVT0011-FC02,24.0,7,2026-01-11T00:11:50Z,37.814289,19.342305
EVT0011,EVT0011-FC02,24.0,7,2026-01-11T00:11:50Z,37.981752,19.098761
EVT0011,EVT0011-FC02,24.0,7,2026-01-11T00:11:50Z,38.305414,19.398381
EVT0011,EVT0011-FC02,24.0,7,2026-01-11T00:11:50Z,38.599491,19.907257
EVT0011,EVT0011-FC02,24.0,7,2026-01-11T00:11:50Z,38.536029,19.718416
EVT0011,EVT0011-FC02,24.0,7,2026-01-11T00:11:50Z,38.161466,19.106473
EVT0011,EVT0011-FC02,24.0,7,2026-01-11T00:11:50Z,38.413189,19.428568
EVT0011,EVT0011-FC02,24.0,7,2026-01-11T00:11:50Z,37.352575,19.73032
EVT0011,EVT0011-FC02,24.0,7,2026-01-11T00:11:50Z,38.307784,19.382517
EVT0011,EVT0011-FC02,24.0,7,2026-01-11T00:11:50Z,38.585101,19.79649
EVT0011,EVT0011-FC02,24.0,7,2026-01-11T00:11:50Z,38.040833,19.267197
EVT0011,EVT0011-FC02,24.0,7,2026-01-11T00:11:50Z,38.287607,19.24635
EVT0011,EVT0011-FC02,24.0,7,2026-01-11T00:11:50Z,37.856381,19.512547
EVT0011,EVT0011-FC02,24.0,7,2026-01-11T00:11:50Z,38.25191,19.316578
EVT0011,EVT0011-FC02,24.0,7,2026-01-11T00:11:50Z,38.303132,19.916237
EVT0011,EVT0011-FC02,24.0,7,2026-01-11T00:11:50Z,38.297268,19.637236
EVT0011,EVT0011-FC02,24.0,7,2026-01-11T00:11:50Z,37.966775,19.204889
EVT0011,EVT0011-FC02,24.0,7,2026-01-11T00:11:50Z,37.881281,19.745368
EVT0011,EVT0011-FC02,24.0,7,2026-01-11T00:11:50Z,38.360361,19.386798
EVT0011,EVT0011-FC02,24.0,7,2026-01-11T00:11:50Z,38.443252,19.412518
EVT0011,EVT0011-FC02,24.0,7,2026-01-11T00:11:50Z,38.12387,19.210334
EVT0011,EVT0011-FC02,24.0,7,2026-01-11T00:11:50Z,38.745973,19.86081
EVT0011,EVT0011-FC02,24.0,7,2026-01-11T00:11:50Z,38.29342,19.711213
EVT0011,EVT0011-FC02,24.0,7,2026-01-11T00:11:50Z,37.67843,19.748886
EVT0011,EVT0011-FC02,24.0,7,2026-01-11T00:11:50Z,38.597092,19.830984
EVT0011,EVT0011-FC02,24.0,7,2026-01-11T00:11:50Z,37.981975,20.157439
EVT0011,EVT0011-FC02,24.0,7,2026-01-11T00:11:50Z,38.5847,20.120547
EVT0011,EVT0011-FC02,24.0,7,2026-01-11T00:11:50Z,37.805366,19.792614
EVT0011,EVT0011-FC02,24.0,7,2026-01-11T00:11:50Z,38.234652,19.589233
EVT0011,EVT0011-FC02,24.0,7,2026-01-11T00:11:50Z,38.222404,19.254377
EVT0011,EVT0011-FC02,24.0,7,2026-01-11T00:11:50Z,38.161046,19.714865
EVT0011,EVT0011-FC02,24.0,7,2026-01-11T00:11:50Z,37.949072,19.261563
EVT0011,EVT0011-FC02,24.0,7,2026-01-11T00:11:50Z,38.395857,19.589698
EVT0011,EVT0011-FC02,24.0,7,2026-01-11T00:11:50Z,38.107725,19.449498
EVT0011,EVT0011-FC02,24.0,7,2026-01-11T00:11:50Z,37.938495,19.793956
EVT0011,EVT0011-FC02,24.0,7,2026-01-11T00:11:50Z,38.145973,19.209505
EVT0011,EVT0011-FC02,24.0,7,2026-01-11T00:11:50Z,38.172583,19.405655
EVT0011,EVT0011-FC02,24.0,7,2026-01-11T00:11:50Z,38.45359,19.838003
EVT0011,EVT0011-FC02,24.0,7,2026-01-11T00:11:50Z,38.180404,19.578987
EVT0011,EVT0011-FC02,24.0,7,2026-01-11T00:11:50Z,38.245169,19.438399
EVT0011,EVT0011-FC02,48.0,7,2026-01-12T00:11:50Z,38.233266,19.071712
EVT0011,EVT0011-FC02,48.0,7,2026-01-12T00:11:50Z,38.230721,18.652929
EVT0011,EVT0011-FC02,48.0,7,2026-01-12T00:11:50Z,37.626201,19.649195
EVT0011,EVT0011-FC02,48.0,7,2026-01-12T00:11:50Z,38.330631,19.754155
EVT0011,EVT0011-FC02,48.0,7,2026-01-12T00:11:50Z,39.020703,19.259966
EVT0011,EVT0011-FC02,48.0,7,2026-01-12T00:11:50Z,37.595019,19.160402
EVT0011,EVT0011-FC02,48.0,7,2026-01-12T00:11:50Z,38.12773,19.608975
EVT0011,EVT0011-FC02,48.0,7,2026-01-12T00:11:50Z,38.298948,19.969472
EVT0011,EVT0011-FC02,48.0,7,2026-01-12T00:11:50Z,38.646659,20.108478
EVT0011,EVT0011-FC02,48.0,7,2026-01-12T00:11:50Z,38.146647,19.433478
EVT0011,EVT0011-FC02,48.0,7,2026-01-12T00:11:50Z,38.253122,19.097046
EVT0011,EVT0011-FC02,48.0,7,2026-01-12T00:11:50Z,37.944512,19.836835
EVT0011,EVT0011-FC02,48.0,7,2026-01-12T00:11:50Z,38.182075,18.833548
EVT0011,EVT0011-FC02,48.0,7,2026-01-12T00:11:50Z,37.784229,19.969671
EVT0011,EVT0011-FC02,48.0,7,2026-01-12T00:11:50Z,38.103504,18.97183
EVT0011,EVT0011-FC02,48.0,7,2026-01-12T00:11:50Z,37.859777,19.862626
EVT0011,EVT0011-FC02,48.0,7,2026-01-12T00:11:50Z,37.991968,19.065976
EVT0011,EVT0011-FC02,48.0,7,2026-01-12T00:11:50Z,38.054447,19.687607
EVT0011,EVT0011-FC02,48.0,7,2026-01-12T00:11:50Z,37.822055,20.060223
EVT0011,EVT0011-FC02,48.0,7,2026-01-12T00:11:50Z,38.267531,19.649824
EVT0011,EVT0011-FC02,48.0,7,2026-01-12T00:11:50Z,37.963905,19.114781
EVT0011,EVT0011-FC02,48.0,7,2026-01-12T00:11:50Z,37.278855,18.817992
EVT0011,EVT0011-FC02,48.0,7,2026-01-12T00:11:50Z,38.193448,19.558053
EVT0011,EVT0011-FC02,48.0,7,2026-01-12T00:11:50Z,38.396071,19.756173
EVT0011,EVT0011-FC02,48.0,7,2026-01-12T00:11:50Z,38.61964,20.033119
EVT0011,EVT0011-FC02,48.0,7,2026-01-12T00:11:50Z,38.322406,19.541449
EVT0011,EVT0011-FC02,48.0,7,2026-01-12T00:11:50Z,38.38595,19.053563
EVT0011,EVT0011-FC02,48.0,7,2026-01-12T00:11:50Z,38.231291,19.602696
EVT0011,EVT0011-FC02,48.0,7,2026-01-12T00:11:50Z,38.401602,19.564485
EVT0011,EVT0011-FC02,48.0,7,2026-01-12T00:11:50Z,38.307135,19.382635
EVT0011,EVT0011-FC02,48.0,7,2026-01-12T00:11:50Z,38.317329,19.647178
EVT0011,EVT0011-FC02,48.0,7,2026-01-12T00:11:50Z,38.365172,19.664904
EVT0011,EVT0011-FC02,48.0,7,2026-01-12T00:11:50Z,38.348591,19.709049
EVT0011,EVT0011-FC02,48.0,7,2026-01-12T00:11:50Z,38.574779,18.604199
EVT0011,EVT0011-FC02,48.0,7,2026-01-12T00:11:50Z,38.814014,20.430628
EVT0011,EVT0011-FC02,48.0,7,2026-01-12T00:11:50Z,37.7696,19.791047
EVT0011,EVT0011-FC02,48.0,7,2026-01-12T00:11:50Z,37.965084,18.676028
EVT0011,EVT0011-FC02,48.0,7,2026-01-12T00:11:50Z,37.649704,18.988422
EVT0011,EVT0011-FC02,48.0,7,2026-01-12T00:11:50Z,38.549934,18.714345
EVT0011,EVT0011-FC02,48.0,7,2026-01-12T00:11:50Z,38.543714,19.340411
EVT0011,EVT0011-FC02,72.0,7,2026-01-13T00:11:50Z,38.221703,19.656017
EVT0011,EVT0011-FC02,72.0,7,2026-01-13T00:11:50Z,38.351874,20.209984
EVT0011,EVT0011-FC02,72.0,7,2026-01-13T00:11:50Z,38.54945,19.445659
EVT0011,EVT0011-FC02,72.0,7,2026-01-13T00:11:50Z,38.20486,19.000177
EVT0011,EVT0011-FC02,72.0,7,2026-01-13T00:11:50Z,39.013896,19.632628
EVT0011,EVT0011-FC02,72.0,7,2026-01-13T00:11:50Z,38.20383,20.066037
EVT0011,EVT0011-FC02,72.0,7,2026-01-13T00:11:50Z,37.492668,19.418287
EVT0011,EVT0011-FC02,72.0,7,2026-01-13T00:11:50Z,38.700082,20.550477
EVT0011,EVT0011-FC02,72.0,7,2026-01-13T00:11:50Z,38.186226,20.178275
EVT0011,EVT0011-FC02,72.0,7,2026-01-13T00:11:50Z,38.222348,19.045144
EVT0011,EVT0011-FC02,72.0,7,2026-01-13T00:11:50Z,38.714533,20.445395
EVT0011,EVT0011-FC02,72.0,7,2026-01-13T00:11:50Z,38.862632,19.195658
EVT0011,EVT0011-FC02,72.0,7,2026-01-13T00:11:50Z,38.657131,20.282967
EVT0011,EVT0011-FC02,72.0,7,2026-01-13T00:11:50Z,38.60882,20.081257
EVT0011,EVT0011-FC02,72.0,7,2026-01-13T00:11:50Z,39.06109,19.320722
EVT0011,EVT0011-FC02,72.0,7,2026-01-13T00:11:50Z,38.926419,19.92618
EVT0011,EVT0011-FC02,72.0,7,2026-01-13T00:11:50Z,38.955105,18.936175
EVT0011,EVT0011-FC02,72.0,7,2026-01-13T00:11:50Z,38.773182,19.150656
EVT0011,EVT0011-FC02,72.0,7,2026-01-13T00:11:50Z,38.307691,19.332053
EVT0011,EVT0011-FC02,72.0,7,2026-01-13T00:11:50Z,38.420214,20.556289
EVT0011,EVT0011-FC02,72.0,7,2026-01-13T00:11:50Z,38.243434,19.515506
EVT0011,EVT0011-FC02,72.0,7,2026-01-13T00:11:50Z,38.809349,18.876177
EVT0011,EVT0011-FC02,72.0,7,2026-01-13T00:11:50Z,37.867837,20.134729
EVT0011,EVT0011-FC02,72.0,7,2026-01-13T00:11:50Z,38.97553,18.934145
EVT0011,EVT0011-FC02,72.0,7,2026-01-13T00:11:50Z,38.130145,18.613517
EVT0011,EVT0011-FC02,72.0,7,2026-01-13T00:11:50Z,39.00681,20.63925
EVT0011,EVT0011-FC02,72.0,7,2026-01-13T00:11:50Z,37.676635,19.468507
EVT0011,EVT0011-FC02,72.0,7,2026-01-13T00:11:50Z,38.458379,19.518486
EVT0011,EVT0011-FC02,72.0,7,2026-01-13T00:11:50Z,38.379197,19.727884
EVT0011,EVT0011-FC02,72.0,7,2026-01-13T00:11:50Z,37.897102,17.882352
EVT0011,EVT0011-FC02,72.0,7,2026-01-13T00:11:50Z,37.771832,19.340591
EVT0011,EVT0011-FC02,72.0,7,2026-01-13T00:11:50Z,38.644341,19.374527
EVT0011,EVT0011-FC02,72.0,7,2026-01-13T00:11:50Z,38.781561,19.914894
EVT0011,EVT0011-FC02,72.0,7,2026-01-13T00:11:50Z,38.58877,19.778137
EVT0011,EVT0011-FC02,72.0,7,2026-01-13T00:11:50Z,38.83483,20.048232
EVT0011,EVT0011-FC02,72.0,7,2026-01-13T00:11:50Z,38.734948,19.693566
EVT0011,EVT0011-FC02,72.0,7,2026-01-13T00:11:50Z,38.588942,20.646843
EVT0011,EVT0011-FC02,72.0,7,2026-01-13T00:11:50Z,38.338668,19.290975
EVT0011,EVT0011-FC02,72.0,7,2026-01-13T00:11:50Z,38.025282,18.568501
EVT0011,EVT0011-FC02,72.0,7,2026-01-13T00:11:50Z,39.760761,20.299635
EVT0012,EVT0012-FC02,12.0,0,2026-01-15T08:19:00Z,35.755616,22.163798
EVT0012,EVT0012-FC02,12.0,0,2026-01-15T08:19:00Z,35.694033,21.75218
EVT0012,EVT0012-FC02,12.0,0,2026-01-15T08:19:00Z,35.7779,21.8906
EVT0012,EVT0012-FC02,12.0,0,2026-01-15T08:19:00Z,35.741333,21.674006
EVT0012,EVT0012-FC02,12.0,0,2026-01-15T08:19:00Z,35.717512,22.290263
EVT0012,EVT0012-FC02,12.0,0,2026-01-15T08:19:00Z,35.540179,21.907097
EVT0012,EVT0012-FC02,12.0,0,2026-01-15T08:19:00Z,35.764209,21.657662
EVT0012,EVT0012-FC02,12.0,0,2026-01-15T08:19:00Z,35.879065,22.258199
EVT0012,EVT0012-FC02,12.0,0,2026-01-15T08:19:00Z,35.866795,21.800387
EVT0012,EVT0012-FC02,12.0,0,2026-01-15T08:19:00Z,35.7036,21.969952
EVT0012,EVT0012-FC02,12.0,0,2026-01-15T08:19:00Z,35.748747,21.896162
EVT0012,EVT0012-FC02,12.0,0,2026-01-15T08:19:00Z,35.980333,22.10245
EVT0012,EVT0012-FC02,12.0,0,2026-01-15T08:19:00Z,35.897676,21.283481
EVT0012,EVT0012-FC02,12.0,0,2026-01-15T08:19:00Z,35.729471,21.69734
EVT0012,EVT0012-FC02,12.0,0,2026-01-15T08:19:00Z,36.036716,21.673605
EVT0012,EVT0012-FC02,12.0,0,2026-01-15T08:19:00Z,35.6923,21.606397
EVT0012,EVT0012-FC02,12.0,0,2026-01-15T08:19:00Z,35.791479,21.779519
EVT0012,EVT0012-FC02,12.0,0,2026-01-15T08:19:00Z,35.878012,21.770703
EVT0012,EVT0012-FC02,12.0,0,2026-01-15T08:19:00Z,35.774051,21.882717
EVT0012,EVT0012-FC02,12.0,0,2026-01-15T08:19:00Z,35.655595,21.865687
EVT0012,EVT0012-FC02,12.0,0,2026-01-15T08:19:00Z,35.957464,22.33655
EVT0012,EVT0012-FC02,12.0,0,2026-01-15T08:19:00Z,35.703733,21.808388
EVT0012,EVT0012-FC02,12.0,0,2026-01-15T08:19:00Z,35.855846,21.826793
EVT0012,EVT0012-FC02,12.0,0,2026-01-15T08:19:00Z,35.87658,22.061978
EVT0012,EVT0012-FC02,12.0,0,2026-01-15T08:19:00Z,35.873577,21.879326
EVT0012,EVT0012-FC02,12.0,0,2026-01-15T08:19:00Z,35.826897,22.039952
EVT0012,EVT0012-FC02,12.0,0,2026-01-15T08:19:00Z,35.641069,21.715415
EVT0012,EVT0012-FC02,12.0,0,2026-01-15T08:19:00Z,35.821943,21.974357
EVT0012,EVT0012-FC02,12.0,0,2026-01-15T08:19:00Z,35.862919,21.983106
EVT0012,EVT0012-FC02,12.0,0,2026-01-15T08:19:00Z,35.539679,21.74159
EVT0012,EVT0012-FC02,12.0,0,2026-01-15T08:19:00Z,35.726151,21.941187
EVT0012,EVT0012-FC02,12.0,0,2026-01-15T08:19:00Z,35.658405,21.993152
EVT0012,EVT0012-FC02,12.0,0,2026-01-15T08:19:00Z,35.876286,21.73876
EVT0012,EVT0012-FC02,12.0,0,2026-01-15T08:19:00Z,35.688143,22.065381
EVT0012,EVT0012-FC02,12.0,0,2026-01-15T08:19:00Z,35.778273,21.943395
EVT0012,EVT0012-FC02,12.0,0,2026-01-15T08:19:00Z,35.809702,21.753514
EVT0012,EVT0012-FC02,12.0,0,2026-01-15T08:19:00Z,35.765786,22.118176
EVT0012,EVT0012-FC02,12.0,0,2026-01-15T08:19:00Z,35.825667,21.770697
EVT0012,EVT0012-FC02,12.0,0,2026-01-15T08:19:00Z,35.862656,22.184082
EVT0012,EVT0012-FC02,12.0,0,2026-01-15T08:19:00Z,35.742519,21.838263
EVT0012,EVT0012-FC02,24.0,0,2026-01-15T20:19:00Z,36.021021,22.181336
EVT0012,EVT0012-FC02,24.0,0,2026-01-15T20:19:00Z,36.106138,22.08954
EVT0012,EVT0012-FC02,24.0,0,2026-01-15T20:19:00Z,35.727335,21.741584
EVT0012,EVT0012-FC02,24.0,0,2026-01-15T20:19:00Z,35.985977,21.964548
EVT0012,EVT0012-FC02,24.0,0,2026-01-15T20:19:00Z,35.188878,21.500891
EVT0012,EVT0012-FC02,24.0,0,2026-01-15T20:19:00Z,36.16223,22.118669
EVT0012,EVT0012-FC02,24.0,0,2026-01-15T20:19:00Z,35.898934,21.676758
EVT0012,EVT0012-FC02,24.0,0,2026-01-15T20:19:00Z,35.747302,21.678619
EVT0012,EVT0012-FC02,24.0,0,2026-01-15T20:19:00Z,36.162141,22.630093
EVT0012,EVT0012-FC02,24.0,0,2026-01-15T20:19:00Z,35.706901,21.701653
EVT0012,EVT0012-FC02,24.0,0,2026-01-15T20:19:00Z,36.269217,22.388491
EVT0012,EVT0012-FC02,24.0,0,2026-01-15T20:19:00Z,35.665985,22.509672
EVT0012,EVT0012-FC02,24.0,0,2026-01-15T20:19:00Z,35.983131,21.830081
EVT0012,EVT0012-FC02,24.0,0,2026-01-15T20:19:00Z,36.002793,22.002539
EVT0012,EVT0012-FC02,24.0,0,2026-01-15T20:19:00Z,35.749128,22.015088
EVT0012,EVT0012-FC02,24.0,0,2026-01-15T20:19:00Z,36.064604,22.128155
EVT0012,EVT0012-FC02,24.0,0,2026-01-15T20:19:00Z,35.594606,21.804027
EVT0012,EVT0012-FC02,24.0,0,2026-01-15T20:19:00Z,36.087816,22.136589
EVT0012,EVT0012-FC02,24.0,0,2026-01-15T20:19:00Z,35.404164,21.864088
EVT0012,EVT0012-FC02,24.0,0,2026-01-15T20:19:00Z,35.832829,21.587758
EVT0012,EVT0012-FC02,24.0,0,2026-01-15T20:19:00Z,35.988572,22.008318
EVT0012,EVT0012-FC02,24.0,0,2026-01-15T20:19:00Z,36.282667,22.089482
EVT0012,EVT0012-FC02,24.0,0,2026-01-15T20:19:00Z,35.791044,21.670262
EVT0012,EVT0012-FC02,24.0,0,2026-01-15T20:19:00Z,36.126391,21.8667
EVT0012,EVT0012-FC02,24.0,0,2026-01-15T20:19:00Z,36.051788,21.997252
EVT0012,EVT0012-FC02,24.0,0,2026-01-15T20:19:00Z,36.252256,21.799019
EVT0012,EVT0012-FC02,24.0,0,2026-01-15T20:19:00Z,35.832708,21.972537
EVT0012,EVT0012-FC02,24.0,0,2026-01-15T20:19:00Z,35.992906,21.89774
EVT0012,EVT0012-FC02,24.0,0,2026-01-15T20:19:00Z,36.092561,22.128422
EVT0012,EVT0012-FC02,24.0,0,2026-01-15T20:19:00Z,35.8891,21.427145
EVT0012,EVT0012-FC02,24.0,0,2026-01-15T20:19:00Z,35.918285,21.874405
EVT0012,EVT0012-FC02,24.0,0,2026-01-15T20:19:00Z,36.106578,21.961205
EVT0012,EVT0012-FC02,24.0,0,2026-01-15T20:19:00Z,35.762294,22.18176
EVT0012,EVT0012-FC02,24.0,0,2026-01-15T20:19:00Z,36.073316,22.255862
EVT0012,EVT0012-FC02,24.0,0,2026-01-15T20:19:00Z,36.20897,22.085454
EVT0012,EVT0012-FC02,24.0,0,2026-01-15T20:19:00Z,36.268567,22.415955
EVT0012,EVT0012-FC02,24.0,0,2026-01-15T20:19:00Z,35.738945,22.243391
EVT0012,EVT0012-FC02,24.0,0,2026-01-15T20:19:00Z,35.991662,22.304598
EVT0012,EVT0012-FC02,24.0,0,2026-01-15T20:19:00Z,35.606189,21.54062
EVT0012,EVT0012-FC02,24.0,0,2026-01-15T20:19:00Z,35.275792,21.295149
EVT0012,EVT0012-FC02,48.0,0,2026-01-16T20:19:00Z,36.294899,21.994111
EVT0012,EVT0012-FC02,48.0,0,2026-01-16T20:19:00Z,36.247528,22.030613
EVT0012,EVT0012-FC02,48.0,0,2026-01-16T20:19:00Z,36.029237,21.875806
EVT0012,EVT0012-FC02,48.0,0,2026-01-16T20:19:00Z,36.510128,22.541744
EVT0012,EVT0012-FC02,48.0,0,2026-01-16T20:19:00Z,36.508551,22.352916
EVT0012,EVT0012-FC02,48.0,0,2026-01-16T20:19:00Z,36.145465,21.990042
EVT0012,EVT0012-FC02,48.0,0,2026-01-16T20:19:00Z,35.316116,22.167
EVT0012,EVT0012-FC02,48.0,0,2026-01-16T20:19:00Z,35.984969,23.211418
EVT0012,EVT0012-FC02,48.0,0,2026-01-16T20:19:00Z,36.185672,22.024472
EVT0012,EVT0012-FC02,48.0,0,2026-01-16T20:19:00Z,36.495555,22.345245
EVT0012,EVT0012-FC02,48.0,0,2026-01-16T20:19:00Z,36.226093,21.961199
EVT0012,EVT0012-FC02,48.0,0,2026-01-16T20:19:00Z,36.207394,22.292946
EVT0012,EVT0012-FC02,48.0,0,2026-01-16T20:19:00Z,36.552354,21.351033
EVT0012,EVT0012-FC02,48.0,0,2026-01-16T20:19:00Z,36.318636,22.083936
EVT0012,EVT0012-FC02,48.0,0,2026-01-16T20:19:00Z,36.281542,22.327013
EVT0012,EVT0012-FC02,48.0,0,2026-01-16T20:19:00Z,36.459644,22.389338
EVT0012,EVT0012-FC02,48.0,0,2026-01-16T20:19:00Z,36.444894,22.665309
EVT0012,EVT0012-FC02,48.0,0,2026-01-16T20:19:00Z,36.461828,21.550558
EVT0012,EVT0012-FC02,48.0,0,2026-01-16T20:19:00Z,35.808383,22.092948
EVT0012,EVT0012-FC02,48.0,0,2026-01-16T20:19:00Z,36.56346,22.794931
EVT0012,EVT0012-FC02,48.0,0,2026-01-16T20:19:00Z,36.437373,22.356392
EVT0012,EVT0012-FC02,48.0,0,2026-01-16T20:19:00Z,35.942916,21.667318
EVT0012,EVT0012-FC02,48.0,0,2026-01-16T20:19:00Z,36.237221,22.228707
EVT0012,EVT0012-FC02,48.0,0,2026-01-16T20:19:00Z,36.342408,21.686471
EVT0012,EVT0012-FC02,48.0,0,2026-01-16T20:19:00Z,36.670147,22.956014
EVT0012,EVT0012-FC02,48.0,0,2026-01-16T20:19:00Z,36.021575,23.069604
EVT0012,EVT0012-FC02,48.0,0,2026-01-16T20:19:00Z,36.657064,21.612021
EVT0012,EVT0012-FC02,48.0,0,2026-01-16T20:19:00Z,36.1767,22.219268
EVT0012,EVT0012-FC02,48.0,0,2026-01-16T20:19:00Z,35.550481,21.465008
EVT0012,EVT0012-FC02,48.0,0,2026-01-16T20:19:00Z,36.231635,21.749957
EVT0012,EVT0012-FC02,48.0,0,2026-01-16T20:19:00Z,36.33264,22.193327
EVT0012,EVT0012-FC02,48.0,0,2026-01-16T20:19:00Z,35.979369,22.143378
EVT0012,EVT0012-FC02,48.0,0,2026-01-16T20:19:00Z,36.270891,21.981
EVT0012,EVT0012-FC02,48.0,0,2026-01-16T20:19:00Z,36.304554,21.909178
EVT0012,EVT0012-FC02,48.0,0,2026-01-16T20:19:00Z,35.634426,21.764054
EVT0012,EVT0012-FC02,48.0,0,2026-01-16T20:19:00Z,36.841835,23.019123
EVT0012,EVT0012-FC02,48.0,0,2026-01-16T20:19:00Z,35.791618,22.614098
EVT0012,EVT0012-FC02,48.0,0,2026-01-16T20:19:00Z,36.382266,22.0625
EVT0012,EVT0012-FC02,48.0,0,2026-01-16T20:19:00Z,36.357392,22.102398
EVT0012,EVT0012-FC02,48.0,0,2026-01-16T20:19:00Z,35.978922,21.645936
EVT0012,EVT0012-FC02,72.0,0,2026-01-17T20:19:00Z,37.677418,21.44303
EVT0012,EVT0012-FC02,72.0,0,2026-01-17T20:19:00Z,36.974339,21.961383
EVT0012,EVT0012-FC02,72.0,0,2026-01-17T20:19:00Z,36.494375,21.985238
EVT0012,EVT0012-FC02,72.0,0,2026-01-17T20:19:00Z,36.24703,21.741959
EVT0012,EVT0012-FC02,72.0,0,2026-01-17T20:19:00Z,36.463965,21.284409
EVT0012,EVT0012-FC02,72.0,0,2026-01-17T20:19:00Z,36.543511,22.763837
EVT0012,EVT0012-FC02,72.0,0,2026-01-17T20:19:00Z,35.73631,22.049608
EVT0012,EVT0012-FC02,72.0,0,2026-01-17T20:19:00Z,36.713679,22.020606
EVT0012,EVT0012-FC02,72.0,0,2026-01-17T20:19:00Z,36.720452,21.495631
EVT0012,EVT0012-FC02,72.0,0,2026-01-17T20:19:00Z,36.370507,21.91497
EVT0012,EVT0012-FC02,72.0,0,2026-01-17T20:19:00Z,35.629835,21.881238
EVT0012,EVT0012-FC02,72.0,0,2026-01-17T20:19:00Z,36.355287,20.457117
EVT0012,EVT0012-FC02,72.0,0,2026-01-17T20:19:00Z,36.303612,21.402464
EVT0012,EVT0012-FC02,72.0,0,2026-01-17T20:19:00Z,36.986665,22.384146
EVT0012,EVT0012-FC02,72.0,0,2026-01-17T20:19:00Z,36.461879,23.338191
EVT0012,EVT0012-FC02,72.0,0,2026-01-17T20:19:00Z,36.777273,22.38519
EVT0012,EVT0012-FC02,72.0,0,2026-01-17T20:19:00Z,36.786322,22.766281
EVT0012,EVT0012-FC02,72.0,0,2026-01-17T20:19:00Z,35.95359,22.354433
EVT0012,EVT0012-FC02,72.0,0,2026-01-17T20:19:00Z,36.364052,20.862318
EVT0012,EVT0012-FC02,72.0,0,2026-01-17T20:19:00Z,36.378363,21.900561
EVT0012,EVT0012-FC02,72.0,0,2026-01-17T20:19:00Z,36.394612,22.197267
EVT0012,EVT0012-FC02,72.0,0,2026-01-17T20:19:00Z,35.957016,22.780529
EVT0012,EVT0012-FC02,72.0,0,2026-01-17T20:19:00Z,36.125935,22.724828
EVT0012,EVT0012-FC02,72.0,0,2026-01-17T20:19:00Z,36.718241,21.743146
EVT0012,EVT0012-FC02,72.0,0,2026-01-17T20:19:00Z,36.537444,22.445845
EVT0012,EVT0012-FC02,72.0,0,2026-01-17T20:19:00Z,36.413743,22.644949
EVT0012,EVT0012-FC02,72.0,0,2026-01-17T20:19:00Z,36.34509,21.910701
EVT0012,EVT0012-FC02,72.0,0,2026-01-17T20:19:00Z,36.278442,23.489692
EVT0012,EVT0012-FC02,72.0,0,2026-01-17T20:19:00Z,36.386868,21.691957
EVT0012,EVT0012-FC02,72.0,0,2026-01-17T20:19:00Z,36.072267,21.375169
EVT0012,EVT0012-FC02,72.0,0,2026-01-17T20:19:00Z,36.507253,21.765262
EVT0012,EVT0012-FC02,72.0,0,2026-01-17T20:19:00Z,36.067554,22.571176
EVT0012,EVT0012-FC02,72.0,0,2026-01-17T20:19:00Z,36.892403,22.100748
EVT0012,EVT0012-FC02,72.0,0,2026-01-17T20:19:00Z,36.696441,21.589705
EVT0012,EVT0012-FC02,72.0,0,2026-01-17T20:19:00Z,36.605374,22.464548
EVT0012,EVT0012-FC02,72.0,0,2026-01-17T20:19:00Z,36.181361,21.402465
EVT0012,EVT0012-FC02,72.0,0,2026-01-17T20:19:00Z,35.952092,22.852695
EVT0012,EVT0012-FC02,72.0,0,2026-01-17T20:19:00Z,36.591929,21.689944
EVT0012,EVT0012-FC02,72.0,0,2026-01-17T20:19:00Z,36.542985,21.750527
EVT0012,EVT0012-FC02,72.0,0,2026-01-17T20:19:00Z,36.471171,22.307275
EVT0012,EVT0012-FC02,12.0,1,2026-01-15T08:19:00Z,36.026738,22.095718
EVT0012,EVT0012-FC02,12.0,1,2026-01-15T08:19:00Z,35.770005,22.030723
EVT0012,EVT0012-FC02,12.0,1,2026-01-15T08:19:00Z,35.760725,21.696546
EVT0012,EVT0012-FC02,12.0,1,2026-01-15T08:19:00Z,35.726158,21.862321
EVT0012,EVT0012-FC02,12.0,1,2026-01-15T08:19:00Z,35.642612,21.874948
EVT0012,EVT0012-FC02,12.0,1,2026-01-15T08:19:00Z,35.800416,22.267399
EVT0012,EVT0012-FC02,12.0,1,2026-01-15T08:19:00Z,35.755555,21.931731
EVT0012,EVT0012-FC02,12.0,1,2026-01-15T08:19:00Z,35.935863,21.933101
EVT0012,EVT0012-FC02,12.0,1,2026-01-15T08:19:00Z,35.70916,21.479687
EVT0012,EVT0012-FC02,12.0,1,2026-01-15T08:19:00Z,35.648053,22.339234
EVT0012,EVT0012-FC02,12.0,1,2026-01-15T08:19:00Z,35.848961,21.71498
EVT0012,EVT0012-FC02,12.0,1,2026-01-15T08:19:00Z,35.676106,21.914756
EVT0012,EVT0012-FC02,12.0,1,2026-01-15T08:19:00Z,35.794766,21.621488
EVT0012,EVT0012-FC02,12.0,1,2026-01-15T08:19:00Z,35.724278,21.740828
EVT0012,EVT0012-FC02,12.0,1,2026-01-15T08:19:00Z,35.643097,21.833729
EVT0012,EVT0012-FC02,12.0,1,2026-01-15T08:19:00Z,35.572495,21.498281
EVT0012,EVT0012-FC02,12.0,1,2026-01-15T08:19:00Z,35.890318,21.912781
EVT0012,EVT0012-FC02,12.0,1,2026-01-15T08:19:00Z,35.614997,21.527306
EVT0012,EVT0012-FC02,12.0,1,2026-01-15T08:19:00Z,35.88677,22.244166
EVT0012,EVT0012-FC02,12.0,1,2026-01-15T08:19:00Z,35.790562,21.693274
EVT0012,EVT0012-FC02,12.0,1,2026-01-15T08:19:00Z,35.735538,21.884057
EVT0012,EVT0012-FC02,12.0,1,2026-01-15T08:19:00Z,35.665009,21.826268
EVT0012,EVT0012-FC02,12.0,1,2026-01-15T08:19:00Z,35.868363,21.9789
EVT0012,EVT0012-FC02,12.0,1,2026-01-15T08:19:00Z,35.77938,21.510512
EVT0012,EVT0012-FC02,12.0,1,2026-01-15T08:19:00Z,36.02902,22.223761
EVT0012,EVT0012-FC02,12.0,1,2026-01-15T08:19:00Z,35.762222,21.768607
EVT0012,EVT0012-FC02,12.0,1,2026-01-15T08:19:00Z,35.359384,21.938587
EVT0012,EVT0012-FC02,12.0,1,2026-01-15T08:19:00Z,35.828288,22.05286
EVT0012,EVT0012-FC02,12.0,1,2026-01-15T08:19:00Z,35.764541,21.971421
EVT0012,EVT0012-FC02,12.0,1,2026-01-15T08:19:00Z,35.674866,21.767466
EVT0012,EVT0012-FC02,12.0,1,2026-01-15T08:19:00Z,35.841173,22.024262
EVT0012,EVT0012-FC02,12.0,1,2026-01-15T08:19:00Z,35.797946,21.900861
EVT0012,EVT0012-FC02,12.0,1,2026-01-15T08:19:00Z,35.893549,22.067763
EVT0012,EVT0012-FC02,12.0,1,2026-01-15T08:19:00Z,36.058166,22.188683
EVT0012,EVT0012-FC02,12.0,1,2026-01-15T08:19:00Z,35.82189,21.930206
EVT0012,EVT0012-FC02,12.0,1,2026-01-15T08:19:00Z,36.005293,22.243721
EVT0012,EVT0012-FC02,12.0,1,2026-01-15T08:19:00Z,35.713323,21.794661
EVT0012,EVT0012-FC02,12.0,1,2026-01-15T08:19:00Z,35.466845,21.490351
EVT0012,EVT0012-FC02,12.0,1,2026-01-15T08:19:00Z,35.833643,21.889685
EVT0012,EVT0012-FC02,12.0,1,2026-01-15T08:19:00Z,35.831349,21.670987
EVT0012,EVT0012-FC02,24.0,1,2026-01-15T20:19:00Z,36.330602,22.090574
EVT0012,EVT0012-FC02,24.0,1,2026-01-15T20:19:00Z,36.172887,22.183526
EVT0012,EVT0012-FC02,24.0,1,2026-01-15T20:19:00Z,35.386199,21.536945
EVT0012,EVT0012-FC02,24.0,1,2026-01-15T20:19:00Z,36.302035,22.134588
EVT0012,EVT0012-FC02,24.0,1,2026-01-15T20:19:00Z,36.197067,22.080376
EVT0012,EVT0012-FC02,24.0,1,2026-01-15T20:19:00Z,35.926227,21.748563
EVT0012,EVT0012-FC02,24.0,1,2026-01-15T20:19:00Z,35.288389,22.048468
EVT0012,EVT0012-FC02,24.0,1,2026-01-15T20:19:00Z,35.475047,21.440023
EVT0012,EVT0012-FC02,24.0,1,2026-01-15T20:19:00Z,35.867458,22.226169
EVT0012,EVT0012-FC02,24.0,1,2026-01-15T20:19:00Z,36.078117,22.259243
EVT0012,EVT0012-FC02,24.0,1,2026-01-15T20:19:00Z,36.178983,22.074634
EVT0012,EVT0012-FC02,24.0,1,2026-01-15T20:19:00Z,36.120217,22.051669
EVT0012,EVT0012-FC02,24.0,1,2026-01-15T20:19:00Z,36.047804,21.967755
EVT0012,EVT0012-FC02,24.0,1,2026-01-15T20:19:00Z,35.81748,21.652181
EVT0012,EVT0012-FC02,24.0,1,2026-01-15T20:19:00Z,35.883929,22.061632
EVT0012,EVT0012-FC02,24.0,1,2026-01-15T20:19:00Z,35.566082,21.896914
EVT0012,EVT0012-FC02,24.0,1,2026-01-15T20:19:00Z,35.615145,21.527004
EVT0012,EVT0012-FC02,24.0,1,2026-01-15T20:19:00Z,36.141041,21.985339
EVT0012,EVT0012-FC02,24.0,1,2026-01-15T20:19:00Z,35.225663,21.534511
EVT0012,EVT0012-FC02,24.0,1,2026-01-15T20:19:00Z,35.784575,21.837802
EVT0012,EVT0012-FC02,24.0,1,2026-01-15T20:19:00Z,36.055212,21.842147
EVT0012,EVT0012-FC02,24.0,1,2026-01-15T20:19:00Z,35.901932,21.601519
EVT0012,EVT0012-FC02,24.0,1,2026-01-15T20:19:00Z,35.671393,21.954537
EVT0012,EVT0012-FC02,24.0,1,2026-01-15T20:19:00Z,35.87813,21.638616
EVT0012,EVT0012-FC02,24.0,1,2026-01-15T20:19:00Z,36.004563,21.470584
EVT0012,EVT0012-FC02,24.0,1,2026-01-15T20:19:00Z,36.056806,22.318371
EVT0012,EVT0012-FC02,24.0,1,2026-01-15T20:19:00Z,35.862419,22.055491
EVT0012,EVT0012-FC02,24.0,1,2026-01-15T20:19:00Z,36.230458,21.936213
EVT0012,EVT0012-FC02,24.0,1,2026-01-15T20:19:00Z,35.858625,22.057071
EVT0012,EVT0012-FC02,24.0,1,2026-01-15T20:19:00Z,35.416896,22.293425
EVT0012,EVT0012-FC02,24.0,1,2026-01-15T20:19:00Z,36.296784,22.188372
EVT0012,EVT0012-FC02,24.0,1,2026-01-15T20:19:00Z,36.124761,22.332096
EVT0012,EVT0012-FC02,24.0,1,2026-01-15T20:19:00Z,35.809365,21.997866
EVT0012,EVT0012-FC02,24.0,1,2026-01-15T20:19:00Z,36.174866,22.296565
EVT0012,EVT0012-FC02,24.0,1,2026-01-15T20:19:00Z,35.675802,22.081943
EVT0012,EVT0012-FC02,24.0,1,2026-01-15T20:19:00Z,35.867863,21.792955
EVT0012,EVT0012-FC02,24.0,1,2026-01-15T20:19:00Z,36.215869,21.940081
EVT0012,EVT0012-FC02,24.0,1,2026-01-15T20:19:00Z,36.146582,22.077343
EVT0012,EVT0012-FC02,24.0,1,2026-01-15T20:19:00Z,36.205561,22.073801
EVT0012,EVT0012-FC02,24.0,1,2026-01-15T20:19:00Z,35.77844,21.615336
EVT0012,EVT0012-FC02,48.0,1,2026-01-16T20:19:00Z,36.12836,21.689849
EVT0012,EVT0012-FC02,48.0,1,2026-01-16T20:19:00Z,36.174874,22.123106
EVT0012,EVT0012-FC02,48.0,1,2026-01-16T20:19:00Z,36.985763,21.935402
EVT0012,EVT0012-FC02,48.0,1,2026-01-16T20:19:00Z,36.189195,22.293323
EVT0012,EVT0012-FC02,48.0,1,2026-01-16T20:19:00Z,35.905417,23.10872
EVT0012,EVT0012-FC02,48.0,1,2026-01-16T20:19:00Z,36.353589,21.816418
EVT0012,EVT0012-FC02,48.0,1,2026-01-16T20:19:00Z,35.924257,22.421657
EVT0012,EVT0012-FC02,48.0,1,2026-01-16T20:19:00Z,36.430675,22.490168
EVT0012,EVT0012-FC02,48.0,1,2026-01-16T20:19:00Z,36.182604,22.323788
EVT0012,EVT0012-FC02,48.0,1,2026-01-16T20:19:00Z,35.013975,22.407681
EVT0012,EVT0012-FC02,48.0,1,2026-01-16T20:19:00Z,36.33956,21.853435
EVT0012,EVT0012-FC02,48.0,1,2026-01-16T20:19:00Z,36.387647,21.571055
EVT0012,EVT0012-FC02,48.0,1,2026-01-16T20:19:00Z,36.289819,22.25411
EVT0012,EVT0012-FC02,48.0,1,2026-01-16T20:19:00Z,35.716452,22.133679
EVT0012,EVT0012-FC02,48.0,1,2026-01-16T20:19:00Z,36.329693,22.062579
EVT0012,EVT0012-FC02,48.0,1,2026-01-16T20:19:00Z,35.484673,22.142887
EVT0012,EVT0012-FC02,48.0,1,2026-01-16T20:19:00Z,35.951554,22.482516
EVT0012,EVT0012-FC02,48.0,1,2026-01-16T20:19:00Z,36.046973,22.116038
EVT0012,EVT0012-FC02,48.0,1,2026-01-16T20:19:00Z,35.443417,22.258693
EVT0012,EVT0012-FC02,48.0,1,2026-01-16T20:19:00Z,36.295706,22.117133
EVT0012,EVT0012-FC02,48.0,1,2026-01-16T20:19:00Z,36.369712,21.995513
EVT0012,EVT0012-FC02,48.0,1,2026-01-16T20:19:00Z,35.580889,22.398052
EVT0012,EVT0012-FC02,48.0,1,2026-01-16T20:19:00Z,36.03139,21.88727
EVT0012,EVT0012-FC02,48.0,1,2026-01-16T20:19:00Z,35.809274,22.321178
EVT0012,EVT0012-FC02,48.0,1,2026-01-16T20:19:00Z,36.201722,21.871538
EVT0012,EVT0012-FC02,48.0,1,2026-01-16T20:19:00Z,35.301127,22.277569
EVT0012,EVT0012-FC02,48.0,1,2026-01-16T20:19:00Z,36.243275,22.174514
EVT0012,EVT0012-FC02,48.0,1,2026-01-16T20:19:00Z,36.130377,22.106221
EVT0012,EVT0012-FC02,48.0,1,2026-01-16T20:19:00Z,36.195519,22.082741
EVT0012,EVT0012-FC02,48.0,1,2026-01-16T20:19:00Z,35.76111,22.506185
EVT0012,EVT0012-FC02,48.0,1,2026-01-16T20:19:00Z,36.546904,21.789417
EVT0012,EVT0012-FC02,48.0,1,2026-01-16T20:19:00Z,35.761883,22.211704
EVT0012,EVT0012-FC02,48.0,1,2026-01-16T20:19:00Z,35.821142,21.630187
EVT0012,EVT0012-FC02,48.0,1,2026-01-16T20:19:00Z,36.585881,22.699866
EVT0012,EVT0012-FC02,48.0,1,2026-01-16T20:19:00Z,36.052756,21.983377
EVT0012,EVT0012-FC02,48.0,1,2026-01-16T20:19:00Z,36.248232,22.052188
EVT0012,EVT0012-FC02,48.0,1,2026-01-16T20:19:00Z,36.712511,21.251722
EVT0012,EVT0012-FC02,48.0,1,2026-01-16T20:19:00Z,36.585467,22.986168
EVT0012,EVT0012-FC02,48.0,1,2026-01-16T20:19:00Z,36.412836,21.729043
EVT0012,EVT0012-FC02,48.0,1,2026-01-16T20:19:00Z,36.103213,22.003535
EVT0012,EVT0012-FC02,72.0,1,2026-01-17T20:19:00Z,36.756707,21.480097
EVT0012,EVT0012-FC02,72.0,1,2026-01-17T20:19:00Z,36.489268,21.546353
EVT0012,EVT0012-FC02,72.0,1,2026-01-17T20:19:00Z,36.346954,22.066194
EVT0012,EVT0012-FC02,72.0,1,2026-01-17T20:19:00Z,37.202131,21.27747
EVT0012,EVT0012-FC02,72.0,1,2026-01-17T20:19:00Z,36.97596,22.657061
EVT0012,EVT0012-FC02,72.0,1,2026-01-17T20:19:00Z,36.020104,21.191063
EVT0012,EVT0012-FC02,72.0,1,2026-01-17T20:19:00Z,37.234178,21.222981
EVT0012,EVT0012-FC02,72.0,1,2026-01-17T20:19:00Z,35.250972,22.090683
EVT0012,EVT0012-FC02,72.0,1,2026-01-17T20:19:00Z,36.467805,22.523692
EVT0012,EVT0012-FC02,72.0,1,2026-01-17T20:19:00Z,36.670843,21.684801
EVT0012,EVT0012-FC02,72.0,1,2026-01-17T20:19:00Z,36.98489,20.981359
EVT0012,EVT0012-FC02,72.0,1,2026-01-17T20:19:00Z,36.6716,21.644445
EVT0012,EVT0012-FC02,72.0,1,2026-01-17T20:19:00Z,36.415441,21.843131
EVT0012,EVT0012-FC02,72.0,1,2026-01-17T20:19:00Z,35.938471,22.376453
EVT0012,EVT0012-FC02,72.0,1,2026-01-17T20:19:00Z,37.043324,23.318254
EVT0012,EVT0012-FC02,72.0,1,2026-01-17T20:19:00Z,36.35816,22.622659
EVT0012,EVT0012-FC02,72.0,1,2026-01-17T20:19:00Z,36.283046,21.456635
EVT0012,EVT0012-FC02,72.0,1,2026-01-17T20:19:00Z,36.173651,22.150722
EVT0012,EVT0012-FC02,72.0,1,2026-01-17T20:19:00Z,35.986684,21.968517
EVT0012,EVT0012-FC02,72.0,1,2026-01-17T20:19:00Z,36.880524,21.694377
EVT0012,EVT0012-FC02,72.0,1,2026-01-17T20:19:00Z,36.995587,21.086553
EVT0012,EVT0012-FC02,72.0,1,2026-01-17T20:19:00Z,36.340267,22.782641
EVT0012,EVT0012-FC02,72.0,1,2026-01-17T20:19:00Z,36.516042,22.595224
EVT0012,EVT0012-FC02,72.0,1,2026-01-17T20:19:00Z,36.549047,21.622327
EVT0012,EVT0012-FC02,72.0,1,2026-01-17T20:19:00Z,36.398538,22.038438
EVT0012,EVT0012-FC02,72.0,1,2026-01-17T20:19:00Z,36.529219,20.765132
EVT0012,EVT0012-FC02,72.0,1,2026-01-17T20:19:00Z,35.91706,22.416013
EVT0012,EVT0012-FC02,72.0,1,2026-01-17T20:19:00Z,36.219027,20.952885
EVT0012,EVT0012-FC02,72.0,1,2026-01-17T20:19:00Z,36.055406,21.977525
EVT0012,EVT0012-FC02,72.0,1,2026-01-17T20:19:00Z,36.643818,22.862697
EVT0012,EVT0012-FC02,72.0,1,2026-01-17T20:19:00Z,36.788345,21.594306
EVT0012,EVT0012-FC02,72.0,1,2026-01-17T20:19:00Z,36.630757,21.614648
EVT0012,EVT0012-FC02,72.0,1,2026-01-17T20:19:00Z,36.732488,22.146988
EVT0012,EVT0012-FC02,72.0,1,2026-01-17T20:19:00Z,36.157697,21.973631
EVT0012,EVT0012-FC02,72.0,1,2026-01-17T20:19:00Z,35.818694,21.015524
EVT0012,EVT0012-FC02,72.0,1,2026-01-17T20:19:00Z,36.924059,21.246468
EVT0012,EVT0012-FC02,72.0,1,2026-01-17T20:19:00Z,37.153997,22.440211
EVT0012,EVT0012-FC02,72.0,1,2026-01-17T20:19:00Z,36.321322,21.64881
EVT0012,EVT0012-FC02,72.0,1,2026-01-17T20:19:00Z,36.363909,22.405889
EVT0012,EVT0012-FC02,72.0,1,2026-01-17T20:19:00Z,35.770971,22.152402
EVT0012,EVT0012-FC02,12.0,2,2026-01-15T08:19:00Z,35.722259,21.917076
EVT0012,EVT0012-FC02,12.0,2,2026-01-15T08:19:00Z,35.640817,21.571591
EVT0012,EVT0012-FC02,12.0,2,2026-01-15T08:19:00Z,35.930452,22.07866
EVT0012,EVT0012-FC02,12.0,2,2026-01-15T08:19:00Z,35.797001,21.623032
EVT0012,EVT0012-FC02,12.0,2,2026-01-15T08:19:00Z,35.849229,21.723125
EVT0012,EVT0012-FC02,12.0,2,2026-01-15T08:19:00Z,35.762173,22.185493
EVT0012,EVT0012-FC02,12.0,2,2026-01-15T08:19:00Z,35.952354,22.189497
EVT0012,EVT0012-FC02,12.0,2,2026-01-15T08:19:00Z,35.629884,21.641692
EVT0012,EVT0012-FC02,12.0,2,2026-01-15T08:19:00Z,35.86101,21.733231
EVT0012,EVT0012-FC02,12.0,2,2026-01-15T08:19:00Z,35.740293,21.923293
EVT0012,EVT0012-FC02,12.0,2,2026-01-15T08:19:00Z,35.726265,21.787354
EVT0012,EVT0012-FC02,12.0,2,2026-01-15T08:19:00Z,35.890877,21.968117
EVT0012,EVT0012-FC02,12.0,2,2026-01-15T08:19:00Z,35.790193,22.155409
EVT0012,EVT0012-FC02,12.0,2,2026-01-15T08:19:00Z,35.684546,22.215237
EVT0012,EVT0012-FC02,12.0,2,2026-01-15T08:19:00Z,36.0586,22.202706
EVT0012,EVT0012-FC02,12.0,2,2026-01-15T08:19:00Z,35.952133,21.754762
EVT0012,EVT0012-FC02,12.0,2,2026-01-15T08:19:00Z,35.98203,22.084741
EVT0012,EVT0012-FC02,12.0,2,2026-01-15T08:19:00Z,35.605438,21.683045
EVT0012,EVT0012-FC02,12.0,2,2026-01-15T08:19:00Z,35.681048,21.874238
EVT0012,EVT0012-FC02,12.0,2,2026-01-15T08:19:00Z,35.267047,21.580659
EVT0012,EVT0012-FC02,12.0,2,2026-01-15T08:19:00Z,35.432688,21.88827
EVT0012,EVT0012-FC02,12.0,2,2026-01-15T08:19:00Z,35.735899,21.729127
EVT0012,EVT0012-FC02,12.0,2,2026-01-15T08:19:00Z,35.584738,22.020314
EVT0012,EVT0012-FC02,12.0,2,2026-01-15T08:19:00Z,35.815143,21.854134
EVT0012,EVT0012-FC02,12.0,2,2026-01-15T08:19:00Z,35.761859,21.551751
EVT0012,EVT0012-FC02,12.0,2,2026-01-15T08:19:00Z,35.557923,21.801174
EVT0012,EVT0012-FC02,12.0,2,2026-01-15T08:19:00Z,35.803703,21.863457
EVT0012,EVT0012-FC02,12.0,2,2026-01-15T08:19:00Z,35.201694,21.67818
EVT0012,EVT0012-FC02,12.0,2,2026-01-15T08:19:00Z,35.844749,21.601345
EVT0012,EVT0012-FC02,12.0,2,2026-01-15T08:19:00Z,35.909307,22.019712
EVT0012,EVT0012-FC02,12.0,2,2026-01-15T08:19:00Z,35.784262,21.807762
EVT0012,EVT0012-FC02,12.0,2,2026-01-15T08:19:00Z,35.920957,22.049537
EVT0012,EVT0012-FC02,12.0,2,2026-01-15T08:19:00Z,35.75591,22.223768
EVT0012,EVT0012-FC02,12.0,2,2026-01-15T08:19:00Z,35.738885,21.8175
EVT0012,EVT0012-FC02,12.0,2,2026-01-15T08:19:00Z,35.763863,21.775761
EVT0012,EVT0012-FC02,12.0,2,2026-01-15T08:19:00Z,35.559491,21.623838
EVT0012,EVT0012-FC02,12.0,2,2026-01-15T08:19:00Z,35.615433,21.742619
EVT0012,EVT0012-FC02,12.0,2,2026-01-15T08:19:00Z,35.748114,21.810117
EVT0012,EVT0012-FC02,12.0,2,2026-01-15T08:19:00Z,35.622384,21.687529
EVT0012,EVT0012-FC02,12.0,2,2026-01-15T08:19:00Z,35.631158,21.675499
EVT0012,EVT0012-FC02,24.0,2,2026-01-15T20:19:00Z,36.125992,22.354294
EVT0012,EVT0012-FC02,24.0,2,2026-01-15T20:19:00Z,35.626455,22.201433
EVT0012,EVT0012-FC02,24.0,2,2026-01-15T20:19:00Z,36.326439,22.17355
EVT0012,EVT0012-FC02,24.0,2,2026-01-15T20:19:00Z,36.006016,22.221937
EVT0012,EVT0012-FC02,24.0,2,2026-01-15T20:19:00Z,35.994901,22.119204
EVT0012,EVT0012-FC02,24.0,2,2026-01-15T20:19:00Z,36.171763,21.912395
EVT0012,EVT0012-FC02,24.0,2,2026-01-15T20:19:00Z,35.419766,21.9257
EVT0012,EVT0012-FC02,24.0,2,2026-01-15T20:19:00Z,36.031302,21.952224
EVT0012,EVT0012-FC02,24.0,2,2026-01-15T20:19:00Z,35.881854,21.932092
EVT0012,EVT0012-FC02,24.0,2,2026-01-15T20:19:00Z,36.068434,22.037066
EVT0012,EVT0012-FC02,24.0,2,2026-01-15T20:19:00Z,35.84917,22.385743
EVT0012,EVT0012-FC02,24.0,2,2026-01-15T20:19:00Z,35.989706,21.913102
EVT0012,EVT0012-FC02,24.0,2,2026-01-15T20:19:00Z,35.867197,21.665235
EVT0012,EVT0012-FC02,24.0,2,2026-01-15T20:19:00Z,35.971874,22.007807
EVT0012,EVT0012-FC02,24.0,2,2026-01-15T20:19:00Z,35.291702,21.796801
EVT0012,EVT0012-FC02,24.0,2,2026-01-15T20:19:00Z,36.185019,22.070578
EVT0012,EVT0012-FC02,24.0,2,2026-01-15T20:19:00Z,35.870197,22.000588
EVT0012,EVT0012-FC02,24.0,2,2026-01-15T20:19:00Z,36.086341,22.244128
EVT0012,EVT0012-FC02,24.0,2,2026-01-15T20:19:00Z,35.818868,21.9204
EVT0012,EVT0012-FC02,24.0,2,2026-01-15T20:19:00Z,36.429731,22.42872
EVT0012,EVT0012-FC02,24.0,2,2026-01-15T20:19:00Z,36.035969,22.117213
EVT0012,EVT0012-FC02,24.0,2,2026-01-15T20:19:00Z,35.665848,22.374783
EVT0012,EVT0012-FC02,24.0,2,2026-01-15T20:19:00Z,35.809324,21.829046
EVT0012,EVT0012-FC02,24.0,2,2026-01-15T20:19:00Z,35.615127,21.826813
EVT0012,EVT0012-FC02,24.0,2,2026-01-15T20:19:00Z,35.785509,21.7545
EVT0012,EVT0012-FC02,24.0,2,2026-01-15T20:19:00Z,35.590122,21.671229
EVT0012,EVT0012-FC02,24.0,2,2026-01-15T20:19:00Z,36.059443,22.296221
EVT0012,EVT0012-FC02,24.0,2,2026-01-15T20:19:00Z,35.934389,22.400619
EVT0012,EVT0012-FC02,24.0,2,2026-01-15T20:19:00Z,35.698415,21.870188
EVT0012,EVT0012-FC02,24.0,2,2026-01-15T20:19:00Z,36.249679,22.4413
EVT0012,EVT0012-FC02,24.0,2,2026-01-15T20:19:00Z,35.739262,21.534365
EVT0012,EVT0012-FC02,24.0,2,2026-01-15T20:19:00Z,35.897289,21.960181
EVT0012,EVT0012-FC02,24.0,2,2026-01-15T20:19:00Z,35.715026,21.865991
EVT0012,EVT0012-FC02,24.0,2,2026-01-15T20:19:00Z,36.23,22.259134
EVT0012,EVT0012-FC02,24.0,2,2026-01-15T20:19:00Z,35.569272,22.138711
EVT0012,EVT0012-FC02,24.0,2,2026-01-15T20:19:00Z,35.849876,22.011681
EVT0012,EVT0012-FC02,24.0,2,2026-01-15T20:19:00Z,35.487281,22.226735
EVT0012,EVT0012-FC02,24.0,2,2026-01-15T20:19:00Z,35.907192,21.896182
EVT0012,EVT0012-FC02,24.0,2,2026-01-15T20:19:00Z,35.72671,21.868414
EVT0012,EVT0012-FC02,24.0,2,2026-01-15T20:19:00Z,36.040262,21.863503
EVT0012,EVT0012-FC02,48.0,2,2026-01-16T20:19:00Z,36.453402,21.762355
EVT0012,EVT0012-FC02,48.0,2,2026-01-16T20:19:00Z,36.941569,21.827651
EVT0012,EVT0012-FC02,48.0,2,2026-01-16T20:19:00Z,35.841263,22.343677
EVT0012,EVT0012-FC02,48.0,2,2026-01-16T20:19:00Z,36.887915,21.795583
EVT0012,EVT0012-FC02,48.0,2,2026-01-16T20:19:00Z,36.152736,22.011773
EVT0012,EVT0012-FC02,48.0,2,2026-01-16T20:19:00Z,36.054158,22.115145
EVT0012,EVT0012-FC02,48.0,2,2026-01-16T20:19:00Z,36.298064,22.466972
EVT0012,EVT0012-FC02,48.0,2,2026-01-16T20:19:00Z,35.580542,21.986685
EVT0012,EVT0012-FC02,48.0,2,2026-01-16T20:19:00Z,35.732656,22.138885
EVT0012,EVT0012-FC02,48.0,2,2026-01-16T20:19:00Z,35.405344,22.004307
EVT0012,EVT0012-FC02,48.0,2,2026-01-16T20:19:00Z,36.581703,21.511627
EVT0012,EVT0012-FC02,48.0,2,2026-01-16T20:19:00Z,35.889283,21.985955
EVT0012,EVT0012-FC02,48.0,2,2026-01-16T20:19:00Z,36.31081,22.277627
EVT0012,EVT0012-FC02,48.0,2,2026-01-16T20:19:00Z,36.206336,22.374319
EVT0012,EVT0012-FC02,48.0,2,2026-01-16T20:19:00Z,36.614128,21.869909
EVT0012,EVT0012-FC02,48.0,2,2026-01-16T20:19:00Z,35.579248,22.280866
EVT0012,EVT0012-FC02,48.0,2,2026-01-16T20:19:00Z,36.27751,22.094658
EVT0012,EVT0012-FC02,48.0,2,2026-01-16T20:19:00Z,35.907878,21.206227
EVT0012,EVT0012-FC02,48.0,2,2026-01-16T20:19:00Z,36.40001,22.055955
EVT0012,EVT0012-FC02,48.0,2,2026-01-16T20:19:00Z,36.807721,22.947854
EVT0012,EVT0012-FC02,48.0,2,2026-01-16T20:19:00Z,36.093749,21.026821
EVT0012,EVT0012-FC02,48.0,2,2026-01-16T20:19:00Z,35.338491,21.966865
EVT0012,EVT0012-FC02,48.0,2,2026-01-16T20:19:00Z,35.850092,22.13975
EVT0012,EVT0012-FC02,48.0,2,2026-01-16T20:19:00Z,35.325341,22.918433
EVT0012,EVT0012-FC02,48.0,2,2026-01-16T20:19:00Z,36.425878,21.459597
EVT0012,EVT0012-FC02,48.0,2,2026-01-16T20:19:00Z,36.277132,21.976558
EVT0012,EVT0012-FC02,48.0,2,2026-01-16T20:19:00Z,36.522898,21.684182
EVT0012,EVT0012-FC02,48.0,2,2026-01-16T20:19:00Z,36.478762,21.689326
EVT0012,EVT0012-FC02,48.0,2,2026-01-16T20:19:00Z,36.068915,21.470562
EVT0012,EVT0012-FC02,48.0,2,2026-01-16T20:19:00Z,36.149431,22.069646
EVT0012,EVT0012-FC02,48.0,2,2026-01-16T20:19:00Z,36.761359,21.647991
EVT0012,EVT0012-FC02,48.0,2,2026-01-16T20:19:00Z,36.502188,22.354192
EVT0012,EVT0012-FC02,48.0,2,2026-01-16T20:19:00Z,35.721727,22.500694
EVT0012,EVT0012-FC02,48.0,2,2026-01-16T20:19:00Z,36.47931,21.893363
EVT0012,EVT0012-FC02,48.0,2,2026-01-16T20:19:00Z,36.076621,22.225061
EVT0012,EVT0012-FC02,48.0,2,2026-01-16T20:19:00Z,36.912565,22.075169
EVT0012,EVT0012-FC02,48.0,2,2026-01-16T20:19:00Z,36.096853,21.419689
EVT0012,EVT0012-FC02,48.0,2,2026-01-16T20:19:00Z,36.099616,22.840867
EVT0012,EVT0012-FC02,48.0,2,2026-01-16T20:19:00Z,36.86211,21.723388
EVT0012,EVT0012-FC02,48.0,2,2026-01-16T20:19:00Z,36.553837,21.672306
EVT0012,EVT0012-FC02,72.0,2,2026-01-17T20:19:00Z,36.471916,22.757576
EVT0012,EVT0012-FC02,72.0,2,2026-01-17T20:19:00Z,35.984504,21.051336
EVT0012,EVT0012-FC02,72.0,2,2026-01-17T20:19:00Z,36.290596,21.920463
EVT0012,EVT0012-FC02,72.0,2,2026-01-17T20:19:00Z,36.444738,21.261089
EVT0012,EVT0012-FC02,72.0,2,2026-01-17T20:19:00Z,37.189994,21.355652
EVT0012,EVT0012-FC02,72.0,2,2026-01-17T20:19:00Z,36.494362,21.994668
EVT0012,EVT0012-FC02,72.0,2,2026-01-17T20:19:00Z,36.012349,22.343525
EVT0012,EVT0012-FC02,72.0,2,2026-01-17T20:19:00Z,36.855926,22.748664
EVT0012,EVT0012-FC02,72.0,2,2026-01-17T20:19:00Z,35.372619,22.162634
EVT0012,EVT0012-FC02,72.0,2,2026-01-17T20:19:00Z,36.296068,22.253841
EVT0012,EVT0012-FC02,72.0,2,2026-01-17T20:19:00Z,36.725776,21.468303
EVT0012,EVT0012-FC02,72.0,2,2026-01-17T20:19:00Z,36.154464,22.407392
EVT0012,EVT0012-FC02,72.0,2,2026-01-17T20:19:00Z,35.842911,22.19741
EVT0012,EVT0012-FC02,72.0,2,2026-01-17T20:19:00Z,37.623074,21.696593
EVT0012,EVT0012-FC02,72.0,2,2026-01-17T20:19:00Z,36.698548,22.324479
EVT0012,EVT0012-FC02,72.0,2,2026-01-17T20:19:00Z,36.136803,21.519185
EVT0012,EVT0012-FC02,72.0,2,2026-01-17T20:19:00Z,36.047746,21.05382
EVT0012,EVT0012-FC02,72.0,2,2026-01-17T20:19:00Z,36.602902,21.609297
EVT0012,EVT0012-FC02,72.0,2,2026-01-17T20:19:00Z,36.585358,21.875936
EVT0012,EVT0012-FC02,72.0,2,2026-01-17T20:19:00Z,36.188379,22.287772
EVT0012,EVT0012-FC02,72.0,2,2026-01-17T20:19:00Z,35.727711,23.336794
EVT0012,EVT0012-FC02,72.0,2,2026-01-17T20:19:00Z,36.312027,20.939675
EVT0012,EVT0012-FC02,72.0,2,2026-01-17T20:19:00Z,35.735788,22.388642
EVT0012,EVT0012-FC02,72.0,2,2026-01-17T20:19:00Z,36.68166,21.499413
EVT0012,EVT0012-FC02,72.0,2,2026-01-17T20:19:00Z,35.920911,22.217153
EVT0012,EVT0012-FC02,72.0,2,2026-01-17T20:19:00Z,36.357493,21.793354
EVT0012,EVT0012-FC02,72.0,2,2026-01-17T20:19:00Z,36.88332,22.064459
EVT0012,EVT0012-FC02,72.0,2,2026-01-17T20:19:00Z,36.962928,23.111329
EVT0012,EVT0012-FC02,72.0,2,2026-01-17T20:19:00Z,36.462864,21.956975
EVT0012,EVT0012-FC02,72.0,2,2026-01-17T20:19:00Z,37.101236,21.187792
EVT0012,EVT0012-FC02,72.0,2,2026-01-17T20:19:00Z,36.560839,21.458239
EVT0012,EVT0012-FC02,72.0,2,2026-01-17T20:19:00Z,36.211757,21.943211
EVT0012,EVT0012-FC02,72.0,2,2026-01-17T20:19:00Z,36.301858,22.811979
EVT0012,EVT0012-FC02,72.0,2,2026-01-17T20:19:00Z,36.633735,22.695687
EVT0012,EVT0012-FC02,72.0,2,2026-01-17T20:19:00Z,36.581044,22.997981
EVT0012,EVT0012-FC02,72.0,2,2026-01-17T20:19:00Z,36.334657,22.619246
EVT0012,EVT0012-FC02,72.0,2,2026-01-17T20:19:00Z,36.051726,21.173163
EVT0012,EVT0012-FC02,72.0,2,2026-01-17T20:19:00Z,36.710237,21.77963
EVT0012,EVT0012-FC02,72.0,2,2026-01-17T20:19:00Z,36.497057,20.694481
EVT0012,EVT0012-FC02,72.0,2,2026-01-17T20:19:00Z,36.545428,21.662804
EVT0012,EVT0012-FC02,12.0,3,2026-01-15T08:19:00Z,35.761641,21.736067
EVT0012,EVT0012-FC02,12.0,3,2026-01-15T08:19:00Z,35.545735,21.777474
EVT0012,EVT0012-FC02,12.0,3,2026-01-15T08:19:00Z,35.636665,21.796774
EVT0012,EVT0012-FC02,12.0,3,2026-01-15T08:19:00Z,35.846235,21.680357
EVT0012,EVT0012-FC02,12.0,3,2026-01-15T08:19:00Z,35.8437,21.966643
EVT0012,EVT0012-FC02,12.0,3,2026-01-15T08:19:00Z,35.694358,21.81079
EVT0012,EVT0012-FC02,12.0,3,2026-01-15T08:19:00Z,35.625908,21.771756
EVT0012,EVT0012-FC02,12.0,3,2026-01-15T08:19:00Z,35.869473,22.016374
EVT0012,EVT0012-FC02,12.0,3,2026-01-15T08:19:00Z,35.822335,21.864349
EVT0012,EVT0012-FC02,12.0,3,2026-01-15T08:19:00Z,35.741543,21.724037
EVT0012,EVT0012-FC02,12.0,3,2026-01-15T08:19:00Z,35.901068,22.020956
EVT0012,EVT0012-FC02,12.0,3,2026-01-15T08:19:00Z,35.455103,21.770376
EVT0012,EVT0012-FC02,12.0,3,2026-01-15T08:19:00Z,35.841909,22.015506
EVT0012,EVT0012-FC02,12.0,3,2026-01-15T08:19:00Z,35.71718,21.910528
EVT0012,EVT0012-FC02,12.0,3,2026-01-15T08:19:00Z,35.619625,21.626588
EVT0012,EVT0012-FC02,12.0,3,2026-01-15T08:19:00Z,35.640977,21.648661
EVT0012,EVT0012-FC02,12.0,3,2026-01-15T08:19:00Z,35.605817,21.762073
EVT0012,EVT0012-FC02,12.0,3,2026-01-15T08:19:00Z,35.832682,21.766712
EVT0012,EVT0012-FC02,12.0,3,2026-01-15T08:19:00Z,35.823553,22.263546
EVT0012,EVT0012-FC02,12.0,3,2026-01-15T08:19:00Z,35.89791,22.139595
EVT0012,EVT0012-FC02,12.0,3,2026-01-15T08:19:00Z,35.768073,21.775952
EVT0012,EVT0012-FC02,12.0,3,2026-01-15T08:19:00Z,35.873487,22.066297
EVT0012,EVT0012-FC02,12.0,3,2026-01-15T08:19:00Z,35.935065,21.893144
EVT0012,EVT0012-FC02,12.0,3,2026-01-15T08:19:00Z,35.809425,21.778016
EVT0012,EVT0012-FC02,12.0,3,2026-01-15T08:19:00Z,35.816047,21.960203
EVT0012,EVT0012-FC02,12.0,3,2026-01-15T08:19:00Z,35.860469,21.912701
EVT0012,EVT0012-FC02,12.0,3,2026-01-15T08:19:00Z,35.928804,21.585982
EVT0012,EVT0012-FC02,12.0,3,2026-01-15T08:19:00Z,35.86759,21.921915
EVT0012,EVT0012-FC02,12.0,3,2026-01-15T08:19:00Z,35.630741,21.829354
EVT0012,EVT0012-FC02,12.0,3,2026-01-15T08:19:00Z,35.575619,22.19523
EVT0012,EVT0012-FC02,12.0,3,2026-01-15T08:19:00Z,35.73078,21.922921
EVT0012,EVT0012-FC02,12.0,3,2026-01-15T08:19:00Z,35.720119,22.023476
EVT0012,EVT0012-FC02,12.0,3,2026-01-15T08:19:00Z,35.855468,21.928376
EVT0012,EVT0012-FC02,12.0,3,2026-01-15T08:19:00Z,35.858585,22.006904
EVT0012,EVT0012-FC02,12.0,3,2026-01-15T08:19:00Z,35.595917,22.086447
EVT0012,EVT0012-FC02,12.0,3,2026-01-15T08:19:00Z,35.565551,21.707447
EVT0012,EVT0012-FC02,12.0,3,2026-01-15T08:19:00Z,35.89102,21.713703
EVT0012,EVT0012-FC02,12.0,3,2026-01-15T08:19:00Z,35.885704,22.00236
EVT0012,EVT0012-FC02,12.0,3,2026-01-15T08:19:00Z,35.567153,21.761586
EVT0012,EVT0012-FC02,12.0,3,2026-01-15T08:19:00Z,35.907425,21.871248
EVT0012,EVT0012-FC02,24.0,3,2026-01-15T20:19:00Z,36.016059,22.128211
EVT0012,EVT0012-FC02,24.0,3,2026-01-15T20:19:00Z,36.020021,21.957027
EVT0012,EVT0012-FC02,24.0,3,2026-01-15T20:19:00Z,35.668644,22.068646
EVT0012,EVT0012-FC02,24.0,3,2026-01-15T20:19:00Z,36.203561,22.123142
EVT0012,EVT0012-FC02,24.0,3,2026-01-15T20:19:00Z,35.53671,22.3159
EVT0012,EVT0012-FC02,24.0,3,2026-01-15T20:19:00Z,36.211417,21.974317
EVT0012,EVT0012-FC02,24.0,3,2026-01-15T20:19:00Z,35.816457,21.792365
EVT0012,EVT0012-FC02,24.0,3,2026-01-15T20:19:00Z,35.93103,21.569572
EVT0012,EVT0012-FC02,24.0,3,2026-01-15T20:19:00Z,36.196214,22.053779
EVT0012,EVT0012-FC02,24.0,3,2026-01-15T20:19:00Z,35.589356,21.618064
EVT0012,EVT0012-FC02,24.0,3,2026-01-15T20:19:00Z,36.175488,21.800565
EVT0012,EVT0012-FC02,24.0,3,2026-01-15T20:19:00Z,36.346417,22.474214
EVT0012,EVT0012-FC02,24.0,3,2026-01-15T20:19:00Z,35.996511,22.297636
EVT0012,EVT0012-FC02,24.0,3,2026-01-15T20:19:00Z,35.83376,22.12634
EVT0012,EVT0012-FC02,24.0,3,2026-01-15T20:19:00Z,36.063003,22.169078
EVT0012,EVT0012-FC02,24.0,3,2026-01-15T20:19:00Z,36.317351,21.921843
EVT0012,EVT0012-FC02,24.0,3,2026-01-15T20:19:00Z,35.890932,22.09789
EVT0012,EVT0012-FC02,24.0,3,2026-01-15T20:19:00Z,35.578958,22.562885
EVT0012,EVT0012-FC02,24.0,3,2026-01-15T20:19:00Z,35.806377,21.5748
EVT0012,EVT0012-FC02,24.0,3,2026-01-15T20:19:00Z,35.924438,21.692411
EVT0012,EVT0012-FC02,24.0,3,2026-01-15T20:19:00Z,36.027992,22.040049
EVT0012,EVT0012-FC02,24.0,3,2026-01-15T20:19:00Z,35.944801,21.961935
EVT0012,EVT0012-FC02,24.0,3,2026-01-15T20:19:00Z,35.61688,21.919445
EVT0012,EVT0012-FC02,24.0,3,2026-01-15T20:19:00Z,35.18461,21.565057
EVT0012,EVT0012-FC02,24.0,3,2026-01-15T20:19:00Z,36.272552,22.113757
EVT0012,EVT0012-FC02,24.0,3,2026-01-15T20:19:00Z,36.248675,22.043842
EVT0012,EVT0012-FC02,24.0,3,2026-01-15T20:19:00Z,36.287724,22.185299
EVT0012,EVT0012-FC02,24.0,3,2026-01-15T20:19:00Z,35.565153,22.251536
EVT0012,EVT0012-FC02,24.0,3,2026-01-15T20:19:00Z,35.319418,22.091324
EVT0012,EVT0012-FC02,24.0,3,2026-01-15T20:19:00Z,35.511026,22.003079
EVT0012,EVT0012-FC02,24.0,3,2026-01-15T20:19:00Z,35.471638,21.276011
EVT0012,EVT0012-FC02,24.0,3,2026-01-15T20:19:00Z,35.517686,21.3114
EVT0012,EVT0012-FC02,24.0,3,2026-01-15T20:19:00Z,35.371727,21.762868
EVT0012,EVT0012-FC02,24.0,3,2026-01-15T20:19:00Z,35.862818,21.90413
EVT0012,EVT0012-FC02,24.0,3,2026-01-15T20:19:00Z,36.202752,22.343539
EVT0012,EVT0012-FC02,24.0,3,2026-01-15T20:19:00Z,35.924716,21.61263
EVT0012,EVT0012-FC02,24.0,3,2026-01-15T20:19:00Z,36.160344,21.92434
EVT0012,EVT0012-FC02,24.0,3,2026-01-15T20:19:00Z,35.642311,21.998459
EVT0012,EVT0012-FC02,24.0,3,2026-01-15T20:19:00Z,35.876849,21.868401
EVT0012,EVT0012-FC02,24.0,3,2026-01-15T20:19:00Z,36.075145,22.068848
EVT0012,EVT0012-FC02,48.0,3,2026-01-16T20:19:00Z,36.271179,22.263169
EVT0012,EVT0012-FC02,48.0,3,2026-01-16T20:19:00Z,36.50963,21.243364
EVT0012,EVT0012-FC02,48.0,3,2026-01-16T20:19:00Z,36.355176,22.294569
EVT0012,EVT0012-FC02,48.0,3,2026-01-16T20:19:00Z,36.43025,20.995691
EVT0012,EVT0012-FC02,48.0,3,2026-01-16T20:19:00Z,35.350514,22.449738
EVT0012,EVT0012-FC02,48.0,3,2026-01-16T20:19:00Z,36.546337,22.839275
EVT0012,EVT0012-FC02,48.0,3,2026-01-16T20:19:00Z,36.019465,22.36708
EVT0012,EVT0012-FC02,48.0,3,2026-01-16T20:19:00Z,36.056029,21.547036
EVT0012,EVT0012-FC02,48.0,3,2026-01-16T20:19:00Z,36.759645,21.670795
EVT0012,EVT0012-FC02,48.0,3,2026-01-16T20:19:00Z,36.120479,22.219429
EVT0012,EVT0012-FC02,48.0,3,2026-01-16T20:19:00Z,36.234069,22.531294
EVT0012,EVT0012-FC02,48.0,3,2026-01-16T20:19:00Z,36.207893,22.382501
EVT0012,EVT0012-FC02,48.0,3,2026-01-16T20:19:00Z,36.12452,22.006407
EVT0012,EVT0012-FC02,48.0,3,2026-01-16T20:19:00Z,35.880336,21.636174
EVT0012,EVT0012-FC02,48.0,3,2026-01-16T20:19:00Z,35.540146,22.722533
EVT0012,EVT0012-FC02,48.0,3,2026-01-16T20:19:00Z,35.736199,22.369737
EVT0012,EVT0012-FC02,48.0,3,2026-01-16T20:19:00Z,35.191246,21.450114
EVT0012,EVT0012-FC02,48.0,3,2026-01-16T20:19:00Z,35.749869,22.232293
EVT0012,EVT0012-FC02,48.0,3,2026-01-16T20:19:00Z,35.6781,22.159599
EVT0012,EVT0012-FC02,48.0,3,2026-01-16T20:19:00Z,35.995284,21.924438
EVT0012,EVT0012-FC02,48.0,3,2026-01-16T20:19:00Z,35.978558,21.523698
EVT0012,EVT0012-FC02,48.0,3,2026-01-16T20:19:00Z,35.309442,22.039564
EVT0012,EVT0012-FC02,48.0,3,2026-01-16T20:19:00Z,35.885999,22.297624
EVT0012,EVT0012-FC02,48.0,3,2026-01-16T20:19:00Z,36.2847,22.736514
EVT0012,EVT0012-FC02,48.0,3,2026-01-16T20:19:00Z,36.112538,21.257618
EVT0012,EVT0012-FC02,48.0,3,2026-01-16T20:19:00Z,36.347487,22.194652
EVT0012,EVT0012-FC02,48.0,3,2026-01-16T20:19:00Z,36.165411,22.173803
EVT0012,EVT0012-FC02,48.0,3,2026-01-16T20:19:00Z,36.582922,21.714529
EVT0012,EVT0012-FC02,48.0,3,2026-01-16T20:19:00Z,36.36445,22.306309
EVT0012,EVT0012-FC02,48.0,3,2026-01-16T20:19:00Z,36.206744,22.277092
EVT0012,EVT0012-FC02,48.0,3,2026-01-16T20:19:00Z,36.214977,22.028578
EVT0012,EVT0012-FC02,48.0,3,2026-01-16T20:19:00Z,36.738606,21.91567
EVT0012,EVT0012-FC02,48.0,3,2026-01-16T20:19:00Z,36.444175,22.521091
EVT0012,EVT0012-FC02,48.0,3,2026-01-16T20:19:00Z,35.597982,21.059485
EVT0012,EVT0012-FC02,48.0,3,2026-01-16T20:19:00Z,36.424343,22.726255
EVT0012,EVT0012-FC02,48.0,3,2026-01-16T20:19:00Z,36.350974,22.351571
EVT0012,EVT0012-FC02,48.0,3,2026-01-16T20:19:00Z,35.967744,21.601507
EVT0012,EVT0012-FC02,48.0,3,2026-01-16T20:19:00Z,35.819602,22.182349
EVT0012,EVT0012-FC02,48.0,3,2026-01-16T20:19:00Z,36.32576,22.449694
EVT0012,EVT0012-FC02,48.0,3,2026-01-16T20:19:00Z,35.824995,22.982878
EVT0012,EVT0012-FC02,72.0,3,2026-01-17T20:19:00Z,37.176811,21.379497
EVT0012,EVT0012-FC02,72.0,3,2026-01-17T20:19:00Z,36.998617,21.86741
EVT0012,EVT0012-FC02,72.0,3,2026-01-17T20:19:00Z,36.426202,22.87511
EVT0012,EVT0012-FC02,72.0,3,2026-01-17T20:19:00Z,36.568949,22.4244
EVT0012,EVT0012-FC02,72.0,3,2026-01-17T20:19:00Z,37.051167,21.624127
EVT0012,EVT0012-FC02,72.0,3,2026-01-17T20:19:00Z,37.329285,22.468717
EVT0012,EVT0012-FC02,72.0,3,2026-01-17T20:19:00Z,36.767534,21.34371
EVT0012,EVT0012-FC02,72.0,3,2026-01-17T20:19:00Z,36.893905,22.497582
EVT0012,EVT0012-FC02,72.0,3,2026-01-17T20:19:00Z,35.998104,21.297998
EVT0012,EVT0012-FC02,72.0,3,2026-01-17T20:19:00Z,36.833278,22.464526
EVT0012,EVT0012-FC02,72.0,3,2026-01-17T20:19:00Z,36.79982,20.684003
EVT0012,EVT0012-FC02,72.0,3,2026-01-17T20:19:00Z,35.705512,21.211951
EVT0012,EVT0012-FC02,72.0,3,2026-01-17T20:19:00Z,35.845627,21.056952
EVT0012,EVT0012-FC02,72.0,3,2026-01-17T20:19:00Z,36.804971,20.561779
EVT0012,EVT0012-FC02,72.0,3,2026-01-17T20:19:00Z,36.393688,22.14436
EVT0012,EVT0012-FC02,72.0,3,2026-01-17T20:19:00Z,36.645573,21.54861
EVT0012,EVT0012-FC02,72.0,3,2026-01-17T20:19:00Z,36.673713,22.533106
EVT0012,EVT0012-FC02,72.0,3,2026-01-17T20:19:00Z,36.097032,22.38439
EVT0012,EVT0012-FC02,72.0,3,2026-01-17T20:19:00Z,35.733491,22.277206
EVT0012,EVT0012-FC02,72.0,3,2026-01-17T20:19:00Z,36.511975,22.358894
EVT0012,EVT0012-FC02,72.0,3,2026-01-17T20:19:00Z,36.397971,21.986155
EVT0012,EVT0012-FC02,72.0,3,2026-01-17T20:19:00Z,35.82102,22.469746
EVT0012,EVT0012-FC02,72.0,3,2026-01-17T20:19:00Z,36.939514,22.395943
EVT0012,EVT0012-FC02,72.0,3,2026-01-17T20:19:00Z,37.172236,23.313124
EVT0012,EVT0012-FC02,72.0,3,2026-01-17T20:19:00Z,36.384426,20.834896
EVT0012,EVT0012-FC02,72.0,3,2026-01-17T20:19:00Z,36.597145,22.209908
EVT0012,EVT0012-FC02,72.0,3,2026-01-17T20:19:00Z,36.507293,21.942964
EVT0012,EVT0012-FC02,72.0,3,2026-01-17T20:19:00Z,36.640572,22.096278
EVT0012,EVT0012-FC02,72.0,3,2026-01-17T20:19:00Z,36.581535,22.253341
EVT0012,EVT0012-FC02,72.0,3,2026-01-17T20:19:00Z,36.960813,21.9802
EVT0012,EVT0012-FC02,72.0,3,2026-01-17T20:19:00Z,37.228259,22.057609
EVT0012,EVT0012-FC02,72.0,3,2026-01-17T20:19:00Z,36.698346,20.904658
EVT0012,EVT0012-FC02,72.0,3,2026-01-17T20:19:00Z,35.583338,21.80841
EVT0012,EVT0012-FC02,72.0,3,2026-01-17T20:19:00Z,36.292623,22.124731
EVT0012,EVT0012-FC02,72.0,3,2026-01-17T20:19:00Z,35.708448,22.400689
EVT0012,EVT0012-FC02,72.0,3,2026-01-17T20:19:00Z,36.832684,22.429447
EVT0012,EVT0012-FC02,72.0,3,2026-01-17T20:19:00Z,36.870752,21.363201
EVT0012,EVT0012-FC02,72.0,3,2026-01-17T20:19:00Z,36.256944,22.072637
EVT0012,EVT0012-FC02,72.0,3,2026-01-17T20:19:00Z,35.710806,21.723005
EVT0012,EVT0012-FC02,72.0,3,2026-01-17T20:19:00Z,36.289294,21.916117
EVT0012,EVT0012-FC02,12.0,4,2026-01-15T08:19:00Z,36.084928,22.196453
EVT0012,EVT0012-FC02,12.0,4,2026-01-15T08:19:00Z,35.938918,22.183959
EVT0012,EVT0012-FC02,12.0,4,2026-01-15T08:19:00Z,35.900149,22.097077
EVT0012,EVT0012-FC02,12.0,4,2026-01-15T08:19:00Z,35.693857,21.781772
EVT0012,EVT0012-FC02,12.0,4,2026-01-15T08:19:00Z,35.784508,21.683821
EVT0012,EVT0012-FC02,12.0,4,2026-01-15T08:19:00Z,35.84399,22.23651
EVT0012,EVT0012-FC02,12.0,4,2026-01-15T08:19:00Z,35.84076,22.03742
EVT0012,EVT0012-FC02,12.0,4,2026-01-15T08:19:00Z,35.999664,22.188892
EVT0012,EVT0012-FC02,12.0,4,2026-01-15T08:19:00Z,35.981653,22.183132
EVT0012,EVT0012-FC02,12.0,4,2026-01-15T08:19:00Z,35.805515,21.941837
EVT0012,EVT0012-FC02,12.0,4,2026-01-15T08:19:00Z,35.709833,21.449695
EVT0012,EVT0012-FC02,12.0,4,2026-01-15T08:19:00Z,35.776537,21.7381
EVT0012,EVT0012-FC02,12.0,4,2026-01-15T08:19:00Z,35.618569,21.915376
EVT0012,EVT0012-FC02,12.0,4,2026-01-15T08:19:00Z,35.990275,22.078121
EVT0012,EVT0012-FC02,12.0,4,2026-01-15T08:19:00Z,35.66343,21.753185
EVT0012,EVT0012-FC02,12.0,4,2026-01-15T08:19:00Z,35.712473,21.909617
EVT0012,EVT0012-FC02,12.0,4,2026-01-15T08:19:00Z,35.865628,21.712734
EVT0012,EVT0012-FC02,12.0,4,2026-01-15T08:19:00Z,35.765549,21.826714
EVT0012,EVT0012-FC02,12.0,4,2026-01-15T08:19:00Z,35.913568,22.216702
EVT0012,EVT0012-FC02,12.0,4,2026-01-15T08:19:00Z,35.887509,21.967744
EVT0012,EVT0012-FC02,12.0,4,2026-01-15T08:19:00Z,35.903662,21.910743
EVT0012,EVT0012-FC02,12.0,4,2026-01-15T08:19:00Z,35.326881,22.195239
EVT0012,EVT0012-FC02,12.0,4,2026-01-15T08:19:00Z,35.686845,21.709156
EVT0012,EVT0012-FC02,12.0,4,2026-01-15T08:19:00Z,36.003021,21.974132
EVT0012,EVT0012-FC02,12.0,4,2026-01-15T08:19:00Z,35.788586,21.873929
EVT0012,EVT0012-FC02,12.0,4,2026-01-15T08:19:00Z,35.853473,21.66879
EVT0012,EVT0012-FC02,12.0,4,2026-01-15T08:19:00Z,35.673529,21.402398
EVT0012,EVT0012-FC02,12.0,4,2026-01-15T08:19:00Z,36.122847,22.182144
EVT0012,EVT0012-FC02,12.0,4,2026-01-15T08:19:00Z,35.53625,21.369156
EVT0012,EVT0012-FC02,12.0,4,2026-01-15T08:19:00Z,35.417486,21.614624
EVT0012,EVT0012-FC02,12.0,4,2026-01-15T08:19:00Z,35.982901,21.777261
EVT0012,EVT0012-FC02,12.0,4,2026-01-15T08:19:00Z,35.811885,21.890616
EVT0012,EVT0012-FC02,12.0,4,2026-01-15T08:19:00Z,36.076678,22.326376
EVT0012,EVT0012-FC02,12.0,4,2026-01-15T08:19:00Z,35.52325,21.682149
EVT0012,EVT0012-FC02,12.0,4,2026-01-15T08:19:00Z,35.838028,22.127775
EVT0012,EVT0012-FC02,12.0,4,2026-01-15T08:19:00Z,35.701243,21.81452
EVT0012,EVT0012-FC02,12.0,4,2026-01-15T08:19:00Z,35.886098,22.09931
EVT0012,EVT0012-FC02,12.0,4,2026-01-15T08:19:00Z,35.745943,21.88455
EVT0012,EVT0012-FC02,12.0,4,2026-01-15T08:19:00Z,35.620342,21.790978
EVT0012,EVT0012-FC02,12.0,4,2026-01-15T08:19:00Z,35.948493,22.211134
EVT0012,EVT0012-FC02,24.0,4,2026-01-15T20:19:00Z,35.271778,22.004217
EVT0012,EVT0012-FC02,24.0,4,2026-01-15T20:19:00Z,35.333151,22.19848
EVT0012,EVT0012-FC02,24.0,4,2026-01-15T20:19:00Z,36.183224,22.181559
EVT0012,EVT0012-FC02,24.0,4,2026-01-15T20:19:00Z,36.19223,22.062067
EVT0012,EVT0012-FC02,24.0,4,2026-01-15T20:19:00Z,35.887653,22.019134
EVT0012,EVT0012-FC02,24.0,4,2026-01-15T20:19:00Z,35.813252,21.778441
EVT0012,EVT0012-FC02,24.0,4,2026-01-15T20:19:00Z,35.903757,21.987836
EVT0012,EVT0012-FC02,24.0,4,2026-01-15T20:19:00Z,35.9446,22.189622
EVT0012,EVT0012-FC02,24.0,4,2026-01-15T20:19:00Z,35.445901,22.355731
EVT0012,EVT0012-FC02,24.0,4,2026-01-15T20:19:00Z,35.94125,22.173709
EVT0012,EVT0012-FC02,24.0,4,2026-01-15T20:19:00Z,35.802882,21.947231
EVT0012,EVT0012-FC02,24.0,4,2026-01-15T20:19:00Z,36.193789,22.019566
EVT0012,EVT0012-FC02,24.0,4,2026-01-15T20:19:00Z,35.563496,21.902726
EVT0012,EVT0012-FC02,24.0,4,2026-01-15T20:19:00Z,36.073433,22.097281
EVT0012,EVT0012-FC02,24.0,4,2026-01-15T20:19:00Z,35.978427,22.158474
EVT0012,EVT0012-FC02,24.0,4,2026-01-15T20:19:00Z,35.763627,21.52158
EVT0012,EVT0012-FC02,24.0,4,2026-01-15T20:19:00Z,36.108786,22.076408
EVT0012,EVT0012-FC02,24.0,4,2026-01-15T20:19:00Z,36.050066,22.04526
EVT0012,EVT0012-FC02,24.0,4,2026-01-15T20:19:00Z,35.388302,21.843088
EVT0012,EVT0012-FC02,24.0,4,2026-01-15T20:19:00Z,36.120882,22.14847
EVT0012,EVT0012-FC02,24.0,4,2026-01-15T20:19:00Z,36.245199,22.020312
EVT0012,EVT0012-FC02,24.0,4,2026-01-15T20:19:00Z,36.135174,22.209537
EVT0012,EVT0012-FC02,24.0,4,2026-01-15T20:19:00Z,36.377546,22.29676
EVT0012,EVT0012-FC02,24.0,4,2026-01-15T20:19:00Z,35.681345,22.170721
EVT0012,EVT0012-FC02,24.0,4,2026-01-15T20:19:00Z,35.955853,22.413567
EVT0012,EVT0012-FC02,24.0,4,2026-01-15T20:19:00Z,35.612644,22.639689
EVT0012,EVT0012-FC02,24.0,4,2026-01-15T20:19:00Z,35.896798,22.180064
EVT0012,EVT0012-FC02,24.0,4,2026-01-15T20:19:00Z,36.012969,22.018246
EVT0012,EVT0012-FC02,24.0,4,2026-01-15T20:19:00Z,36.214883,22.286394
EVT0012,EVT0012-FC02,24.0,4,2026-01-15T20:19:00Z,36.432225,22.121438
EVT0012,EVT0012-FC02,24.0,4,2026-01-15T20:19:00Z,35.695269,21.591959
EVT0012,EVT0012-FC02,24.0,4,2026-01-15T20:19:00Z,35.602736,21.958768
EVT0012,EVT0012-FC02,24.0,4,2026-01-15T20:19:00Z,35.984021,21.924909
EVT0012,EVT0012-FC02,24.0,4,2026-01-15T20:19:00Z,35.998701,22.031132
EVT0012,EVT0012-FC02,24.0,4,2026-01-15T20:19:00Z,35.681851,21.865074
EVT0012,EVT0012-FC02,24.0,4,2026-01-15T20:19:00Z,36.05902,21.830558
EVT0012,EVT0012-FC02,24.0,4,2026-01-15T20:19:00Z,36.30898,22.208134
EVT0012,EVT0012-FC02,24.0,4,2026-01-15T20:19:00Z,35.990058,22.146187
EVT0012,EVT0012-FC02,24.0,4,2026-01-15T20:19:00Z,36.069375,22.085219
EVT0012,EVT0012-FC02,24.0,4,2026-01-15T20:19:00Z,36.101068,22.397206
EVT0012,EVT0012-FC02,48.0,4,2026-01-16T20:19:00Z,35.863835,20.719208
EVT0012,EVT0012-FC02,48.0,4,2026-01-16T20:19:00Z,36.187821,22.071824
EVT0012,EVT0012-FC02,48.0,4,2026-01-16T20:19:00Z,36.178928,21.991056
EVT0012,EVT0012-FC02,48.0,4,2026-01-16T20:19:00Z,36.476153,22.568838
EVT0012,EVT0012-FC02,48.0,4,2026-01-16T20:19:00Z,36.53815,22.687638
EVT0012,EVT0012-FC02,48.0,4,2026-01-16T20:19:00Z,36.900453,21.896999
EVT0012,EVT0012-FC02,48.0,4,2026-01-16T20:19:00Z,36.332477,22.640308
EVT0012,EVT0012-FC02,48.0,4,2026-01-16T20:19:00Z,36.256664,22.187608
EVT0012,EVT0012-FC02,48.0,4,2026-01-16T20:19:00Z,36.489931,22.495203
EVT0012,EVT0012-FC02,48.0,4,2026-01-16T20:19:00Z,35.536821,21.985622
EVT0012,EVT0012-FC02,48.0,4,2026-01-16T20:19:00Z,36.299447,22.195516
EVT0012,EVT0012-FC02,48.0,4,2026-01-16T20:19:00Z,34.987071,22.128218
EVT0012,EVT0012-FC02,48.0,4,2026-01-16T20:19:00Z,35.827338,22.779752
EVT0012,EVT0012-FC02,48.0,4,2026-01-16T20:19:00Z,36.313033,22.274082
EVT0012,EVT0012-FC02,48.0,4,2026-01-16T20:19:00Z,36.25515,22.323042
EVT0012,EVT0012-FC02,48.0,4,2026-01-16T20:19:00Z,36.779106,21.559517
EVT0012,EVT0012-FC02,48.0,4,2026-01-16T20:19:00Z,36.235209,22.27289
EVT0012,EVT0012-FC02,48.0,4,2026-01-16T20:19:00Z,36.495622,21.530048
EVT0012,EVT0012-FC02,48.0,4,2026-01-16T20:19:00Z,37.001373,21.870961
EVT0012,EVT0012-FC02,48.0,4,2026-01-16T20:19:00Z,35.963454,21.391714
EVT0012,EVT0012-FC02,48.0,4,2026-01-16T20:19:00Z,36.170447,21.897893
EVT0012,EVT0012-FC02,48.0,4,2026-01-16T20:19:00Z,36.191943,21.941149
EVT0012,EVT0012-FC02,48.0,4,2026-01-16T20:19:00Z,35.921319,21.613496
EVT0012,EVT0012-FC02,48.0,4,2026-01-16T20:19:00Z,36.179423,20.938828
EVT0012,EVT0012-FC02,48.0,4,2026-01-16T20:19:00Z,36.3146,21.886403
EVT0012,EVT0012-FC02,48.0,4,2026-01-16T20:19:00Z,36.172644,22.317079
EVT0012,EVT0012-FC02,48.0,4,2026-01-16T20:19:00Z,36.225381,22.120159
EVT0012,EVT0012-FC02,48.0,4,2026-01-16T20:19:00Z,36.656672,21.54289
EVT0012,EVT0012-FC02,48.0,4,2026-01-16T20:19:00Z,36.27445,22.063227
EVT0012,EVT0012-FC02,48.0,4,2026-01-16T20:19:00Z,36.636275,21.615293
EVT0012,EVT0012-FC02,48.0,4,2026-01-16T20:19:00Z,36.275967,22.144719
EVT0012,EVT0012-FC02,48.0,4,2026-01-16T20:19:00Z,36.288812,22.02506
EVT0012,EVT0012-FC02,48.0,4,2026-01-16T20:19:00Z,36.286142,22.197824
EVT0012,EVT0012-FC02,48.0,4,2026-01-16T20:19:00Z,35.847094,21.537226
EVT0012,EVT0012-FC02,48.0,4,2026-01-16T20:19:00Z,36.210721,21.900009
EVT0012,EVT0012-FC02,48.0,4,2026-01-16T20:19:00Z,36.22638,22.115723
EVT0012,EVT0012-FC02,48.0,4,2026-01-16T20:19:00Z,35.607209,21.83782
EVT0012,EVT0012-FC02,48.0,4,2026-01-16T20:19:00Z,36.280852,22.308889
EVT0012,EVT0012-FC02,48.0,4,2026-01-16T20:19:00Z,36.2877,22.469678
EVT0012,EVT0012-FC02,48.0,4,2026-01-16T20:19:00Z,36.410104,22.550374
EVT0012,EVT0012-FC02,72.0,4,2026-01-17T20:19:00Z,36.438928,22.237008
EVT0012,EVT0012-FC02,72.0,4,2026-01-17T20:19:00Z,36.523497,21.739362
EVT0012,EVT0012-FC02,72.0,4,2026-01-17T20:19:00Z,36.686682,21.713998
EVT0012,EVT0012-FC02,72.0,4,2026-01-17T20:19:00Z,36.887794,22.248613
EVT0012,EVT0012-FC02,72.0,4,2026-01-17T20:19:00Z,36.340496,21.728526
EVT0012,EVT0012-FC02,72.0,4,2026-01-17T20:19:00Z,35.701611,22.582366
EVT0012,EVT0012-FC02,72.0,4,2026-01-17T20:19:00Z,36.330604,21.6381
EVT0012,EVT0012-FC02,72.0,4,2026-01-17T20:19:00Z,36.610186,22.936816
EVT0012,EVT0012-FC02,72.0,4,2026-01-17T20:19:00Z,37.075182,21.124026
EVT0012,EVT0012-FC02,72.0,4,2026-01-17T20:19:00Z,36.501612,21.735368
EVT0012,EVT0012-FC02,72.0,4,2026-01-17T20:19:00Z,36.292649,20.858513
EVT0012,EVT0012-FC02,72.0,4,2026-01-17T20:19:00Z,37.211958,21.25233
EVT0012,EVT0012-FC02,72.0,4,2026-01-17T20:19:00Z,36.213212,21.964757
EVT0012,EVT0012-FC02,72.0,4,2026-01-17T20:19:00Z,36.499135,22.00965
EVT0012,EVT0012-FC02,72.0,4,2026-01-17T20:19:00Z,35.911877,21.482478
EVT0012,EVT0012-FC02,72.0,4,2026-01-17T20:19:00Z,36.637886,21.51933
EVT0012,EVT0012-FC02,72.0,4,2026-01-17T20:19:00Z,36.750856,22.782544
EVT0012,EVT0012-FC02,72.0,4,2026-01-17T20:19:00Z,36.441698,21.040716
EVT0012,EVT0012-FC02,72.0,4,2026-01-17T20:19:00Z,36.347502,21.822963
EVT0012,EVT0012-FC02,72.0,4,2026-01-17T20:19:00Z,36.721117,21.485653
EVT0012,EVT0012-FC02,72.0,4,2026-01-17T20:19:00Z,36.141086,21.278299
EVT0012,EVT0012-FC02,72.0,4,2026-01-17T20:19:00Z,35.772156,22.659861
EVT0012,EVT0012-FC02,72.0,4,2026-01-17T20:19:00Z,36.721265,21.378901
EVT0012,EVT0012-FC02,72.0,4,2026-01-17T20:19:00Z,36.152194,21.600914
EVT0012,EVT0012-FC02,72.0,4,2026-01-17T20:19:00Z,36.168602,21.865526
EVT0012,EVT0012-FC02,72.0,4,2026-01-17T20:19:00Z,36.108697,21.693546
EVT0012,EVT0012-FC02,72.0,4,2026-01-17T20:19:00Z,36.699591,23.190155
EVT0012,EVT0012-FC02,72.0,4,2026-01-17T20:19:00Z,36.779086,23.141556
EVT0012,EVT0012-FC02,72.0,4,2026-01-17T20:19:00Z,36.823976,22.209411
EVT0012,EVT0012-FC02,72.0,4,2026-01-17T20:19:00Z,37.357109,22.802866
EVT0012,EVT0012-FC02,72.0,4,2026-01-17T20:19:00Z,36.69494,21.802395
EVT0012,EVT0012-FC02,72.0,4,2026-01-17T20:19:00Z,36.968586,21.988015
EVT0012,EVT0012-FC02,72.0,4,2026-01-17T20:19:00Z,36.407615,22.771326
EVT0012,EVT0012-FC02,72.0,4,2026-01-17T20:19:00Z,35.919996,22.348793
EVT0012,EVT0012-FC02,72.0,4,2026-01-17T20:19:00Z,35.615604,21.907091
EVT0012,EVT0012-FC02,72.0,4,2026-01-17T20:19:00Z,36.733637,22.555642
EVT0012,EVT0012-FC02,72.0,4,2026-01-17T20:19:00Z,37.024557,22.297689
EVT0012,EVT0012-FC02,72.0,4,2026-01-17T20:19:00Z,36.534754,21.753048
EVT0012,EVT0012-FC02,72.0,4,2026-01-17T20:19:00Z,36.564074,21.526455
EVT0012,EVT0012-FC02,72.0,4,2026-01-17T20:19:00Z,36.027968,21.926547
EVT0012,EVT0012-FC02,12.0,5,2026-01-15T08:19:00Z,35.71317,21.830287
EVT0012,EVT0012-FC02,12.0,5,2026-01-15T08:19:00Z,35.56402,22.178294
EVT0012,EVT0012-FC02,12.0,5,2026-01-15T08:19:00Z,35.684319,21.88707
EVT0012,EVT0012-FC02,12.0,5,2026-01-15T08:19:00Z,35.76045,21.792478
EVT0012,EVT0012-FC02,12.0,5,2026-01-15T08:19:00Z,35.932902,21.74232
EVT0012,EVT0012-FC02,12.0,5,2026-01-15T08:19:00Z,35.738676,21.797444
EVT0012,EVT0012-FC02,12.0,5,2026-01-15T08:19:00Z,35.595639,21.748745
EVT0012,EVT0012-FC02,12.0,5,2026-01-15T08:19:00Z,35.687569,21.677765
EVT0012,EVT0012-FC02,12.0,5,2026-01-15T08:19:00Z,35.834833,22.1849
EVT0012,EVT0012-FC02,12.0,5,2026-01-15T08:19:00Z,35.998691,22.120171
EVT0012,EVT0012-FC02,12.0,5,2026-01-15T08:19:00Z,35.6951,21.976799
EVT0012,EVT0012-FC02,12.0,5,2026-01-15T08:19:00Z,35.791599,22.026838
EVT0012,EVT0012-FC02,12.0,5,2026-01-15T08:19:00Z,35.773675,22.022701
EVT0012,EVT0012-FC02,12.0,5,2026-01-15T08:19:00Z,35.339592,21.980558
EVT0012,EVT0012-FC02,12.0,5,2026-01-15T08:19:00Z,35.796981,21.847903
EVT0012,EVT0012-FC02,12.0,5,2026-01-15T08:19:00Z,35.714048,21.976203
EVT0012,EVT0012-FC02,12.0,5,2026-01-15T08:19:00Z,35.862937,21.914363
EVT0012,EVT0012-FC02,12.0,5,2026-01-15T08:19:00Z,35.544304,21.84847
EVT0012,EVT0012-FC02,12.0,5,2026-01-15T08:19:00Z,35.740184,21.773556
EVT0012,EVT0012-FC02,12.0,5,2026-01-15T08:19:00Z,35.900583,22.162427
EVT0012,EVT0012-FC02,12.0,5,2026-01-15T08:19:00Z,35.924724,22.099345
EVT0012,EVT0012-FC02,12.0,5,2026-01-15T08:19:00Z,35.82575,21.638066
EVT0012,EVT0012-FC02,12.0,5,2026-01-15T08:19:00Z,35.843869,21.788552
EVT0012,EVT0012-FC02,12.0,5,2026-01-15T08:19:00Z,35.858903,21.959849
EVT0012,EVT0012-FC02,12.0,5,2026-01-15T08:19:00Z,35.714372,21.626371
EVT0012,EVT0012-FC02,12.0,5,2026-01-15T08:19:00Z,35.906312,21.841193
EVT0012,EVT0012-FC02,12.0,5,2026-01-15T08:19:00Z,35.602381,21.706268
EVT0012,EVT0012-FC02,12.0,5,2026-01-15T08:19:00Z,35.597333,21.97439
EVT0012,EVT0012-FC02,12.0,5,2026-01-15T08:19:00Z,35.701321,22.025982
EVT0012,EVT0012-FC02,12.0,5,2026-01-15T08:19:00Z,35.778633,21.449295
EVT0012,EVT0012-FC02,12.0,5,2026-01-15T08:19:00Z,35.747087,21.491987
EVT0012,EVT0012-FC02,12.0,5,2026-01-15T08:19:00Z,35.598715,21.753827
EVT0012,EVT0012-FC02,12.0,5,2026-01-15T08:19:00Z,35.553696,21.874404
EVT0012,EVT0012-FC02,12.0,5,2026-01-15T08:19:00Z,35.706217,21.63499
EVT0012,EVT0012-FC02,12.0,5,2026-01-15T08:19:00Z,35.821102,22.079795
EVT0012,EVT0012-FC02,12.0,5,2026-01-15T08:19:00Z,35.918987,22.184527
EVT0012,EVT0012-FC02,12.0,5,2026-01-15T08:19:00Z,35.838059,21.80261
EVT0012,EVT0012-FC02,12.0,5,2026-01-15T08:19:00Z,35.665937,21.879787
EVT0012,EVT0012-FC02,12.0,5,2026-01-15T08:19:00Z,35.782463,21.942571
EVT0012,EVT0012-FC02,12.0,5,2026-01-15T08:19:00Z,35.826909,21.781619
EVT0012,EVT0012-FC02,24.0,5,2026-01-15T20:19:00Z,35.971363,21.96605
EVT0012,EVT0012-FC02,24.0,5,2026-01-15T20:19:00Z,36.162672,22.105865
EVT0012,EVT0012-FC02,24.0,5,2026-01-15T20:19:00Z,36.050243,21.705696
EVT0012,EVT0012-FC02,24.0,5,2026-01-15T20:19:00Z,35.808343,22.392855
EVT0012,EVT0012-FC02,24.0,5,2026-01-15T20:19:00Z,35.933345,21.963679
EVT0012,EVT0012-FC02,24.0,5,2026-01-15T20:19:00Z,35.828646,22.06846
EVT0012,EVT0012-FC02,24.0,5,2026-01-15T20:19:00Z,36.117945,22.070776
EVT0012,EVT0012-FC02,24.0,5,2026-01-15T20:19:00Z,36.1875,22.212033
EVT0012,EVT0012-FC02,24.0,5,2026-01-15T20:19:00Z,36.225928,22.257152
EVT0012,EVT0012-FC02,24.0,5,2026-01-15T20:19:00Z,35.819678,21.526324
EVT0012,EVT0012-FC02,24.0,5,2026-01-15T20:19:00Z,35.893765,22.113667
EVT0012,EVT0012-FC02,24.0,5,2026-01-15T20:19:00Z,36.056094,21.923482
EVT0012,EVT0012-FC02,24.0,5,2026-01-15T20:19:00Z,36.301464,22.224652
EVT0012,EVT0012-FC02,24.0,5,2026-01-15T20:19:00Z,36.176396,21.968401
EVT0012,EVT0012-FC02,24.0,5,2026-01-15T20:19:00Z,35.502806,21.765517
EVT0012,EVT0012-FC02,24.0,5,2026-01-15T20:19:00Z,35.851509,21.658824
EVT0012,EVT0012-FC02,24.0,5,2026-01-15T20:19:00Z,35.712102,21.732212
EVT0012,EVT0012-FC02,24.0,5,2026-01-15T20:19:00Z,35.799382,21.962185
EVT0012,EVT0012-FC02,24.0,5,2026-01-15T20:19:00Z,36.035303,22.031093
EVT0012,EVT0012-FC02,24.0,5,2026-01-15T20:19:00Z,35.639804,21.588479
EVT0012,EVT0012-FC02,24.0,5,2026-01-15T20:19:00Z,35.282525,21.76551
EVT0012,EVT0012-FC02,24.0,5,2026-01-15T20:19:00Z,35.868731,21.74805
EVT0012,EVT0012-FC02,24.0,5,2026-01-15T20:19:00Z,35.457778,22.102083
EVT0012,EVT0012-FC02,24.0,5,2026-01-15T20:19:00Z,35.806969,21.621068
EVT0012,EVT0012-FC02,24.0,5,2026-01-15T20:19:00Z,36.084282,22.082295
EVT0012,EVT0012-FC02,24.0,5,2026-01-15T20:19:00Z,35.993526,21.866306
EVT0012,EVT0012-FC02,24.0,5,2026-01-15T20:19:00Z,36.001262,21.645427
EVT0012,EVT0012-FC02,24.0,5,2026-01-15T20:19:00Z,35.419773,22.387323
EVT0012,EVT0012-FC02,24.0,5,2026-01-15T20:19:00Z,35.70494,21.515674
EVT0012,EVT0012-FC02,24.0,5,2026-01-15T20:19:00Z,35.974576,22.01531
EVT0012,EVT0012-FC02,24.0,5,2026-01-15T20:19:00Z,35.207853,21.767859
EVT0012,EVT0012-FC02,24.0,5,2026-01-15T20:19:00Z,36.072296,22.130777
EVT0012,EVT0012-FC02,24.0,5,2026-01-15T20:19:00Z,35.917878,21.904043
EVT0012,EVT0012-FC02,24.0,5,2026-01-15T20:19:00Z,35.43486,21.956302
EVT0012,EVT0012-FC02,24.0,5,2026-01-15T20:19:00Z,36.004011,21.64597
EVT0012,EVT0012-FC02,24.0,5,2026-01-15T20:19:00Z,36.131349,22.159369
EVT0012,EVT0012-FC02,24.0,5,2026-01-15T20:19:00Z,35.492175,21.785159
EVT0012,EVT0012-FC02,24.0,5,2026-01-15T20:19:00Z,35.954097,21.63215
EVT0012,EVT0012-FC02,24.0,5,2026-01-15T20:19:00Z,36.106491,22.302437
EVT0012,EVT0012-FC02,24.0,5,2026-01-15T20:19:00Z,35.995209,22.192878
EVT0012,EVT0012-FC02,48.0,5,2026-01-16T20:19:00Z,35.453934,21.886064
EVT0012,EVT0012-FC02,48.0,5,2026-01-16T20:19:00Z,36.275302,22.017187
EVT0012,EVT0012-FC02,48.0,5,2026-01-16T20:19:00Z,36.14708,21.898345
EVT0012,EVT0012-FC02,48.0,5,2026-01-16T20:19:00Z,35.995551,21.394343
EVT0012,EVT0012-FC02,48.0,5,2026-01-16T20:19:00Z,36.434382,22.448895
EVT0012,EVT0012-FC02,48.0,5,2026-01-16T20:19:00Z,35.845157,21.693456
EVT0012,EVT0012-FC02,48.0,5,2026-01-16T20:19:00Z,36.268915,22.59519
EVT0012,EVT0012-FC02,48.0,5,2026-01-16T20:19:00Z,35.488594,22.257508
EVT0012,EVT0012-FC02,48.0,5,2026-01-16T20:19:00Z,36.191168,21.842848
EVT0012,EVT0012-FC02,48.0,5,2026-01-16T20:19:00Z,36.348855,21.673631
EVT0012,EVT0012-FC02,48.0,5,2026-01-16T20:19:00Z,36.337711,22.514499
EVT0012,EVT0012-FC02,48.0,5,2026-01-16T20:19:00Z,35.785475,22.119528
EVT0012,EVT0012-FC02,48.0,5,2026-01-16T20:19:00Z,36.297265,22.289369
EVT0012,EVT0012-FC02,48.0,5,2026-01-16T20:19:00Z,35.739291,22.517378
EVT0012,EVT0012-FC02,48.0,5,2026-01-16T20:19:00Z,35.894905,22.943079
EVT0012,EVT0012-FC02,48.0,5,2026-01-16T20:19:00Z,36.494655,22.094181
EVT0012,EVT0012-FC02,48.0,5,2026-01-16T20:19:00Z,36.482216,22.713635
EVT0012,EVT0012-FC02,48.0,5,2026-01-16T20:19:00Z,36.442035,22.31368
EVT0012,EVT0012-FC02,48.0,5,2026-01-16T20:19:00Z,35.933343,22.289063
EVT0012,EVT0012-FC02,48.0,5,2026-01-16T20:19:00Z,35.812771,22.308032
EVT0012,EVT0012-FC02,48.0,5,2026-01-16T20:19:00Z,36.784286,21.493347
EVT0012,EVT0012-FC02,48.0,5,2026-01-16T20:19:00Z,36.610921,22.578044
EVT0012,EVT0012-FC02,48.0,5,2026-01-16T20:19:00Z,36.404992,22.258966
EVT0012,EVT0012-FC02,48.0,5,2026-01-16T20:19:00Z,35.871839,21.987109
EVT0012,EVT0012-FC02,48.0,5,2026-01-16T20:19:00Z,36.246084,22.328563
EVT0012,EVT0012-FC02,48.0,5,2026-01-16T20:19:00Z,36.4542,20.995424
EVT0012,EVT0012-FC02,48.0,5,2026-01-16T20:19:00Z,36.095946,22.129949
EVT0012,EVT0012-FC02,48.0,5,2026-01-16T20:19:00Z,36.292272,20.910462
EVT0012,EVT0012-FC02,48.0,5,2026-01-16T20:19:00Z,36.092473,21.612852
EVT0012,EVT0012-FC02,48.0,5,2026-01-16T20:19:00Z,36.215284,22.075261
EVT0012,EVT0012-FC02,48.0,5,2026-01-16T20:19:00Z,36.226824,22.03212
EVT0012,EVT0012-FC02,48.0,5,2026-01-16T20:19:00Z,36.598102,21.691347
EVT0012,EVT0012-FC02,48.0,5,2026-01-16T20:19:00Z,36.657933,22.109504
EVT0012,EVT0012-FC02,48.0,5,2026-01-16T20:19:00Z,36.447924,22.470181
EVT0012,EVT0012-FC02,48.0,5,2026-01-16T20:19:00Z,35.875233,21.31158
EVT0012,EVT0012-FC02,48.0,5,2026-01-16T20:19:00Z,35.692286,22.462266
EVT0012,EVT0012-FC02,48.0,5,2026-01-16T20:19:00Z,36.730049,21.797083
EVT0012,EVT0012-FC02,48.0,5,2026-01-16T20:19:00Z,36.291355,22.16778
EVT0012,EVT0012-FC02,48.0,5,2026-01-16T20:19:00Z,35.717338,22.829915
EVT0012,EVT0012-FC02,48.0,5,2026-01-16T20:19:00Z,36.00647,21.700728
EVT0012,EVT0012-FC02,72.0,5,2026-01-17T20:19:00Z,36.546842,22.175445
EVT0012,EVT0012-FC02,72.0,5,2026-01-17T20:19:00Z,36.169043,23.21817
EVT0012,EVT0012-FC02,72.0,5,2026-01-17T20:19:00Z,36.6467,22.038797
EVT0012,EVT0012-FC02,72.0,5,2026-01-17T20:19:00Z,36.08543,21.404549
EVT0012,EVT0012-FC02,72.0,5,2026-01-17T20:19:00Z,35.488878,21.844741
EVT0012,EVT0012-FC02,72.0,5,2026-01-17T20:19:00Z,36.435277,22.666126
EVT0012,EVT0012-FC02,72.0,5,2026-01-17T20:19:00Z,37.171427,22.04729
EVT0012,EVT0012-FC02,72.0,5,2026-01-17T20:19:00Z,35.651338,22.122002
EVT0012,EVT0012-FC02,72.0,5,2026-01-17T20:19:00Z,36.306059,22.343529
EVT0012,EVT0012-FC02,72.0,5,2026-01-17T20:19:00Z,36.503494,21.703128
EVT0012,EVT0012-FC02,72.0,5,2026-01-17T20:19:00Z,36.140348,21.214892
EVT0012,EVT0012-FC02,72.0,5,2026-01-17T20:19:00Z,36.673486,21.567782
EVT0012,EVT0012-FC02,72.0,5,2026-01-17T20:19:00Z,36.539281,22.815147
EVT0012,EVT0012-FC02,72.0,5,2026-01-17T20:19:00Z,36.422518,21.46175
EVT0012,EVT0012-FC02,72.0,5,2026-01-17T20:19:00Z,36.833306,21.559941
EVT0012,EVT0012-FC02,72.0,5,2026-01-17T20:19:00Z,36.531409,20.978693
EVT0012,EVT0012-FC02,72.0,5,2026-01-17T20:19:00Z,37.107716,21.337437
EVT0012,EVT0012-FC02,72.0,5,2026-01-17T20:19:00Z,36.904863,21.939502
EVT0012,EVT0012-FC02,72.0,5,2026-01-17T20:19:00Z,36.219221,21.788076
EVT0012,EVT0012-FC02,72.0,5,2026-01-17T20:19:00Z,36.502237,21.017703
EVT0012,EVT0012-FC02,72.0,5,2026-01-17T20:19:00Z,36.373215,23.011051
EVT0012,EVT0012-FC02,72.0,5,2026-01-17T20:19:00Z,36.45267,22.048187
EVT0012,EVT0012-FC02,72.0,5,2026-01-17T20:19:00Z,35.916326,21.372765
EVT0012,EVT0012-FC02,72.0,5,2026-01-17T20:19:00Z,36.594128,21.652358
EVT0012,EVT0012-FC02,72.0,5,2026-01-17T20:19:00Z,35.630679,22.01912
EVT0012,EVT0012-FC02,72.0,5,2026-01-17T20:19:00Z,36.326266,22.695005
EVT0012,EVT0012-FC02,72.0,5,2026-01-17T20:19:00Z,36.073115,21.387781
EVT0012,EVT0012-FC02,72.0,5,2026-01-17T20:19:00Z,36.44864,21.705822
EVT0012,EVT0012-FC02,72.0,5,2026-01-17T20:19:00Z,36.219697,21.973333
EVT0012,EVT0012-FC02,72.0,5,2026-01-17T20:19:00Z,36.794277,21.618921
EVT0012,EVT0012-FC02,72.0,5,2026-01-17T20:19:00Z,36.593269,22.381367
EVT0012,EVT0012-FC02,72.0,5,2026-01-17T20:19:00Z,36.791011,22.683604
EVT0012,EVT0012-FC02,72.0,5,2026-01-17T20:19:00Z,35.852398,20.988988
EVT0012,EVT0012-FC02,72.0,5,2026-01-17T20:19:00Z,36.382446,23.013916
EVT0012,EVT0012-FC02,72.0,5,2026-01-17T20:19:00Z,35.95224,21.393216
EVT0012,EVT0012-FC02,72.0,5,2026-01-17T20:19:00Z,36.27727,21.673057
EVT0012,EVT0012-FC02,72.0,5,2026-01-17T20:19:00Z,36.561739,22.022514
EVT0012,EVT0012-FC02,72.0,5,2026-01-17T20:19:00Z,36.339798,21.963678
EVT0012,EVT0012-FC02,72.0,5,2026-01-17T20:19:00Z,36.221349,21.818548
EVT0012,EVT0012-FC02,72.0,5,2026-01-17T20:19:00Z,36.546651,21.434217
EVT0012,EVT0012-FC02,12.0,6,2026-01-15T08:19:00Z,35.969972,22.198786
EVT0012,EVT0012-FC02,12.0,6,2026-01-15T08:19:00Z,35.506914,21.976704
EVT0012,EVT0012-FC02,12.0,6,2026-01-15T08:19:00Z,35.649233,21.649923
EVT0012,EVT0012-FC02,12.0,6,2026-01-15T08:19:00Z,35.692804,22.045575
EVT0012,EVT0012-FC02,12.0,6,2026-01-15T08:19:00Z,35.726791,21.862284
EVT0012,EVT0012-FC02,12.0,6,2026-01-15T08:19:00Z,35.932607,22.107642
EVT0012,EVT0012-FC02,12.0,6,2026-01-15T08:19:00Z,35.511493,21.792264
EVT0012,EVT0012-FC02,12.0,6,2026-01-15T08:19:00Z,35.972261,21.922838
EVT0012,EVT0012-FC02,12.0,6,2026-01-15T08:19:00Z,35.9932,22.144516
EVT0012,EVT0012-FC02,12.0,6,2026-01-15T08:19:00Z,35.681841,21.894836
EVT0012,EVT0012-FC02,12.0,6,2026-01-15T08:19:00Z,35.874152,21.95041
EVT0012,EVT0012-FC02,12.0,6,2026-01-15T08:19:00Z,36.050958,22.179018
EVT0012,EVT0012-FC02,12.0,6,2026-01-15T08:19:00Z,35.634118,21.674749
EVT0012,EVT0012-FC02,12.0,6,2026-01-15T08:19:00Z,35.766488,22.167258
EVT0012,EVT0012-FC02,12.0,6,2026-01-15T08:19:00Z,35.755628,21.861664
EVT0012,EVT0012-FC02,12.0,6,2026-01-15T08:19:00Z,35.745087,21.837095
EVT0012,EVT0012-FC02,12.0,6,2026-01-15T08:19:00Z,35.751549,21.921411
EVT0012,EVT0012-FC02,12.0,6,2026-01-15T08:19:00Z,35.887168,22.052006
EVT0012,EVT0012-FC02,12.0,6,2026-01-15T08:19:00Z,36.025559,22.16297
EVT0012,EVT0012-FC02,12.0,6,2026-01-15T08:19:00Z,35.964797,21.523626
EVT0012,EVT0012-FC02,12.0,6,2026-01-15T08:19:00Z,35.724084,21.855891
EVT0012,EVT0012-FC02,12.0,6,2026-01-15T08:19:00Z,35.591774,21.823864
EVT0012,EVT0012-FC02,12.0,6,2026-01-15T08:19:00Z,35.676429,21.834891
EVT0012,EVT0012-FC02,12.0,6,2026-01-15T08:19:00Z,35.708535,21.945523
EVT0012,EVT0012-FC02,12.0,6,2026-01-15T08:19:00Z,35.745967,21.926943
EVT0012,EVT0012-FC02,12.0,6,2026-01-15T08:19:00Z,35.576859,21.791092
EVT0012,EVT0012-FC02,12.0,6,2026-01-15T08:19:00Z,35.73833,21.438964
EVT0012,EVT0012-FC02,12.0,6,2026-01-15T08:19:00Z,35.568002,21.604841
EVT0012,EVT0012-FC02,12.0,6,2026-01-15T08:19:00Z,35.477759,22.179802
EVT0012,EVT0012-FC02,12.0,6,2026-01-15T08:19:00Z,35.623711,22.174335
EVT0012,EVT0012-FC02,12.0,6,2026-01-15T08:19:00Z,35.611962,22.133045
EVT0012,EVT0012-FC02,12.0,6,2026-01-15T08:19:00Z,35.77486,21.784131
EVT0012,EVT0012-FC02,12.0,6,2026-01-15T08:19:00Z,35.809501,21.902418
EVT0012,EVT0012-FC02,12.0,6,2026-01-15T08:19:00Z,35.538188,21.842334
EVT0012,EVT0012-FC02,12.0,6,2026-01-15T08:19:00Z,35.693815,21.949037
EVT0012,EVT0012-FC02,12.0,6,2026-01-15T08:19:00Z,35.805605,21.788221
EVT0012,EVT0012-FC02,12.0,6,2026-01-15T08:19:00Z,35.951435,22.044348
EVT0012,EVT0012-FC02,12.0,6,2026-01-15T08:19:00Z,35.786618,21.954561
EVT0012,EVT0012-FC02,12.0,6,2026-01-15T08:19:00Z,35.800563,21.664641
EVT0012,EVT0012-FC02,12.0,6,2026-01-15T08:19:00Z,35.795201,21.844358
EVT0012,EVT0012-FC02,24.0,6,2026-01-15T20:19:00Z,36.023491,21.886683
EVT0012,EVT0012-FC02,24.0,6,2026-01-15T20:19:00Z,35.240149,21.765751
EVT0012,EVT0012-FC02,24.0,6,2026-01-15T20:19:00Z,36.242614,21.838402
EVT0012,EVT0012-FC02,24.0,6,2026-01-15T20:19:00Z,35.716989,21.71326
EVT0012,EVT0012-FC02,24.0,6,2026-01-15T20:19:00Z,36.062038,21.902322
EVT0012,EVT0012-FC02,24.0,6,2026-01-15T20:19:00Z,35.453389,22.379169
EVT0012,EVT0012-FC02,24.0,6,2026-01-15T20:19:00Z,35.827589,21.782261
EVT0012,EVT0012-FC02,24.0,6,2026-01-15T20:19:00Z,36.133373,22.03146
EVT0012,EVT0012-FC02,24.0,6,2026-01-15T20:19:00Z,36.191929,21.854309
EVT0012,EVT0012-FC02,24.0,6,2026-01-15T20:19:00Z,35.961241,22.096717
EVT0012,EVT0012-FC02,24.0,6,2026-01-15T20:19:00Z,35.479004,21.88328
EVT0012,EVT0012-FC02,24.0,6,2026-01-15T20:19:00Z,35.978605,21.973236
EVT0012,EVT0012-FC02,24.0,6,2026-01-15T20:19:00Z,36.10491,22.236265
EVT0012,EVT0012-FC02,24.0,6,2026-01-15T20:19:00Z,35.27275,22.06339
EVT0012,EVT0012-FC02,24.0,6,2026-01-15T20:19:00Z,36.120857,22.062216
EVT0012,EVT0012-FC02,24.0,6,2026-01-15T20:19:00Z,36.048771,22.122831
EVT0012,EVT0012-FC02,24.0,6,2026-01-15T20:19:00Z,35.989279,21.893499
EVT0012,EVT0012-FC02,24.0,6,2026-01-15T20:19:00Z,35.807237,22.08476
EVT0012,EVT0012-FC02,24.0,6,2026-01-15T20:19:00Z,36.271868,22.080832
EVT0012,EVT0012-FC02,24.0,6,2026-01-15T20:19:00Z,36.045804,22.187658
EVT0012,EVT0012-FC02,24.0,6,2026-01-15T20:19:00Z,35.827061,21.800006
EVT0012,EVT0012-FC02,24.0,6,2026-01-15T20:19:00Z,35.6561,22.384154
EVT0012,EVT0012-FC02,24.0,6,2026-01-15T20:19:00Z,36.205309,22.341446
EVT0012,EVT0012-FC02,24.0,6,2026-01-15T20:19:00Z,36.04031,21.974131
EVT0012,EVT0012-FC02,24.0,6,2026-01-15T20:19:00Z,36.350786,22.521017
EVT0012,EVT0012-FC02,24.0,6,2026-01-15T20:19:00Z,35.969029,21.958778
EVT0012,EVT0012-FC02,24.0,6,2026-01-15T20:19:00Z,36.256163,22.038478
EVT0012,EVT0012-FC02,24.0,6,2026-01-15T20:19:00Z,35.988436,21.715298
EVT0012,EVT0012-FC02,24.0,6,2026-01-15T20:19:00Z,35.982369,22.138706
EVT0012,EVT0012-FC02,24.0,6,2026-01-15T20:19:00Z,36.109545,22.106039
EVT0012,EVT0012-FC02,24.0,6,2026-01-15T20:19:00Z,35.887035,21.727285
EVT0012,EVT0012-FC02,24.0,6,2026-01-15T20:19:00Z,36.159895,22.13036
EVT0012,EVT0012-FC02,24.0,6,2026-01-15T20:19:00Z,35.404701,22.093998
EVT0012,EVT0012-FC02,24.0,6,2026-01-15T20:19:00Z,35.864001,21.81023
EVT0012,EVT0012-FC02,24.0,6,2026-01-15T20:19:00Z,35.994193,22.148556
EVT0012,EVT0012-FC02,24.0,6,2026-01-15T20:19:00Z,35.849614,22.091491
EVT0012,EVT0012-FC02,24.0,6,2026-01-15T20:19:00Z,35.908477,22.19737
EVT0012,EVT0012-FC02,24.0,6,2026-01-15T20:19:00Z,35.975117,22.051637
EVT0012,EVT0012-FC02,24.0,6,2026-01-15T20:19:00Z,35.846599,22.333584
EVT0012,EVT0012-FC02,24.0,6,2026-01-15T20:19:00Z,36.118907,22.167482
EVT0012,EVT0012-FC02,48.0,6,2026-01-16T20:19:00Z,35.53864,21.779354
EVT0012,EVT0012-FC02,48.0,6,2026-01-16T20:19:00Z,36.776259,21.704296
EVT0012,EVT0012-FC02,48.0,6,2026-01-16T20:19:00Z,35.675422,22.660374
EVT0012,EVT0012-FC02,48.0,6,2026-01-16T20:19:00Z,36.315093,22.336128
EVT0012,EVT0012-FC02,48.0,6,2026-01-16T20:19:00Z,35.812786,21.040871
EVT0012,EVT0012-FC02,48.0,6,2026-01-16T20:19:00Z,36.586708,21.589808
EVT0012,EVT0012-FC02,48.0,6,2026-01-16T20:19:00Z,36.329881,22.167712
EVT0012,EVT0012-FC02,48.0,6,2026-01-16T20:19:00Z,35.007317,22.217847
EVT0012,EVT0012-FC02,48.0,6,2026-01-16T20:19:00Z,36.372844,22.451843
EVT0012,EVT0012-FC02,48.0,6,2026-01-16T20:19:00Z,35.462194,22.422831
EVT0012,EVT0012-FC02,48.0,6,2026-01-16T20:19:00Z,35.791712,21.76394
EVT0012,EVT0012-FC02,48.0,6,2026-01-16T20:19:00Z,36.458138,22.690043
EVT0012,EVT0012-FC02,48.0,6,2026-01-16T20:19:00Z,35.747396,21.707746
EVT0012,EVT0012-FC02,48.0,6,2026-01-16T20:19:00Z,35.781033,21.993551
EVT0012,EVT0012-FC02,48.0,6,2026-01-16T20:19:00Z,36.037638,21.691673
EVT0012,EVT0012-FC02,48.0,6,2026-01-16T20:19:00Z,35.921806,21.808578
EVT0012,EVT0012-FC02,48.0,6,2026-01-16T20:19:00Z,36.347944,22.228653
EVT0012,EVT0012-FC02,48.0,6,2026-01-16T20:19:00Z,36.184107,22.19795
EVT0012,EVT0012-FC02,48.0,6,2026-01-16T20:19:00Z,36.225638,22.141111
EVT0012,EVT0012-FC02,48.0,6,2026-01-16T20:19:00Z,35.283925,22.293591
EVT0012,EVT0012-FC02,48.0,6,2026-01-16T20:19:00Z,36.638889,22.877704
EVT0012,EVT0012-FC02,48.0,6,2026-01-16T20:19:00Z,36.152135,21.986049
EVT0012,EVT0012-FC02,48.0,6,2026-01-16T20:19:00Z,36.460369,21.936545
EVT0012,EVT0012-FC02,48.0,6,2026-01-16T20:19:00Z,36.330867,21.585419
EVT0012,EVT0012-FC02,48.0,6,2026-01-16T20:19:00Z,35.508024,21.943683
EVT0012,EVT0012-FC02,48.0,6,2026-01-16T20:19:00Z,36.16816,21.905835
EVT0012,EVT0012-FC02,48.0,6,2026-01-16T20:19:00Z,35.550329,21.614444
EVT0012,EVT0012-FC02,48.0,6,2026-01-16T20:19:00Z,36.374631,22.389929
EVT0012,EVT0012-FC02,48.0,6,2026-01-16T20:19:00Z,35.892468,21.179781
EVT0012,EVT0012-FC02,48.0,6,2026-01-16T20:19:00Z,35.612095,22.055911
EVT0012,EVT0012-FC02,48.0,6,2026-01-16T20:19:00Z,36.374632,21.530293
EVT0012,EVT0012-FC02,48.0,6,2026-01-16T20:19:00Z,36.235024,22.128273
EVT0012,EVT0012-FC02,48.0,6,2026-01-16T20:19:00Z,36.2159,22.052703
EVT0012,EVT0012-FC02,48.0,6,2026-01-16T20:19:00Z,35.775639,22.312092
EVT0012,EVT0012-FC02,48.0,6,2026-01-16T20:19:00Z,36.524634,22.578001
EVT0012,EVT0012-FC02,48.0,6,2026-01-16T20:19:00Z,36.450609,21.780307
EVT0012,EVT0012-FC02,48.0,6,2026-01-16T20:19:00Z,36.617223,22.511268
EVT0012,EVT0012-FC02,48.0,6,2026-01-16T20:19:00Z,35.18148,21.538475
EVT0012,EVT0012-FC02,48.0,6,2026-01-16T20:19:00Z,36.779927,21.903078
EVT0012,EVT0012-FC02,48.0,6,2026-01-16T20:19:00Z,34.757302,21.988158
EVT0012,EVT0012-FC02,72.0,6,2026-01-17T20:19:00Z,36.081017,22.42962
EVT0012,EVT0012-FC02,72.0,6,2026-01-17T20:19:00Z,36.851151,21.731207
EVT0012,EVT0012-FC02,72.0,6,2026-01-17T20:19:00Z,35.845496,22.096425
EVT0012,EVT0012-FC02,72.0,6,2026-01-17T20:19:00Z,36.205549,22.967098
EVT0012,EVT0012-FC02,72.0,6,2026-01-17T20:19:00Z,36.413487,22.639957
EVT0012,EVT0012-FC02,72.0,6,2026-01-17T20:19:00Z,37.127598,22.042373
EVT0012,EVT0012-FC02,72.0,6,2026-01-17T20:19:00Z,35.121299,22.19525
EVT0012,EVT0012-FC02,72.0,6,2026-01-17T20:19:00Z,35.902703,22.441889
EVT0012,EVT0012-FC02,72.0,6,2026-01-17T20:19:00Z,36.458471,21.588222
EVT0012,EVT0012-FC02,72.0,6,2026-01-17T20:19:00Z,36.990499,21.368656
EVT0012,EVT0012-FC02,72.0,6,2026-01-17T20:19:00Z,36.875118,21.301913
EVT0012,EVT0012-FC02,72.0,6,2026-01-17T20:19:00Z,36.321889,22.189058
EVT0012,EVT0012-FC02,72.0,6,2026-01-17T20:19:00Z,36.575367,21.610542
EVT0012,EVT0012-FC02,72.0,6,2026-01-17T20:19:00Z,36.318827,22.37354
EVT0012,EVT0012-FC02,72.0,6,2026-01-17T20:19:00Z,36.895467,21.911096
EVT0012,EVT0012-FC02,72.0,6,2026-01-17T20:19:00Z,36.188651,21.870728
EVT0012,EVT0012-FC02,72.0,6,2026-01-17T20:19:00Z,35.792999,22.293674
EVT0012,EVT0012-FC02,72.0,6,2026-01-17T20:19:00Z,36.360701,22.049402
EVT0012,EVT0012-FC02,72.0,6,2026-01-17T20:19:00Z,36.973905,21.789103
EVT0012,EVT0012-FC02,72.0,6,2026-01-17T20:19:00Z,36.467794,21.811049
EVT0012,EVT0012-FC02,72.0,6,2026-01-17T20:19:00Z,36.171057,21.975509
EVT0012,EVT0012-FC02,72.0,6,2026-01-17T20:19:00Z,36.765778,22.710753
EVT0012,EVT0012-FC02,72.0,6,2026-01-17T20:19:00Z,36.375128,22.243825
EVT0012,EVT0012-FC02,72.0,6,2026-01-17T20:19:00Z,36.307631,21.986538
EVT0012,EVT0012-FC02,72.0,6,2026-01-17T20:19:00Z,36.299554,22.258017
EVT0012,EVT0012-FC02,72.0,6,2026-01-17T20:19:00Z,35.912947,22.342884
EVT0012,EVT0012-FC02,72.0,6,2026-01-17T20:19:00Z,36.541733,22.370411
EVT0012,EVT0012-FC02,72.0,6,2026-01-17T20:19:00Z,36.566118,21.664795
EVT0012,EVT0012-FC02,72.0,6,2026-01-17T20:19:00Z,36.669548,21.219068
EVT0012,EVT0012-FC02,72.0,6,2026-01-17T20:19:00Z,36.744533,21.263618
EVT0012,EVT0012-FC02,72.0,6,2026-01-17T20:19:00Z,36.054592,22.763328
EVT0012,EVT0012-FC02,72.0,6,2026-01-17T20:19:00Z,36.581795,22.768464
EVT0012,EVT0012-FC02,72.0,6,2026-01-17T20:19:00Z,35.9031,21.675313
EVT0012,EVT0012-FC02,72.0,6,2026-01-17T20:19:00Z,36.71567,21.296654
EVT0012,EVT0012-FC02,72.0,6,2026-01-17T20:19:00Z,36.235837,22.25564
EVT0012,EVT0012-FC02,72.0,6,2026-01-17T20:19:00Z,36.225577,21.687586
EVT0012,EVT0012-FC02,72.0,6,2026-01-17T20:19:00Z,36.161672,21.166447
EVT0012,EVT0012-FC02,72.0,6,2026-01-17T20:19:00Z,35.858696,22.122003
EVT0012,EVT0012-FC02,72.0,6,2026-01-17T20:19:00Z,35.964822,22.210777
EVT0012,EVT0012-FC02,72.0,6,2026-01-17T20:19:00Z,36.131072,21.201485
EVT0012,EVT0012-FC02,12.0,7,2026-01-15T08:19:00Z,36.113985,21.411862
EVT0012,EVT0012-FC02,12.0,7,2026-01-15T08:19:00Z,35.840773,21.743005
EVT0012,EVT0012-FC02,12.0,7,2026-01-15T08:19:00Z,35.642125,21.810907
EVT0012,EVT0012-FC02,12.0,7,2026-01-15T08:19:00Z,35.251795,21.923325
EVT0012,EVT0012-FC02,12.0,7,2026-01-15T08:19:00Z,35.565155,21.83453
EVT0012,EVT0012-FC02,12.0,7,2026-01-15T08:19:00Z,35.638641,22.077297
EVT0012,EVT0012-FC02,12.0,7,2026-01-15T08:19:00Z,35.716673,22.024156
EVT0012,EVT0012-FC02,12.0,7,2026-01-15T08:19:00Z,36.02578,22.162986
EVT0012,EVT0012-FC02,12.0,7,2026-01-15T08:19:00Z,35.746397,21.796477
EVT0012,EVT0012-FC02,12.0,7,2026-01-15T08:19:00Z,35.812064,22.182328
EVT0012,EVT0012-FC02,12.0,7,2026-01-15T08:19:00Z,35.861194,22.006623
EVT0012,EVT0012-FC02,12.0,7,2026-01-15T08:19:00Z,35.542361,21.701018
EVT0012,EVT0012-FC02,12.0,7,2026-01-15T08:19:00Z,35.710625,21.714058
EVT0012,EVT0012-FC02,12.0,7,2026-01-15T08:19:00Z,35.8614,21.93557
EVT0012,EVT0012-FC02,12.0,7,2026-01-15T08:19:00Z,35.536028,22.370694
EVT0012,EVT0012-FC02,12.0,7,2026-01-15T08:19:00Z,35.578829,21.924286
EVT0012,EVT0012-FC02,12.0,7,2026-01-15T08:19:00Z,35.956243,22.123266
EVT0012,EVT0012-FC02,12.0,7,2026-01-15T08:19:00Z,35.667339,21.555477
EVT0012,EVT0012-FC02,12.0,7,2026-01-15T08:19:00Z,35.726237,21.844925
EVT0012,EVT0012-FC02,12.0,7,2026-01-15T08:19:00Z,35.702525,21.799395
EVT0012,EVT0012-FC02,12.0,7,2026-01-15T08:19:00Z,35.559796,21.948831
EVT0012,EVT0012-FC02,12.0,7,2026-01-15T08:19:00Z,35.524219,22.157297
EVT0012,EVT0012-FC02,12.0,7,2026-01-15T08:19:00Z,35.806433,22.300737
EVT0012,EVT0012-FC02,12.0,7,2026-01-15T08:19:00Z,35.776908,21.859404
EVT0012,EVT0012-FC02,12.0,7,2026-01-15T08:19:00Z,35.597644,21.983206
EVT0012,EVT0012-FC02,12.0,7,2026-01-15T08:19:00Z,35.640419,21.815896
EVT0012,EVT0012-FC02,12.0,7,2026-01-15T08:19:00Z,35.621606,21.997286
EVT0012,EVT0012-FC02,12.0,7,2026-01-15T08:19:00Z,35.681003,21.816951
EVT0012,EVT0012-FC02,12.0,7,2026-01-15T08:19:00Z,35.61695,21.827707
EVT0012,EVT0012-FC02,12.0,7,2026-01-15T08:19:00Z,35.44496,21.714741
EVT0012,EVT0012-FC02,12.0,7,2026-01-15T08:19:00Z,35.785434,21.851146
EVT0012,EVT0012-FC02,12.0,7,2026-01-15T08:19:00Z,35.662235,21.750802
EVT0012,EVT0012-FC02,12.0,7,2026-01-15T08:19:00Z,35.764038,22.252809
EVT0012,EVT0012-FC02,12.0,7,2026-01-15T08:19:00Z,35.790303,21.604846
EVT0012,EVT0012-FC02,12.0,7,2026-01-15T08:19:00Z,35.826962,21.776434
EVT0012,EVT0012-FC02,12.0,7,2026-01-15T08:19:00Z,35.819643,21.762992
EVT0012,EVT0012-FC02,12.0,7,2026-01-15T08:19:00Z,35.684732,21.584771
EVT0012,EVT0012-FC02,12.0,7,2026-01-15T08:19:00Z,35.904371,22.114976
EVT0012,EVT0012-FC02,12.0,7,2026-01-15T08:19:00Z,35.793316,21.912883
EVT0012,EVT0012-FC02,12.0,7,2026-01-15T08:19:00Z,35.943109,22.001101
EVT0012,EVT0012-FC02,24.0,7,2026-01-15T20:19:00Z,36.079368,22.079027
EVT0012,EVT0012-FC02,24.0,7,2026-01-15T20:19:00Z,35.593674,22.641885
EVT0012,EVT0012-FC02,24.0,7,2026-01-15T20:19:00Z,35.998934,21.987717
EVT0012,EVT0012-FC02,24.0,7,2026-01-15T20:19:00Z,35.755805,21.812707
EVT0012,EVT0012-FC02,24.0,7,2026-01-15T20:19:00Z,35.922758,22.213393
EVT0012,EVT0012-FC02,24.0,7,2026-01-15T20:19:00Z,35.896675,21.495806
EVT0012,EVT0012-FC02,24.0,7,2026-01-15T20:19:00Z,35.671791,21.697427
EVT0012,EVT0012-FC02,24.0,7,2026-01-15T20:19:00Z,35.735397,21.849102
EVT0012,EVT0012-FC02,24.0,7,2026-01-15T20:19:00Z,35.646379,21.533622
EVT0012,EVT0012-FC02,24.0,7,2026-01-15T20:19:00Z,36.059955,22.088582
EVT0012,EVT0012-FC02,24.0,7,2026-01-15T20:19:00Z,36.339313,21.997079
EVT0012,EVT0012-FC02,24.0,7,2026-01-15T20:19:00Z,35.902725,22.034135
EVT0012,EVT0012-FC02,24.0,7,2026-01-15T20:19:00Z,35.671604,21.889751
EVT0012,EVT0012-FC02,24.0,7,2026-01-15T20:19:00Z,35.385115,22.381114
EVT0012,EVT0012-FC02,24.0,7,2026-01-15T20:19:00Z,35.993232,21.554035
EVT0012,EVT0012-FC02,24.0,7,2026-01-15T20:19:00Z,36.115431,22.438872
EVT0012,EVT0012-FC02,24.0,7,2026-01-15T20:19:00Z,36.164991,21.979113
EVT0012,EVT0012-FC02,24.0,7,2026-01-15T20:19:00Z,36.300888,21.88681
EVT0012,EVT0012-FC02,24.0,7,2026-01-15T20:19:00Z,35.993302,21.83813
EVT0012,EVT0012-FC02,24.0,7,2026-01-15T20:19:00Z,35.934928,21.991605
EVT0012,EVT0012-FC02,24.0,7,2026-01-15T20:19:00Z,36.324583,21.937184
EVT0012,EVT0012-FC02,24.0,7,2026-01-15T20:19:00Z,35.701803,21.835826
EVT0012,EVT0012-FC02,24.0,7,2026-01-15T20:19:00Z,35.717588,21.776954
EVT0012,EVT0012-FC02,24.0,7,2026-01-15T20:19:00Z,36.07402,22.299679
EVT0012,EVT0012-FC02,24.0,7,2026-01-15T20:19:00Z,35.752405,22.50072
EVT0012,EVT0012-FC02,24.0,7,2026-01-15T20:19:00Z,35.740735,21.65274
EVT0012,EVT0012-FC02,24.0,7,2026-01-15T20:19:00Z,35.830462,21.68246
EVT0012,EVT0012-FC02,24.0,7,2026-01-15T20:19:00Z,35.86289,21.814375
EVT0012,EVT0012-FC02,24.0,7,2026-01-15T20:19:00Z,36.015897,22.233179
EVT0012,EVT0012-FC02,24.0,7,2026-01-15T20:19:00Z,35.856292,22.051875
EVT0012,EVT0012-FC02,24.0,7,2026-01-15T20:19:00Z,35.515763,22.036646
EVT0012,EVT0012-FC02,24.0,7,2026-01-15T20:19:00Z,36.198005,22.116371
EVT0012,EVT0012-FC02,24.0,7,2026-01-15T20:19:00Z,35.728309,22.381959
EVT0012,EVT0012-FC02,24.0,7,2026-01-15T20:19:00Z,36.198229,21.979219
EVT0012,EVT0012-FC02,24.0,7,2026-01-15T20:19:00Z,35.490423,21.905292
EVT0012,EVT0012-FC02,24.0,7,2026-01-15T20:19:00Z,35.979336,21.945143
EVT0012,EVT0012-FC02,24.0,7,2026-01-15T20:19:00Z,36.027665,21.584893
EVT0012,EVT0012-FC02,24.0,7,2026-01-15T20:19:00Z,36.149703,22.280024
EVT0012,EVT0012-FC02,24.0,7,2026-01-15T20:19:00Z,36.209385,22.174675
EVT0012,EVT0012-FC02,24.0,7,2026-01-15T20:19:00Z,35.940966,21.781588
EVT0012,EVT0012-FC02,48.0,7,2026-01-16T20:19:00Z,36.411128,22.652209
EVT0012,EVT0012-FC02,48.0,7,2026-01-16T20:19:00Z,36.177434,20.970747
EVT0012,EVT0012-FC02,48.0,7,2026-01-16T20:19:00Z,36.650915,22.563983
EVT0012,EVT0012-FC02,48.0,7,2026-01-16T20:19:00Z,35.647316,21.448238
EVT0012,EVT0012-FC02,48.0,7,2026-01-16T20:19:00Z,35.792816,22.423184
EVT0012,EVT0012-FC02,48.0,7,2026-01-16T20:19:00Z,36.750207,22.244175
EVT0012,EVT0012-FC02,48.0,7,2026-01-16T20:19:00Z,36.176048,21.164633
EVT0012,EVT0012-FC02,48.0,7,2026-01-16T20:19:00Z,36.147231,22.394359
EVT0012,EVT0012-FC02,48.0,7,2026-01-16T20:19:00Z,36.308961,22.144748
EVT0012,EVT0012-FC02,48.0,7,2026-01-16T20:19:00Z,36.15885,22.935743
EVT0012,EVT0012-FC02,48.0,7,2026-01-16T20:19:00Z,36.642338,21.448238
EVT0012,EVT0012-FC02,48.0,7,2026-01-16T20:19:00Z,35.549004,22.556143
EVT0012,EVT0012-FC02,48.0,7,2026-01-16T20:19:00Z,36.331918,22.054781
EVT0012,EVT0012-FC02,48.0,7,2026-01-16T20:19:00Z,35.3766,22.281346
EVT0012,EVT0012-FC02,48.0,7,2026-01-16T20:19:00Z,35.892108,21.576189
EVT0012,EVT0012-FC02,48.0,7,2026-01-16T20:19:00Z,36.11461,22.187852
EVT0012,EVT0012-FC02,48.0,7,2026-01-16T20:19:00Z,36.185741,21.093036
EVT0012,EVT0012-FC02,48.0,7,2026-01-16T20:19:00Z,35.733633,22.573133
EVT0012,EVT0012-FC02,48.0,7,2026-01-16T20:19:00Z,36.209747,22.477503
EVT0012,EVT0012-FC02,48.0,7,2026-01-16T20:19:00Z,36.030671,21.706421
EVT0012,EVT0012-FC02,48.0,7,2026-01-16T20:19:00Z,35.90849,23.036872
EVT0012,EVT0012-FC02,48.0,7,2026-01-16T20:19:00Z,36.843249,21.868142
EVT0012,EVT0012-FC02,48.0,7,2026-01-16T20:19:00Z,36.13741,22.214884
EVT0012,EVT0012-FC02,48.0,7,2026-01-16T20:19:00Z,36.267244,21.874297
EVT0012,EVT0012-FC02,48.0,7,2026-01-16T20:19:00Z,36.381872,21.956972
EVT0012,EVT0012-FC02,48.0,7,2026-01-16T20:19:00Z,36.346317,21.680551
EVT0012,EVT0012-FC02,48.0,7,2026-01-16T20:19:00Z,36.325957,22.052457
EVT0012,EVT0012-FC02,48.0,7,2026-01-16T20:19:00Z,35.42743,21.96796
EVT0012,EVT0012-FC02,48.0,7,2026-01-16T20:19:00Z,35.569974,22.314159
EVT0012,EVT0012-FC02,48.0,7,2026-01-16T20:19:00Z,35.945653,21.513118
EVT0012,EVT0012-FC02,48.0,7,2026-01-16T20:19:00Z,36.142641,21.647796
EVT0012,EVT0012-FC02,48.0,7,2026-01-16T20:19:00Z,35.939207,22.935584
EVT0012,EVT0012-FC02,48.0,7,2026-01-16T20:19:00Z,35.852084,21.599918
EVT0012,EVT0012-FC02,48.0,7,2026-01-16T20:19:00Z,35.848974,21.733409
EVT0012,EVT0012-FC02,48.0,7,2026-01-16T20:19:00Z,36.119663,21.631585
EVT0012,EVT0012-FC02,48.0,7,2026-01-16T20:19:00Z,35.832197,22.676041
EVT0012,EVT0012-FC02,48.0,7,2026-01-16T20:19:00Z,36.296594,22.246767
EVT0012,EVT0012-FC02,48.0,7,2026-01-16T20:19:00Z,36.554834,22.681878
EVT0012,EVT0012-FC02,48.0,7,2026-01-16T20:19:00Z,35.628332,22.416691
EVT0012,EVT0012-FC02,48.0,7,2026-01-16T20:19:00Z,36.447111,22.696042
EVT0012,EVT0012-FC02,72.0,7,2026-01-17T20:19:00Z,36.270091,22.324525
EVT0012,EVT0012-FC02,72.0,7,2026-01-17T20:19:00Z,36.57069,21.709992
EVT0012,EVT0012-FC02,72.0,7,2026-01-17T20:19:00Z,36.712966,21.226713
EVT0012,EVT0012-FC02,72.0,7,2026-01-17T20:19:00Z,36.653577,22.891392
EVT0012,EVT0012-FC02,72.0,7,2026-01-17T20:19:00Z,36.606741,21.326118
EVT0012,EVT0012-FC02,72.0,7,2026-01-17T20:19:00Z,36.203105,21.986338
EVT0012,EVT0012-FC02,72.0,7,2026-01-17T20:19:00Z,35.644921,22.973727
EVT0012,EVT0012-FC02,72.0,7,2026-01-17T20:19:00Z,35.967232,21.196048
EVT0012,EVT0012-FC02,72.0,7,2026-01-17T20:19:00Z,36.536815,23.084159
EVT0012,EVT0012-FC02,72.0,7,2026-01-17T20:19:00Z,36.237758,22.366553
EVT0012,EVT0012-FC02,72.0,7,2026-01-17T20:19:00Z,36.276211,21.862557
EVT0012,EVT0012-FC02,72.0,7,2026-01-17T20:19:00Z,37.171798,21.088095
EVT0012,EVT0012-FC02,72.0,7,2026-01-17T20:19:00Z,36.382182,22.068164
EVT0012,EVT0012-FC02,72.0,7,2026-01-17T20:19:00Z,36.337668,21.834529
EVT0012,EVT0012-FC02,72.0,7,2026-01-17T20:19:00Z,36.691924,21.880744
EVT0012,EVT0012-FC02,72.0,7,2026-01-17T20:19:00Z,35.950695,21.441685
EVT0012,EVT0012-FC02,72.0,7,2026-01-17T20:19:00Z,37.016534,21.125257
EVT0012,EVT0012-FC02,72.0,7,2026-01-17T20:19:00Z,35.685572,22.651602
EVT0012,EVT0012-FC02,72.0,7,2026-01-17T20:19:00Z,36.063013,21.341971
EVT0012,EVT0012-FC02,72.0,7,2026-01-17T20:19:00Z,36.292215,22.584472
EVT0012,EVT0012-FC02,72.0,7,2026-01-17T20:19:00Z,36.527223,22.418876
EVT0012,EVT0012-FC02,72.0,7,2026-01-17T20:19:00Z,36.380932,22.217847
EVT0012,EVT0012-FC02,72.0,7,2026-01-17T20:19:00Z,36.695625,21.538572
EVT0012,EVT0012-FC02,72.0,7,2026-01-17T20:19:00Z,36.646393,22.089485
EVT0012,EVT0012-FC02,72.0,7,2026-01-17T20:19:00Z,36.797056,21.746107
EVT0012,EVT0012-FC02,72.0,7,2026-01-17T20:19:00Z,37.026453,21.663252
EVT0012,EVT0012-FC02,72.0,7,2026-01-17T20:19:00Z,36.293654,21.806718
EVT0012,EVT0012-FC02,72.0,7,2026-01-17T20:19:00Z,36.975279,22.087638
EVT0012,EVT0012-FC02,72.0,7,2026-01-17T20:19:00Z,36.294515,21.941143
EVT0012,EVT0012-FC02,72.0,7,2026-01-17T20:19:00Z,36.210977,22.226696
EVT0012,EVT0012-FC02,72.0,7,2026-01-17T20:19:00Z,36.703973,22.046228
EVT0012,EVT0012-FC02,72.0,7,2026-01-17T20:19:00Z,36.151468,22.828867
EVT0012,EVT0012-FC02,72.0,7,2026-01-17T20:19:00Z,36.033509,21.257084
EVT0012,EVT0012-FC02,72.0,7,2026-01-17T20:19:00Z,35.793392,22.511707
EVT0012,EVT0012-FC02,72.0,7,2026-01-17T20:19:00Z,36.466902,21.378995
EVT0012,EVT0012-FC02,72.0,7,2026-01-17T20:19:00Z,36.221939,22.868943
EVT0012,EVT0012-FC02,72.0,7,2026-01-17T20:19:00Z,36.291437,21.893064
EVT0012,EVT0012-FC02,72.0,7,2026-01-17T20:19:00Z,35.923124,22.958261
EVT0012,EVT0012-FC02,72.0,7,2026-01-17T20:19:00Z,36.324009,21.670264
EVT0012,EVT0012-FC02,72.0,7,2026-01-17T20:19:00Z,35.821902,22.90316
